customer_id,gender,age,city,register_date,acquisition_channel
1,M,69,台北市,2024-05-04,電話
2,F,56,台中市,2026-02-01,Referral
3,F,44,台北市,2025-02-01,官網
4,F,58,新竹市,2024-05-10,Facebook Ads
5,M,46,台中市,2025-08-27,官網
6,M,43,高雄市,2026-06-10,官網
7,M,37,台北市,2026-04-01,官網
8,F,29,台中市,2026-06-20,官網
9,F,47,新北市,2026-08-02,Referral
10,F,54,高雄市,2026-01-01,Google Ads
11,M,51,新北市,2024-11-29,Facebook Ads
12,F,47,台南市,2026-11-09,官網
13,F,40,台中市,2024-07-23,Facebook Ads
14,M,60,台中市,2026-08-13,合作通路
15,M,35,彰化縣,2024-12-20,Facebook Ads
16,M,62,台北市,2026-04-03,LINE
17,M,39,新北市,2026-10-22,Referral
18,F,42,桃園市,2026-07-29,Google Ads
19,M,33,台北市,2024-06-16,電話
20,M,45,高雄市,2025-01-02,官網
21,F,65,台中市,2025-06-19,Google Ads
22,M,59,台中市,2026-08-20,Referral
23,M,65,台中市,2025-08-02,Google Ads
24,M,59,桃園市,2026-08-07,LINE
25,F,38,台中市,2024-07-25,Google Ads
26,F,48,高雄市,2026-12-08,Google Ads
27,M,42,彰化縣,2025-06-27,Referral
28,F,69,新北市,2024-05-08,電話
29,F,36,新北市,2025-09-05,Google Ads
30,M,64,新北市,2024-02-04,官網
31,F,64,台北市,2026-03-29,電話
32,M,76,新北市,2024-07-17,Referral
33,M,47,高雄市,2024-03-17,LINE
34,F,61,新竹市,2025-01-03,Referral
35,F,82,彰化縣,2026-04-12,LINE
36,F,44,台南市,2025-06-09,官網
37,M,32,台南市,2024-12-14,合作通路
38,M,28,新北市,2025-05-20,Facebook Ads
39,F,61,高雄市,2025-10-04,Google Ads
40,M,28,台南市,2024-08-25,Facebook Ads
41,M,47,台北市,2024-05-17,Google Ads
42,F,58,新竹市,2025-09-03,Facebook Ads
43,M,54,台北市,2025-11-10,電話
44,F,58,高雄市,2026-04-18,LINE
45,M,55,高雄市,2026-07-26,Facebook Ads
46,F,69,彰化縣,2024-12-20,Facebook Ads
47,M,40,台中市,2025-07-31,Google Ads
48,F,43,桃園市,2026-04-26,LINE
49,F,42,新北市,2025-07-12,官網
50,M,63,台中市,2026-04-28,Google Ads
51,F,64,桃園市,2024-05-19,合作通路
52,F,58,新北市,2025-10-24,LINE
53,F,67,高雄市,2024-01-21,合作通路
54,F,37,台北市,2024-03-04,Google Ads
55,F,74,新北市,2026-12-31,電話
56,F,72,高雄市,2026-09-16,官網
57,M,62,台北市,2024-06-10,電話
58,M,75,台中市,2024-05-09,官網
59,M,30,新竹市,2025-08-03,合作通路
60,M,45,新北市,2024-08-12,官網
61,M,42,桃園市,2025-08-02,電話
62,M,61,台北市,2026-09-09,Referral
63,F,38,台北市,2026-10-01,電話
64,M,62,台北市,2024-04-16,LINE
65,M,70,台北市,2025-09-12,Facebook Ads
66,F,61,新北市,2026-04-19,Referral
67,M,56,新北市,2025-07-30,LINE
68,F,39,新北市,2024-07-17,官網
69,M,41,台中市,2025-05-24,Google Ads
70,F,68,新北市,2025-10-28,LINE
71,F,62,台中市,2024-03-19,官網
72,M,51,台中市,2026-06-12,官網
73,M,47,彰化縣,2025-05-26,LINE
74,F,26,高雄市,2024-09-06,Facebook Ads
75,F,38,高雄市,2026-06-07,Facebook Ads
76,F,77,台北市,2026-10-20,官網
77,F,35,彰化縣,2025-08-21,Facebook Ads
78,M,54,高雄市,2026-01-22,官網
79,M,65,桃園市,2025-08-22,官網
80,M,36,台北市,2026-09-01,合作通路
81,F,54,新竹市,2025-04-27,Google Ads
82,F,64,台南市,2026-04-15,Google Ads
83,M,52,台南市,2024-06-20,LINE
84,M,85,台中市,2026-05-18,LINE
85,M,30,台中市,2024-01-17,Google Ads
86,M,66,台中市,2025-01-28,電話
87,F,50,台中市,2024-08-21,LINE
88,F,62,台南市,2024-09-04,Facebook Ads
89,F,58,台中市,2024-02-21,Facebook Ads
90,F,42,台中市,2024-01-15,Referral
91,M,55,台中市,2025-03-16,Google Ads
92,F,28,台中市,2025-11-26,Google Ads
93,F,60,台中市,2024-01-07,Google Ads
94,F,56,桃園市,2026-04-05,官網
95,F,60,新北市,2026-11-02,電話
96,F,66,台中市,2025-04-22,Facebook Ads
97,F,57,台北市,2025-09-22,Google Ads
98,M,54,台北市,2025-12-15,Google Ads
99,M,41,台中市,2024-04-24,官網
100,M,43,高雄市,2025-05-23,Facebook Ads
101,M,67,高雄市,2024-02-26,Referral
102,F,71,桃園市,2025-01-16,Google Ads
103,M,49,桃園市,2026-08-09,Google Ads
104,F,53,台中市,2024-10-01,Google Ads
105,F,40,彰化縣,2024-02-13,Referral
106,M,67,桃園市,2025-12-18,官網
107,M,61,彰化縣,2024-11-13,合作通路
108,F,77,台中市,2025-06-17,Facebook Ads
109,M,41,彰化縣,2024-08-24,Google Ads
110,M,47,桃園市,2026-06-11,官網
111,M,55,台南市,2025-05-31,LINE
112,M,60,台中市,2024-02-07,官網
113,F,49,桃園市,2025-10-15,Facebook Ads
114,F,41,彰化縣,2026-01-16,Google Ads
115,F,63,高雄市,2026-04-20,Google Ads
116,F,61,新北市,2025-03-23,官網
117,F,40,彰化縣,2025-11-14,LINE
118,M,70,台北市,2024-05-04,電話
119,F,67,新北市,2026-12-24,Facebook Ads
120,F,54,新北市,2026-03-03,電話
121,F,53,彰化縣,2026-02-22,LINE
122,F,59,台中市,2024-08-13,Google Ads
123,M,41,新北市,2025-04-09,合作通路
124,M,52,高雄市,2025-10-04,LINE
125,M,24,桃園市,2024-10-19,官網
126,M,63,新北市,2025-12-21,官網
127,F,32,彰化縣,2026-01-25,Facebook Ads
128,F,72,彰化縣,2024-06-14,電話
129,M,48,台中市,2026-02-07,Referral
130,F,49,台北市,2026-10-03,Facebook Ads
131,M,44,台中市,2026-05-20,官網
132,M,48,台北市,2026-12-11,電話
133,M,70,新北市,2025-07-20,Google Ads
134,M,20,彰化縣,2026-11-03,Facebook Ads
135,F,69,台南市,2025-08-24,Google Ads
136,M,56,台中市,2026-06-23,官網
137,F,36,台中市,2024-02-10,電話
138,F,38,新北市,2026-10-26,官網
139,M,74,新北市,2024-08-29,Google Ads
140,F,40,台中市,2024-06-10,LINE
141,F,37,台南市,2026-10-15,Referral
142,M,67,彰化縣,2025-11-22,Facebook Ads
143,F,56,台北市,2026-03-19,Referral
144,M,40,台南市,2026-09-05,電話
145,M,55,台北市,2025-06-01,Google Ads
146,M,39,桃園市,2026-06-16,Facebook Ads
147,F,66,新北市,2026-02-21,LINE
148,F,66,台中市,2026-02-22,電話
149,M,59,彰化縣,2024-03-25,Referral
150,M,57,新北市,2026-10-30,官網
151,F,75,桃園市,2024-05-17,Facebook Ads
152,M,52,台北市,2026-01-23,Google Ads
153,M,37,台中市,2026-06-24,電話
154,F,58,台中市,2025-12-13,Google Ads
155,F,79,新北市,2024-06-04,官網
156,M,39,高雄市,2025-02-11,Google Ads
157,F,47,台北市,2026-02-25,Google Ads
158,F,57,高雄市,2025-08-02,Facebook Ads
159,M,51,高雄市,2025-07-07,Facebook Ads
160,F,39,高雄市,2025-01-30,官網
161,M,67,新北市,2026-03-20,Google Ads
162,F,82,彰化縣,2026-08-19,合作通路
163,F,55,新北市,2025-06-25,LINE
164,F,40,新北市,2026-10-29,LINE
165,M,32,台中市,2026-09-13,LINE
166,F,55,台北市,2024-06-18,官網
167,M,66,台中市,2024-10-16,Google Ads
168,M,58,高雄市,2026-01-09,合作通路
169,M,52,台中市,2025-08-10,LINE
170,F,44,台北市,2026-01-04,Google Ads
171,F,38,桃園市,2025-04-01,官網
172,M,63,台北市,2025-12-01,LINE
173,F,64,台中市,2026-09-05,Google Ads
174,M,32,台中市,2024-02-15,Referral
175,F,73,桃園市,2026-11-06,Google Ads
176,M,59,台中市,2024-08-18,官網
177,F,70,新北市,2026-08-07,合作通路
178,M,35,新北市,2025-09-28,Facebook Ads
179,F,34,高雄市,2024-04-21,Facebook Ads
180,M,50,高雄市,2025-08-15,Google Ads
181,M,59,桃園市,2026-05-08,Google Ads
182,M,75,台中市,2025-01-25,Google Ads
183,F,61,台中市,2025-01-26,電話
184,F,49,台中市,2024-11-23,Referral
185,M,39,台中市,2026-01-16,電話
186,F,68,台中市,2025-01-01,Facebook Ads
187,F,39,台北市,2024-03-22,電話
188,F,73,新北市,2026-03-16,LINE
189,F,48,高雄市,2026-04-01,Facebook Ads
190,M,73,台北市,2026-08-09,LINE
191,M,61,高雄市,2025-01-06,Google Ads
192,F,50,台北市,2024-09-20,合作通路
193,F,45,台中市,2024-04-19,官網
194,F,48,新北市,2024-11-02,電話
195,M,58,台中市,2024-08-13,官網
196,M,53,台中市,2024-07-03,官網
197,F,44,台北市,2026-08-21,Google Ads
198,F,50,彰化縣,2024-01-31,LINE
199,F,53,桃園市,2025-09-05,電話
200,F,24,台中市,2024-04-08,Google Ads
201,F,58,台南市,2026-03-21,合作通路
202,M,39,桃園市,2025-10-13,LINE
203,M,37,高雄市,2026-03-24,Facebook Ads
204,F,30,台南市,2026-10-16,LINE
205,F,29,台北市,2026-09-04,電話
206,M,34,台中市,2024-03-28,LINE
207,M,43,新北市,2026-12-22,官網
208,F,77,新北市,2026-07-10,LINE
209,M,45,新北市,2025-08-08,官網
210,M,54,新北市,2026-03-28,Google Ads
211,F,57,彰化縣,2026-07-20,Google Ads
212,F,54,彰化縣,2026-03-07,Google Ads
213,F,51,台南市,2026-10-15,Facebook Ads
214,M,36,桃園市,2026-10-09,Facebook Ads
215,F,71,彰化縣,2026-08-30,官網
216,M,75,台中市,2025-09-24,LINE
217,M,30,台中市,2024-12-11,Google Ads
218,F,39,新北市,2025-12-24,Google Ads
219,F,48,台南市,2026-06-19,Google Ads
220,F,39,新北市,2026-11-03,Facebook Ads
221,F,59,桃園市,2024-05-15,Google Ads
222,F,43,台中市,2025-01-31,LINE
223,M,80,台中市,2026-03-02,Facebook Ads
224,M,67,桃園市,2024-03-19,LINE
225,M,55,台中市,2025-12-05,電話
226,M,65,台北市,2026-09-08,Facebook Ads
227,F,66,台中市,2026-12-10,Google Ads
228,M,45,台北市,2026-01-13,Facebook Ads
229,F,41,高雄市,2025-01-18,Google Ads
230,F,53,台北市,2025-01-09,Google Ads
231,F,63,新北市,2024-07-24,電話
232,F,54,台中市,2025-05-03,Facebook Ads
233,F,31,桃園市,2026-05-30,合作通路
234,F,42,台北市,2025-09-23,Google Ads
235,M,51,高雄市,2025-08-14,電話
236,F,51,桃園市,2026-12-01,官網
237,M,78,台中市,2025-06-16,Facebook Ads
238,M,34,台南市,2025-06-05,Facebook Ads
239,F,59,高雄市,2026-04-04,官網
240,M,71,台北市,2025-08-20,Referral
241,F,82,台中市,2024-04-22,Facebook Ads
242,F,47,彰化縣,2026-01-03,Google Ads
243,F,58,桃園市,2024-11-13,Facebook Ads
244,M,59,台中市,2026-09-22,Google Ads
245,M,55,台北市,2024-07-31,合作通路
246,F,51,桃園市,2024-09-09,官網
247,M,58,高雄市,2024-05-03,Google Ads
248,F,19,桃園市,2025-09-15,Facebook Ads
249,F,61,台北市,2026-12-24,Google Ads
250,F,54,高雄市,2026-06-16,Referral
251,M,49,台北市,2024-09-03,Referral
252,M,79,台中市,2025-03-16,Google Ads
253,F,43,高雄市,2024-02-14,LINE
254,M,47,新竹市,2025-10-19,合作通路
255,M,78,台北市,2026-05-29,Google Ads
256,F,41,新北市,2026-10-13,Facebook Ads
257,F,45,高雄市,2025-07-07,Facebook Ads
258,F,50,新北市,2026-03-19,Google Ads
259,F,63,台南市,2026-08-28,Google Ads
260,M,55,桃園市,2025-12-30,合作通路
261,F,35,台中市,2026-10-17,官網
262,F,45,新竹市,2026-08-11,Facebook Ads
263,M,44,桃園市,2026-12-26,Facebook Ads
264,F,51,台南市,2026-11-30,電話
265,F,58,高雄市,2024-04-08,Facebook Ads
266,F,57,台南市,2026-05-21,Facebook Ads
267,F,29,台中市,2024-10-27,Google Ads
268,F,66,台北市,2025-05-02,電話
269,M,55,台南市,2026-10-01,Google Ads
270,M,70,台中市,2025-04-21,Google Ads
271,F,58,台中市,2026-05-10,LINE
272,F,66,桃園市,2026-03-19,Google Ads
273,F,58,台南市,2025-06-01,合作通路
274,F,70,台中市,2025-04-03,官網
275,F,59,台南市,2024-08-17,Google Ads
276,F,51,高雄市,2024-01-08,Google Ads
277,F,82,新北市,2024-07-13,官網
278,F,64,台南市,2026-11-08,Facebook Ads
279,F,59,台北市,2024-12-19,電話
280,F,35,台中市,2026-12-08,LINE
281,F,35,台中市,2025-04-08,LINE
282,M,56,新北市,2024-12-21,合作通路
283,M,54,新北市,2026-04-29,Facebook Ads
284,M,44,桃園市,2026-08-31,LINE
285,F,54,桃園市,2024-03-06,官網
286,M,73,新北市,2026-05-08,電話
287,F,61,桃園市,2025-07-24,官網
288,F,37,台中市,2024-11-03,官網
289,M,51,台中市,2026-02-21,Facebook Ads
290,F,42,台南市,2024-04-30,LINE
291,M,47,台中市,2026-02-04,Google Ads
292,M,47,台中市,2026-02-11,官網
293,F,46,高雄市,2024-04-05,Facebook Ads
294,M,36,台北市,2026-09-13,Google Ads
295,M,50,台南市,2025-06-23,合作通路
296,F,45,台中市,2024-01-02,Facebook Ads
297,F,18,台中市,2025-08-02,Google Ads
298,M,79,台北市,2024-11-28,Facebook Ads
299,F,66,新北市,2026-11-13,Facebook Ads
300,M,47,台北市,2026-01-11,LINE
301,M,52,新北市,2025-05-20,Google Ads
302,F,37,台南市,2026-09-26,Google Ads
303,F,74,彰化縣,2026-01-02,Facebook Ads
304,F,77,台中市,2025-05-28,Facebook Ads
305,F,54,新北市,2026-06-13,Google Ads
306,F,65,新北市,2024-12-26,LINE
307,F,54,彰化縣,2024-09-30,Facebook Ads
308,M,35,新竹市,2024-06-25,Google Ads
309,F,47,台中市,2025-06-10,Referral
310,M,54,桃園市,2026-07-01,Referral
311,M,46,台北市,2024-10-05,Google Ads
312,M,49,台中市,2025-12-06,Google Ads
313,M,51,台中市,2024-03-04,LINE
314,F,51,新北市,2024-10-16,官網
315,F,53,新北市,2024-01-18,合作通路
316,F,38,台中市,2024-03-04,Facebook Ads
317,M,43,高雄市,2024-11-25,官網
318,M,35,台中市,2026-02-01,Referral
319,M,65,新北市,2026-11-06,LINE
320,M,25,台北市,2025-03-18,Google Ads
321,F,67,台中市,2024-05-20,Facebook Ads
322,F,70,台北市,2025-03-19,Google Ads
323,F,48,台中市,2025-05-10,Google Ads
324,M,18,新北市,2025-03-01,電話
325,F,47,台中市,2025-03-25,Facebook Ads
326,F,51,新北市,2024-12-16,Google Ads
327,F,39,台中市,2025-08-21,Referral
328,F,45,高雄市,2025-12-11,LINE
329,M,72,桃園市,2026-05-19,Facebook Ads
330,M,61,台中市,2025-01-27,Facebook Ads
331,M,40,新北市,2026-04-21,Facebook Ads
332,F,31,台中市,2025-02-04,Google Ads
333,M,48,新北市,2024-02-19,Referral
334,M,49,台中市,2026-01-13,Google Ads
335,M,58,新北市,2026-06-24,官網
336,M,45,新北市,2026-11-01,Google Ads
337,F,59,彰化縣,2026-09-17,合作通路
338,F,77,新北市,2026-11-04,官網
339,F,63,新北市,2024-01-28,Referral
340,M,51,台北市,2025-01-22,Facebook Ads
341,F,50,彰化縣,2026-04-12,電話
342,F,47,桃園市,2024-09-06,Referral
343,M,67,台中市,2024-04-07,官網
344,M,44,台南市,2026-11-28,Google Ads
345,M,53,台北市,2026-11-27,Google Ads
346,F,53,台南市,2024-06-27,Google Ads
347,F,45,台南市,2026-06-10,Google Ads
348,M,34,台中市,2026-01-19,電話
349,M,56,高雄市,2025-03-28,LINE
350,F,51,台中市,2024-04-06,LINE
351,F,59,台中市,2024-11-04,Facebook Ads
352,F,45,台中市,2024-09-18,Google Ads
353,F,68,桃園市,2024-10-19,Google Ads
354,M,41,台中市,2024-09-05,LINE
355,M,74,台中市,2024-09-01,電話
356,F,29,高雄市,2024-09-07,Facebook Ads
357,M,58,台中市,2024-05-02,官網
358,F,58,台中市,2024-11-20,LINE
359,F,42,台中市,2026-09-12,Referral
360,F,58,台北市,2025-05-15,Facebook Ads
361,M,69,新北市,2025-11-17,LINE
362,F,23,台中市,2026-12-25,Google Ads
363,F,59,新竹市,2026-04-15,Facebook Ads
364,F,20,高雄市,2024-02-28,LINE
365,F,39,台北市,2025-12-31,電話
366,M,73,台北市,2024-09-22,Google Ads
367,F,44,台北市,2024-08-23,Google Ads
368,F,37,高雄市,2026-06-16,官網
369,M,49,台中市,2024-08-05,Facebook Ads
370,M,79,台中市,2026-09-01,LINE
371,M,28,台南市,2025-08-11,Referral
372,M,38,台中市,2026-07-05,LINE
373,M,71,台北市,2026-07-06,官網
374,F,76,台南市,2024-12-18,官網
375,M,51,高雄市,2024-03-31,電話
376,M,36,台北市,2025-12-02,官網
377,F,79,高雄市,2024-03-13,Google Ads
378,M,73,台中市,2025-11-15,Facebook Ads
379,F,61,桃園市,2025-12-22,合作通路
380,M,41,新北市,2026-08-15,Google Ads
381,M,51,桃園市,2026-11-21,官網
382,F,50,彰化縣,2025-10-09,Referral
383,F,56,彰化縣,2026-01-29,官網
384,F,71,彰化縣,2026-05-20,Facebook Ads
385,F,63,新北市,2024-05-22,Google Ads
386,F,38,台北市,2026-08-06,Facebook Ads
387,M,70,新北市,2024-02-13,Google Ads
388,M,56,高雄市,2024-02-01,合作通路
389,F,61,台南市,2024-01-28,電話
390,F,71,台中市,2026-10-16,電話
391,F,38,彰化縣,2025-02-26,LINE
392,M,52,桃園市,2025-05-05,Google Ads
393,M,45,新竹市,2024-06-08,Facebook Ads
394,F,32,台南市,2026-04-24,Facebook Ads
395,M,57,台中市,2024-01-18,LINE
396,F,85,台中市,2025-11-02,LINE
397,F,28,台中市,2024-08-19,LINE
398,M,52,台中市,2025-02-27,LINE
399,F,60,高雄市,2026-06-22,合作通路
400,F,54,桃園市,2026-01-24,Facebook Ads
401,M,51,台南市,2026-04-16,官網
402,F,35,高雄市,2026-06-12,Facebook Ads
403,F,55,台中市,2024-08-26,LINE
404,F,42,台中市,2024-05-28,Google Ads
405,M,24,台中市,2025-09-14,LINE
406,F,68,台北市,2024-01-17,Facebook Ads
407,M,64,新北市,2026-07-02,Google Ads
408,M,53,台中市,2024-08-13,電話
409,F,55,台北市,2025-10-13,Google Ads
410,M,66,台中市,2024-09-16,Facebook Ads
411,M,55,高雄市,2025-11-04,LINE
412,F,64,新北市,2024-06-22,LINE
413,F,48,新北市,2024-07-23,電話
414,F,69,台北市,2025-02-18,官網
415,F,56,彰化縣,2026-03-02,Facebook Ads
416,M,55,台中市,2026-12-24,Google Ads
417,M,35,新北市,2025-06-01,電話
418,M,56,桃園市,2026-12-26,Facebook Ads
419,F,41,新北市,2026-09-05,Referral
420,F,44,彰化縣,2026-10-06,Facebook Ads
421,F,41,台北市,2025-08-12,電話
422,F,38,新北市,2024-03-07,合作通路
423,M,80,台中市,2025-11-14,官網
424,F,69,高雄市,2024-03-03,LINE
425,M,77,台中市,2026-03-24,官網
426,F,36,台中市,2025-02-06,LINE
427,M,53,新北市,2024-07-10,官網
428,F,35,新北市,2024-03-11,Google Ads
429,M,43,台中市,2026-05-27,官網
430,M,40,高雄市,2026-01-10,Google Ads
431,M,68,高雄市,2026-08-03,Google Ads
432,F,47,台中市,2026-12-22,官網
433,F,66,新北市,2024-09-01,Google Ads
434,M,60,桃園市,2025-06-02,電話
435,M,82,新北市,2025-01-27,Referral
436,F,33,台北市,2026-02-10,合作通路
437,M,68,台北市,2026-06-29,官網
438,F,67,高雄市,2024-07-02,LINE
439,F,39,彰化縣,2024-09-03,Facebook Ads
440,M,65,高雄市,2024-11-19,LINE
441,M,56,台中市,2024-06-08,Google Ads
442,F,49,新北市,2025-12-06,Facebook Ads
443,M,41,台南市,2025-09-13,電話
444,M,43,台中市,2026-07-13,Google Ads
445,F,79,新竹市,2024-03-06,Facebook Ads
446,F,52,彰化縣,2026-07-18,電話
447,F,62,台中市,2024-09-10,Google Ads
448,F,42,彰化縣,2024-10-09,Facebook Ads
449,M,42,台北市,2026-12-19,Google Ads
450,M,66,台南市,2024-04-27,電話
451,F,34,台北市,2025-02-26,官網
452,F,47,台北市,2025-07-09,官網
453,M,52,高雄市,2024-02-05,Google Ads
454,F,53,桃園市,2025-06-14,官網
455,M,50,台中市,2024-03-31,官網
456,F,57,新北市,2024-04-07,Facebook Ads
457,M,61,台中市,2025-06-14,LINE
458,F,62,台北市,2025-06-21,官網
459,M,39,台北市,2026-11-17,LINE
460,M,48,新北市,2024-03-20,官網
461,M,68,台北市,2025-07-16,Google Ads
462,F,64,台中市,2025-09-05,LINE
463,F,34,台中市,2024-06-24,LINE
464,F,57,台中市,2025-06-05,LINE
465,F,26,新北市,2025-02-26,LINE
466,M,53,彰化縣,2025-07-29,Referral
467,M,77,台中市,2025-06-14,電話
468,F,40,彰化縣,2024-11-27,官網
469,M,41,桃園市,2025-10-14,電話
470,F,62,高雄市,2026-01-09,Google Ads
471,M,32,高雄市,2025-05-25,電話
472,F,44,台南市,2024-02-11,LINE
473,M,60,台中市,2026-06-03,Facebook Ads
474,F,44,新北市,2024-03-21,Google Ads
475,F,49,高雄市,2025-02-05,Google Ads
476,F,62,新北市,2024-04-16,Google Ads
477,M,57,台南市,2025-05-20,Google Ads
478,F,55,台中市,2025-12-20,Google Ads
479,F,48,高雄市,2024-09-13,電話
480,F,57,新北市,2026-08-11,Facebook Ads
481,F,50,台北市,2026-07-21,Facebook Ads
482,F,58,台北市,2026-12-07,電話
483,F,46,高雄市,2026-06-15,Google Ads
484,F,50,台南市,2024-01-19,Referral
485,F,39,新北市,2026-12-05,官網
486,F,52,台南市,2025-03-26,Facebook Ads
487,M,41,台北市,2026-06-16,Google Ads
488,M,38,台中市,2026-12-15,Google Ads
489,F,55,台中市,2026-01-10,Facebook Ads
490,F,55,台中市,2024-03-22,Google Ads
491,F,62,台北市,2026-01-06,Facebook Ads
492,F,46,台北市,2024-03-19,Google Ads
493,M,57,高雄市,2024-10-09,官網
494,M,59,桃園市,2026-09-23,Google Ads
495,F,58,台中市,2024-06-08,電話
496,M,41,台中市,2026-06-06,Google Ads
497,F,54,台中市,2025-04-12,電話
498,M,57,新北市,2026-05-02,Google Ads
499,F,52,台中市,2025-04-06,電話
500,F,25,台中市,2026-05-03,Facebook Ads
501,F,54,彰化縣,2024-04-26,官網
502,F,81,桃園市,2024-12-29,Google Ads
503,M,47,台中市,2025-04-10,LINE
504,F,43,台北市,2024-07-02,Google Ads
505,F,57,台北市,2025-10-21,LINE
506,M,56,桃園市,2024-03-15,Google Ads
507,F,68,新北市,2026-04-05,LINE
508,F,36,台中市,2025-05-17,Google Ads
509,F,62,桃園市,2026-03-05,Google Ads
510,F,60,台北市,2025-08-09,官網
511,F,50,台中市,2025-10-17,合作通路
512,M,56,台北市,2025-11-30,LINE
513,F,65,新北市,2025-09-26,官網
514,F,63,台北市,2026-04-23,LINE
515,M,37,台中市,2026-04-14,LINE
516,M,63,台北市,2026-02-02,Google Ads
517,M,51,台中市,2024-12-23,Google Ads
518,F,53,桃園市,2025-11-22,Referral
519,F,53,台中市,2025-09-13,LINE
520,M,50,台中市,2025-04-26,官網
521,F,67,高雄市,2026-09-06,LINE
522,M,51,桃園市,2026-09-04,Facebook Ads
523,F,37,桃園市,2024-10-16,Facebook Ads
524,F,47,新北市,2026-01-21,LINE
525,F,54,台中市,2024-01-23,Google Ads
526,F,68,桃園市,2026-03-16,Facebook Ads
527,M,60,高雄市,2024-06-20,LINE
528,M,41,台中市,2026-04-14,合作通路
529,M,84,彰化縣,2024-11-13,Facebook Ads
530,F,55,台中市,2026-06-26,官網
531,F,69,新竹市,2026-03-08,Google Ads
532,F,50,台南市,2026-09-17,Google Ads
533,F,59,高雄市,2026-05-04,Referral
534,F,63,彰化縣,2025-11-11,電話
535,F,68,桃園市,2026-07-04,Facebook Ads
536,F,66,台中市,2026-10-26,LINE
537,F,63,台北市,2026-04-22,Google Ads
538,M,48,台中市,2025-04-27,官網
539,F,45,台北市,2024-05-11,Google Ads
540,M,56,桃園市,2026-05-10,電話
541,F,64,台北市,2024-10-20,LINE
542,F,49,台北市,2025-10-02,Facebook Ads
543,M,66,新北市,2026-09-26,Referral
544,F,71,台南市,2025-01-26,合作通路
545,F,40,台中市,2024-09-05,Facebook Ads
546,M,41,台北市,2025-12-03,電話
547,M,50,台中市,2024-10-13,電話
548,F,56,高雄市,2024-10-03,電話
549,F,45,台中市,2025-01-21,合作通路
550,F,70,高雄市,2025-03-25,LINE
551,F,58,台中市,2024-10-17,官網
552,F,53,台中市,2025-03-18,電話
553,F,33,彰化縣,2025-10-17,LINE
554,F,35,台中市,2026-12-04,LINE
555,F,56,台北市,2026-04-06,Facebook Ads
556,M,24,台中市,2025-04-20,電話
557,M,65,新北市,2024-09-09,官網
558,M,50,新北市,2024-10-15,LINE
559,F,85,台北市,2026-09-26,LINE
560,F,82,台中市,2024-01-21,Google Ads
561,F,50,台北市,2024-11-11,Google Ads
562,M,51,高雄市,2025-07-17,LINE
563,M,65,桃園市,2024-05-02,LINE
564,M,74,新北市,2026-05-23,電話
565,M,31,新北市,2026-08-17,LINE
566,F,29,台中市,2024-08-01,合作通路
567,M,44,台中市,2026-04-18,Google Ads
568,M,60,台中市,2025-10-08,合作通路
569,F,58,台中市,2026-08-25,Facebook Ads
570,M,66,台中市,2025-12-30,官網
571,F,36,新北市,2025-08-22,LINE
572,F,22,新北市,2026-03-02,Facebook Ads
573,M,63,彰化縣,2024-02-09,Google Ads
574,F,41,台中市,2026-01-21,Google Ads
575,F,26,高雄市,2026-07-31,電話
576,F,54,桃園市,2025-10-09,Facebook Ads
577,M,62,新北市,2024-06-30,合作通路
578,F,50,台中市,2024-09-21,Facebook Ads
579,F,46,台中市,2026-02-09,合作通路
580,M,50,台中市,2026-05-12,Google Ads
581,F,47,台北市,2025-03-07,Google Ads
582,F,34,桃園市,2025-05-23,Facebook Ads
583,F,43,台中市,2025-03-22,Referral
584,M,59,台中市,2025-06-11,LINE
585,F,56,高雄市,2026-05-24,Google Ads
586,M,54,桃園市,2025-10-30,Google Ads
587,M,39,新北市,2026-04-26,Facebook Ads
588,M,50,高雄市,2024-03-10,官網
589,M,24,台北市,2026-03-26,Facebook Ads
590,M,54,台中市,2026-11-04,電話
591,M,71,台北市,2026-12-19,官網
592,F,33,新北市,2025-03-21,Referral
593,M,44,彰化縣,2026-10-22,LINE
594,M,56,台中市,2024-01-19,Facebook Ads
595,F,68,新北市,2025-07-14,合作通路
596,F,46,台北市,2025-04-16,Facebook Ads
597,F,43,新北市,2024-01-28,LINE
598,M,26,台中市,2025-07-13,電話
599,M,53,台北市,2025-08-30,Google Ads
600,M,79,桃園市,2025-04-02,Facebook Ads
601,M,56,新北市,2026-08-02,Google Ads
602,M,52,新北市,2026-09-10,Google Ads
603,M,56,台中市,2026-05-17,Google Ads
604,M,52,台中市,2026-10-12,Google Ads
605,M,41,台北市,2024-01-29,Facebook Ads
606,F,63,台南市,2025-10-30,電話
607,M,55,新竹市,2026-04-05,官網
608,M,52,台北市,2026-03-26,官網
609,F,39,台北市,2024-10-05,LINE
610,F,69,台南市,2024-10-09,電話
611,M,61,台北市,2026-09-29,Referral
612,F,45,新北市,2024-10-31,Referral
613,F,65,台中市,2025-11-24,電話
614,M,46,桃園市,2024-04-18,Google Ads
615,F,42,新北市,2024-11-19,官網
616,F,42,桃園市,2025-04-02,官網
617,M,29,桃園市,2025-04-26,LINE
618,M,58,台中市,2026-07-10,LINE
619,F,28,高雄市,2025-06-03,Google Ads
620,F,36,桃園市,2026-12-12,Google Ads
621,M,25,台北市,2025-01-25,Referral
622,M,51,台中市,2026-02-09,官網
623,M,50,台中市,2026-07-01,Facebook Ads
624,F,48,新北市,2024-03-26,Facebook Ads
625,F,38,台北市,2025-07-11,官網
626,M,37,新北市,2026-05-07,LINE
627,F,58,台中市,2025-10-27,LINE
628,F,45,台南市,2026-04-22,Google Ads
629,M,56,台中市,2024-10-21,Google Ads
630,M,40,台中市,2024-09-25,Facebook Ads
631,F,54,新北市,2025-10-06,官網
632,F,69,新北市,2025-06-18,Google Ads
633,F,60,台中市,2024-03-28,Facebook Ads
634,F,47,台中市,2026-07-13,官網
635,M,55,台中市,2024-04-20,電話
636,M,49,高雄市,2025-08-06,Google Ads
637,F,52,桃園市,2026-02-07,電話
638,M,48,新北市,2024-08-25,合作通路
639,M,50,高雄市,2024-11-29,Referral
640,M,55,桃園市,2024-04-15,電話
641,M,39,台中市,2025-01-16,電話
642,M,39,新竹市,2025-11-19,Facebook Ads
643,M,34,台南市,2024-09-17,官網
644,M,31,台中市,2025-10-16,官網
645,M,36,台中市,2026-03-30,LINE
646,F,54,台中市,2025-12-09,LINE
647,F,40,台中市,2025-04-20,官網
648,F,59,桃園市,2026-06-25,合作通路
649,F,52,新北市,2025-07-08,Facebook Ads
650,F,26,桃園市,2025-10-24,Facebook Ads
651,M,61,桃園市,2025-07-28,官網
652,F,63,高雄市,2025-10-03,Google Ads
653,F,39,高雄市,2025-04-07,官網
654,F,57,台中市,2026-05-04,Google Ads
655,M,41,台北市,2025-08-07,LINE
656,M,53,高雄市,2026-07-31,官網
657,M,36,台中市,2025-09-07,Google Ads
658,M,29,台中市,2024-06-06,Google Ads
659,F,47,台南市,2024-09-28,Facebook Ads
660,F,50,高雄市,2025-10-31,Facebook Ads
661,M,47,台中市,2025-09-12,官網
662,F,37,高雄市,2025-06-04,LINE
663,F,47,桃園市,2024-02-28,Facebook Ads
664,M,56,台北市,2025-12-04,LINE
665,M,51,台中市,2025-10-09,Google Ads
666,M,54,彰化縣,2026-06-09,電話
667,M,43,台北市,2025-03-11,Google Ads
668,M,67,台中市,2024-05-25,電話
669,M,37,新北市,2026-05-08,LINE
670,M,58,桃園市,2026-09-04,LINE
671,M,67,台中市,2024-09-01,官網
672,F,58,台中市,2024-10-27,Referral
673,M,49,台中市,2025-03-13,合作通路
674,F,45,新竹市,2026-05-17,LINE
675,M,65,台中市,2024-04-09,Google Ads
676,F,34,新北市,2025-12-25,Referral
677,M,39,彰化縣,2026-03-24,Google Ads
678,M,47,台中市,2025-04-24,電話
679,F,68,新竹市,2025-02-18,官網
680,F,57,彰化縣,2024-06-13,Referral
681,F,39,台南市,2026-08-31,Referral
682,M,48,台中市,2024-03-28,Google Ads
683,M,44,高雄市,2025-07-26,官網
684,F,43,桃園市,2026-03-24,Google Ads
685,F,65,新竹市,2024-06-27,Google Ads
686,F,34,台中市,2024-06-11,LINE
687,F,73,桃園市,2025-08-15,Google Ads
688,M,63,台北市,2026-10-02,電話
689,F,66,台中市,2024-10-27,合作通路
690,M,46,台北市,2025-01-08,官網
691,M,50,桃園市,2025-12-08,Facebook Ads
692,M,33,新北市,2024-07-21,Referral
693,F,45,新北市,2024-02-16,Referral
694,M,58,新竹市,2025-04-07,電話
695,M,69,台北市,2025-02-11,官網
696,F,38,高雄市,2025-03-02,Referral
697,M,47,台北市,2026-07-18,Google Ads
698,F,50,台北市,2024-11-12,合作通路
699,M,34,高雄市,2025-02-24,合作通路
700,F,60,彰化縣,2024-09-19,Referral
701,F,43,新北市,2024-06-14,Facebook Ads
702,M,49,桃園市,2025-03-03,Referral
703,M,46,台中市,2025-01-31,LINE
704,M,42,台中市,2026-03-06,官網
705,M,52,新北市,2024-04-16,Referral
706,F,49,台中市,2024-04-07,Google Ads
707,M,47,台中市,2024-02-12,Facebook Ads
708,F,43,新北市,2024-08-29,電話
709,M,56,台中市,2024-04-04,電話
710,F,73,台中市,2024-07-06,Referral
711,F,54,新北市,2025-01-19,Google Ads
712,F,65,新北市,2026-03-29,官網
713,F,34,彰化縣,2024-03-27,Google Ads
714,M,54,高雄市,2025-05-03,電話
715,M,38,台北市,2024-08-13,Facebook Ads
716,F,33,彰化縣,2024-12-10,電話
717,F,42,桃園市,2025-06-01,LINE
718,F,67,台中市,2026-11-20,合作通路
719,M,64,台中市,2024-10-22,官網
720,F,55,高雄市,2025-02-17,官網
721,F,32,新北市,2024-05-14,Facebook Ads
722,M,49,桃園市,2025-06-08,電話
723,M,56,桃園市,2026-10-05,LINE
724,F,54,高雄市,2024-01-04,Google Ads
725,F,28,新竹市,2024-06-26,官網
726,F,40,新北市,2026-01-15,Referral
727,M,51,台中市,2024-09-15,Facebook Ads
728,F,59,台南市,2025-10-13,Facebook Ads
729,M,23,台中市,2026-12-24,官網
730,M,50,桃園市,2026-11-06,電話
731,M,54,彰化縣,2025-06-27,Facebook Ads
732,F,63,高雄市,2025-03-10,合作通路
733,F,61,新北市,2024-10-16,Referral
734,F,60,新北市,2026-03-13,Google Ads
735,M,42,台北市,2025-04-27,Facebook Ads
736,F,27,台北市,2024-08-21,官網
737,M,47,高雄市,2025-02-11,合作通路
738,F,65,桃園市,2025-11-24,官網
739,M,70,高雄市,2025-07-15,LINE
740,M,61,台中市,2025-03-05,Google Ads
741,F,58,新北市,2025-03-07,LINE
742,M,57,桃園市,2025-05-11,官網
743,F,45,新北市,2026-09-09,Facebook Ads
744,F,50,新北市,2026-09-23,LINE
745,M,74,桃園市,2026-06-15,Google Ads
746,F,40,高雄市,2026-04-06,LINE
747,M,73,台北市,2026-02-16,Google Ads
748,F,48,台南市,2024-08-10,Google Ads
749,F,69,台中市,2025-04-12,Referral
750,F,34,新竹市,2025-07-22,Google Ads
751,M,60,台中市,2025-01-09,官網
752,F,42,台中市,2025-06-10,Google Ads
753,F,34,台南市,2025-02-15,Facebook Ads
754,M,55,台中市,2024-09-25,Facebook Ads
755,M,65,桃園市,2025-09-17,Google Ads
756,F,41,桃園市,2026-10-08,Google Ads
757,F,33,台南市,2025-03-25,Referral
758,F,51,新竹市,2026-03-12,Google Ads
759,F,51,台中市,2026-04-01,Google Ads
760,F,59,高雄市,2024-09-11,電話
761,M,64,台中市,2024-05-05,Facebook Ads
762,M,51,台北市,2026-01-31,電話
763,M,76,台南市,2026-03-09,Google Ads
764,F,55,台北市,2025-07-18,Facebook Ads
765,M,47,新北市,2025-03-31,官網
766,F,31,新北市,2026-12-26,合作通路
767,F,49,高雄市,2026-12-25,Google Ads
768,F,48,新竹市,2026-06-30,LINE
769,M,64,台中市,2026-05-11,Google Ads
770,F,58,新北市,2025-09-08,Google Ads
771,M,37,台南市,2025-02-03,Referral
772,F,54,新北市,2024-10-13,Google Ads
773,M,61,台中市,2024-07-04,Referral
774,M,72,新北市,2024-10-10,Google Ads
775,F,64,台北市,2025-10-11,Referral
776,M,62,台中市,2025-11-21,LINE
777,M,53,台南市,2024-08-24,Referral
778,F,57,新北市,2026-11-07,Google Ads
779,F,68,彰化縣,2026-03-25,電話
780,F,35,桃園市,2026-07-16,官網
781,F,47,高雄市,2025-02-17,LINE
782,F,42,台中市,2024-01-09,電話
783,M,57,台北市,2025-02-23,官網
784,M,68,台中市,2024-01-29,Referral
785,M,44,彰化縣,2024-12-13,Facebook Ads
786,F,21,台中市,2025-10-22,官網
787,F,47,台中市,2025-07-29,Referral
788,M,64,新北市,2025-03-25,Google Ads
789,F,59,台中市,2025-01-14,LINE
790,F,58,台中市,2025-11-29,合作通路
791,M,48,新北市,2024-12-31,LINE
792,F,35,台中市,2025-02-15,Facebook Ads
793,F,59,台中市,2026-08-08,Facebook Ads
794,F,41,台北市,2024-12-21,Referral
795,M,80,桃園市,2024-09-10,合作通路
796,F,59,新北市,2025-12-27,合作通路
797,F,44,台北市,2025-11-11,官網
798,F,44,新北市,2026-12-05,LINE
799,F,51,台北市,2026-12-08,Google Ads
800,F,49,彰化縣,2026-03-20,Google Ads
801,F,67,台中市,2025-04-17,Google Ads
802,M,54,高雄市,2025-02-19,Google Ads
803,F,42,台南市,2026-09-05,Referral
804,F,77,桃園市,2025-08-22,電話
805,M,53,台中市,2026-10-23,官網
806,F,62,台中市,2025-04-04,合作通路
807,F,44,高雄市,2024-03-19,合作通路
808,F,57,台中市,2026-02-13,官網
809,F,56,桃園市,2026-12-30,LINE
810,M,27,高雄市,2026-06-14,Google Ads
811,F,78,桃園市,2024-02-27,LINE
812,F,69,台中市,2025-09-15,Google Ads
813,M,47,高雄市,2024-02-17,Facebook Ads
814,F,38,高雄市,2026-04-18,合作通路
815,F,57,台南市,2024-06-13,Facebook Ads
816,F,53,台中市,2024-11-25,Google Ads
817,F,57,台中市,2024-07-31,官網
818,M,54,台北市,2025-05-21,官網
819,M,59,台中市,2026-07-04,Google Ads
820,M,71,新北市,2026-03-11,Google Ads
821,F,59,彰化縣,2024-06-16,合作通路
822,M,38,台北市,2026-09-21,Facebook Ads
823,M,70,台南市,2026-04-09,Referral
824,M,73,台中市,2026-09-22,LINE
825,F,85,台中市,2026-09-13,LINE
826,F,37,台中市,2026-02-25,Facebook Ads
827,M,55,台北市,2025-03-02,電話
828,M,25,彰化縣,2026-10-12,Referral
829,F,59,台中市,2026-10-30,Facebook Ads
830,F,45,高雄市,2026-02-11,Google Ads
831,M,77,新北市,2026-12-17,Google Ads
832,F,42,彰化縣,2025-12-17,電話
833,M,30,台中市,2024-03-26,LINE
834,M,46,台中市,2024-04-13,Google Ads
835,F,26,台中市,2024-05-22,Facebook Ads
836,M,62,台北市,2024-07-23,LINE
837,F,25,台中市,2025-10-02,Referral
838,M,52,台南市,2026-11-27,官網
839,F,25,高雄市,2026-12-11,Google Ads
840,F,48,高雄市,2024-01-01,Google Ads
841,M,73,新北市,2024-01-11,LINE
842,F,57,台中市,2026-01-16,Google Ads
843,M,41,台北市,2026-08-13,電話
844,F,52,新竹市,2026-01-24,LINE
845,M,52,台南市,2025-06-01,Facebook Ads
846,M,58,台南市,2026-10-28,LINE
847,M,34,台南市,2024-01-05,官網
848,F,60,台中市,2025-11-24,官網
849,F,18,台中市,2024-04-21,電話
850,F,44,台中市,2026-09-30,官網
851,M,46,台北市,2024-09-29,電話
852,F,60,台中市,2025-02-25,官網
853,M,52,新北市,2024-09-21,Google Ads
854,F,34,高雄市,2024-07-30,Google Ads
855,M,39,台南市,2026-02-20,Referral
856,M,55,桃園市,2025-10-27,合作通路
857,M,51,彰化縣,2025-01-03,電話
858,F,44,台中市,2026-08-15,電話
859,F,46,台中市,2024-12-12,Facebook Ads
860,M,61,高雄市,2024-01-25,LINE
861,F,45,台中市,2026-09-02,合作通路
862,F,51,台中市,2025-02-20,Referral
863,F,80,台北市,2025-05-29,Facebook Ads
864,M,33,台中市,2024-08-02,Facebook Ads
865,M,28,新北市,2026-08-11,LINE
866,F,62,台北市,2026-07-02,LINE
867,M,43,新北市,2025-03-03,Facebook Ads
868,M,48,高雄市,2026-01-02,官網
869,F,42,台北市,2025-11-29,Google Ads
870,F,49,台中市,2024-08-03,電話
871,M,73,台中市,2025-02-16,電話
872,M,62,台北市,2025-01-14,Referral
873,F,63,桃園市,2024-08-19,Referral
874,M,34,桃園市,2026-04-14,官網
875,M,37,高雄市,2024-09-14,電話
876,M,18,台中市,2025-02-06,LINE
877,F,41,新北市,2025-02-27,合作通路
878,F,64,新北市,2026-02-08,Google Ads
879,M,59,新北市,2024-03-05,Referral
880,M,49,新北市,2024-07-08,Facebook Ads
881,M,52,新北市,2026-08-07,Google Ads
882,F,43,新北市,2024-06-21,LINE
883,M,55,高雄市,2026-01-28,官網
884,M,62,台中市,2025-09-19,Facebook Ads
885,F,31,桃園市,2025-07-14,LINE
886,M,56,台中市,2026-09-27,電話
887,F,64,台中市,2025-02-04,Facebook Ads
888,M,47,新竹市,2025-09-29,官網
889,M,61,彰化縣,2026-08-06,Facebook Ads
890,M,85,台中市,2024-07-31,LINE
891,F,51,台北市,2024-02-22,官網
892,F,57,台中市,2025-09-15,Facebook Ads
893,F,42,新北市,2026-01-21,合作通路
894,M,54,台南市,2025-10-23,官網
895,F,58,彰化縣,2024-05-18,電話
896,M,55,高雄市,2025-02-21,電話
897,M,39,台北市,2024-05-22,Referral
898,F,55,高雄市,2025-05-23,Google Ads
899,M,71,台北市,2025-10-11,Facebook Ads
900,M,58,彰化縣,2025-04-30,LINE
901,M,65,台南市,2026-09-18,Referral
902,M,49,新北市,2025-06-26,Google Ads
903,M,62,台北市,2024-10-19,合作通路
904,F,56,台中市,2025-11-01,Google Ads
905,M,40,台中市,2026-04-17,Google Ads
906,F,56,桃園市,2026-11-03,Google Ads
907,F,39,新北市,2025-09-25,官網
908,M,44,台北市,2024-09-28,Referral
909,M,54,新北市,2026-11-14,Facebook Ads
910,M,56,桃園市,2024-11-17,LINE
911,F,37,台中市,2026-03-16,Google Ads
912,M,66,台南市,2026-06-01,官網
913,F,59,台南市,2026-11-29,Google Ads
914,M,43,彰化縣,2024-08-22,LINE
915,F,32,台北市,2026-04-11,官網
916,M,50,台中市,2024-05-23,官網
917,M,46,台北市,2025-08-11,Google Ads
918,F,53,台北市,2024-08-16,Google Ads
919,F,47,台中市,2024-09-30,官網
920,M,26,高雄市,2025-08-12,電話
921,F,47,新北市,2025-10-14,Referral
922,F,48,台南市,2025-08-05,電話
923,F,60,台中市,2026-08-25,合作通路
924,F,43,高雄市,2025-01-06,LINE
925,M,74,桃園市,2026-03-29,Facebook Ads
926,M,27,桃園市,2025-07-25,Google Ads
927,M,69,台南市,2025-06-28,LINE
928,F,49,桃園市,2024-05-06,官網
929,F,63,彰化縣,2026-01-02,電話
930,M,53,台北市,2025-02-20,Facebook Ads
931,M,67,新北市,2025-09-29,LINE
932,F,47,台中市,2024-02-10,官網
933,F,38,台中市,2026-02-25,LINE
934,F,70,台中市,2024-10-23,Facebook Ads
935,M,51,台中市,2024-02-11,電話
936,M,55,台中市,2025-09-23,Google Ads
937,M,68,台中市,2024-02-02,Referral
938,F,39,台中市,2025-10-26,合作通路
939,M,60,彰化縣,2025-09-07,Facebook Ads
940,F,44,台中市,2026-08-05,Facebook Ads
941,M,50,桃園市,2024-06-08,電話
942,F,53,台中市,2025-04-02,LINE
943,F,32,彰化縣,2025-02-02,Google Ads
944,F,42,台南市,2025-08-03,Referral
945,M,70,高雄市,2024-08-07,LINE
946,M,64,高雄市,2025-01-13,Google Ads
947,M,51,台中市,2026-07-18,LINE
948,F,55,新竹市,2026-08-21,Google Ads
949,F,48,台南市,2024-08-20,Google Ads
950,F,70,台南市,2026-07-10,LINE
951,F,49,高雄市,2024-08-21,Facebook Ads
952,F,55,台北市,2025-12-26,官網
953,M,67,台南市,2025-01-01,合作通路
954,F,42,台中市,2025-04-25,Referral
955,M,72,新北市,2025-08-12,Google Ads
956,M,32,台中市,2024-08-03,Google Ads
957,F,73,彰化縣,2025-12-25,官網
958,M,47,台中市,2025-12-12,官網
959,M,49,台中市,2026-09-11,Referral
960,F,27,新北市,2025-01-25,官網
961,M,46,桃園市,2026-12-06,Facebook Ads
962,F,38,高雄市,2025-01-26,LINE
963,M,44,台中市,2025-12-18,電話
964,M,50,台中市,2025-01-19,Referral
965,M,64,桃園市,2025-01-15,Facebook Ads
966,M,55,新竹市,2025-08-26,LINE
967,F,56,桃園市,2026-07-22,Google Ads
968,M,38,新北市,2025-02-02,LINE
969,F,41,彰化縣,2024-04-09,Google Ads
970,F,75,台北市,2025-01-17,合作通路
971,F,42,新北市,2025-12-07,官網
972,F,74,新北市,2024-01-10,Referral
973,F,49,台北市,2024-09-20,合作通路
974,M,52,桃園市,2026-04-11,Google Ads
975,M,66,新北市,2025-09-21,官網
976,M,69,台北市,2026-01-31,Referral
977,F,51,台中市,2024-07-13,官網
978,M,47,台中市,2025-07-15,官網
979,F,51,新北市,2024-04-06,LINE
980,F,56,台中市,2025-04-06,官網
981,M,64,台中市,2026-01-27,Facebook Ads
982,F,52,高雄市,2024-03-27,LINE
983,M,60,高雄市,2026-09-17,Google Ads
984,M,73,桃園市,2024-03-17,Google Ads
985,F,57,新北市,2025-10-22,Google Ads
986,F,56,台南市,2026-02-03,Google Ads
987,F,32,彰化縣,2025-11-08,LINE
988,M,18,桃園市,2026-03-01,Google Ads
989,M,57,高雄市,2025-08-05,Google Ads
990,F,51,台北市,2025-11-01,電話
991,F,45,新竹市,2025-06-21,電話
992,F,55,台中市,2025-03-05,電話
993,M,51,台中市,2026-12-28,Referral
994,F,67,台北市,2024-05-12,Google Ads
995,M,53,台中市,2024-07-07,Google Ads
996,M,42,新竹市,2025-07-26,Facebook Ads
997,F,65,新北市,2024-10-05,Referral
998,M,49,新北市,2025-06-25,電話
999,F,59,高雄市,2026-01-15,Facebook Ads
1000,M,46,新北市,2026-06-17,Google Ads
1001,M,44,台中市,2025-03-28,官網
1002,F,53,高雄市,2026-06-07,Facebook Ads
1003,F,52,高雄市,2026-04-30,LINE
1004,F,58,台北市,2024-06-18,合作通路
1005,F,49,桃園市,2026-04-09,官網
1006,F,28,台中市,2025-11-28,Referral
1007,F,46,台中市,2026-12-16,Facebook Ads
1008,F,62,台中市,2026-02-07,官網
1009,M,48,台北市,2024-12-23,Referral
1010,F,49,台南市,2024-07-19,官網
1011,M,65,台南市,2025-03-19,官網
1012,F,43,台北市,2026-04-06,電話
1013,F,32,新北市,2024-04-10,Referral
1014,M,50,桃園市,2026-07-26,Google Ads
1015,F,46,台中市,2024-01-29,Facebook Ads
1016,F,39,台中市,2025-10-26,Facebook Ads
1017,M,50,新竹市,2024-03-13,Referral
1018,F,58,高雄市,2024-09-10,合作通路
1019,F,52,新竹市,2025-05-30,Google Ads
1020,M,56,台北市,2026-01-18,Google Ads
1021,F,76,高雄市,2026-11-09,合作通路
1022,M,48,台中市,2025-06-18,Facebook Ads
1023,F,56,台中市,2025-02-24,Facebook Ads
1024,F,45,新北市,2025-03-21,Google Ads
1025,F,41,台北市,2026-05-28,Facebook Ads
1026,F,44,台中市,2024-05-15,官網
1027,F,46,台中市,2024-02-02,LINE
1028,F,57,台中市,2025-10-08,LINE
1029,M,83,高雄市,2024-10-04,Referral
1030,F,43,新北市,2024-05-12,Google Ads
1031,M,47,台中市,2026-01-19,Google Ads
1032,F,51,台中市,2024-05-05,Referral
1033,M,57,台中市,2024-12-10,電話
1034,M,55,高雄市,2024-01-17,Facebook Ads
1035,M,69,台中市,2026-04-03,Facebook Ads
1036,F,20,桃園市,2025-07-15,Facebook Ads
1037,M,21,台中市,2025-10-08,官網
1038,F,46,台中市,2025-09-21,Google Ads
1039,M,66,台南市,2026-03-28,LINE
1040,M,32,高雄市,2024-02-29,Google Ads
1041,F,18,台中市,2025-04-11,電話
1042,F,59,台南市,2025-09-19,Facebook Ads
1043,M,55,新北市,2025-01-25,LINE
1044,F,38,台南市,2026-07-24,Google Ads
1045,F,39,高雄市,2025-11-15,Google Ads
1046,F,39,高雄市,2025-05-12,官網
1047,M,53,新竹市,2025-08-22,電話
1048,M,44,台中市,2025-03-24,電話
1049,F,58,高雄市,2025-11-10,電話
1050,M,18,新北市,2024-05-09,Google Ads
1051,F,41,台中市,2024-05-28,官網
1052,F,37,台中市,2026-03-28,Google Ads
1053,F,49,台中市,2026-08-05,Google Ads
1054,F,45,高雄市,2025-05-14,電話
1055,F,62,新北市,2025-10-19,Referral
1056,M,28,新北市,2026-11-19,電話
1057,F,53,台中市,2025-07-30,電話
1058,M,59,新北市,2026-11-13,合作通路
1059,F,76,彰化縣,2026-09-10,Google Ads
1060,F,46,台北市,2025-12-23,合作通路
1061,F,56,高雄市,2024-08-09,官網
1062,F,29,桃園市,2025-08-24,電話
1063,F,21,桃園市,2025-11-14,官網
1064,M,63,新北市,2026-01-11,官網
1065,M,52,台南市,2026-07-13,官網
1066,F,67,台北市,2025-08-02,Facebook Ads
1067,M,34,台南市,2025-02-04,Referral
1068,M,59,台中市,2026-06-19,Google Ads
1069,M,76,台中市,2025-05-26,Facebook Ads
1070,M,57,台中市,2024-03-28,Google Ads
1071,M,56,桃園市,2024-02-19,Facebook Ads
1072,M,52,台北市,2024-04-12,Google Ads
1073,M,32,台中市,2025-01-02,Google Ads
1074,M,70,台中市,2026-07-24,LINE
1075,F,44,彰化縣,2026-06-16,LINE
1076,M,59,台南市,2026-06-27,Google Ads
1077,M,32,新北市,2024-09-14,Facebook Ads
1078,F,37,高雄市,2025-01-24,合作通路
1079,M,71,新北市,2026-02-11,Google Ads
1080,F,47,台北市,2026-01-23,Facebook Ads
1081,F,71,彰化縣,2025-01-28,Google Ads
1082,M,51,台中市,2025-11-13,Google Ads
1083,M,28,台北市,2024-09-26,官網
1084,F,64,台北市,2024-05-28,Facebook Ads
1085,F,44,新北市,2026-03-21,LINE
1086,F,61,新北市,2024-01-28,Google Ads
1087,F,52,新北市,2024-10-06,官網
1088,M,32,台中市,2024-06-14,電話
1089,F,54,新北市,2024-01-17,Google Ads
1090,M,81,台中市,2024-12-04,Google Ads
1091,F,58,台中市,2026-12-04,Google Ads
1092,F,51,台中市,2026-04-21,官網
1093,F,66,桃園市,2024-07-07,Google Ads
1094,F,55,台北市,2025-10-12,LINE
1095,M,55,高雄市,2026-12-20,Google Ads
1096,M,38,桃園市,2024-10-20,Google Ads
1097,M,55,高雄市,2026-11-22,Google Ads
1098,M,65,新北市,2025-02-18,Facebook Ads
1099,F,41,台北市,2026-03-13,Google Ads
1100,M,71,台北市,2025-03-06,Facebook Ads
1101,M,51,高雄市,2026-11-12,官網
1102,F,40,新北市,2025-05-01,Facebook Ads
1103,F,65,台南市,2024-03-29,官網
1104,F,48,台南市,2024-09-27,電話
1105,F,62,台中市,2026-06-18,官網
1106,M,48,台中市,2024-10-04,合作通路
1107,M,51,高雄市,2024-07-24,Facebook Ads
1108,F,58,台北市,2026-07-01,Google Ads
1109,F,56,台中市,2024-11-23,官網
1110,M,26,台南市,2026-05-07,官網
1111,F,37,台中市,2026-05-26,LINE
1112,M,64,彰化縣,2026-05-11,Google Ads
1113,M,50,高雄市,2024-12-01,LINE
1114,F,45,桃園市,2025-08-28,合作通路
1115,F,34,台中市,2025-08-14,Facebook Ads
1116,F,38,台中市,2026-11-27,合作通路
1117,M,26,新北市,2026-10-10,Facebook Ads
1118,F,51,台中市,2025-12-08,Google Ads
1119,M,44,台北市,2026-09-04,Facebook Ads
1120,M,39,台北市,2025-02-28,LINE
1121,F,51,台中市,2025-08-09,官網
1122,F,57,台中市,2026-03-16,LINE
1123,F,79,桃園市,2025-12-20,LINE
1124,F,32,台中市,2026-08-06,Google Ads
1125,F,67,台中市,2025-10-16,Facebook Ads
1126,F,65,高雄市,2025-04-18,Facebook Ads
1127,M,42,新竹市,2025-07-21,合作通路
1128,M,55,台北市,2024-07-29,Facebook Ads
1129,M,46,台中市,2026-12-17,Referral
1130,M,54,新北市,2024-08-02,Facebook Ads
1131,F,72,彰化縣,2026-06-18,Google Ads
1132,F,60,桃園市,2025-04-11,Facebook Ads
1133,M,59,高雄市,2024-12-19,Facebook Ads
1134,M,46,台北市,2026-11-08,合作通路
1135,F,33,新北市,2025-09-16,官網
1136,M,49,台中市,2025-01-06,合作通路
1137,F,68,高雄市,2024-07-02,Referral
1138,F,32,桃園市,2025-11-04,官網
1139,F,38,新竹市,2026-01-24,官網
1140,F,54,台中市,2024-11-17,官網
1141,F,39,台中市,2025-03-10,官網
1142,M,42,新北市,2026-12-02,Facebook Ads
1143,F,46,高雄市,2024-10-19,LINE
1144,F,34,桃園市,2025-11-18,官網
1145,M,39,台中市,2026-06-06,Google Ads
1146,F,61,台中市,2024-03-09,LINE
1147,F,35,新北市,2024-02-25,Referral
1148,F,31,台北市,2025-09-22,LINE
1149,F,44,台南市,2025-02-23,LINE
1150,F,62,新北市,2025-07-20,Google Ads
1151,F,49,桃園市,2025-07-03,電話
1152,F,46,新北市,2024-08-30,Facebook Ads
1153,F,53,桃園市,2026-01-17,合作通路
1154,F,29,台北市,2025-06-10,合作通路
1155,F,58,台南市,2024-03-17,Referral
1156,F,57,台中市,2025-03-15,Google Ads
1157,M,47,新北市,2026-12-14,Facebook Ads
1158,F,65,台中市,2025-05-30,合作通路
1159,F,37,新北市,2025-09-06,電話
1160,M,67,台北市,2026-10-27,Referral
1161,F,54,台中市,2025-11-06,官網
1162,M,48,新竹市,2025-02-23,LINE
1163,M,52,台中市,2024-10-02,Google Ads
1164,F,51,桃園市,2025-08-30,Referral
1165,M,68,新竹市,2025-07-24,電話
1166,F,38,台中市,2024-03-30,Google Ads
1167,F,42,高雄市,2024-10-08,Google Ads
1168,F,65,台中市,2025-09-29,LINE
1169,M,44,台中市,2026-03-21,官網
1170,M,64,台北市,2026-05-17,Google Ads
1171,F,74,彰化縣,2025-04-06,Facebook Ads
1172,F,47,台中市,2026-01-19,Google Ads
1173,F,61,新北市,2024-10-27,Google Ads
1174,M,37,新北市,2025-08-22,Referral
1175,F,62,台南市,2025-06-12,電話
1176,F,55,台中市,2024-05-19,電話
1177,F,58,高雄市,2024-10-04,電話
1178,M,44,高雄市,2025-10-24,Facebook Ads
1179,F,30,高雄市,2025-05-25,電話
1180,F,59,彰化縣,2024-04-23,合作通路
1181,F,25,台南市,2025-08-02,官網
1182,M,48,台中市,2025-11-21,LINE
1183,F,64,新北市,2025-09-28,電話
1184,F,54,台北市,2026-04-02,Referral
1185,M,77,台北市,2026-05-24,Google Ads
1186,F,65,新北市,2026-07-28,Facebook Ads
1187,F,43,台北市,2026-07-30,Referral
1188,M,52,台北市,2024-12-23,合作通路
1189,M,51,新竹市,2024-01-03,LINE
1190,F,31,台中市,2025-02-07,Facebook Ads
1191,M,40,彰化縣,2024-01-25,Facebook Ads
1192,F,45,新北市,2025-05-23,LINE
1193,M,26,高雄市,2025-11-26,合作通路
1194,F,53,台南市,2024-03-01,Google Ads
1195,M,49,台北市,2024-05-02,LINE
1196,F,30,台北市,2024-02-24,Referral
1197,F,57,台北市,2026-08-31,Facebook Ads
1198,F,61,台北市,2026-11-28,電話
1199,F,55,彰化縣,2025-06-29,Facebook Ads
1200,M,48,台南市,2024-04-22,電話
1201,F,60,台中市,2025-02-28,合作通路
1202,M,61,台中市,2026-07-06,Facebook Ads
1203,M,56,台北市,2024-08-17,Referral
1204,M,41,台中市,2026-07-05,合作通路
1205,F,56,高雄市,2024-06-03,合作通路
1206,F,68,台中市,2024-06-13,LINE
1207,F,44,新北市,2026-08-19,LINE
1208,M,79,台中市,2025-10-10,Facebook Ads
1209,M,45,台北市,2026-07-26,Facebook Ads
1210,F,52,高雄市,2025-05-26,LINE
1211,M,43,新北市,2026-07-20,Google Ads
1212,F,55,新竹市,2024-09-22,電話
1213,M,29,台南市,2024-07-05,LINE
1214,F,45,台北市,2026-11-29,Referral
1215,F,38,台中市,2025-01-25,電話
1216,M,54,台南市,2025-10-16,Facebook Ads
1217,M,65,彰化縣,2024-06-24,LINE
1218,F,60,台南市,2026-02-12,電話
1219,F,21,台中市,2026-02-02,Google Ads
1220,M,79,新竹市,2026-07-19,Google Ads
1221,F,56,台中市,2025-12-11,Referral
1222,M,42,桃園市,2026-04-05,Google Ads
1223,M,54,彰化縣,2025-08-11,Referral
1224,F,54,台中市,2025-06-14,Referral
1225,M,43,彰化縣,2026-12-21,LINE
1226,F,55,台北市,2024-10-07,電話
1227,M,44,新竹市,2024-08-14,Facebook Ads
1228,M,47,台中市,2025-09-30,Referral
1229,F,43,彰化縣,2026-12-17,電話
1230,M,33,台中市,2026-07-09,Google Ads
1231,F,54,高雄市,2025-04-21,官網
1232,M,60,新北市,2025-12-16,官網
1233,M,59,新北市,2024-08-30,Google Ads
1234,M,63,台中市,2025-01-01,合作通路
1235,F,56,高雄市,2026-07-24,LINE
1236,M,45,台中市,2026-04-17,LINE
1237,F,63,新北市,2026-06-24,Google Ads
1238,F,34,台中市,2025-01-10,官網
1239,F,40,彰化縣,2025-12-11,電話
1240,M,39,台中市,2024-12-08,官網
1241,F,66,台中市,2024-08-27,電話
1242,F,64,台中市,2024-05-18,電話
1243,F,58,台北市,2025-02-23,Facebook Ads
1244,F,66,台中市,2024-10-30,LINE
1245,F,41,新北市,2024-04-24,Google Ads
1246,F,57,台南市,2024-12-08,Google Ads
1247,M,50,高雄市,2024-01-07,Google Ads
1248,M,63,新北市,2025-12-31,合作通路
1249,F,51,台中市,2024-06-27,合作通路
1250,F,47,高雄市,2025-02-19,Google Ads
1251,F,59,台中市,2025-10-27,Facebook Ads
1252,F,63,桃園市,2024-05-29,Google Ads
1253,M,43,台中市,2025-01-31,Referral
1254,M,51,台北市,2025-01-15,LINE
1255,F,38,台北市,2026-04-18,官網
1256,M,20,台南市,2024-01-01,LINE
1257,M,55,台中市,2024-08-31,電話
1258,F,60,新北市,2026-05-28,Facebook Ads
1259,M,55,台中市,2026-01-29,Google Ads
1260,F,27,高雄市,2026-08-11,Google Ads
1261,M,47,彰化縣,2026-09-03,LINE
1262,F,23,台北市,2024-01-01,Referral
1263,M,70,新北市,2025-07-06,Facebook Ads
1264,F,38,彰化縣,2025-04-26,Google Ads
1265,M,68,新北市,2025-08-22,Referral
1266,M,64,新北市,2026-02-01,Google Ads
1267,M,40,新北市,2024-11-30,Google Ads
1268,F,37,高雄市,2025-04-09,Referral
1269,F,57,台中市,2025-08-05,官網
1270,M,41,台南市,2024-05-16,LINE
1271,F,53,台北市,2026-09-30,電話
1272,F,46,台中市,2026-08-07,電話
1273,F,29,桃園市,2025-11-17,Google Ads
1274,M,23,台北市,2024-06-15,官網
1275,F,55,台中市,2026-06-28,官網
1276,M,45,高雄市,2026-05-29,合作通路
1277,M,45,台南市,2026-04-21,合作通路
1278,F,61,台南市,2024-03-05,Facebook Ads
1279,M,67,彰化縣,2026-12-26,官網
1280,F,48,台南市,2025-03-08,Google Ads
1281,F,48,台中市,2026-12-09,Google Ads
1282,F,59,台北市,2024-04-24,LINE
1283,F,34,桃園市,2025-07-22,官網
1284,M,55,台北市,2025-10-03,官網
1285,M,59,高雄市,2025-05-09,LINE
1286,F,61,高雄市,2026-07-29,電話
1287,M,27,台北市,2026-08-25,電話
1288,M,42,彰化縣,2026-04-01,電話
1289,M,41,新北市,2024-07-20,Google Ads
1290,M,53,新北市,2025-10-10,電話
1291,M,58,新竹市,2025-07-13,Referral
1292,M,71,新北市,2026-11-07,Google Ads
1293,F,46,台中市,2025-04-22,LINE
1294,F,46,新北市,2025-05-02,合作通路
1295,F,67,桃園市,2026-09-09,官網
1296,M,56,桃園市,2026-02-17,LINE
1297,M,68,桃園市,2024-12-05,Google Ads
1298,M,56,高雄市,2025-09-03,官網
1299,F,37,台中市,2024-04-25,LINE
1300,F,35,台南市,2024-03-14,Google Ads
1301,M,32,台南市,2024-04-25,LINE
1302,F,61,台中市,2024-05-05,Google Ads
1303,M,67,台中市,2025-10-18,電話
1304,F,76,新竹市,2025-10-25,合作通路
1305,F,63,台南市,2026-09-17,LINE
1306,F,67,台南市,2026-10-14,官網
1307,F,44,台南市,2026-05-08,LINE
1308,F,37,新北市,2024-03-25,Google Ads
1309,M,63,高雄市,2025-09-24,合作通路
1310,F,57,新北市,2025-03-26,Google Ads
1311,M,53,台中市,2025-06-01,Google Ads
1312,F,57,桃園市,2026-04-25,LINE
1313,F,56,新北市,2025-11-25,官網
1314,F,69,高雄市,2025-07-03,Facebook Ads
1315,F,69,新北市,2026-07-17,Google Ads
1316,F,59,新北市,2024-04-25,電話
1317,F,63,台中市,2026-10-28,Facebook Ads
1318,F,59,台中市,2025-02-07,Google Ads
1319,M,46,台中市,2024-10-30,Facebook Ads
1320,M,62,台中市,2026-01-09,Google Ads
1321,M,34,新竹市,2024-03-28,LINE
1322,M,66,台中市,2026-10-30,官網
1323,F,36,台中市,2024-11-03,電話
1324,M,56,新北市,2025-03-09,Facebook Ads
1325,F,41,高雄市,2026-03-12,Google Ads
1326,M,59,台中市,2024-06-12,Google Ads
1327,M,52,桃園市,2026-09-22,Facebook Ads
1328,F,31,桃園市,2025-10-17,Google Ads
1329,F,57,台中市,2024-01-18,Facebook Ads
1330,F,44,台中市,2026-12-30,Google Ads
1331,F,63,彰化縣,2026-03-21,官網
1332,F,52,台南市,2024-12-04,Facebook Ads
1333,M,57,高雄市,2024-09-04,Google Ads
1334,F,40,台中市,2024-11-01,Facebook Ads
1335,F,44,台北市,2024-07-22,Google Ads
1336,F,46,新北市,2026-05-02,官網
1337,M,63,台中市,2025-03-22,Facebook Ads
1338,F,74,台北市,2025-12-13,Google Ads
1339,M,42,高雄市,2025-03-08,Facebook Ads
1340,M,66,台北市,2026-04-01,Facebook Ads
1341,M,24,桃園市,2026-12-06,電話
1342,F,36,台南市,2025-05-19,合作通路
1343,F,40,台北市,2024-04-24,Google Ads
1344,F,34,台南市,2026-09-21,官網
1345,F,31,台中市,2024-08-10,Facebook Ads
1346,M,57,台南市,2025-09-27,Google Ads
1347,M,49,台中市,2025-11-02,Google Ads
1348,M,57,台中市,2026-08-15,Referral
1349,F,61,高雄市,2026-07-21,Facebook Ads
1350,M,55,新北市,2024-04-05,合作通路
1351,F,61,彰化縣,2024-04-16,LINE
1352,F,51,台北市,2025-09-23,Google Ads
1353,M,37,台中市,2025-11-28,電話
1354,F,66,新北市,2024-02-01,Referral
1355,F,44,新北市,2024-03-06,電話
1356,F,40,台北市,2026-02-17,電話
1357,F,50,高雄市,2026-07-04,Facebook Ads
1358,M,40,桃園市,2025-07-02,Google Ads
1359,M,47,台南市,2024-07-19,Google Ads
1360,F,56,新竹市,2024-02-18,LINE
1361,F,57,台中市,2026-02-25,合作通路
1362,M,40,高雄市,2026-08-08,電話
1363,F,46,台北市,2024-09-19,電話
1364,F,66,高雄市,2024-12-09,Facebook Ads
1365,F,58,新北市,2024-01-11,官網
1366,M,79,新竹市,2024-07-19,Referral
1367,F,67,桃園市,2026-08-02,LINE
1368,F,67,彰化縣,2026-07-14,LINE
1369,M,34,台南市,2024-01-03,電話
1370,M,62,彰化縣,2026-03-18,LINE
1371,F,51,桃園市,2025-07-13,合作通路
1372,M,45,新北市,2024-07-17,LINE
1373,F,54,台中市,2024-04-18,Google Ads
1374,F,64,台北市,2024-04-17,LINE
1375,M,59,台中市,2025-07-05,Facebook Ads
1376,F,41,新北市,2026-08-30,官網
1377,M,62,新北市,2024-02-21,Google Ads
1378,F,44,新北市,2024-04-21,合作通路
1379,M,55,新竹市,2024-10-21,Referral
1380,F,48,彰化縣,2024-03-05,Google Ads
1381,M,49,台中市,2025-07-27,Google Ads
1382,M,62,台北市,2025-04-09,LINE
1383,F,38,台北市,2024-09-14,電話
1384,M,77,台北市,2026-09-30,Google Ads
1385,F,28,桃園市,2025-09-25,Google Ads
1386,M,44,新北市,2024-07-28,LINE
1387,F,57,新北市,2024-03-29,官網
1388,M,60,台南市,2024-01-28,Facebook Ads
1389,F,51,桃園市,2024-08-25,電話
1390,F,51,台中市,2024-12-01,合作通路
1391,M,57,高雄市,2024-03-03,Google Ads
1392,M,49,台北市,2025-05-14,LINE
1393,M,70,台中市,2026-03-01,Google Ads
1394,F,63,台中市,2025-08-14,Google Ads
1395,M,63,新北市,2026-12-10,Google Ads
1396,F,39,台北市,2024-10-27,LINE
1397,M,51,台中市,2024-08-16,電話
1398,M,48,高雄市,2024-05-29,官網
1399,F,39,桃園市,2025-06-10,Facebook Ads
1400,F,57,台中市,2024-11-28,Google Ads
1401,M,45,台中市,2024-06-22,LINE
1402,M,61,台南市,2024-03-01,Google Ads
1403,M,38,台中市,2026-12-20,Facebook Ads
1404,F,74,彰化縣,2026-03-29,LINE
1405,F,40,高雄市,2025-06-07,Referral
1406,F,55,台北市,2024-08-03,Google Ads
1407,F,62,台中市,2025-09-15,官網
1408,F,45,台中市,2025-07-31,Google Ads
1409,F,63,台中市,2025-11-24,官網
1410,F,36,台中市,2025-02-26,LINE
1411,M,71,高雄市,2025-12-16,電話
1412,M,52,台中市,2026-01-23,LINE
1413,M,44,新北市,2026-01-16,Facebook Ads
1414,M,48,新北市,2025-11-18,Facebook Ads
1415,F,63,台中市,2025-12-23,Google Ads
1416,F,44,台中市,2026-01-16,LINE
1417,M,42,台中市,2024-08-29,Referral
1418,M,49,台中市,2025-10-26,LINE
1419,F,37,桃園市,2025-12-08,電話
1420,F,76,台北市,2025-03-10,Facebook Ads
1421,M,45,桃園市,2026-02-19,LINE
1422,F,63,台北市,2025-04-28,Facebook Ads
1423,M,55,新北市,2025-01-18,Google Ads
1424,M,39,新北市,2024-06-18,LINE
1425,F,52,高雄市,2026-10-17,電話
1426,F,62,台中市,2026-08-07,Facebook Ads
1427,M,50,台中市,2026-05-18,官網
1428,F,68,新北市,2024-11-18,電話
1429,F,65,台北市,2026-04-27,Facebook Ads
1430,F,64,台北市,2025-11-26,電話
1431,F,46,高雄市,2024-12-24,Facebook Ads
1432,F,38,新北市,2024-02-01,Facebook Ads
1433,F,44,高雄市,2024-06-25,Facebook Ads
1434,F,55,新北市,2026-07-05,Google Ads
1435,M,59,桃園市,2024-03-05,電話
1436,M,24,高雄市,2024-01-27,Referral
1437,M,52,新北市,2024-09-24,Facebook Ads
1438,F,54,高雄市,2025-08-19,Google Ads
1439,M,48,台南市,2026-10-08,Facebook Ads
1440,F,69,台北市,2024-03-06,官網
1441,F,57,台北市,2024-05-12,Facebook Ads
1442,M,69,桃園市,2026-07-04,LINE
1443,F,49,新北市,2024-03-22,電話
1444,M,64,台中市,2026-09-08,LINE
1445,F,73,台南市,2025-08-07,合作通路
1446,M,69,台中市,2024-11-22,Facebook Ads
1447,F,38,桃園市,2025-06-25,合作通路
1448,F,49,桃園市,2024-07-28,Google Ads
1449,F,48,彰化縣,2024-05-12,Google Ads
1450,F,58,台中市,2024-06-05,電話
1451,F,61,新北市,2026-05-24,官網
1452,F,41,台北市,2025-01-16,電話
1453,F,53,台北市,2026-11-11,Facebook Ads
1454,F,26,台中市,2026-08-31,合作通路
1455,M,71,新北市,2025-08-17,Google Ads
1456,F,45,新北市,2025-04-16,Google Ads
1457,F,53,台中市,2024-08-21,Facebook Ads
1458,F,48,高雄市,2025-07-25,電話
1459,M,67,桃園市,2026-02-09,官網
1460,F,18,桃園市,2024-10-27,LINE
1461,M,52,彰化縣,2024-11-01,Facebook Ads
1462,F,51,台北市,2024-01-02,Google Ads
1463,M,46,彰化縣,2024-09-27,Facebook Ads
1464,F,74,台南市,2025-02-24,LINE
1465,F,40,台中市,2025-11-30,官網
1466,M,62,台中市,2026-05-13,官網
1467,F,57,台北市,2026-08-17,合作通路
1468,M,68,台北市,2026-09-20,Google Ads
1469,F,43,新北市,2026-10-06,Facebook Ads
1470,F,42,新北市,2026-05-28,LINE
1471,F,66,桃園市,2025-11-22,官網
1472,F,58,新北市,2026-05-16,LINE
1473,F,32,台中市,2026-11-26,Referral
1474,M,45,台南市,2024-04-16,官網
1475,M,57,台北市,2024-10-07,Google Ads
1476,F,63,新竹市,2025-07-02,Google Ads
1477,F,43,台中市,2025-07-05,電話
1478,F,18,彰化縣,2024-07-06,電話
1479,F,59,台中市,2026-01-21,Google Ads
1480,M,36,台中市,2026-05-19,Google Ads
1481,F,26,台中市,2024-01-19,官網
1482,M,18,高雄市,2026-05-08,官網
1483,F,63,台南市,2026-09-11,Google Ads
1484,M,54,台北市,2025-02-13,LINE
1485,M,49,彰化縣,2025-04-28,Facebook Ads
1486,M,70,新北市,2025-09-15,合作通路
1487,M,60,高雄市,2025-10-17,Google Ads
1488,F,73,台南市,2026-02-06,電話
1489,M,34,台中市,2024-01-18,LINE
1490,M,52,台北市,2024-07-02,Google Ads
1491,M,31,彰化縣,2025-02-08,LINE
1492,M,49,彰化縣,2026-03-09,Google Ads
1493,M,49,新竹市,2025-04-23,官網
1494,M,60,彰化縣,2024-01-08,官網
1495,F,53,台中市,2025-12-05,Google Ads
1496,F,60,台南市,2025-06-14,Google Ads
1497,F,61,台北市,2026-07-01,電話
1498,F,80,新竹市,2025-11-19,Facebook Ads
1499,M,48,新北市,2026-10-31,LINE
1500,F,40,新北市,2025-07-06,Facebook Ads
1501,F,55,新北市,2025-03-21,Referral
1502,F,42,台北市,2025-12-06,LINE
1503,M,71,台中市,2024-07-14,官網
1504,M,48,台南市,2026-05-09,Google Ads
1505,M,45,桃園市,2025-09-19,Google Ads
1506,M,46,台中市,2026-09-07,Facebook Ads
1507,F,61,桃園市,2025-09-21,Facebook Ads
1508,F,50,高雄市,2024-02-13,官網
1509,F,44,台北市,2025-05-03,官網
1510,F,74,台中市,2024-06-29,Facebook Ads
1511,F,41,台南市,2025-01-08,官網
1512,F,52,高雄市,2025-09-19,Google Ads
1513,F,60,新北市,2026-08-14,Google Ads
1514,M,31,高雄市,2024-03-07,Referral
1515,M,58,台中市,2026-02-17,官網
1516,M,38,新北市,2025-10-12,官網
1517,F,63,台中市,2024-12-06,Facebook Ads
1518,F,39,台中市,2026-06-21,Facebook Ads
1519,M,61,高雄市,2025-02-01,Google Ads
1520,F,66,彰化縣,2025-12-03,Referral
1521,M,63,台北市,2024-04-06,官網
1522,F,55,台中市,2025-03-24,Google Ads
1523,M,49,高雄市,2024-03-17,電話
1524,M,45,台南市,2026-06-14,LINE
1525,F,71,桃園市,2025-07-02,電話
1526,M,43,台南市,2026-03-08,Google Ads
1527,M,39,新北市,2026-03-25,Google Ads
1528,M,61,桃園市,2026-10-18,Google Ads
1529,F,42,台中市,2024-05-14,Google Ads
1530,F,40,台北市,2025-10-15,電話
1531,M,33,台北市,2025-10-07,官網
1532,F,46,新北市,2025-12-20,官網
1533,F,51,彰化縣,2025-09-04,Referral
1534,M,55,台南市,2025-04-28,Facebook Ads
1535,M,64,台中市,2026-12-05,Referral
1536,M,59,台中市,2025-10-09,Referral
1537,M,50,台北市,2026-03-02,LINE
1538,F,49,台中市,2025-08-01,Google Ads
1539,M,59,高雄市,2026-10-24,電話
1540,F,69,彰化縣,2024-01-01,Facebook Ads
1541,F,54,新竹市,2024-04-18,電話
1542,M,46,高雄市,2025-04-04,Google Ads
1543,F,39,台南市,2024-09-22,LINE
1544,M,33,新北市,2024-02-13,LINE
1545,F,61,台中市,2026-06-04,Google Ads
1546,F,60,新北市,2026-08-01,Facebook Ads
1547,F,60,新北市,2026-09-09,Google Ads
1548,F,50,桃園市,2024-09-18,LINE
1549,M,70,台中市,2025-12-28,Referral
1550,F,46,台北市,2025-09-24,Facebook Ads
1551,F,64,台北市,2024-05-31,電話
1552,F,51,彰化縣,2024-07-31,Google Ads
1553,F,44,台北市,2026-10-12,官網
1554,F,60,桃園市,2026-05-12,Referral
1555,M,57,桃園市,2025-09-14,Facebook Ads
1556,M,57,台中市,2024-12-26,Referral
1557,F,53,新北市,2024-11-15,LINE
1558,M,52,台南市,2024-08-09,Facebook Ads
1559,F,83,新北市,2024-07-28,Referral
1560,F,67,彰化縣,2026-07-19,Google Ads
1561,M,61,台中市,2025-05-03,Google Ads
1562,M,53,台中市,2025-08-23,官網
1563,F,65,台南市,2026-02-12,電話
1564,M,59,台南市,2026-05-27,電話
1565,F,52,新竹市,2025-11-30,Google Ads
1566,M,48,高雄市,2025-03-27,合作通路
1567,F,51,彰化縣,2025-02-16,官網
1568,M,18,台南市,2025-04-20,合作通路
1569,F,55,台南市,2024-09-12,Facebook Ads
1570,F,46,新北市,2024-05-06,官網
1571,F,73,台北市,2025-01-26,Referral
1572,M,52,彰化縣,2025-04-24,Facebook Ads
1573,F,37,台北市,2026-09-19,合作通路
1574,F,51,新北市,2026-07-11,Facebook Ads
1575,M,38,台北市,2025-02-05,Facebook Ads
1576,M,58,新北市,2024-09-30,Referral
1577,M,56,新北市,2026-04-24,合作通路
1578,F,64,台中市,2024-05-18,Facebook Ads
1579,F,42,台南市,2024-04-12,Google Ads
1580,F,52,台北市,2025-04-28,電話
1581,M,34,新北市,2025-06-12,Referral
1582,M,61,台中市,2024-08-11,官網
1583,F,59,台中市,2024-04-23,官網
1584,F,58,台中市,2025-10-05,電話
1585,F,52,高雄市,2025-10-12,Google Ads
1586,M,57,台中市,2025-04-02,合作通路
1587,F,73,彰化縣,2025-01-09,Facebook Ads
1588,M,48,台中市,2025-09-02,官網
1589,M,54,台中市,2024-07-25,LINE
1590,F,38,台中市,2026-07-05,LINE
1591,F,41,台中市,2024-11-16,官網
1592,F,53,桃園市,2024-04-02,合作通路
1593,M,66,台南市,2026-05-21,官網
1594,M,49,高雄市,2024-04-08,電話
1595,F,49,台中市,2024-08-12,Google Ads
1596,F,47,台中市,2026-05-01,電話
1597,M,45,新北市,2025-03-16,Facebook Ads
1598,M,56,彰化縣,2025-12-20,Google Ads
1599,M,33,台中市,2025-08-07,Google Ads
1600,F,69,桃園市,2024-03-04,官網
1601,M,43,台北市,2026-02-06,合作通路
1602,M,61,台中市,2025-07-13,官網
1603,M,35,新北市,2025-10-31,Facebook Ads
1604,M,61,台中市,2025-01-02,Google Ads
1605,M,61,桃園市,2026-01-13,LINE
1606,F,57,台中市,2025-09-09,Google Ads
1607,M,39,桃園市,2026-10-02,Facebook Ads
1608,F,55,台中市,2026-12-19,官網
1609,M,37,彰化縣,2025-05-14,合作通路
1610,F,49,台中市,2026-10-03,LINE
1611,F,65,台南市,2025-02-14,Google Ads
1612,F,62,桃園市,2026-10-14,電話
1613,F,52,新竹市,2025-04-08,電話
1614,M,39,新北市,2025-12-02,Referral
1615,M,60,桃園市,2024-06-11,Google Ads
1616,F,52,台北市,2024-02-29,LINE
1617,F,22,台中市,2026-11-20,合作通路
1618,F,62,台北市,2024-11-28,Google Ads
1619,F,52,台中市,2024-03-16,官網
1620,F,68,新竹市,2024-11-12,Facebook Ads
1621,F,38,台中市,2024-07-08,LINE
1622,M,18,新北市,2024-10-22,電話
1623,F,56,高雄市,2025-05-15,LINE
1624,F,56,新北市,2024-06-25,電話
1625,M,30,高雄市,2026-03-10,LINE
1626,F,39,台中市,2026-03-16,合作通路
1627,M,85,新北市,2026-05-09,LINE
1628,F,48,台中市,2024-08-02,Google Ads
1629,M,62,彰化縣,2025-10-14,LINE
1630,F,44,桃園市,2025-08-19,電話
1631,F,25,新竹市,2024-05-07,Referral
1632,M,50,台中市,2025-07-04,LINE
1633,F,49,台中市,2025-09-10,官網
1634,F,47,台中市,2024-12-13,Referral
1635,F,51,台中市,2024-05-21,電話
1636,M,55,台中市,2026-03-02,官網
1637,M,50,高雄市,2024-09-01,電話
1638,M,36,台中市,2025-12-03,官網
1639,F,58,新北市,2024-08-01,Google Ads
1640,F,27,台南市,2024-07-18,Google Ads
1641,F,25,高雄市,2025-02-08,合作通路
1642,F,62,台北市,2025-02-24,Google Ads
1643,F,59,台北市,2024-01-07,LINE
1644,F,51,新北市,2025-08-14,合作通路
1645,M,34,台中市,2024-10-12,Google Ads
1646,F,43,高雄市,2025-11-01,Referral
1647,M,49,台北市,2025-01-23,電話
1648,F,31,台南市,2025-02-19,合作通路
1649,F,42,桃園市,2026-02-22,Facebook Ads
1650,F,60,高雄市,2026-10-03,Facebook Ads
1651,M,71,台北市,2026-10-11,Referral
1652,M,47,台中市,2025-03-03,Facebook Ads
1653,M,62,桃園市,2026-10-01,LINE
1654,M,27,新北市,2024-11-29,官網
1655,M,61,台中市,2024-09-28,Facebook Ads
1656,F,42,台中市,2026-12-02,合作通路
1657,F,56,台中市,2024-11-14,官網
1658,M,49,桃園市,2025-06-10,Google Ads
1659,M,69,台中市,2026-01-29,Google Ads
1660,M,41,新北市,2024-11-16,Google Ads
1661,F,60,新北市,2026-01-08,Facebook Ads
1662,F,48,新北市,2026-12-03,電話
1663,F,50,台南市,2025-03-29,Google Ads
1664,F,50,台南市,2026-01-15,Facebook Ads
1665,F,41,新北市,2026-07-17,Referral
1666,F,52,台中市,2026-04-27,LINE
1667,M,51,台北市,2026-05-17,Facebook Ads
1668,F,55,高雄市,2026-02-12,合作通路
1669,M,53,新北市,2024-03-23,Facebook Ads
1670,F,62,高雄市,2025-06-26,Referral
1671,M,64,台中市,2024-11-17,電話
1672,F,38,高雄市,2026-02-24,電話
1673,F,63,台中市,2025-06-23,電話
1674,F,37,桃園市,2024-09-08,LINE
1675,F,60,台北市,2026-04-15,電話
1676,M,60,高雄市,2025-03-24,Referral
1677,M,27,台中市,2025-05-04,Facebook Ads
1678,M,53,台北市,2025-04-08,LINE
1679,M,46,高雄市,2024-11-09,Referral
1680,F,42,台中市,2025-01-19,LINE
1681,M,70,桃園市,2024-10-21,Referral
1682,F,44,高雄市,2026-09-12,官網
1683,F,42,新北市,2026-01-31,官網
1684,F,53,台北市,2026-02-07,Google Ads
1685,M,61,新北市,2024-12-09,Facebook Ads
1686,F,50,新北市,2024-05-21,LINE
1687,F,67,新北市,2025-12-18,官網
1688,F,59,高雄市,2025-02-09,官網
1689,F,24,台北市,2024-08-15,電話
1690,F,45,台中市,2025-02-14,官網
1691,M,45,台中市,2026-08-09,Referral
1692,F,58,台中市,2026-06-16,Facebook Ads
1693,M,18,台北市,2025-11-21,官網
1694,M,85,桃園市,2026-05-27,Google Ads
1695,M,59,桃園市,2026-02-25,LINE
1696,M,54,台中市,2024-03-02,Facebook Ads
1697,M,67,彰化縣,2026-05-28,Facebook Ads
1698,M,82,新北市,2024-12-21,Facebook Ads
1699,F,63,彰化縣,2024-03-11,Google Ads
1700,F,64,高雄市,2024-09-19,LINE
1701,F,54,桃園市,2024-11-01,合作通路
1702,M,50,台中市,2025-07-11,Facebook Ads
1703,M,46,台中市,2026-01-31,電話
1704,F,41,台中市,2025-08-10,LINE
1705,M,43,高雄市,2024-03-14,Facebook Ads
1706,M,34,台北市,2024-05-21,Google Ads
1707,F,51,桃園市,2024-04-11,Google Ads
1708,M,30,台北市,2026-12-24,電話
1709,F,54,桃園市,2024-07-11,Facebook Ads
1710,F,52,台中市,2026-08-10,Google Ads
1711,M,54,台中市,2026-12-21,Facebook Ads
1712,M,45,台北市,2025-02-13,官網
1713,F,85,台北市,2024-10-26,官網
1714,F,70,台北市,2025-03-29,Facebook Ads
1715,M,36,桃園市,2025-07-27,LINE
1716,F,55,台中市,2025-09-10,LINE
1717,M,44,台北市,2025-09-28,Google Ads
1718,F,39,台南市,2024-10-27,Facebook Ads
1719,F,35,台中市,2026-02-17,官網
1720,M,58,彰化縣,2026-09-15,官網
1721,M,43,新竹市,2024-07-20,電話
1722,M,65,台中市,2025-11-04,官網
1723,M,65,台中市,2024-10-28,Facebook Ads
1724,M,70,台北市,2024-12-02,Facebook Ads
1725,F,41,桃園市,2024-02-01,LINE
1726,M,58,新北市,2026-02-11,電話
1727,F,60,高雄市,2026-12-07,Google Ads
1728,F,46,桃園市,2025-10-26,合作通路
1729,F,42,台中市,2024-11-23,LINE
1730,F,73,台南市,2026-03-07,Facebook Ads
1731,M,55,高雄市,2026-03-24,官網
1732,F,60,新北市,2025-10-26,Google Ads
1733,F,41,台南市,2026-01-15,LINE
1734,M,36,高雄市,2026-11-12,LINE
1735,M,45,台中市,2026-07-18,Google Ads
1736,F,50,台北市,2026-08-20,Referral
1737,M,38,新北市,2025-01-07,電話
1738,M,52,台中市,2024-10-11,Google Ads
1739,M,30,彰化縣,2025-06-04,Facebook Ads
1740,M,37,台中市,2025-11-27,Google Ads
1741,F,61,高雄市,2026-03-17,Referral
1742,F,60,新北市,2025-10-08,Facebook Ads
1743,F,47,台中市,2024-05-15,LINE
1744,M,39,彰化縣,2024-04-05,Facebook Ads
1745,M,39,台南市,2024-09-30,Facebook Ads
1746,F,47,新北市,2026-05-27,電話
1747,M,60,台中市,2026-04-29,電話
1748,M,64,台中市,2026-02-22,LINE
1749,F,46,台北市,2024-05-11,官網
1750,M,37,台中市,2026-12-03,LINE
1751,F,55,新北市,2025-01-07,Google Ads
1752,M,41,新竹市,2026-03-18,Google Ads
1753,M,45,新北市,2026-01-13,Facebook Ads
1754,M,69,台南市,2024-02-20,電話
1755,F,63,高雄市,2024-02-25,Referral
1756,F,54,新北市,2026-01-13,Google Ads
1757,F,35,台南市,2025-03-03,Facebook Ads
1758,F,55,新北市,2025-03-18,Facebook Ads
1759,M,66,台南市,2024-11-21,電話
1760,F,47,台中市,2025-10-01,Referral
1761,F,70,台中市,2026-04-08,Google Ads
1762,F,69,台南市,2024-03-20,電話
1763,M,74,新北市,2025-04-18,電話
1764,F,56,台南市,2025-01-11,Google Ads
1765,M,60,彰化縣,2026-07-07,LINE
1766,M,70,台中市,2024-11-28,官網
1767,F,58,新北市,2025-03-16,Google Ads
1768,F,45,台北市,2024-05-05,LINE
1769,M,46,高雄市,2024-08-06,Google Ads
1770,M,55,桃園市,2026-08-05,LINE
1771,F,35,台中市,2024-10-04,Referral
1772,F,50,新北市,2025-08-17,LINE
1773,F,66,高雄市,2026-07-23,Google Ads
1774,F,24,台中市,2024-05-20,Google Ads
1775,F,72,桃園市,2026-04-25,官網
1776,M,67,高雄市,2026-10-04,Facebook Ads
1777,F,46,彰化縣,2026-05-26,官網
1778,M,59,台北市,2024-04-19,Google Ads
1779,M,52,台中市,2026-12-11,電話
1780,F,68,新北市,2025-09-04,Referral
1781,M,65,台中市,2025-12-13,Referral
1782,F,34,新竹市,2026-03-06,Facebook Ads
1783,F,60,台中市,2025-12-29,官網
1784,F,49,桃園市,2026-12-05,Facebook Ads
1785,F,53,新北市,2025-05-19,電話
1786,F,43,台北市,2026-11-06,Google Ads
1787,F,75,台中市,2024-11-10,電話
1788,F,66,高雄市,2024-03-17,LINE
1789,M,42,新北市,2026-09-04,Referral
1790,F,35,台中市,2026-06-17,電話
1791,M,47,彰化縣,2026-11-13,Facebook Ads
1792,F,58,台北市,2025-12-12,Referral
1793,F,55,台北市,2026-11-24,Facebook Ads
1794,F,68,新北市,2026-05-03,合作通路
1795,M,62,台中市,2025-12-09,電話
1796,M,65,彰化縣,2024-09-21,合作通路
1797,F,56,台北市,2024-11-28,Google Ads
1798,M,34,台中市,2024-07-06,Facebook Ads
1799,M,49,台北市,2026-12-22,電話
1800,M,66,高雄市,2026-03-30,Referral
1801,F,51,新北市,2024-10-25,Google Ads
1802,F,59,高雄市,2024-07-19,Google Ads
1803,M,48,台中市,2024-09-28,Facebook Ads
1804,M,39,台中市,2025-06-18,Referral
1805,M,50,桃園市,2024-01-31,電話
1806,F,56,台中市,2024-03-09,Facebook Ads
1807,F,43,台南市,2026-06-01,Google Ads
1808,M,49,台中市,2026-08-18,LINE
1809,M,40,台南市,2026-04-06,Facebook Ads
1810,M,67,台北市,2026-07-12,電話
1811,F,48,高雄市,2026-09-10,LINE
1812,F,71,台中市,2025-04-25,官網
1813,M,72,台中市,2024-10-19,Referral
1814,M,51,台中市,2024-03-26,LINE
1815,M,39,台中市,2026-11-05,Facebook Ads
1816,F,25,台北市,2025-12-28,電話
1817,M,33,新北市,2025-09-19,Facebook Ads
1818,F,34,新北市,2024-04-27,Referral
1819,F,70,桃園市,2024-09-26,Google Ads
1820,M,54,高雄市,2026-09-05,Referral
1821,M,57,高雄市,2026-05-04,Google Ads
1822,M,23,台北市,2024-06-10,Google Ads
1823,F,36,新北市,2025-11-30,Facebook Ads
1824,F,64,台北市,2024-06-15,合作通路
1825,F,56,台南市,2024-10-26,合作通路
1826,F,50,台中市,2024-01-28,Google Ads
1827,M,59,台中市,2025-07-15,Google Ads
1828,F,73,高雄市,2026-06-01,Facebook Ads
1829,F,49,台中市,2024-06-04,Facebook Ads
1830,M,53,台南市,2025-10-13,電話
1831,F,55,台南市,2026-03-31,LINE
1832,F,83,台中市,2025-07-14,電話
1833,F,25,台中市,2026-12-21,電話
1834,F,61,新北市,2024-11-07,官網
1835,F,51,高雄市,2025-01-10,Referral
1836,F,59,台中市,2024-05-29,Google Ads
1837,M,43,高雄市,2025-08-07,Google Ads
1838,M,51,新北市,2025-08-03,電話
1839,F,61,台北市,2026-09-03,Facebook Ads
1840,M,85,台中市,2024-06-25,Google Ads
1841,M,63,桃園市,2024-12-19,Referral
1842,M,41,台中市,2025-05-28,官網
1843,M,46,台南市,2024-11-04,LINE
1844,F,46,台北市,2024-04-28,電話
1845,F,29,新北市,2026-02-05,Facebook Ads
1846,M,48,台南市,2026-09-22,合作通路
1847,M,62,台南市,2026-08-30,Google Ads
1848,M,35,台北市,2026-07-04,官網
1849,F,66,台中市,2025-04-22,電話
1850,F,58,桃園市,2025-08-09,LINE
1851,M,42,台北市,2024-12-16,電話
1852,F,50,台中市,2024-07-13,Referral
1853,F,73,彰化縣,2025-05-10,電話
1854,F,62,台中市,2025-05-29,Facebook Ads
1855,F,52,台中市,2025-11-26,官網
1856,M,49,台中市,2024-09-29,Referral
1857,F,53,高雄市,2026-05-29,LINE
1858,F,45,高雄市,2024-02-21,官網
1859,F,25,台北市,2024-09-19,LINE
1860,F,79,台北市,2024-05-12,Google Ads
1861,F,54,台北市,2026-09-20,Google Ads
1862,F,57,高雄市,2024-11-05,合作通路
1863,M,51,台中市,2024-01-16,官網
1864,F,42,彰化縣,2024-07-13,Google Ads
1865,F,50,台中市,2024-10-29,Referral
1866,F,31,新竹市,2026-12-07,LINE
1867,M,82,台中市,2026-04-11,電話
1868,M,36,桃園市,2025-07-15,Google Ads
1869,M,39,台中市,2024-02-10,Referral
1870,F,46,台中市,2025-06-17,官網
1871,F,69,台南市,2025-01-05,電話
1872,M,52,台南市,2025-05-31,Google Ads
1873,F,36,台北市,2025-10-18,Facebook Ads
1874,F,68,高雄市,2025-08-12,Facebook Ads
1875,F,62,新北市,2024-08-18,合作通路
1876,F,59,台南市,2026-03-19,Google Ads
1877,F,61,台北市,2025-04-23,官網
1878,F,83,新北市,2025-11-05,Google Ads
1879,M,80,新北市,2024-10-04,Google Ads
1880,F,43,台北市,2024-02-22,Facebook Ads
1881,F,73,台南市,2026-10-30,電話
1882,F,57,台中市,2026-01-17,電話
1883,F,58,台中市,2025-04-08,合作通路
1884,F,30,新北市,2026-01-23,Referral
1885,M,50,高雄市,2025-08-05,Google Ads
1886,F,41,台中市,2024-06-06,電話
1887,M,63,台北市,2024-01-19,LINE
1888,M,66,彰化縣,2024-02-24,Referral
1889,F,25,台中市,2025-12-21,Google Ads
1890,F,52,高雄市,2026-11-10,電話
1891,M,67,桃園市,2026-01-30,Google Ads
1892,M,50,台北市,2026-10-15,Facebook Ads
1893,F,61,彰化縣,2026-03-18,Google Ads
1894,M,57,桃園市,2025-12-23,Google Ads
1895,F,56,新北市,2024-10-11,LINE
1896,F,48,新北市,2025-05-25,電話
1897,F,36,高雄市,2026-10-18,電話
1898,M,37,新北市,2024-04-29,Facebook Ads
1899,M,61,台南市,2024-04-06,Google Ads
1900,F,52,台北市,2024-04-29,Facebook Ads
1901,F,50,台中市,2025-01-27,Referral
1902,M,46,台中市,2026-03-04,Google Ads
1903,F,48,台中市,2024-08-07,LINE
1904,M,66,台中市,2026-04-18,Google Ads
1905,F,48,台南市,2024-06-08,LINE
1906,M,35,高雄市,2025-09-02,Google Ads
1907,F,62,高雄市,2025-09-30,Google Ads
1908,M,49,高雄市,2026-11-21,Google Ads
1909,M,52,台南市,2026-02-15,Facebook Ads
1910,M,73,新北市,2024-11-29,Facebook Ads
1911,M,52,台南市,2026-06-10,官網
1912,F,56,台北市,2026-07-28,Google Ads
1913,F,37,彰化縣,2024-12-17,Google Ads
1914,M,49,高雄市,2026-07-14,Google Ads
1915,M,60,台中市,2025-01-30,Referral
1916,F,32,新北市,2025-06-13,官網
1917,F,55,新北市,2024-12-23,電話
1918,F,53,台中市,2026-04-07,Facebook Ads
1919,M,53,新北市,2024-02-29,Google Ads
1920,M,65,台北市,2025-04-21,Google Ads
1921,F,56,台中市,2025-09-03,LINE
1922,M,71,彰化縣,2024-01-01,官網
1923,F,39,高雄市,2024-11-06,Referral
1924,M,54,台南市,2024-06-16,Referral
1925,F,53,高雄市,2024-07-10,LINE
1926,M,38,台北市,2026-11-23,LINE
1927,F,64,新北市,2026-11-23,Google Ads
1928,F,82,高雄市,2025-12-08,Facebook Ads
1929,F,52,新竹市,2024-12-31,Referral
1930,M,59,台中市,2026-05-07,Google Ads
1931,F,53,台南市,2024-11-22,合作通路
1932,F,43,彰化縣,2024-04-23,LINE
1933,F,28,高雄市,2026-03-07,LINE
1934,F,43,彰化縣,2026-07-07,Google Ads
1935,F,34,台北市,2025-08-31,官網
1936,F,74,彰化縣,2024-11-04,LINE
1937,M,51,高雄市,2025-02-04,Facebook Ads
1938,F,48,台中市,2024-07-30,Facebook Ads
1939,F,64,彰化縣,2024-11-12,Google Ads
1940,M,37,新北市,2024-07-03,LINE
1941,M,42,新北市,2024-09-02,Facebook Ads
1942,M,53,新北市,2024-08-26,官網
1943,F,65,台中市,2025-06-03,電話
1944,F,59,新北市,2024-10-03,Facebook Ads
1945,F,55,台南市,2026-10-02,官網
1946,F,53,台中市,2024-07-20,Facebook Ads
1947,M,57,台中市,2024-08-01,電話
1948,M,55,台中市,2025-08-28,Google Ads
1949,M,39,台北市,2025-04-22,Google Ads
1950,M,53,桃園市,2025-05-22,Facebook Ads
1951,M,38,桃園市,2025-10-30,電話
1952,M,53,彰化縣,2025-10-26,Google Ads
1953,F,46,高雄市,2024-05-21,Google Ads
1954,F,85,台中市,2024-11-17,Facebook Ads
1955,F,51,彰化縣,2025-04-05,Google Ads
1956,F,34,桃園市,2025-12-07,電話
1957,F,50,新北市,2025-10-31,官網
1958,M,59,高雄市,2024-02-23,Referral
1959,F,74,彰化縣,2024-10-03,Google Ads
1960,F,44,高雄市,2025-02-03,Facebook Ads
1961,M,31,台北市,2025-10-29,電話
1962,M,63,高雄市,2025-05-30,官網
1963,F,34,台中市,2025-07-29,Facebook Ads
1964,M,46,台北市,2024-04-21,官網
1965,F,49,台北市,2024-08-26,電話
1966,F,51,台中市,2026-11-09,Google Ads
1967,M,61,台中市,2024-07-15,電話
1968,M,43,台中市,2025-01-16,Facebook Ads
1969,M,48,高雄市,2024-06-12,合作通路
1970,M,52,桃園市,2025-08-28,LINE
1971,M,54,新竹市,2026-12-27,Google Ads
1972,F,53,台北市,2026-05-04,LINE
1973,M,58,新北市,2026-11-10,合作通路
1974,F,63,彰化縣,2026-04-10,電話
1975,M,57,台中市,2025-08-19,Facebook Ads
1976,F,58,高雄市,2025-06-19,官網
1977,M,31,桃園市,2024-04-20,官網
1978,M,53,台中市,2026-08-06,Google Ads
1979,F,58,台南市,2026-05-12,Google Ads
1980,F,61,桃園市,2025-08-17,LINE
1981,M,43,台中市,2026-10-18,LINE
1982,F,43,台中市,2025-04-04,Google Ads
1983,F,45,台中市,2025-03-09,電話
1984,F,59,台北市,2026-06-06,LINE
1985,M,65,新北市,2026-02-21,Facebook Ads
1986,M,47,新北市,2026-09-14,Google Ads
1987,F,64,台中市,2024-06-17,官網
1988,F,54,彰化縣,2025-12-09,官網
1989,M,50,台北市,2026-08-22,官網
1990,F,49,台中市,2025-12-27,Facebook Ads
1991,F,62,台北市,2024-08-16,官網
1992,M,56,新北市,2025-03-02,Referral
1993,F,82,台北市,2024-05-01,Facebook Ads
1994,M,41,台中市,2024-05-28,Google Ads
1995,F,59,台中市,2026-05-01,電話
1996,F,45,桃園市,2025-12-05,Google Ads
1997,F,41,新竹市,2024-04-20,Facebook Ads
1998,M,52,台北市,2024-03-04,Google Ads
1999,M,54,台北市,2025-09-29,Facebook Ads
2000,M,85,高雄市,2026-06-27,LINE
2001,M,50,高雄市,2024-01-13,Google Ads
2002,M,37,台北市,2026-07-22,Referral
2003,F,56,彰化縣,2024-08-26,LINE
2004,M,25,新北市,2025-10-24,官網
2005,M,51,新北市,2026-11-10,Facebook Ads
2006,F,52,高雄市,2025-11-24,官網
2007,M,62,彰化縣,2026-08-28,LINE
2008,F,65,桃園市,2026-08-21,電話
2009,M,45,台中市,2024-03-16,電話
2010,F,50,台北市,2024-11-24,官網
2011,M,42,新北市,2024-05-31,LINE
2012,M,37,台北市,2024-03-12,電話
2013,F,56,高雄市,2024-08-12,LINE
2014,M,35,台南市,2025-04-17,Google Ads
2015,F,47,桃園市,2024-12-25,Google Ads
2016,M,39,新竹市,2025-06-23,合作通路
2017,M,59,台中市,2026-03-21,Google Ads
2018,F,75,台南市,2025-08-31,電話
2019,M,35,桃園市,2026-12-05,Facebook Ads
2020,F,28,台北市,2024-01-01,LINE
2021,F,50,桃園市,2025-11-08,官網
2022,F,52,台中市,2024-10-17,Google Ads
2023,F,55,桃園市,2024-07-22,電話
2024,M,46,新北市,2025-07-19,官網
2025,M,49,台中市,2025-04-26,LINE
2026,M,57,高雄市,2025-05-25,官網
2027,F,66,高雄市,2026-07-12,Google Ads
2028,F,27,台中市,2024-10-04,LINE
2029,M,47,台中市,2026-10-01,Google Ads
2030,F,55,台北市,2024-01-16,Facebook Ads
2031,M,40,新北市,2024-12-21,Referral
2032,F,75,台南市,2024-12-21,官網
2033,F,44,彰化縣,2026-04-09,電話
2034,F,51,新北市,2025-08-21,官網
2035,F,59,桃園市,2026-07-16,Google Ads
2036,M,44,台北市,2026-12-26,官網
2037,M,28,桃園市,2026-05-08,電話
2038,M,46,台中市,2024-08-01,Google Ads
2039,M,65,台北市,2025-03-24,電話
2040,M,48,高雄市,2026-08-22,LINE
2041,F,41,台中市,2026-02-25,Google Ads
2042,F,64,桃園市,2025-05-13,LINE
2043,F,48,台南市,2025-12-10,Facebook Ads
2044,M,45,台北市,2025-01-14,Facebook Ads
2045,F,54,台北市,2026-01-09,電話
2046,F,62,台南市,2025-09-23,Referral
2047,M,83,桃園市,2026-11-13,電話
2048,F,63,台中市,2025-06-22,Referral
2049,F,67,台北市,2026-08-02,Referral
2050,M,45,高雄市,2026-01-22,Referral
2051,F,39,新北市,2025-06-18,Google Ads
2052,F,53,台中市,2025-11-03,LINE
2053,M,53,台北市,2026-11-30,Google Ads
2054,F,38,台南市,2025-07-21,LINE
2055,F,50,高雄市,2025-02-18,Referral
2056,F,57,新竹市,2025-03-24,Google Ads
2057,F,57,桃園市,2025-09-01,官網
2058,M,59,彰化縣,2025-10-19,官網
2059,F,56,台中市,2025-03-11,Google Ads
2060,F,45,桃園市,2025-12-05,Facebook Ads
2061,M,45,台中市,2024-08-26,LINE
2062,F,36,高雄市,2026-12-01,Google Ads
2063,F,75,新北市,2026-01-03,官網
2064,F,52,台北市,2026-03-10,LINE
2065,M,49,台南市,2024-01-10,LINE
2066,F,40,台南市,2026-01-16,Google Ads
2067,M,85,台中市,2024-05-18,LINE
2068,M,38,高雄市,2025-12-31,Google Ads
2069,M,46,台北市,2024-07-14,Referral
2070,M,57,台北市,2024-09-20,Facebook Ads
2071,F,60,台南市,2026-08-02,Referral
2072,F,64,台北市,2026-07-08,官網
2073,M,75,彰化縣,2024-06-09,電話
2074,F,59,台中市,2025-05-05,Facebook Ads
2075,F,38,高雄市,2026-02-08,Facebook Ads
2076,F,49,高雄市,2024-11-06,LINE
2077,M,56,台中市,2024-08-14,Google Ads
2078,F,79,台北市,2024-09-29,Referral
2079,F,34,台南市,2026-07-26,Facebook Ads
2080,F,68,桃園市,2024-11-12,合作通路
2081,M,54,台北市,2024-10-17,電話
2082,M,63,新北市,2025-12-29,Google Ads
2083,F,51,台中市,2025-01-09,官網
2084,F,41,台中市,2025-07-20,Facebook Ads
2085,F,62,新北市,2026-05-17,Facebook Ads
2086,F,61,台中市,2026-01-24,Facebook Ads
2087,M,65,台南市,2024-09-08,Referral
2088,F,52,高雄市,2024-11-02,LINE
2089,F,44,彰化縣,2025-11-05,官網
2090,M,32,高雄市,2026-05-17,Facebook Ads
2091,F,63,彰化縣,2024-09-20,LINE
2092,F,58,新北市,2024-03-08,Facebook Ads
2093,M,39,高雄市,2025-05-28,Facebook Ads
2094,F,45,新竹市,2026-02-07,Facebook Ads
2095,M,46,高雄市,2025-03-17,LINE
2096,F,33,台中市,2024-01-01,官網
2097,F,41,桃園市,2024-12-23,Facebook Ads
2098,F,37,彰化縣,2026-06-21,合作通路
2099,F,47,桃園市,2024-09-30,Google Ads
2100,M,42,新北市,2026-05-05,LINE
2101,F,31,高雄市,2026-10-14,Google Ads
2102,F,78,新竹市,2024-06-21,Google Ads
2103,M,68,台中市,2025-08-07,Referral
2104,F,42,高雄市,2026-07-17,電話
2105,F,56,台中市,2025-04-25,官網
2106,M,57,高雄市,2025-03-30,Referral
2107,F,67,高雄市,2024-07-14,電話
2108,F,41,台中市,2026-03-06,官網
2109,M,66,台中市,2025-08-21,Referral
2110,F,45,高雄市,2025-07-09,Facebook Ads
2111,M,35,台中市,2026-04-27,LINE
2112,M,61,台中市,2025-03-14,電話
2113,M,69,台南市,2025-10-11,Google Ads
2114,F,85,台北市,2024-12-24,Referral
2115,F,36,新北市,2026-11-25,Google Ads
2116,M,61,彰化縣,2026-11-23,Referral
2117,M,47,台中市,2025-10-19,Facebook Ads
2118,F,62,台北市,2024-01-16,Facebook Ads
2119,M,33,高雄市,2026-01-14,Google Ads
2120,F,36,桃園市,2025-02-24,Referral
2121,F,42,彰化縣,2025-07-06,Google Ads
2122,F,53,彰化縣,2026-02-05,官網
2123,F,44,桃園市,2026-03-03,官網
2124,M,61,台中市,2026-10-28,Facebook Ads
2125,F,65,台中市,2026-05-29,合作通路
2126,F,60,台北市,2026-05-01,Google Ads
2127,F,73,台中市,2025-05-24,官網
2128,M,57,高雄市,2026-08-23,LINE
2129,F,36,高雄市,2026-07-02,Facebook Ads
2130,M,70,台中市,2024-01-18,Google Ads
2131,M,44,台南市,2024-02-25,電話
2132,M,64,台中市,2026-07-07,Referral
2133,F,72,台北市,2026-11-24,Google Ads
2134,F,58,高雄市,2026-06-20,Google Ads
2135,F,33,台北市,2025-09-21,合作通路
2136,F,40,台北市,2026-03-04,Google Ads
2137,M,69,台中市,2024-12-12,LINE
2138,F,50,台北市,2026-11-21,LINE
2139,M,53,桃園市,2026-06-26,Facebook Ads
2140,F,62,彰化縣,2026-10-20,官網
2141,F,61,台北市,2025-07-29,合作通路
2142,F,56,台北市,2024-07-17,LINE
2143,F,49,高雄市,2024-10-27,電話
2144,M,48,彰化縣,2026-10-13,官網
2145,F,63,台中市,2024-01-26,LINE
2146,F,59,台北市,2025-03-25,Google Ads
2147,F,49,桃園市,2024-11-15,電話
2148,M,66,高雄市,2024-06-04,Facebook Ads
2149,F,50,台中市,2025-04-15,Facebook Ads
2150,F,41,高雄市,2025-02-23,合作通路
2151,M,42,台中市,2025-10-12,電話
2152,M,39,新北市,2026-06-04,合作通路
2153,F,48,新北市,2026-07-18,Facebook Ads
2154,F,68,台南市,2026-04-14,Referral
2155,M,42,新北市,2026-05-25,官網
2156,M,54,台中市,2026-07-30,合作通路
2157,M,43,台中市,2026-09-20,合作通路
2158,M,49,台南市,2025-07-25,合作通路
2159,F,32,台中市,2024-02-23,合作通路
2160,F,49,台北市,2025-08-27,Google Ads
2161,F,49,台中市,2024-11-20,電話
2162,F,59,桃園市,2026-08-27,Facebook Ads
2163,M,55,新北市,2026-06-03,官網
2164,F,36,台北市,2024-09-21,合作通路
2165,F,66,台北市,2025-01-16,Google Ads
2166,F,55,台南市,2024-11-28,官網
2167,F,55,新北市,2026-10-30,電話
2168,M,52,高雄市,2024-07-21,Facebook Ads
2169,F,45,台南市,2024-02-27,Facebook Ads
2170,M,55,彰化縣,2025-06-30,Google Ads
2171,F,58,台北市,2026-05-20,Google Ads
2172,M,29,彰化縣,2024-04-12,官網
2173,M,45,台中市,2026-05-14,LINE
2174,F,49,台北市,2025-02-01,Google Ads
2175,M,55,台南市,2025-01-26,合作通路
2176,F,68,台中市,2024-04-15,官網
2177,M,42,台中市,2026-12-13,LINE
2178,F,46,台北市,2024-04-20,Facebook Ads
2179,F,45,高雄市,2024-08-11,官網
2180,F,42,台北市,2024-03-15,Facebook Ads
2181,M,47,桃園市,2025-05-20,官網
2182,M,62,台南市,2026-11-03,官網
2183,M,38,高雄市,2026-02-08,Google Ads
2184,M,58,台中市,2025-04-26,Referral
2185,F,30,彰化縣,2024-12-29,LINE
2186,F,45,台中市,2024-08-26,Facebook Ads
2187,F,48,台中市,2026-04-25,合作通路
2188,F,74,台中市,2026-09-11,LINE
2189,F,48,新北市,2025-01-26,電話
2190,F,23,台中市,2026-11-06,官網
2191,M,26,台中市,2026-08-22,Google Ads
2192,F,52,台北市,2024-01-12,合作通路
2193,F,60,台中市,2024-05-25,LINE
2194,F,57,高雄市,2024-06-17,Facebook Ads
2195,M,54,桃園市,2026-04-26,Referral
2196,M,67,桃園市,2024-06-18,LINE
2197,F,45,台中市,2026-02-03,官網
2198,F,64,台中市,2025-05-13,Referral
2199,F,31,新竹市,2026-06-15,Facebook Ads
2200,M,40,台中市,2026-12-12,Google Ads
2201,F,29,台南市,2024-04-27,Google Ads
2202,M,48,台中市,2024-12-30,Referral
2203,M,51,彰化縣,2024-05-15,Google Ads
2204,M,53,台北市,2025-07-10,Facebook Ads
2205,F,53,台北市,2024-01-18,Facebook Ads
2206,F,40,高雄市,2025-02-06,Facebook Ads
2207,M,50,新北市,2024-07-23,官網
2208,F,33,台北市,2025-05-13,合作通路
2209,M,70,新北市,2024-11-19,Facebook Ads
2210,F,48,桃園市,2025-08-17,LINE
2211,F,46,台中市,2025-07-15,電話
2212,F,73,台中市,2025-04-23,LINE
2213,M,36,新北市,2024-06-12,Referral
2214,F,37,台中市,2024-11-19,LINE
2215,F,38,高雄市,2025-07-04,Facebook Ads
2216,M,51,台中市,2026-04-10,合作通路
2217,F,58,台北市,2025-10-01,LINE
2218,M,62,台中市,2025-09-25,Facebook Ads
2219,F,85,新北市,2026-01-28,Google Ads
2220,M,23,台中市,2024-07-26,合作通路
2221,F,60,台中市,2024-11-10,電話
2222,F,45,台中市,2024-10-30,LINE
2223,M,44,彰化縣,2026-06-19,電話
2224,M,44,台中市,2024-08-26,LINE
2225,M,40,高雄市,2026-03-14,Facebook Ads
2226,F,74,台中市,2024-10-01,電話
2227,M,63,台中市,2026-08-11,電話
2228,F,52,新北市,2026-12-25,LINE
2229,M,70,新北市,2024-09-11,Google Ads
2230,M,32,彰化縣,2024-05-04,Google Ads
2231,F,35,彰化縣,2025-09-06,電話
2232,M,24,桃園市,2025-01-19,電話
2233,F,43,高雄市,2025-03-22,官網
2234,F,54,新北市,2025-01-21,Referral
2235,F,53,台北市,2025-01-17,電話
2236,F,54,彰化縣,2024-05-03,Referral
2237,F,34,高雄市,2025-12-28,Google Ads
2238,M,62,新北市,2026-06-14,Facebook Ads
2239,M,55,台中市,2024-11-23,LINE
2240,M,62,台中市,2025-11-24,Facebook Ads
2241,F,27,彰化縣,2026-12-27,電話
2242,M,56,台北市,2024-12-24,Referral
2243,F,37,台北市,2026-09-29,LINE
2244,F,47,台中市,2026-03-07,合作通路
2245,F,59,台南市,2025-03-18,LINE
2246,F,53,台中市,2024-06-12,LINE
2247,M,41,台南市,2026-08-30,官網
2248,F,52,台中市,2024-12-26,Facebook Ads
2249,F,32,台南市,2025-08-07,Facebook Ads
2250,M,67,桃園市,2026-05-02,LINE
2251,M,49,台中市,2026-10-07,合作通路
2252,F,67,新北市,2026-10-20,官網
2253,F,45,台北市,2024-08-28,Facebook Ads
2254,F,45,台中市,2025-10-27,Google Ads
2255,F,42,台南市,2025-07-18,合作通路
2256,F,63,台北市,2026-04-11,LINE
2257,F,43,台北市,2026-09-02,合作通路
2258,M,60,台中市,2024-01-31,LINE
2259,M,47,台北市,2024-08-10,官網
2260,M,26,台南市,2024-09-22,電話
2261,F,45,台北市,2026-02-26,Facebook Ads
2262,F,37,彰化縣,2025-01-15,官網
2263,F,52,彰化縣,2025-07-09,LINE
2264,M,37,台中市,2024-03-02,官網
2265,F,64,台中市,2025-12-13,Referral
2266,F,51,台南市,2026-04-26,Google Ads
2267,F,50,台北市,2025-06-04,官網
2268,F,61,台中市,2026-12-30,Google Ads
2269,M,65,台中市,2025-08-24,Google Ads
2270,F,52,新北市,2024-05-19,官網
2271,M,42,桃園市,2025-08-12,Google Ads
2272,M,29,台中市,2025-06-11,官網
2273,F,43,台中市,2025-06-24,Facebook Ads
2274,F,44,彰化縣,2025-01-09,Facebook Ads
2275,F,53,桃園市,2024-10-17,Google Ads
2276,F,48,新北市,2024-02-12,Facebook Ads
2277,F,61,桃園市,2026-12-12,電話
2278,F,44,台北市,2024-01-08,官網
2279,F,51,桃園市,2025-04-27,合作通路
2280,M,67,台北市,2024-02-11,Google Ads
2281,M,56,台中市,2024-11-28,電話
2282,M,51,桃園市,2026-12-29,官網
2283,F,44,台北市,2026-11-05,Facebook Ads
2284,M,44,新竹市,2024-03-09,電話
2285,M,41,台北市,2024-02-22,電話
2286,M,45,彰化縣,2025-11-15,LINE
2287,F,62,彰化縣,2026-09-20,官網
2288,M,49,台中市,2025-06-10,LINE
2289,F,34,桃園市,2024-03-03,Facebook Ads
2290,M,75,台北市,2024-09-17,LINE
2291,F,56,彰化縣,2026-05-07,Referral
2292,M,34,新北市,2024-06-28,Facebook Ads
2293,M,46,桃園市,2026-11-05,LINE
2294,F,53,新北市,2024-12-20,官網
2295,M,74,台中市,2026-07-22,電話
2296,M,38,台中市,2025-12-27,電話
2297,M,65,台北市,2025-08-11,Google Ads
2298,M,70,桃園市,2025-08-27,官網
2299,M,44,高雄市,2024-06-29,LINE
2300,M,48,高雄市,2024-06-22,LINE
2301,F,39,台中市,2024-12-19,官網
2302,F,49,新北市,2024-12-19,電話
2303,F,52,台中市,2025-03-09,Referral
2304,M,61,桃園市,2026-06-23,官網
2305,F,66,新竹市,2024-10-08,官網
2306,M,42,台北市,2024-09-15,Facebook Ads
2307,M,26,台中市,2026-05-17,Google Ads
2308,F,52,台中市,2025-07-12,合作通路
2309,M,56,高雄市,2024-01-05,LINE
2310,M,55,高雄市,2025-08-18,官網
2311,F,48,桃園市,2025-01-28,電話
2312,F,54,台中市,2024-12-01,Google Ads
2313,F,72,桃園市,2024-03-03,Referral
2314,F,57,高雄市,2024-02-13,電話
2315,F,47,台北市,2024-06-01,電話
2316,M,45,新北市,2026-05-03,Google Ads
2317,M,50,台中市,2024-10-01,LINE
2318,M,73,新北市,2025-03-01,Google Ads
2319,M,50,台南市,2025-04-27,LINE
2320,M,52,台北市,2024-08-01,電話
2321,F,46,台南市,2024-03-19,Google Ads
2322,F,66,新北市,2024-05-18,官網
2323,F,77,台中市,2026-08-07,LINE
2324,M,58,新北市,2024-04-07,電話
2325,F,53,新北市,2025-10-25,LINE
2326,F,52,台北市,2024-07-16,Facebook Ads
2327,F,21,台中市,2026-02-23,Facebook Ads
2328,M,62,台北市,2024-06-04,Referral
2329,F,54,台中市,2026-12-09,LINE
2330,M,58,台中市,2025-04-23,LINE
2331,M,43,台北市,2024-08-15,Google Ads
2332,M,47,台北市,2025-06-05,Facebook Ads
2333,F,47,彰化縣,2024-05-28,Referral
2334,F,65,台北市,2026-12-17,電話
2335,M,47,桃園市,2024-06-10,Facebook Ads
2336,M,79,新北市,2026-05-12,LINE
2337,F,58,高雄市,2025-01-29,Google Ads
2338,M,35,台中市,2026-03-11,合作通路
2339,M,50,彰化縣,2024-07-04,官網
2340,M,44,新北市,2025-07-11,電話
2341,F,23,台南市,2025-03-21,電話
2342,M,73,台北市,2026-04-09,Referral
2343,M,61,台中市,2024-03-27,合作通路
2344,M,59,高雄市,2025-03-13,Google Ads
2345,F,54,台中市,2025-05-30,合作通路
2346,F,34,新北市,2026-08-04,Referral
2347,F,46,台中市,2026-01-25,Facebook Ads
2348,M,63,高雄市,2026-03-07,Referral
2349,F,38,新竹市,2025-11-16,電話
2350,M,19,新北市,2024-11-20,電話
2351,F,49,桃園市,2025-09-14,Facebook Ads
2352,F,50,新北市,2025-11-17,官網
2353,F,54,新北市,2025-02-03,Google Ads
2354,F,61,彰化縣,2026-05-17,Referral
2355,F,60,台南市,2024-08-04,合作通路
2356,M,55,桃園市,2026-03-19,官網
2357,F,68,台中市,2026-08-18,LINE
2358,M,32,新北市,2026-09-27,電話
2359,F,59,台中市,2026-07-20,Facebook Ads
2360,M,60,台北市,2024-08-27,官網
2361,M,36,新北市,2024-02-17,電話
2362,M,32,台南市,2026-05-24,Google Ads
2363,M,42,台南市,2024-05-11,Google Ads
2364,F,43,台北市,2025-09-16,電話
2365,F,62,台中市,2025-08-23,LINE
2366,M,44,台南市,2025-11-03,Referral
2367,M,41,台中市,2024-11-29,Facebook Ads
2368,F,44,高雄市,2024-02-05,Google Ads
2369,M,67,台中市,2026-02-16,官網
2370,F,52,台北市,2024-08-10,官網
2371,F,50,新竹市,2025-06-13,LINE
2372,F,51,台中市,2024-08-28,官網
2373,F,69,台北市,2024-05-13,LINE
2374,M,42,台北市,2025-01-25,官網
2375,F,69,彰化縣,2024-04-11,Google Ads
2376,M,55,台南市,2025-11-11,Facebook Ads
2377,M,50,台中市,2025-05-12,Google Ads
2378,F,85,台中市,2025-05-25,Google Ads
2379,M,38,高雄市,2025-12-03,Facebook Ads
2380,F,47,台北市,2026-09-20,Google Ads
2381,F,36,高雄市,2026-08-06,合作通路
2382,F,64,台中市,2026-04-20,Facebook Ads
2383,F,74,台中市,2024-01-06,Facebook Ads
2384,M,74,高雄市,2026-08-15,Referral
2385,M,68,台中市,2024-07-12,LINE
2386,F,49,台南市,2026-01-11,LINE
2387,M,47,台中市,2026-06-30,LINE
2388,F,30,台中市,2025-04-17,LINE
2389,F,78,新竹市,2024-08-03,Facebook Ads
2390,F,58,台北市,2026-05-25,Facebook Ads
2391,M,46,高雄市,2024-02-07,Referral
2392,M,69,台中市,2025-04-15,Google Ads
2393,M,39,高雄市,2025-03-27,Google Ads
2394,M,57,桃園市,2026-10-09,官網
2395,F,50,台北市,2024-04-12,Facebook Ads
2396,M,60,台南市,2024-02-11,LINE
2397,M,51,高雄市,2026-08-04,電話
2398,M,33,台北市,2024-03-06,Referral
2399,F,53,新北市,2026-07-31,電話
2400,F,66,新北市,2024-07-11,Facebook Ads
2401,M,52,台中市,2026-11-27,合作通路
2402,M,62,台北市,2025-05-16,Facebook Ads
2403,M,38,台北市,2025-10-25,Google Ads
2404,M,52,台北市,2024-12-17,LINE
2405,F,44,桃園市,2024-11-21,電話
2406,F,62,新北市,2026-11-27,Google Ads
2407,M,52,彰化縣,2024-04-17,官網
2408,M,61,台中市,2025-09-22,Referral
2409,F,66,台北市,2024-05-30,Facebook Ads
2410,F,61,桃園市,2026-12-16,官網
2411,F,56,新北市,2026-05-27,Facebook Ads
2412,M,39,新北市,2024-11-30,LINE
2413,F,52,台中市,2026-03-14,Facebook Ads
2414,M,45,台北市,2026-02-05,官網
2415,F,48,台中市,2024-09-15,Facebook Ads
2416,F,47,新竹市,2026-02-20,Referral
2417,M,39,台北市,2024-02-03,合作通路
2418,M,27,台南市,2024-11-21,合作通路
2419,M,43,高雄市,2026-04-16,Google Ads
2420,M,55,台北市,2025-11-21,Google Ads
2421,M,34,新北市,2026-01-08,LINE
2422,M,52,台南市,2026-01-13,電話
2423,F,77,台南市,2026-04-26,合作通路
2424,F,65,台中市,2024-04-26,電話
2425,M,73,台北市,2025-10-11,官網
2426,F,57,台北市,2025-02-06,Google Ads
2427,M,67,台中市,2026-09-23,電話
2428,F,43,新北市,2024-08-20,Google Ads
2429,M,44,台南市,2026-07-17,Google Ads
2430,F,18,台北市,2025-04-24,Referral
2431,F,67,桃園市,2026-09-02,官網
2432,F,72,高雄市,2024-01-09,Google Ads
2433,F,45,台北市,2025-12-15,Facebook Ads
2434,M,49,台中市,2025-01-13,Google Ads
2435,F,42,高雄市,2025-01-15,官網
2436,M,57,台南市,2026-04-23,Facebook Ads
2437,M,67,高雄市,2024-12-25,Referral
2438,M,29,台中市,2024-06-24,Facebook Ads
2439,F,57,台中市,2025-04-29,LINE
2440,M,48,台中市,2024-02-02,Google Ads
2441,F,53,新北市,2025-11-26,Facebook Ads
2442,F,58,桃園市,2024-06-05,官網
2443,F,50,台中市,2025-07-18,電話
2444,F,51,台南市,2024-07-20,Facebook Ads
2445,M,49,新北市,2026-07-11,LINE
2446,M,65,高雄市,2024-03-14,電話
2447,M,57,新竹市,2024-04-05,Facebook Ads
2448,M,55,台中市,2024-06-21,Google Ads
2449,M,35,彰化縣,2024-06-03,LINE
2450,M,47,台中市,2024-10-15,官網
2451,M,64,台北市,2024-09-14,Google Ads
2452,F,52,台南市,2024-06-22,Facebook Ads
2453,F,61,彰化縣,2024-11-25,官網
2454,M,75,新北市,2026-01-28,合作通路
2455,F,66,新北市,2026-10-16,LINE
2456,M,53,高雄市,2024-06-09,Google Ads
2457,M,45,台南市,2024-07-04,LINE
2458,F,19,台中市,2024-05-22,Facebook Ads
2459,F,50,桃園市,2026-06-25,Google Ads
2460,M,48,新北市,2025-10-01,官網
2461,F,57,新北市,2024-01-27,Referral
2462,F,50,台北市,2024-07-20,Referral
2463,F,48,新北市,2026-11-10,Google Ads
2464,F,29,彰化縣,2025-10-31,電話
2465,F,40,新北市,2026-10-28,Facebook Ads
2466,M,58,彰化縣,2025-04-16,Facebook Ads
2467,M,74,台中市,2024-09-15,Referral
2468,M,51,桃園市,2024-02-24,Referral
2469,F,56,桃園市,2026-06-29,Google Ads
2470,F,64,高雄市,2026-10-26,Google Ads
2471,M,41,高雄市,2025-07-07,Facebook Ads
2472,F,57,新北市,2026-12-09,官網
2473,F,42,台南市,2024-04-21,Referral
2474,F,63,台南市,2024-05-25,Google Ads
2475,F,54,台中市,2024-08-17,LINE
2476,F,56,台南市,2025-05-11,Facebook Ads
2477,M,42,台北市,2025-04-05,Google Ads
2478,F,61,台中市,2026-03-17,電話
2479,M,79,台南市,2024-08-13,電話
2480,F,39,台北市,2024-02-28,Facebook Ads
2481,M,48,桃園市,2025-03-03,Google Ads
2482,F,55,台中市,2025-12-28,Google Ads
2483,F,62,台中市,2026-07-20,LINE
2484,M,45,新北市,2025-05-12,Facebook Ads
2485,F,18,台中市,2026-03-26,LINE
2486,F,70,桃園市,2026-06-28,Facebook Ads
2487,F,62,台中市,2024-03-07,Google Ads
2488,F,29,台北市,2024-08-17,電話
2489,F,44,台中市,2026-09-09,Google Ads
2490,M,72,台中市,2024-11-28,電話
2491,M,71,桃園市,2024-10-03,官網
2492,M,64,台中市,2025-12-21,Referral
2493,F,50,高雄市,2024-05-23,Google Ads
2494,M,53,彰化縣,2025-11-21,電話
2495,F,50,高雄市,2024-02-26,Google Ads
2496,F,67,桃園市,2024-11-03,合作通路
2497,F,41,台中市,2024-06-22,官網
2498,F,42,台中市,2026-01-19,Facebook Ads
2499,F,65,台南市,2026-09-30,Facebook Ads
2500,M,51,高雄市,2025-11-08,Referral
2501,F,70,高雄市,2025-07-13,Referral
2502,F,43,高雄市,2024-12-14,Referral
2503,F,51,台北市,2026-12-26,電話
2504,F,40,台中市,2024-11-25,電話
2505,M,52,桃園市,2024-07-12,官網
2506,M,33,高雄市,2024-09-22,Google Ads
2507,F,46,新北市,2024-06-16,Google Ads
2508,M,33,台南市,2024-05-24,官網
2509,F,61,台北市,2024-07-04,LINE
2510,F,61,台中市,2026-06-04,官網
2511,M,30,台南市,2026-05-14,Facebook Ads
2512,F,69,桃園市,2026-02-12,官網
2513,M,84,新北市,2026-10-03,Facebook Ads
2514,F,53,台中市,2026-02-24,LINE
2515,F,44,台中市,2025-04-01,LINE
2516,F,85,高雄市,2024-12-10,Google Ads
2517,M,35,台北市,2026-01-04,Referral
2518,F,52,台南市,2025-07-07,LINE
2519,F,54,彰化縣,2026-10-17,Referral
2520,F,69,桃園市,2026-02-26,Facebook Ads
2521,F,57,台北市,2026-07-24,Google Ads
2522,M,46,桃園市,2025-12-05,Google Ads
2523,M,40,台北市,2024-09-03,Google Ads
2524,M,48,台中市,2026-03-22,Google Ads
2525,F,39,台中市,2026-11-12,Google Ads
2526,M,53,台北市,2026-08-10,Referral
2527,M,45,彰化縣,2026-03-25,Referral
2528,F,33,台中市,2024-05-23,合作通路
2529,M,68,台中市,2025-12-30,合作通路
2530,F,46,新竹市,2026-05-12,LINE
2531,F,36,台中市,2025-04-09,LINE
2532,F,50,桃園市,2025-01-09,Google Ads
2533,M,53,台北市,2025-11-07,Google Ads
2534,M,29,台中市,2025-11-22,電話
2535,F,56,彰化縣,2025-09-20,Referral
2536,F,38,台中市,2025-07-09,電話
2537,F,74,新北市,2026-05-12,Referral
2538,M,59,台中市,2024-03-14,Facebook Ads
2539,F,47,台中市,2025-03-13,LINE
2540,F,42,台中市,2026-05-30,LINE
2541,F,51,台中市,2024-08-13,合作通路
2542,F,60,台中市,2024-11-03,合作通路
2543,F,52,桃園市,2026-08-23,官網
2544,F,49,新北市,2024-12-13,Google Ads
2545,M,53,台北市,2025-04-20,Facebook Ads
2546,F,44,台北市,2025-06-08,Facebook Ads
2547,M,48,彰化縣,2025-06-07,Referral
2548,M,25,彰化縣,2025-07-15,Google Ads
2549,M,65,高雄市,2025-07-22,Google Ads
2550,M,56,台南市,2024-04-15,Facebook Ads
2551,M,42,台北市,2024-07-09,Referral
2552,M,77,台北市,2025-11-30,LINE
2553,F,53,高雄市,2026-04-10,官網
2554,F,39,高雄市,2024-03-12,Facebook Ads
2555,M,63,新北市,2026-01-24,Google Ads
2556,F,57,台北市,2025-04-01,Facebook Ads
2557,F,57,新竹市,2026-06-23,電話
2558,M,46,台南市,2025-04-23,Referral
2559,M,58,台北市,2024-02-21,LINE
2560,F,49,桃園市,2026-09-30,Facebook Ads
2561,F,59,台中市,2025-07-27,電話
2562,F,27,台中市,2026-06-11,官網
2563,M,46,台北市,2024-09-11,Google Ads
2564,M,74,台北市,2025-11-15,Facebook Ads
2565,M,42,台中市,2024-02-26,官網
2566,M,44,桃園市,2026-08-07,官網
2567,M,46,台北市,2026-12-26,合作通路
2568,M,36,新北市,2026-12-05,Referral
2569,F,23,台中市,2025-08-28,Google Ads
2570,F,49,台中市,2025-01-03,電話
2571,M,54,台南市,2024-08-19,Facebook Ads
2572,F,51,高雄市,2026-06-26,官網
2573,M,50,彰化縣,2026-11-12,官網
2574,F,53,新竹市,2025-07-27,LINE
2575,M,65,台北市,2026-04-20,Referral
2576,F,50,台中市,2024-04-27,官網
2577,F,45,台南市,2026-12-14,Referral
2578,F,48,新竹市,2024-09-24,Facebook Ads
2579,M,60,高雄市,2024-04-22,Facebook Ads
2580,F,70,桃園市,2024-06-14,官網
2581,M,44,桃園市,2025-10-29,合作通路
2582,F,53,台北市,2026-10-28,Facebook Ads
2583,F,56,新北市,2025-12-14,Google Ads
2584,M,39,台南市,2025-03-06,LINE
2585,F,52,高雄市,2026-06-11,LINE
2586,F,33,台中市,2026-12-09,電話
2587,M,29,台北市,2024-04-16,電話
2588,F,57,台中市,2026-10-29,合作通路
2589,M,47,台中市,2026-01-14,電話
2590,F,55,彰化縣,2025-11-30,Facebook Ads
2591,F,52,台中市,2024-11-18,官網
2592,F,39,台中市,2024-11-04,官網
2593,F,51,台北市,2026-04-29,合作通路
2594,F,36,高雄市,2025-09-13,Google Ads
2595,M,70,新北市,2026-09-21,Google Ads
2596,F,34,台中市,2024-05-24,Google Ads
2597,M,49,台中市,2026-01-09,官網
2598,F,38,台中市,2026-03-31,Google Ads
2599,M,59,新北市,2025-02-15,官網
2600,M,48,台中市,2024-04-23,電話
2601,F,45,彰化縣,2025-07-28,LINE
2602,M,63,新北市,2025-02-02,官網
2603,F,52,台中市,2024-05-03,Referral
2604,M,59,桃園市,2024-03-26,官網
2605,M,39,台北市,2024-02-16,Google Ads
2606,F,34,高雄市,2026-08-01,Facebook Ads
2607,M,53,台中市,2026-03-14,LINE
2608,M,48,新北市,2025-01-23,Google Ads
2609,F,60,桃園市,2025-07-29,官網
2610,M,51,彰化縣,2025-09-23,合作通路
2611,F,55,台中市,2025-12-14,官網
2612,M,31,台北市,2026-12-05,Facebook Ads
2613,M,77,新北市,2025-09-13,Facebook Ads
2614,F,50,彰化縣,2024-02-15,合作通路
2615,M,61,彰化縣,2025-12-24,Referral
2616,M,41,台中市,2025-06-23,LINE
2617,M,56,台中市,2024-03-27,Facebook Ads
2618,M,35,新北市,2026-03-13,電話
2619,F,58,台中市,2024-09-21,Facebook Ads
2620,M,47,台北市,2026-11-11,Google Ads
2621,F,52,台中市,2025-12-03,Facebook Ads
2622,F,61,高雄市,2024-08-19,LINE
2623,M,36,彰化縣,2024-07-04,Facebook Ads
2624,F,43,新竹市,2024-11-21,Google Ads
2625,M,58,台北市,2025-01-31,Google Ads
2626,F,79,新北市,2026-12-24,官網
2627,M,50,台南市,2026-08-13,官網
2628,F,60,台中市,2025-07-08,Google Ads
2629,F,51,高雄市,2026-01-02,合作通路
2630,M,77,台北市,2026-11-06,LINE
2631,F,29,台中市,2026-03-07,Google Ads
2632,F,53,台北市,2025-01-25,Google Ads
2633,M,31,台中市,2024-02-13,官網
2634,M,19,高雄市,2026-06-19,Google Ads
2635,F,56,台中市,2025-04-26,Google Ads
2636,F,54,台北市,2025-07-19,官網
2637,F,48,台中市,2024-08-07,LINE
2638,F,51,台南市,2026-02-10,電話
2639,F,85,新北市,2025-02-12,電話
2640,F,49,新北市,2025-04-15,合作通路
2641,M,59,新北市,2026-12-20,Google Ads
2642,M,44,台北市,2024-06-14,Google Ads
2643,F,56,台中市,2025-11-02,合作通路
2644,F,49,桃園市,2024-04-20,官網
2645,M,47,台中市,2025-07-02,電話
2646,M,76,台中市,2026-10-23,Google Ads
2647,F,67,高雄市,2026-11-02,Google Ads
2648,F,54,台中市,2024-12-09,Google Ads
2649,M,22,台北市,2024-11-27,LINE
2650,F,47,新北市,2024-09-20,Google Ads
2651,M,85,台北市,2024-03-23,LINE
2652,M,49,高雄市,2026-02-15,官網
2653,M,66,高雄市,2026-07-12,Google Ads
2654,M,71,高雄市,2024-11-29,Google Ads
2655,F,55,高雄市,2025-10-19,Facebook Ads
2656,M,41,台中市,2025-03-29,Google Ads
2657,F,20,台北市,2025-11-03,Google Ads
2658,F,61,台北市,2026-01-10,Facebook Ads
2659,M,41,台北市,2024-11-28,LINE
2660,F,54,新竹市,2024-11-05,電話
2661,F,36,桃園市,2025-12-27,Google Ads
2662,F,49,台中市,2024-12-19,電話
2663,M,52,台中市,2026-04-03,Referral
2664,F,55,台中市,2024-05-24,官網
2665,F,38,台中市,2026-10-30,Google Ads
2666,M,68,台中市,2026-12-03,LINE
2667,M,44,新北市,2026-06-28,官網
2668,F,30,台南市,2026-01-30,合作通路
2669,F,51,桃園市,2025-05-09,合作通路
2670,M,52,台中市,2025-10-03,Facebook Ads
2671,F,54,台北市,2025-06-14,官網
2672,M,70,新北市,2025-05-27,Referral
2673,F,49,桃園市,2024-05-09,Referral
2674,M,50,台南市,2026-10-04,LINE
2675,F,38,彰化縣,2026-01-03,Facebook Ads
2676,M,63,新北市,2026-08-04,Google Ads
2677,M,54,高雄市,2026-09-28,LINE
2678,M,47,台中市,2025-04-08,電話
2679,M,27,新北市,2024-05-20,合作通路
2680,F,71,台中市,2026-05-31,Referral
2681,M,36,台北市,2025-03-31,Google Ads
2682,F,44,高雄市,2025-03-09,電話
2683,M,57,台中市,2024-06-21,Facebook Ads
2684,M,36,台中市,2025-04-17,官網
2685,M,33,台中市,2026-10-16,官網
2686,M,24,台中市,2026-07-05,Facebook Ads
2687,M,61,台中市,2025-03-14,Facebook Ads
2688,M,45,台中市,2026-10-12,Google Ads
2689,F,85,台中市,2026-12-16,Google Ads
2690,M,39,台中市,2025-05-12,Referral
2691,F,40,新竹市,2024-06-17,Google Ads
2692,F,45,台北市,2026-09-15,Google Ads
2693,M,55,台中市,2025-07-14,Facebook Ads
2694,F,46,新北市,2025-03-03,Referral
2695,F,60,台南市,2025-02-22,Facebook Ads
2696,F,39,高雄市,2025-03-30,Google Ads
2697,F,34,台中市,2025-12-14,電話
2698,M,29,新北市,2024-07-20,Facebook Ads
2699,F,23,高雄市,2024-06-27,Facebook Ads
2700,F,45,桃園市,2024-02-26,電話
2701,F,48,高雄市,2026-08-03,Facebook Ads
2702,F,44,台南市,2025-05-15,Referral
2703,M,68,台南市,2026-01-08,官網
2704,M,68,新北市,2024-04-21,LINE
2705,F,48,台北市,2025-12-15,Facebook Ads
2706,F,29,高雄市,2026-05-26,Referral
2707,M,45,桃園市,2026-12-15,官網
2708,M,44,台中市,2026-03-23,Google Ads
2709,M,43,新竹市,2026-08-21,Google Ads
2710,M,43,台中市,2026-12-13,LINE
2711,F,44,新北市,2024-02-06,電話
2712,F,47,台南市,2026-10-09,合作通路
2713,M,44,台中市,2026-05-12,官網
2714,M,55,新北市,2026-01-01,LINE
2715,M,57,台中市,2026-03-20,Facebook Ads
2716,M,40,台北市,2026-10-21,官網
2717,F,69,台中市,2024-01-23,合作通路
2718,F,39,台北市,2026-03-06,LINE
2719,F,31,台北市,2025-05-10,Google Ads
2720,M,57,新竹市,2026-06-18,Google Ads
2721,F,41,新竹市,2025-02-28,Facebook Ads
2722,F,56,台中市,2025-11-30,官網
2723,F,21,桃園市,2024-01-18,合作通路
2724,F,70,台中市,2025-09-18,Facebook Ads
2725,M,61,台中市,2026-11-28,Facebook Ads
2726,M,32,台中市,2024-07-29,LINE
2727,M,33,新竹市,2025-07-18,Referral
2728,M,74,彰化縣,2026-08-29,LINE
2729,M,42,台中市,2024-05-12,Facebook Ads
2730,F,41,台中市,2025-03-24,Google Ads
2731,F,23,台中市,2024-09-20,LINE
2732,F,47,新北市,2024-04-20,電話
2733,M,49,新北市,2026-04-29,Facebook Ads
2734,F,61,台中市,2026-06-19,LINE
2735,F,34,桃園市,2026-01-28,官網
2736,F,32,台北市,2026-05-10,LINE
2737,F,58,彰化縣,2026-06-15,Google Ads
2738,F,65,高雄市,2026-05-11,Referral
2739,F,32,台北市,2024-07-11,官網
2740,M,66,桃園市,2025-05-29,電話
2741,M,52,桃園市,2026-02-28,官網
2742,M,66,台中市,2026-08-25,合作通路
2743,M,51,台北市,2024-03-24,LINE
2744,M,19,彰化縣,2026-03-08,LINE
2745,F,50,台中市,2024-03-20,Facebook Ads
2746,F,66,台中市,2025-06-05,Facebook Ads
2747,F,40,新北市,2024-08-21,Facebook Ads
2748,M,47,桃園市,2024-08-31,合作通路
2749,F,50,桃園市,2026-04-28,Referral
2750,F,18,彰化縣,2025-01-27,Facebook Ads
2751,M,74,新北市,2024-01-09,Facebook Ads
2752,F,40,台中市,2025-09-04,Google Ads
2753,M,59,新北市,2026-03-17,Referral
2754,M,51,桃園市,2025-12-15,Facebook Ads
2755,F,68,台中市,2024-04-19,官網
2756,M,57,台中市,2026-04-13,Referral
2757,F,49,台中市,2024-09-22,LINE
2758,F,40,新北市,2026-09-02,電話
2759,F,62,台南市,2026-08-12,LINE
2760,M,28,高雄市,2026-06-25,官網
2761,M,60,新竹市,2025-11-02,LINE
2762,M,38,台中市,2024-06-24,Facebook Ads
2763,F,68,彰化縣,2025-06-08,合作通路
2764,M,54,桃園市,2026-12-26,官網
2765,M,60,台北市,2026-08-09,Facebook Ads
2766,F,53,新竹市,2026-11-24,Facebook Ads
2767,F,29,台中市,2025-05-19,Google Ads
2768,M,41,台南市,2026-04-28,官網
2769,F,61,台南市,2026-08-20,Facebook Ads
2770,F,54,桃園市,2025-04-16,電話
2771,M,67,新北市,2025-06-06,Facebook Ads
2772,M,57,台中市,2026-05-29,Facebook Ads
2773,F,39,新北市,2024-09-30,電話
2774,F,42,台北市,2024-02-23,LINE
2775,F,53,桃園市,2026-12-14,Referral
2776,M,22,桃園市,2026-06-06,官網
2777,M,74,彰化縣,2026-01-14,Facebook Ads
2778,M,58,台中市,2024-10-03,官網
2779,M,68,桃園市,2026-06-01,Google Ads
2780,M,31,彰化縣,2025-09-23,Facebook Ads
2781,M,68,桃園市,2025-07-23,Google Ads
2782,F,81,台中市,2024-06-24,官網
2783,F,35,台中市,2025-07-19,Google Ads
2784,F,62,台中市,2026-02-09,Facebook Ads
2785,F,52,高雄市,2024-09-18,Facebook Ads
2786,M,32,高雄市,2025-06-14,Google Ads
2787,F,58,新竹市,2026-06-09,Google Ads
2788,M,63,台北市,2026-08-05,Facebook Ads
2789,F,44,台北市,2025-08-07,Facebook Ads
2790,F,67,高雄市,2026-03-25,Google Ads
2791,F,30,台南市,2024-10-28,Google Ads
2792,F,33,彰化縣,2025-09-19,Referral
2793,F,54,桃園市,2025-07-26,官網
2794,M,52,台北市,2025-06-12,LINE
2795,M,43,高雄市,2024-02-03,Referral
2796,F,63,台南市,2025-06-15,Google Ads
2797,M,59,新北市,2025-01-05,Facebook Ads
2798,F,63,台中市,2025-02-12,電話
2799,F,50,台中市,2025-09-08,官網
2800,M,60,台中市,2024-03-11,合作通路
2801,F,46,高雄市,2024-03-24,合作通路
2802,F,79,台中市,2024-07-27,Google Ads
2803,F,41,台中市,2024-09-15,合作通路
2804,F,79,台中市,2026-07-20,合作通路
2805,F,52,新北市,2024-10-08,Facebook Ads
2806,F,34,台北市,2025-01-28,合作通路
2807,F,70,高雄市,2025-02-21,Google Ads
2808,M,54,台中市,2026-05-08,官網
2809,F,63,台中市,2025-09-17,Facebook Ads
2810,F,68,新北市,2025-07-15,Google Ads
2811,M,56,台北市,2026-04-11,官網
2812,F,44,台中市,2026-07-29,Facebook Ads
2813,F,65,台中市,2024-03-02,官網
2814,M,52,台南市,2026-01-03,LINE
2815,F,61,高雄市,2026-02-20,Facebook Ads
2816,F,24,台中市,2025-06-22,Google Ads
2817,F,58,台中市,2025-08-19,官網
2818,M,44,新竹市,2024-01-09,電話
2819,M,73,高雄市,2024-10-02,官網
2820,M,60,台北市,2024-08-14,官網
2821,F,55,高雄市,2024-07-04,LINE
2822,M,58,桃園市,2025-08-13,Facebook Ads
2823,F,39,桃園市,2025-03-08,LINE
2824,M,73,新北市,2025-07-22,合作通路
2825,M,78,台北市,2025-10-17,電話
2826,F,57,台中市,2024-12-21,LINE
2827,F,73,彰化縣,2026-04-22,LINE
2828,M,45,高雄市,2025-01-26,LINE
2829,M,42,台中市,2025-08-01,官網
2830,M,53,彰化縣,2025-02-23,LINE
2831,F,58,彰化縣,2024-06-12,官網
2832,F,47,新竹市,2026-02-17,Facebook Ads
2833,M,59,台南市,2025-09-29,LINE
2834,M,56,新竹市,2024-01-17,Referral
2835,M,39,台中市,2025-03-21,Facebook Ads
2836,F,59,台南市,2024-06-18,合作通路
2837,F,63,台南市,2024-12-05,Google Ads
2838,M,54,台中市,2025-12-26,Facebook Ads
2839,F,67,台中市,2026-10-31,LINE
2840,M,36,新竹市,2024-05-12,電話
2841,M,58,台中市,2026-06-19,電話
2842,F,37,台南市,2025-10-01,Google Ads
2843,F,38,台中市,2026-04-02,Facebook Ads
2844,F,44,台中市,2026-08-11,官網
2845,F,40,新北市,2024-03-19,Facebook Ads
2846,M,45,台中市,2024-12-11,LINE
2847,F,49,高雄市,2025-08-31,LINE
2848,M,63,新北市,2025-09-30,官網
2849,F,48,台中市,2026-11-13,Facebook Ads
2850,M,31,台中市,2024-05-10,Google Ads
2851,F,67,台北市,2024-12-21,Facebook Ads
2852,M,41,台中市,2026-08-01,Google Ads
2853,M,51,桃園市,2024-05-29,LINE
2854,F,58,台北市,2024-02-19,Referral
2855,M,55,台中市,2025-04-08,Google Ads
2856,F,66,新北市,2025-03-30,Google Ads
2857,M,58,台中市,2024-11-30,Google Ads
2858,M,41,台中市,2025-10-29,Referral
2859,M,80,台中市,2024-11-22,Google Ads
2860,M,55,台南市,2026-10-12,合作通路
2861,F,50,彰化縣,2024-12-01,Facebook Ads
2862,M,65,台南市,2025-10-27,Facebook Ads
2863,F,55,台北市,2026-09-21,Google Ads
2864,F,57,台中市,2024-03-21,官網
2865,M,84,新北市,2024-03-27,官網
2866,F,48,桃園市,2024-09-14,LINE
2867,F,48,新竹市,2026-09-17,Facebook Ads
2868,F,54,台中市,2024-07-03,Facebook Ads
2869,M,66,台中市,2025-11-28,Facebook Ads
2870,M,32,高雄市,2024-05-02,LINE
2871,F,26,台南市,2025-08-27,Facebook Ads
2872,F,44,台南市,2025-05-29,官網
2873,F,31,高雄市,2026-06-22,Facebook Ads
2874,M,46,彰化縣,2024-10-31,Facebook Ads
2875,F,59,新北市,2025-10-18,LINE
2876,F,40,彰化縣,2024-09-18,Google Ads
2877,F,33,新竹市,2025-05-05,LINE
2878,M,53,台南市,2026-01-07,Facebook Ads
2879,F,63,台北市,2026-11-20,Google Ads
2880,M,30,台中市,2025-12-02,Referral
2881,M,63,新北市,2026-06-05,Facebook Ads
2882,F,63,新北市,2024-01-12,LINE
2883,M,64,台南市,2024-03-31,電話
2884,M,68,台中市,2025-08-22,Google Ads
2885,M,81,台中市,2024-10-27,Referral
2886,F,47,桃園市,2024-03-20,Facebook Ads
2887,F,53,台中市,2026-04-15,官網
2888,M,47,台北市,2025-10-13,官網
2889,F,52,台北市,2025-03-08,Referral
2890,F,72,高雄市,2025-02-20,官網
2891,M,35,台中市,2024-01-18,LINE
2892,F,41,台南市,2026-12-13,官網
2893,F,70,台北市,2026-01-15,Google Ads
2894,F,65,彰化縣,2024-08-27,官網
2895,M,47,新北市,2026-04-25,Google Ads
2896,F,63,台中市,2025-02-21,LINE
2897,F,56,台中市,2026-05-05,官網
2898,M,72,台中市,2025-08-21,Referral
2899,M,53,新北市,2025-02-23,LINE
2900,M,65,台中市,2024-08-03,電話
2901,M,85,台北市,2025-12-09,Google Ads
2902,F,60,新北市,2025-07-04,Google Ads
2903,M,53,台中市,2026-08-23,LINE
2904,M,61,台中市,2026-04-12,官網
2905,F,47,桃園市,2025-11-10,官網
2906,M,83,彰化縣,2025-05-01,電話
2907,F,54,台中市,2025-09-14,Facebook Ads
2908,M,48,台中市,2024-08-06,官網
2909,M,41,新竹市,2025-12-21,Google Ads
2910,M,66,台中市,2025-01-15,Google Ads
2911,M,63,新竹市,2024-03-27,Google Ads
2912,M,46,台中市,2026-03-25,電話
2913,F,59,台南市,2025-02-14,LINE
2914,F,32,台北市,2025-11-21,Facebook Ads
2915,M,54,彰化縣,2026-10-09,LINE
2916,F,58,台北市,2025-06-08,Facebook Ads
2917,F,74,高雄市,2025-03-22,Referral
2918,F,42,台中市,2024-10-26,LINE
2919,M,35,台中市,2025-02-11,Google Ads
2920,M,40,桃園市,2025-01-09,合作通路
2921,M,35,新北市,2024-08-20,Google Ads
2922,F,69,彰化縣,2025-09-29,官網
2923,F,72,台北市,2025-10-11,LINE
2924,M,56,台南市,2026-08-18,Facebook Ads
2925,M,68,台北市,2026-12-08,官網
2926,F,54,新竹市,2024-07-04,Google Ads
2927,F,51,彰化縣,2024-03-18,Referral
2928,F,48,台北市,2024-07-12,Facebook Ads
2929,F,48,台南市,2024-10-13,Facebook Ads
2930,M,32,台南市,2024-09-06,官網
2931,F,55,台中市,2025-06-19,Google Ads
2932,F,51,高雄市,2024-10-26,LINE
2933,M,62,台中市,2026-03-19,Referral
2934,F,53,台南市,2025-04-02,官網
2935,F,50,台中市,2025-11-21,Facebook Ads
2936,M,41,台中市,2025-12-18,官網
2937,F,53,台北市,2024-02-09,合作通路
2938,F,62,新北市,2024-04-17,Google Ads
2939,F,37,台南市,2024-09-17,LINE
2940,M,53,新竹市,2025-06-09,Facebook Ads
2941,M,55,台北市,2025-12-10,Referral
2942,F,43,台中市,2024-05-05,電話
2943,M,44,桃園市,2026-12-21,電話
2944,F,55,新北市,2024-02-23,合作通路
2945,F,37,台北市,2024-12-11,Facebook Ads
2946,M,57,台北市,2024-05-15,Google Ads
2947,F,40,新北市,2024-11-25,Facebook Ads
2948,F,66,台北市,2024-05-15,Facebook Ads
2949,M,82,桃園市,2026-03-23,官網
2950,F,41,新北市,2026-05-01,電話
2951,F,59,台南市,2026-05-20,Facebook Ads
2952,F,43,新北市,2026-06-10,LINE
2953,F,66,台中市,2025-09-26,電話
2954,F,36,台南市,2025-10-30,Facebook Ads
2955,F,58,新北市,2026-11-06,Google Ads
2956,F,41,台中市,2024-09-25,官網
2957,F,49,高雄市,2026-05-10,LINE
2958,F,39,台北市,2025-04-26,合作通路
2959,M,63,台南市,2024-10-11,Facebook Ads
2960,F,41,新北市,2026-11-26,電話
2961,M,59,桃園市,2024-04-12,官網
2962,M,48,台中市,2026-03-02,Google Ads
2963,M,51,台北市,2024-08-26,Google Ads
2964,F,54,新竹市,2026-01-10,Google Ads
2965,F,42,桃園市,2025-10-06,Google Ads
2966,F,55,台中市,2026-05-31,Facebook Ads
2967,F,72,台中市,2025-08-29,官網
2968,F,42,台北市,2024-07-06,官網
2969,F,67,高雄市,2026-06-06,官網
2970,F,71,桃園市,2026-09-13,Google Ads
2971,M,41,桃園市,2026-07-12,官網
2972,M,33,新北市,2026-03-04,LINE
2973,F,56,桃園市,2025-06-13,Referral
2974,F,45,台北市,2025-11-06,Referral
2975,M,76,台中市,2025-01-26,電話
2976,M,52,新北市,2025-11-02,官網
2977,F,42,彰化縣,2026-05-10,Google Ads
2978,M,37,桃園市,2025-04-10,Google Ads
2979,F,66,新北市,2026-04-18,Referral
2980,F,45,高雄市,2026-09-14,LINE
2981,M,53,彰化縣,2026-12-09,LINE
2982,M,64,台北市,2024-01-04,Referral
2983,F,46,台北市,2026-05-01,官網
2984,F,51,新竹市,2025-06-18,Google Ads
2985,F,52,台南市,2026-06-21,Google Ads
2986,F,61,台北市,2026-12-20,Google Ads
2987,M,60,新北市,2025-10-07,電話
2988,F,49,台北市,2024-01-24,LINE
2989,F,53,台中市,2025-07-10,合作通路
2990,F,47,彰化縣,2025-11-21,電話
2991,M,33,台北市,2024-12-21,Google Ads
2992,F,55,台南市,2026-05-19,Google Ads
2993,F,77,台中市,2026-07-29,LINE
2994,M,41,新北市,2025-07-28,Referral
2995,M,42,台中市,2024-01-29,Facebook Ads
2996,F,41,桃園市,2024-12-22,電話
2997,M,61,新北市,2024-12-30,Facebook Ads
2998,M,58,高雄市,2025-08-30,Facebook Ads
2999,M,50,台中市,2025-02-12,Referral
3000,F,40,台中市,2025-07-20,Google Ads
3001,F,53,台中市,2024-08-06,官網
3002,F,32,台中市,2024-06-21,Google Ads
3003,M,54,高雄市,2025-08-30,電話
3004,F,63,新北市,2026-11-01,電話
3005,F,36,高雄市,2026-05-07,Referral
3006,F,32,新北市,2025-10-18,Google Ads
3007,F,73,台中市,2026-08-26,Google Ads
3008,M,44,台中市,2025-03-16,LINE
3009,F,67,台中市,2025-09-08,Facebook Ads
3010,M,50,台南市,2024-08-13,官網
3011,F,50,高雄市,2025-01-05,LINE
3012,M,58,台中市,2024-01-28,Google Ads
3013,M,41,台中市,2026-10-04,電話
3014,M,54,台南市,2026-09-21,電話
3015,F,47,桃園市,2024-01-16,合作通路
3016,M,35,高雄市,2024-11-28,Facebook Ads
3017,F,56,台北市,2025-04-27,Facebook Ads
3018,M,49,台中市,2025-07-19,Google Ads
3019,M,50,新竹市,2024-04-23,Google Ads
3020,F,36,桃園市,2024-02-07,Facebook Ads
3021,M,73,台北市,2025-03-29,合作通路
3022,M,63,台南市,2026-01-11,Google Ads
3023,F,65,桃園市,2024-06-14,Facebook Ads
3024,M,48,台中市,2025-11-24,Google Ads
3025,M,30,台北市,2024-07-23,Facebook Ads
3026,M,77,台中市,2026-05-27,Google Ads
3027,F,51,台中市,2024-09-01,LINE
3028,F,42,桃園市,2026-07-31,LINE
3029,F,57,台中市,2026-03-31,Google Ads
3030,F,67,台南市,2025-05-21,Google Ads
3031,M,52,新竹市,2026-07-12,官網
3032,M,69,台中市,2025-02-13,Facebook Ads
3033,F,66,新北市,2024-11-05,Google Ads
3034,M,38,桃園市,2024-03-08,Referral
3035,M,43,桃園市,2024-04-23,LINE
3036,M,64,桃園市,2024-08-07,官網
3037,M,18,台北市,2024-08-07,Referral
3038,F,50,新北市,2025-12-30,LINE
3039,M,33,新北市,2026-01-18,電話
3040,F,46,新竹市,2026-07-31,Referral
3041,M,48,台北市,2025-01-20,Google Ads
3042,F,47,彰化縣,2026-07-18,Referral
3043,M,45,台中市,2025-02-08,Google Ads
3044,M,38,新竹市,2025-05-06,Facebook Ads
3045,F,82,高雄市,2024-12-22,電話
3046,F,76,新北市,2024-08-02,Referral
3047,M,37,高雄市,2026-01-21,官網
3048,M,73,台中市,2026-04-06,Google Ads
3049,M,47,台中市,2025-06-11,LINE
3050,M,54,台中市,2026-07-04,官網
3051,M,51,台中市,2025-10-27,Facebook Ads
3052,F,43,台北市,2025-12-10,合作通路
3053,M,65,桃園市,2025-06-18,Facebook Ads
3054,M,54,高雄市,2025-07-07,Google Ads
3055,F,46,台中市,2024-11-23,Google Ads
3056,F,35,台南市,2026-06-20,Facebook Ads
3057,F,40,高雄市,2024-05-29,官網
3058,M,31,新竹市,2026-11-21,Facebook Ads
3059,M,52,高雄市,2025-10-18,電話
3060,F,36,台中市,2026-03-16,Google Ads
3061,M,49,新北市,2024-10-19,LINE
3062,M,70,高雄市,2026-07-07,官網
3063,F,68,台中市,2025-11-19,Google Ads
3064,F,52,台中市,2026-08-14,官網
3065,F,51,台中市,2026-12-20,電話
3066,M,76,台中市,2025-02-19,官網
3067,M,59,台北市,2025-08-20,LINE
3068,F,48,新北市,2024-01-07,Referral
3069,M,33,台中市,2026-07-06,合作通路
3070,F,57,高雄市,2024-03-25,Google Ads
3071,F,63,新北市,2026-02-12,官網
3072,F,44,台中市,2026-08-14,Google Ads
3073,M,56,台中市,2026-12-06,Google Ads
3074,M,47,台中市,2025-08-28,Facebook Ads
3075,F,50,台北市,2025-03-01,合作通路
3076,F,20,台中市,2025-03-01,LINE
3077,F,49,台北市,2026-01-05,Facebook Ads
3078,M,65,高雄市,2026-03-01,Google Ads
3079,M,44,新北市,2025-05-29,Referral
3080,F,53,台中市,2026-01-10,Facebook Ads
3081,F,42,台北市,2024-05-10,Facebook Ads
3082,F,57,高雄市,2024-11-18,Referral
3083,M,49,台南市,2026-04-02,官網
3084,F,40,桃園市,2025-06-26,Google Ads
3085,F,69,新北市,2024-03-06,LINE
3086,F,64,台北市,2025-12-18,Referral
3087,M,44,台北市,2024-01-31,Referral
3088,M,58,台南市,2026-06-03,Google Ads
3089,F,59,台中市,2024-07-09,Facebook Ads
3090,M,60,新竹市,2025-02-18,Google Ads
3091,F,30,高雄市,2026-01-16,LINE
3092,F,65,高雄市,2026-12-05,電話
3093,M,45,台中市,2025-01-09,Facebook Ads
3094,F,47,高雄市,2025-07-11,電話
3095,M,85,新北市,2025-07-31,官網
3096,F,56,台中市,2024-02-01,電話
3097,F,47,台中市,2024-02-27,合作通路
3098,M,23,台南市,2024-11-07,LINE
3099,M,70,新北市,2026-12-26,Facebook Ads
3100,M,35,台北市,2025-11-20,官網
3101,M,39,台中市,2024-08-22,電話
3102,F,48,高雄市,2025-10-04,Google Ads
3103,F,70,高雄市,2026-12-13,Referral
3104,M,62,高雄市,2026-03-12,Google Ads
3105,M,50,新北市,2024-08-26,Google Ads
3106,M,56,台北市,2024-04-21,Google Ads
3107,F,44,新北市,2025-04-20,合作通路
3108,M,54,台中市,2024-10-30,LINE
3109,F,53,彰化縣,2024-10-16,Google Ads
3110,F,65,新北市,2024-07-26,合作通路
3111,F,65,台北市,2026-05-17,電話
3112,M,58,台北市,2025-08-04,Referral
3113,F,47,桃園市,2025-01-04,Google Ads
3114,M,62,台中市,2024-08-07,Google Ads
3115,M,51,台中市,2026-03-12,LINE
3116,F,38,高雄市,2026-03-29,電話
3117,F,47,台北市,2024-12-14,官網
3118,M,53,桃園市,2024-09-11,官網
3119,M,64,台中市,2025-03-27,電話
3120,M,50,桃園市,2024-05-21,Facebook Ads
3121,M,36,台中市,2026-12-28,官網
3122,M,53,台中市,2024-03-29,Facebook Ads
3123,M,53,台南市,2026-05-20,Google Ads
3124,F,54,新北市,2025-06-06,Google Ads
3125,F,64,台北市,2025-10-21,電話
3126,F,65,台中市,2026-08-08,Referral
3127,F,44,高雄市,2026-06-28,Facebook Ads
3128,M,44,新北市,2025-03-17,Google Ads
3129,F,38,新竹市,2024-02-07,Google Ads
3130,F,61,新竹市,2024-07-28,合作通路
3131,F,71,高雄市,2025-05-27,官網
3132,F,48,台北市,2026-10-21,合作通路
3133,F,49,新北市,2026-09-07,Referral
3134,F,71,高雄市,2025-01-15,Facebook Ads
3135,M,59,台中市,2026-04-07,Google Ads
3136,F,58,台北市,2026-05-08,LINE
3137,F,37,台中市,2025-01-28,Google Ads
3138,F,61,台中市,2026-12-09,Google Ads
3139,F,40,台中市,2025-01-30,Facebook Ads
3140,M,37,新北市,2024-02-01,官網
3141,M,47,桃園市,2025-06-28,LINE
3142,F,44,新北市,2025-12-12,Facebook Ads
3143,F,49,台北市,2026-11-15,官網
3144,F,33,台中市,2026-12-20,Google Ads
3145,M,64,新北市,2025-07-06,電話
3146,M,67,台中市,2024-07-16,電話
3147,F,27,高雄市,2026-03-09,Google Ads
3148,F,65,新竹市,2025-11-24,官網
3149,F,41,台中市,2024-05-26,LINE
3150,F,63,台中市,2025-05-12,Google Ads
3151,F,51,新北市,2024-02-17,Facebook Ads
3152,M,52,新竹市,2026-02-08,合作通路
3153,F,50,桃園市,2025-10-12,Google Ads
3154,M,68,台南市,2025-09-04,LINE
3155,M,36,台北市,2025-11-29,Referral
3156,F,60,新竹市,2025-01-10,Facebook Ads
3157,F,66,台中市,2026-03-16,Facebook Ads
3158,M,61,台中市,2026-07-09,Referral
3159,F,82,台南市,2026-05-24,Facebook Ads
3160,M,45,彰化縣,2026-03-20,官網
3161,M,64,台中市,2026-06-23,電話
3162,M,51,台中市,2026-10-02,電話
3163,M,68,台中市,2024-02-02,合作通路
3164,F,52,台中市,2024-03-09,電話
3165,M,47,台中市,2025-08-14,官網
3166,F,69,新竹市,2024-04-10,Referral
3167,F,46,高雄市,2026-07-02,Referral
3168,M,34,桃園市,2026-01-02,合作通路
3169,F,45,桃園市,2025-01-24,電話
3170,M,60,新北市,2024-06-08,Google Ads
3171,F,70,桃園市,2026-06-10,官網
3172,M,53,新北市,2026-12-06,Google Ads
3173,M,69,台北市,2025-11-26,Facebook Ads
3174,M,34,新北市,2026-01-27,Google Ads
3175,M,46,新北市,2025-06-06,合作通路
3176,M,48,台南市,2026-01-01,Facebook Ads
3177,F,51,新竹市,2024-06-03,電話
3178,F,53,台北市,2024-12-04,官網
3179,F,61,桃園市,2026-03-05,Google Ads
3180,F,46,台中市,2026-06-17,官網
3181,M,54,桃園市,2024-04-12,官網
3182,M,51,台北市,2026-03-22,Referral
3183,M,40,台中市,2024-04-02,Google Ads
3184,M,51,台北市,2026-09-01,Facebook Ads
3185,F,50,高雄市,2024-04-28,官網
3186,F,50,台中市,2024-01-29,Google Ads
3187,M,52,彰化縣,2026-10-09,Google Ads
3188,M,53,台中市,2026-11-19,Google Ads
3189,F,46,彰化縣,2026-05-21,官網
3190,F,69,高雄市,2026-03-10,Facebook Ads
3191,M,37,台北市,2025-04-19,官網
3192,F,43,台北市,2025-07-16,合作通路
3193,F,85,桃園市,2025-03-10,電話
3194,M,39,高雄市,2026-03-14,Facebook Ads
3195,M,34,高雄市,2024-02-24,LINE
3196,F,62,台北市,2026-07-19,Google Ads
3197,F,25,新北市,2026-01-21,Google Ads
3198,F,49,新竹市,2024-11-07,Facebook Ads
3199,M,80,台中市,2026-08-14,Facebook Ads
3200,M,32,台北市,2024-11-13,官網
3201,F,26,台中市,2026-01-26,合作通路
3202,F,33,桃園市,2025-04-09,合作通路
3203,M,64,桃園市,2025-11-30,Google Ads
3204,F,67,台中市,2026-12-16,官網
3205,F,45,台中市,2026-01-04,Google Ads
3206,F,61,台中市,2026-12-29,官網
3207,F,70,台北市,2026-01-08,Google Ads
3208,F,75,台北市,2026-02-06,合作通路
3209,M,49,新竹市,2026-01-13,Referral
3210,F,22,新北市,2024-10-02,Google Ads
3211,M,41,台中市,2024-08-20,電話
3212,F,46,台南市,2024-02-23,官網
3213,M,49,新北市,2024-09-13,LINE
3214,F,50,新北市,2024-03-30,官網
3215,M,67,台中市,2025-02-11,官網
3216,M,69,台北市,2024-12-31,Referral
3217,M,50,彰化縣,2024-12-16,電話
3218,M,66,新北市,2025-05-01,官網
3219,F,57,台北市,2026-04-21,電話
3220,F,53,高雄市,2026-09-10,合作通路
3221,F,64,彰化縣,2025-09-12,Facebook Ads
3222,M,53,台中市,2026-07-18,Google Ads
3223,M,79,新北市,2025-02-04,電話
3224,M,33,彰化縣,2025-07-23,合作通路
3225,M,45,台中市,2026-09-01,Google Ads
3226,F,50,高雄市,2025-01-26,LINE
3227,M,58,高雄市,2024-12-17,Google Ads
3228,M,68,高雄市,2026-03-16,電話
3229,M,52,台北市,2025-07-29,合作通路
3230,M,34,台北市,2026-02-15,LINE
3231,F,63,高雄市,2025-09-24,LINE
3232,F,62,台中市,2025-06-06,Referral
3233,M,27,台北市,2025-12-26,Google Ads
3234,M,52,台中市,2024-06-10,Referral
3235,M,31,台中市,2025-10-20,Facebook Ads
3236,M,43,新竹市,2026-04-29,LINE
3237,M,40,台北市,2024-03-22,LINE
3238,F,63,新竹市,2025-06-07,官網
3239,F,54,台中市,2024-01-04,合作通路
3240,F,35,新北市,2025-05-09,合作通路
3241,M,63,台中市,2026-12-10,Referral
3242,M,33,桃園市,2025-07-21,Google Ads
3243,F,56,桃園市,2026-05-27,Facebook Ads
3244,F,41,台中市,2026-12-27,LINE
3245,F,47,彰化縣,2026-10-08,Referral
3246,M,59,台中市,2026-10-11,LINE
3247,F,59,高雄市,2026-05-13,合作通路
3248,M,69,新竹市,2026-02-17,合作通路
3249,F,51,台南市,2026-10-01,官網
3250,F,56,彰化縣,2024-11-09,Referral
3251,F,46,台北市,2025-12-30,合作通路
3252,M,54,台中市,2025-01-18,Referral
3253,F,58,台中市,2024-10-03,官網
3254,M,51,新北市,2026-12-31,Referral
3255,M,29,桃園市,2025-11-28,Google Ads
3256,M,56,台中市,2026-10-26,官網
3257,F,57,高雄市,2026-01-20,Google Ads
3258,M,43,台北市,2026-09-09,Google Ads
3259,M,35,台北市,2025-09-15,Referral
3260,F,71,高雄市,2024-08-15,官網
3261,M,58,新北市,2024-01-17,Facebook Ads
3262,F,49,桃園市,2024-01-12,Facebook Ads
3263,M,37,台中市,2025-11-22,合作通路
3264,M,41,桃園市,2024-03-10,Referral
3265,F,69,台中市,2024-04-17,Google Ads
3266,M,54,台中市,2024-07-19,合作通路
3267,F,45,高雄市,2026-12-11,Facebook Ads
3268,F,59,台南市,2025-09-20,官網
3269,F,41,台中市,2026-06-24,電話
3270,F,72,台北市,2024-10-29,Referral
3271,M,70,新北市,2026-07-25,Referral
3272,M,46,台中市,2025-07-29,Facebook Ads
3273,F,44,桃園市,2025-07-08,官網
3274,F,18,桃園市,2024-05-04,Facebook Ads
3275,F,33,台中市,2026-05-08,LINE
3276,F,35,新北市,2026-01-14,LINE
3277,F,54,桃園市,2025-04-24,Facebook Ads
3278,F,48,台北市,2024-05-11,LINE
3279,M,35,高雄市,2026-10-22,Google Ads
3280,F,48,台中市,2024-04-24,官網
3281,F,59,高雄市,2025-04-25,電話
3282,M,59,台中市,2026-09-07,LINE
3283,F,27,台南市,2026-10-21,合作通路
3284,F,50,台北市,2024-11-26,Google Ads
3285,F,34,台中市,2026-07-30,官網
3286,M,64,台南市,2026-08-12,官網
3287,M,62,台中市,2026-02-06,Google Ads
3288,F,40,台北市,2025-01-25,Facebook Ads
3289,F,42,台北市,2026-04-13,Referral
3290,M,46,台中市,2024-05-22,LINE
3291,M,23,彰化縣,2024-11-23,LINE
3292,F,56,桃園市,2025-09-19,LINE
3293,M,48,台中市,2025-01-11,Referral
3294,F,65,高雄市,2024-03-30,Facebook Ads
3295,F,38,新北市,2026-03-18,Referral
3296,M,44,彰化縣,2026-10-17,Facebook Ads
3297,F,32,台北市,2026-12-01,LINE
3298,M,39,新北市,2026-11-24,Google Ads
3299,M,37,新北市,2026-10-08,電話
3300,F,65,新北市,2025-07-06,電話
3301,M,43,新北市,2024-05-03,LINE
3302,F,54,台中市,2024-02-26,Google Ads
3303,F,47,桃園市,2026-03-16,LINE
3304,M,35,新北市,2024-08-22,Facebook Ads
3305,M,50,彰化縣,2025-08-30,LINE
3306,M,60,台中市,2025-01-26,Referral
3307,M,36,高雄市,2026-08-27,電話
3308,M,63,彰化縣,2024-02-21,Facebook Ads
3309,M,41,高雄市,2025-05-03,合作通路
3310,F,46,台南市,2024-01-05,Referral
3311,F,59,台南市,2025-09-23,LINE
3312,F,43,台北市,2024-08-04,LINE
3313,F,52,高雄市,2025-06-19,Referral
3314,M,48,台中市,2026-01-07,官網
3315,M,54,新北市,2025-12-30,LINE
3316,F,21,台中市,2026-11-15,電話
3317,F,28,桃園市,2024-01-03,Facebook Ads
3318,M,60,新北市,2026-10-22,Referral
3319,F,65,台北市,2026-10-22,LINE
3320,F,40,台中市,2024-05-29,官網
3321,F,49,新竹市,2024-01-04,Google Ads
3322,M,56,台中市,2025-04-12,Facebook Ads
3323,F,61,台中市,2024-03-10,LINE
3324,F,26,台中市,2024-07-19,LINE
3325,F,40,新竹市,2024-11-03,電話
3326,F,48,新竹市,2026-07-10,Facebook Ads
3327,F,61,高雄市,2024-10-18,Google Ads
3328,F,84,台南市,2026-07-12,官網
3329,M,49,台中市,2026-06-01,官網
3330,F,34,新竹市,2025-08-08,Google Ads
3331,F,57,台中市,2025-05-23,Google Ads
3332,F,69,台中市,2024-01-05,Referral
3333,M,53,台中市,2024-10-19,Google Ads
3334,M,40,新北市,2024-12-25,Referral
3335,F,64,桃園市,2024-08-01,Facebook Ads
3336,F,61,台北市,2026-11-04,官網
3337,F,39,新竹市,2025-07-16,Google Ads
3338,F,57,台北市,2026-02-03,電話
3339,F,65,台中市,2024-02-14,Google Ads
3340,F,67,新北市,2025-12-03,Facebook Ads
3341,F,51,高雄市,2025-09-25,Facebook Ads
3342,F,47,台南市,2025-10-22,Referral
3343,F,68,新北市,2025-12-21,Referral
3344,M,36,新北市,2025-08-16,Facebook Ads
3345,F,58,台中市,2024-09-02,Facebook Ads
3346,F,34,高雄市,2026-05-06,電話
3347,M,66,新竹市,2025-07-05,Referral
3348,M,49,台中市,2024-02-12,官網
3349,M,68,台南市,2026-04-20,Referral
3350,M,58,新北市,2024-06-27,Facebook Ads
3351,M,36,台中市,2025-06-18,Google Ads
3352,M,71,彰化縣,2025-08-29,Google Ads
3353,F,72,新北市,2025-11-02,官網
3354,F,63,台北市,2026-07-15,LINE
3355,M,42,台中市,2024-01-17,Google Ads
3356,M,48,台中市,2026-04-05,Facebook Ads
3357,F,54,台南市,2025-06-30,LINE
3358,M,43,高雄市,2026-11-19,Google Ads
3359,F,74,彰化縣,2025-03-12,Google Ads
3360,F,54,台中市,2024-06-27,Referral
3361,F,18,台中市,2025-09-07,Facebook Ads
3362,M,56,台中市,2025-11-07,Facebook Ads
3363,F,47,新北市,2025-09-25,官網
3364,M,51,新竹市,2026-03-12,Referral
3365,F,47,高雄市,2024-11-07,官網
3366,F,62,台北市,2024-01-25,Facebook Ads
3367,M,67,台南市,2025-01-05,Referral
3368,M,56,桃園市,2025-06-08,LINE
3369,M,48,台中市,2024-08-17,Facebook Ads
3370,F,51,桃園市,2025-01-12,官網
3371,M,52,台北市,2026-06-06,官網
3372,F,42,台中市,2025-04-06,官網
3373,M,60,台中市,2024-12-30,Referral
3374,F,58,新北市,2024-04-13,官網
3375,F,72,台北市,2025-03-03,Referral
3376,F,68,台中市,2025-04-13,官網
3377,F,43,台中市,2026-10-11,Facebook Ads
3378,M,63,桃園市,2026-05-19,LINE
3379,M,40,新竹市,2026-02-08,Google Ads
3380,F,61,桃園市,2025-11-10,Facebook Ads
3381,M,45,台中市,2026-03-15,電話
3382,M,39,台中市,2026-06-04,官網
3383,M,56,台中市,2025-07-14,Google Ads
3384,M,18,台中市,2024-11-26,LINE
3385,M,29,新北市,2025-08-09,Google Ads
3386,F,50,高雄市,2024-07-19,Referral
3387,M,53,高雄市,2025-03-29,Google Ads
3388,F,47,高雄市,2026-04-05,官網
3389,M,31,台中市,2024-04-20,官網
3390,F,41,台北市,2026-05-13,LINE
3391,M,57,高雄市,2026-06-26,Facebook Ads
3392,F,60,台北市,2024-02-02,LINE
3393,F,52,台中市,2025-07-08,電話
3394,M,67,台北市,2024-04-16,電話
3395,F,57,台中市,2024-08-13,電話
3396,F,42,台中市,2025-05-01,電話
3397,F,48,台南市,2024-06-27,Google Ads
3398,F,34,台南市,2025-09-28,Google Ads
3399,M,51,台中市,2026-02-26,Referral
3400,F,66,台中市,2024-06-15,Referral
3401,M,61,桃園市,2025-10-24,官網
3402,M,70,台中市,2024-10-26,官網
3403,F,48,台北市,2024-02-04,Facebook Ads
3404,M,69,台中市,2025-02-10,Facebook Ads
3405,F,49,台中市,2024-11-09,官網
3406,F,71,桃園市,2026-03-26,Referral
3407,F,52,桃園市,2026-01-12,LINE
3408,F,61,台中市,2025-12-27,Facebook Ads
3409,M,71,台北市,2026-04-05,Facebook Ads
3410,M,49,台中市,2025-07-22,Google Ads
3411,M,55,台中市,2025-07-29,LINE
3412,M,69,新竹市,2024-03-02,合作通路
3413,M,50,高雄市,2025-01-03,電話
3414,M,35,新北市,2024-04-03,Referral
3415,F,80,桃園市,2026-09-10,官網
3416,F,46,台南市,2026-11-15,LINE
3417,M,54,桃園市,2024-02-19,合作通路
3418,F,67,台中市,2026-06-01,LINE
3419,M,44,台中市,2026-02-02,Referral
3420,M,39,高雄市,2024-02-05,電話
3421,F,55,台北市,2024-04-09,Facebook Ads
3422,F,29,新竹市,2024-11-24,LINE
3423,F,48,高雄市,2025-12-06,Facebook Ads
3424,M,55,彰化縣,2024-08-08,Google Ads
3425,F,48,台中市,2025-07-20,Facebook Ads
3426,F,32,台南市,2026-09-22,Referral
3427,F,73,台北市,2026-10-18,電話
3428,F,53,新竹市,2024-04-19,Facebook Ads
3429,F,71,台中市,2024-05-28,Facebook Ads
3430,F,49,新北市,2025-02-09,官網
3431,F,41,桃園市,2025-11-29,LINE
3432,F,55,台北市,2026-10-13,LINE
3433,F,49,新北市,2024-04-17,官網
3434,M,37,新竹市,2025-01-23,LINE
3435,F,71,台北市,2025-02-28,Google Ads
3436,M,44,高雄市,2025-03-22,LINE
3437,M,28,台中市,2026-07-06,Facebook Ads
3438,F,69,台南市,2026-12-27,Facebook Ads
3439,F,45,高雄市,2026-12-25,Facebook Ads
3440,F,44,台北市,2025-10-17,LINE
3441,M,29,台中市,2024-11-16,Referral
3442,F,75,新北市,2025-12-19,電話
3443,M,35,台中市,2025-12-28,官網
3444,F,53,台中市,2025-08-02,LINE
3445,F,64,高雄市,2025-03-22,Google Ads
3446,F,57,台中市,2024-07-28,Facebook Ads
3447,F,51,台中市,2026-04-28,電話
3448,F,30,高雄市,2025-01-04,Facebook Ads
3449,F,41,台中市,2025-07-30,官網
3450,M,54,台北市,2025-11-19,Google Ads
3451,F,42,台中市,2026-02-28,Referral
3452,F,55,新北市,2026-09-18,Referral
3453,F,61,高雄市,2024-06-11,Google Ads
3454,M,65,桃園市,2026-09-03,電話
3455,F,36,台中市,2024-12-15,Google Ads
3456,M,81,台中市,2025-10-31,官網
3457,F,62,台中市,2025-03-01,Google Ads
3458,F,52,台北市,2024-11-22,Google Ads
3459,F,66,彰化縣,2024-09-11,Google Ads
3460,F,83,台中市,2024-12-23,合作通路
3461,M,33,台中市,2025-03-19,電話
3462,M,49,台中市,2024-04-22,Google Ads
3463,F,21,高雄市,2026-11-19,官網
3464,F,55,高雄市,2025-06-07,Facebook Ads
3465,M,57,高雄市,2025-11-19,Facebook Ads
3466,F,51,台南市,2026-09-17,Referral
3467,F,43,新北市,2024-02-15,Google Ads
3468,F,25,台中市,2026-01-26,官網
3469,F,57,台中市,2026-11-24,LINE
3470,M,71,高雄市,2025-07-17,Google Ads
3471,M,44,高雄市,2024-06-09,LINE
3472,F,58,新北市,2026-04-19,合作通路
3473,F,32,高雄市,2025-06-21,電話
3474,F,58,高雄市,2024-08-12,Google Ads
3475,F,47,台南市,2024-04-04,Referral
3476,F,42,新北市,2026-08-06,合作通路
3477,F,42,桃園市,2025-07-06,Facebook Ads
3478,F,47,台中市,2025-10-06,Facebook Ads
3479,F,57,高雄市,2024-03-06,Google Ads
3480,M,35,彰化縣,2025-10-26,Facebook Ads
3481,M,47,台北市,2025-11-14,官網
3482,F,51,桃園市,2026-06-28,Facebook Ads
3483,M,38,桃園市,2026-04-16,Google Ads
3484,F,75,台中市,2025-07-24,Facebook Ads
3485,F,41,新北市,2025-11-26,LINE
3486,F,43,台中市,2024-06-28,官網
3487,M,39,新竹市,2026-04-13,官網
3488,M,75,桃園市,2026-12-27,Google Ads
3489,M,59,台中市,2024-07-20,LINE
3490,M,40,台中市,2026-11-04,Facebook Ads
3491,M,66,新北市,2026-12-01,合作通路
3492,F,55,台北市,2025-06-26,Facebook Ads
3493,F,55,台中市,2026-09-08,Google Ads
3494,F,48,新北市,2026-02-12,Google Ads
3495,F,42,台北市,2025-11-24,Facebook Ads
3496,M,56,台中市,2025-09-03,Google Ads
3497,F,45,桃園市,2024-08-31,官網
3498,F,76,彰化縣,2024-02-29,Referral
3499,M,35,桃園市,2024-04-13,Facebook Ads
3500,F,72,台南市,2025-10-12,官網
3501,M,51,台中市,2026-10-07,電話
3502,F,56,台中市,2024-03-17,Facebook Ads
3503,F,63,台中市,2026-11-07,Google Ads
3504,M,44,桃園市,2025-11-28,Facebook Ads
3505,F,63,彰化縣,2026-08-03,Referral
3506,F,18,高雄市,2024-09-23,電話
3507,F,43,台南市,2026-02-19,Google Ads
3508,F,40,高雄市,2025-08-31,Facebook Ads
3509,F,36,台北市,2026-08-03,電話
3510,M,49,台北市,2026-10-21,LINE
3511,M,57,台中市,2026-11-16,電話
3512,M,61,台中市,2025-07-01,Google Ads
3513,F,55,高雄市,2024-06-08,合作通路
3514,F,43,台北市,2026-07-25,電話
3515,F,57,新北市,2025-02-02,Google Ads
3516,F,54,新北市,2025-06-26,LINE
3517,M,64,台中市,2024-05-06,Google Ads
3518,M,62,新北市,2026-10-05,Facebook Ads
3519,M,52,新北市,2026-08-05,官網
3520,M,40,台北市,2024-07-28,Facebook Ads
3521,M,44,台南市,2024-05-29,官網
3522,F,45,新北市,2024-01-31,Facebook Ads
3523,M,48,高雄市,2025-09-03,電話
3524,M,55,台南市,2024-10-28,Facebook Ads
3525,M,61,台南市,2026-08-20,電話
3526,M,51,台南市,2026-05-14,Google Ads
3527,F,52,台中市,2026-02-03,Facebook Ads
3528,F,54,台中市,2025-11-13,LINE
3529,F,45,台中市,2024-09-13,LINE
3530,M,40,台中市,2026-07-28,LINE
3531,M,29,彰化縣,2026-12-16,LINE
3532,F,43,高雄市,2024-01-09,合作通路
3533,M,58,台中市,2026-10-25,Google Ads
3534,M,43,台中市,2026-04-26,電話
3535,M,49,台中市,2026-02-15,LINE
3536,M,58,高雄市,2025-11-15,LINE
3537,M,59,桃園市,2026-01-01,官網
3538,M,38,台南市,2024-01-24,Referral
3539,F,65,彰化縣,2025-05-07,LINE
3540,M,67,台中市,2026-08-27,Referral
3541,M,37,台北市,2024-04-12,Google Ads
3542,F,41,台中市,2026-12-19,官網
3543,M,67,台北市,2026-02-05,Facebook Ads
3544,M,50,彰化縣,2026-10-19,Facebook Ads
3545,F,23,新北市,2025-01-06,官網
3546,M,34,桃園市,2025-11-09,LINE
3547,M,49,新北市,2025-08-18,Facebook Ads
3548,F,37,台中市,2024-07-20,Facebook Ads
3549,M,47,台中市,2024-03-29,官網
3550,F,52,新北市,2025-03-12,LINE
3551,F,71,高雄市,2024-04-29,Facebook Ads
3552,M,48,台中市,2024-06-04,Google Ads
3553,F,66,桃園市,2025-02-02,電話
3554,F,71,桃園市,2024-07-06,電話
3555,M,71,台北市,2026-12-11,Google Ads
3556,F,56,桃園市,2025-10-13,Facebook Ads
3557,M,26,台北市,2025-08-09,Facebook Ads
3558,F,58,高雄市,2024-08-17,Referral
3559,M,66,桃園市,2024-02-24,電話
3560,F,51,新竹市,2024-09-27,Google Ads
3561,M,75,台北市,2026-12-28,Referral
3562,F,63,台北市,2026-08-27,Google Ads
3563,M,59,台中市,2024-11-25,Facebook Ads
3564,M,66,台中市,2024-04-25,Referral
3565,F,56,高雄市,2024-11-18,Referral
3566,F,20,彰化縣,2025-07-16,電話
3567,F,46,台北市,2024-08-16,LINE
3568,F,68,台中市,2024-12-25,Facebook Ads
3569,F,42,台中市,2026-10-25,Referral
3570,F,49,新北市,2024-01-28,官網
3571,M,38,台中市,2026-05-18,Facebook Ads
3572,F,75,台中市,2024-01-28,LINE
3573,F,74,桃園市,2026-01-13,Referral
3574,F,41,台中市,2025-08-02,Referral
3575,F,54,新北市,2025-03-26,官網
3576,M,43,桃園市,2025-03-08,電話
3577,M,60,台中市,2025-01-08,Google Ads
3578,F,59,高雄市,2025-03-10,官網
3579,F,63,高雄市,2024-08-05,官網
3580,F,56,高雄市,2026-08-05,Google Ads
3581,F,85,台北市,2024-12-14,Referral
3582,F,39,台北市,2026-02-26,Referral
3583,M,30,台南市,2024-01-26,Facebook Ads
3584,F,47,桃園市,2026-12-07,Referral
3585,M,32,台北市,2026-05-08,官網
3586,M,33,台中市,2025-01-04,官網
3587,F,39,台中市,2026-11-03,Referral
3588,F,40,台中市,2026-06-02,Facebook Ads
3589,M,40,新北市,2024-10-05,電話
3590,M,59,台中市,2024-12-06,Facebook Ads
3591,F,45,台北市,2025-08-29,電話
3592,M,50,桃園市,2026-11-14,LINE
3593,F,64,台中市,2025-06-12,Google Ads
3594,F,42,桃園市,2025-03-01,Facebook Ads
3595,F,49,桃園市,2024-01-29,Facebook Ads
3596,F,57,台中市,2026-08-13,Google Ads
3597,M,27,桃園市,2024-11-18,Google Ads
3598,F,21,桃園市,2024-11-08,電話
3599,M,56,台北市,2025-08-06,Referral
3600,F,58,台中市,2026-01-31,Referral
3601,M,79,新北市,2024-10-21,Referral
3602,F,54,彰化縣,2025-10-17,Referral
3603,M,63,高雄市,2026-02-24,Google Ads
3604,M,49,台中市,2024-08-10,電話
3605,M,56,高雄市,2024-03-15,電話
3606,M,74,台北市,2024-04-11,Google Ads
3607,F,24,新北市,2026-06-03,官網
3608,M,57,桃園市,2024-06-21,LINE
3609,F,80,新北市,2026-10-24,Referral
3610,F,56,桃園市,2025-01-29,官網
3611,F,73,桃園市,2026-04-12,合作通路
3612,M,44,高雄市,2026-09-30,Google Ads
3613,M,52,台中市,2024-06-15,Google Ads
3614,F,52,台南市,2024-10-26,合作通路
3615,M,23,彰化縣,2024-04-27,Google Ads
3616,M,37,台中市,2025-05-26,Facebook Ads
3617,F,38,新北市,2025-09-03,官網
3618,F,63,台中市,2024-06-07,Referral
3619,F,63,桃園市,2026-11-27,Facebook Ads
3620,M,56,桃園市,2025-04-07,Google Ads
3621,F,63,台中市,2024-04-13,LINE
3622,M,50,台南市,2026-09-08,LINE
3623,M,68,台中市,2024-09-06,Facebook Ads
3624,F,52,桃園市,2026-11-02,Referral
3625,M,53,新北市,2025-07-20,電話
3626,M,49,台北市,2025-08-19,Referral
3627,M,61,台中市,2025-09-12,Google Ads
3628,F,47,台中市,2025-07-08,官網
3629,F,65,高雄市,2024-03-11,合作通路
3630,F,37,新北市,2026-08-13,官網
3631,F,38,台中市,2026-08-30,Google Ads
3632,M,61,台中市,2025-03-13,合作通路
3633,F,51,台中市,2026-12-03,LINE
3634,M,46,桃園市,2026-11-03,Referral
3635,M,64,高雄市,2024-11-09,Google Ads
3636,F,44,台中市,2025-04-29,官網
3637,F,49,新北市,2024-06-17,Referral
3638,M,70,台中市,2026-06-06,LINE
3639,M,72,彰化縣,2026-03-13,Facebook Ads
3640,M,72,彰化縣,2024-09-02,Google Ads
3641,M,48,高雄市,2024-09-22,Facebook Ads
3642,F,68,彰化縣,2026-04-28,Facebook Ads
3643,F,40,桃園市,2024-08-30,官網
3644,F,40,台南市,2025-06-13,Google Ads
3645,F,21,新北市,2026-04-26,Google Ads
3646,M,74,台北市,2026-09-30,Facebook Ads
3647,F,41,台中市,2024-12-07,LINE
3648,M,50,台北市,2026-01-29,官網
3649,F,40,高雄市,2026-03-08,官網
3650,F,61,台中市,2025-06-15,Referral
3651,F,47,台中市,2026-05-13,Facebook Ads
3652,M,35,新北市,2024-02-11,LINE
3653,F,58,台中市,2025-08-21,Facebook Ads
3654,M,33,新北市,2024-11-01,Google Ads
3655,M,41,彰化縣,2026-03-19,官網
3656,M,25,桃園市,2026-05-11,電話
3657,M,33,高雄市,2025-11-09,Google Ads
3658,F,54,新北市,2025-12-31,Google Ads
3659,F,26,新北市,2025-03-16,電話
3660,F,33,台中市,2026-07-21,官網
3661,F,52,台南市,2026-06-21,LINE
3662,F,45,台中市,2024-05-12,官網
3663,M,78,台中市,2025-12-19,合作通路
3664,M,76,桃園市,2024-02-20,Facebook Ads
3665,F,41,台中市,2025-09-09,Facebook Ads
3666,M,59,台北市,2025-01-26,Google Ads
3667,F,62,台中市,2025-11-26,電話
3668,M,44,台中市,2025-06-06,Facebook Ads
3669,M,33,台中市,2025-05-22,合作通路
3670,M,52,台中市,2024-12-19,電話
3671,M,50,高雄市,2026-05-16,Facebook Ads
3672,M,46,台南市,2026-08-30,Google Ads
3673,F,58,台北市,2026-08-13,官網
3674,M,42,台南市,2024-04-05,Facebook Ads
3675,F,37,台中市,2024-04-15,Referral
3676,M,53,台北市,2025-11-08,LINE
3677,M,57,台中市,2025-05-27,Facebook Ads
3678,M,37,高雄市,2026-05-05,官網
3679,F,64,台北市,2026-02-28,Google Ads
3680,M,29,高雄市,2025-05-29,官網
3681,F,44,桃園市,2026-06-16,Google Ads
3682,M,49,新北市,2026-12-20,官網
3683,F,44,高雄市,2026-10-04,LINE
3684,M,45,彰化縣,2026-01-06,LINE
3685,F,76,台中市,2024-10-28,官網
3686,F,41,台北市,2025-10-07,Google Ads
3687,F,84,高雄市,2026-11-30,LINE
3688,M,58,高雄市,2024-08-18,LINE
3689,M,53,台中市,2026-01-07,LINE
3690,M,58,台北市,2026-09-23,合作通路
3691,F,85,新北市,2024-10-23,Google Ads
3692,F,39,台北市,2025-03-30,官網
3693,F,37,台中市,2026-12-16,LINE
3694,M,42,彰化縣,2026-07-30,LINE
3695,M,52,桃園市,2024-08-27,電話
3696,M,30,新北市,2026-12-22,Google Ads
3697,F,52,高雄市,2025-07-04,電話
3698,F,74,台南市,2024-05-17,Google Ads
3699,F,54,台中市,2025-03-29,LINE
3700,M,48,台中市,2025-03-18,電話
3701,F,44,新北市,2024-01-27,Google Ads
3702,F,64,桃園市,2025-04-01,電話
3703,M,41,台中市,2025-11-25,Google Ads
3704,F,76,新竹市,2025-12-10,電話
3705,F,77,新北市,2026-04-28,LINE
3706,F,55,台北市,2026-08-06,官網
3707,F,52,台中市,2024-04-16,Referral
3708,M,65,台中市,2025-03-19,LINE
3709,M,66,桃園市,2024-02-05,Facebook Ads
3710,F,42,彰化縣,2025-08-19,Referral
3711,M,45,台北市,2024-06-03,Google Ads
3712,F,35,彰化縣,2026-03-06,官網
3713,F,57,台南市,2024-09-28,Referral
3714,F,61,新北市,2026-09-07,官網
3715,F,34,高雄市,2024-05-01,Google Ads
3716,M,46,台北市,2024-05-29,Google Ads
3717,M,34,新北市,2025-12-07,Facebook Ads
3718,M,40,台中市,2026-09-21,Facebook Ads
3719,M,59,高雄市,2024-06-01,Google Ads
3720,M,42,台中市,2026-11-06,電話
3721,M,48,桃園市,2025-07-04,Facebook Ads
3722,F,31,台南市,2026-04-24,合作通路
3723,F,54,台中市,2024-10-06,Referral
3724,M,51,台北市,2025-02-25,Referral
3725,M,43,新北市,2026-09-19,Facebook Ads
3726,F,50,新北市,2026-03-14,官網
3727,M,54,台中市,2024-12-20,Facebook Ads
3728,M,41,新北市,2025-01-12,Facebook Ads
3729,M,33,台中市,2024-03-20,官網
3730,F,75,台中市,2026-09-14,電話
3731,M,44,台中市,2024-08-20,Google Ads
3732,F,51,台中市,2024-06-02,Facebook Ads
3733,M,65,桃園市,2026-06-25,Google Ads
3734,F,85,新竹市,2026-11-20,電話
3735,M,36,台北市,2025-01-05,合作通路
3736,F,58,新北市,2024-11-18,Google Ads
3737,F,43,台中市,2024-11-27,Facebook Ads
3738,F,45,新北市,2024-08-30,Referral
3739,F,43,台中市,2025-03-05,Facebook Ads
3740,F,37,高雄市,2026-03-19,電話
3741,F,51,彰化縣,2025-01-10,Google Ads
3742,F,33,台中市,2024-03-21,LINE
3743,F,64,桃園市,2025-02-23,LINE
3744,M,53,台中市,2025-04-11,電話
3745,M,57,台北市,2026-12-16,Facebook Ads
3746,M,46,台中市,2026-04-08,Facebook Ads
3747,F,47,台北市,2026-03-14,Facebook Ads
3748,M,56,台中市,2026-12-13,LINE
3749,M,37,台北市,2026-09-04,Referral
3750,F,47,台北市,2024-01-04,Referral
3751,F,41,台北市,2025-08-25,Google Ads
3752,F,40,高雄市,2024-11-15,Referral
3753,M,25,彰化縣,2025-05-15,Google Ads
3754,F,69,台北市,2025-07-24,LINE
3755,M,43,台中市,2024-07-03,電話
3756,M,67,台中市,2025-07-09,Google Ads
3757,M,66,台南市,2026-06-11,Google Ads
3758,M,35,新北市,2024-02-24,Facebook Ads
3759,M,38,新北市,2026-05-12,電話
3760,F,85,台中市,2024-03-17,LINE
3761,M,75,台北市,2024-10-22,LINE
3762,F,52,台中市,2026-01-15,電話
3763,F,55,彰化縣,2026-06-18,電話
3764,M,44,台南市,2024-02-12,電話
3765,F,58,台中市,2024-08-14,LINE
3766,M,43,新北市,2026-12-22,Google Ads
3767,F,26,台中市,2024-06-19,Google Ads
3768,M,35,台北市,2026-08-20,電話
3769,M,52,台南市,2026-01-31,電話
3770,M,37,新北市,2026-04-29,合作通路
3771,F,51,台北市,2024-11-02,Google Ads
3772,F,38,台中市,2025-07-21,Google Ads
3773,M,42,桃園市,2026-09-18,Google Ads
3774,F,63,高雄市,2024-02-03,Google Ads
3775,F,55,新北市,2026-04-06,LINE
3776,F,52,台中市,2024-05-09,合作通路
3777,F,63,台北市,2025-10-16,官網
3778,F,58,彰化縣,2025-09-21,LINE
3779,F,71,新北市,2026-11-06,官網
3780,F,46,台北市,2025-08-16,Google Ads
3781,M,46,新北市,2026-11-03,電話
3782,M,35,桃園市,2024-03-21,官網
3783,M,46,台北市,2024-07-22,Google Ads
3784,F,65,台中市,2024-01-23,官網
3785,F,69,新北市,2025-09-05,官網
3786,M,64,高雄市,2024-05-23,Google Ads
3787,F,29,高雄市,2024-04-13,Facebook Ads
3788,F,66,台南市,2024-11-19,Facebook Ads
3789,M,28,台北市,2025-07-29,Facebook Ads
3790,F,64,台中市,2024-09-30,Facebook Ads
3791,M,47,彰化縣,2025-03-27,官網
3792,M,61,台北市,2026-05-30,LINE
3793,F,35,高雄市,2024-05-04,官網
3794,F,67,高雄市,2024-11-12,合作通路
3795,M,33,新北市,2024-04-16,官網
3796,F,43,台中市,2026-06-25,官網
3797,F,39,桃園市,2025-03-05,Referral
3798,M,29,桃園市,2025-12-04,官網
3799,M,53,新北市,2026-08-29,Google Ads
3800,F,75,新北市,2024-12-27,Facebook Ads
3801,M,85,台中市,2026-03-06,電話
3802,F,53,台中市,2025-03-07,電話
3803,F,67,台北市,2025-11-05,合作通路
3804,F,55,台北市,2026-05-08,官網
3805,M,58,彰化縣,2026-10-10,Referral
3806,F,48,桃園市,2025-07-29,Google Ads
3807,M,55,高雄市,2026-12-24,官網
3808,M,59,新北市,2026-06-11,Referral
3809,M,44,台中市,2024-09-26,Facebook Ads
3810,M,51,新竹市,2025-03-13,Google Ads
3811,F,51,台北市,2026-11-08,Facebook Ads
3812,F,63,台中市,2024-08-12,電話
3813,M,38,新北市,2026-09-16,Google Ads
3814,F,51,台南市,2025-04-04,官網
3815,M,77,台南市,2025-01-28,Google Ads
3816,F,67,台中市,2026-06-30,LINE
3817,M,70,台南市,2024-01-15,合作通路
3818,F,52,台中市,2025-07-13,Google Ads
3819,F,56,台中市,2026-09-30,Google Ads
3820,F,65,台南市,2025-02-17,LINE
3821,M,72,台南市,2026-09-25,官網
3822,M,27,新北市,2024-04-24,Facebook Ads
3823,F,35,新北市,2026-09-02,LINE
3824,M,69,桃園市,2024-02-05,合作通路
3825,M,48,桃園市,2024-08-29,Facebook Ads
3826,M,43,台南市,2024-03-03,Facebook Ads
3827,F,36,新北市,2025-10-27,LINE
3828,F,45,新竹市,2025-05-23,LINE
3829,F,34,新竹市,2024-07-06,Google Ads
3830,M,79,台中市,2026-01-04,官網
3831,M,52,台南市,2024-04-02,合作通路
3832,F,51,新北市,2024-01-05,Facebook Ads
3833,F,60,台北市,2024-01-25,官網
3834,M,65,高雄市,2025-05-22,Google Ads
3835,F,64,台中市,2024-04-07,官網
3836,M,66,新北市,2025-10-23,LINE
3837,F,44,台南市,2025-11-14,LINE
3838,M,48,台中市,2024-01-27,LINE
3839,F,62,台北市,2024-02-24,Google Ads
3840,F,45,彰化縣,2026-12-11,電話
3841,F,52,台北市,2026-02-19,LINE
3842,M,57,台北市,2024-10-24,Facebook Ads
3843,F,62,台北市,2026-11-07,合作通路
3844,M,29,新北市,2026-03-28,Google Ads
3845,M,61,高雄市,2026-05-04,電話
3846,F,49,桃園市,2025-07-12,Facebook Ads
3847,F,61,新北市,2025-05-17,LINE
3848,F,62,桃園市,2024-07-21,Facebook Ads
3849,F,73,新北市,2026-08-03,Facebook Ads
3850,M,70,台北市,2024-08-27,Google Ads
3851,M,70,高雄市,2025-05-04,電話
3852,M,71,高雄市,2026-11-02,電話
3853,F,56,新北市,2025-10-10,官網
3854,F,52,台中市,2025-11-15,Referral
3855,F,63,台中市,2024-08-30,Referral
3856,M,62,台中市,2025-05-21,LINE
3857,M,48,台中市,2026-12-02,官網
3858,F,57,高雄市,2025-09-04,Google Ads
3859,M,52,台中市,2024-06-10,Referral
3860,F,41,桃園市,2025-10-17,電話
3861,F,69,台中市,2026-08-16,Google Ads
3862,F,53,台北市,2025-09-12,LINE
3863,M,79,新北市,2024-04-20,Referral
3864,M,31,台中市,2026-07-22,Google Ads
3865,M,45,台南市,2026-01-19,Facebook Ads
3866,M,52,台中市,2025-12-09,Facebook Ads
3867,M,67,台北市,2024-09-29,Facebook Ads
3868,F,57,台南市,2026-03-17,Google Ads
3869,F,56,高雄市,2024-02-10,Facebook Ads
3870,M,37,台中市,2025-07-13,Facebook Ads
3871,M,37,台北市,2025-04-10,Referral
3872,M,56,高雄市,2025-05-04,Facebook Ads
3873,M,34,新竹市,2024-04-26,LINE
3874,F,45,台南市,2025-03-09,Facebook Ads
3875,M,59,台北市,2026-11-08,Google Ads
3876,M,39,新竹市,2026-09-20,合作通路
3877,M,73,台中市,2024-07-14,電話
3878,F,68,台中市,2025-09-10,LINE
3879,F,32,台南市,2025-02-28,LINE
3880,M,40,台中市,2024-02-03,官網
3881,F,22,台中市,2024-10-21,Facebook Ads
3882,F,42,台中市,2026-10-03,Google Ads
3883,F,62,台北市,2024-12-04,LINE
3884,M,47,桃園市,2025-09-09,合作通路
3885,F,58,高雄市,2024-06-28,Google Ads
3886,F,32,台中市,2025-09-13,LINE
3887,F,62,新北市,2025-09-10,Google Ads
3888,F,45,彰化縣,2025-10-04,Google Ads
3889,F,52,桃園市,2024-01-23,官網
3890,M,51,台北市,2025-09-10,Facebook Ads
3891,F,35,新竹市,2024-09-08,Referral
3892,F,37,高雄市,2024-10-28,LINE
3893,F,65,台中市,2026-12-29,Google Ads
3894,M,57,台中市,2024-06-11,LINE
3895,F,66,台中市,2026-12-22,電話
3896,F,56,桃園市,2025-09-03,Google Ads
3897,M,54,台中市,2026-12-07,LINE
3898,F,30,新北市,2025-03-20,電話
3899,F,48,台中市,2024-03-14,Google Ads
3900,F,52,彰化縣,2026-04-05,Referral
3901,M,77,台北市,2025-06-25,Facebook Ads
3902,M,61,彰化縣,2024-06-05,Google Ads
3903,F,72,彰化縣,2024-09-12,官網
3904,M,60,台中市,2026-11-28,Google Ads
3905,F,43,新北市,2026-12-14,官網
3906,F,54,台中市,2026-11-17,LINE
3907,F,55,彰化縣,2026-07-25,Google Ads
3908,M,40,新北市,2024-04-27,Referral
3909,F,47,台中市,2025-01-04,官網
3910,M,49,台中市,2024-07-27,LINE
3911,M,73,台北市,2025-08-09,Facebook Ads
3912,M,25,彰化縣,2026-04-28,Google Ads
3913,M,68,高雄市,2024-11-11,官網
3914,F,40,台南市,2025-03-19,電話
3915,F,34,台北市,2025-09-19,Google Ads
3916,M,67,台中市,2025-03-20,LINE
3917,F,62,新竹市,2025-07-23,LINE
3918,M,68,台中市,2025-08-04,Facebook Ads
3919,F,62,彰化縣,2025-08-27,電話
3920,F,79,台北市,2026-01-10,Google Ads
3921,F,59,台中市,2026-06-26,Google Ads
3922,M,50,高雄市,2025-10-10,Google Ads
3923,F,56,新竹市,2024-10-31,Facebook Ads
3924,M,68,新竹市,2024-12-04,Facebook Ads
3925,F,42,台中市,2025-06-12,Referral
3926,M,44,台中市,2024-02-23,電話
3927,F,48,新北市,2025-11-14,Google Ads
3928,F,25,高雄市,2025-02-22,電話
3929,F,54,桃園市,2024-10-31,官網
3930,M,27,台中市,2024-03-25,Facebook Ads
3931,F,53,彰化縣,2024-09-08,Google Ads
3932,M,63,高雄市,2024-05-05,Google Ads
3933,F,46,台南市,2025-09-01,Facebook Ads
3934,M,74,新北市,2024-10-30,電話
3935,M,33,台北市,2026-11-17,LINE
3936,F,67,新竹市,2026-04-27,Referral
3937,M,61,新北市,2026-12-11,電話
3938,M,30,台南市,2025-10-16,Facebook Ads
3939,M,85,彰化縣,2025-10-05,Referral
3940,M,51,高雄市,2026-05-07,Google Ads
3941,F,41,新北市,2025-05-25,Google Ads
3942,F,34,台中市,2024-07-25,官網
3943,M,49,台中市,2025-07-27,Facebook Ads
3944,M,50,台中市,2026-05-24,Facebook Ads
3945,M,53,台中市,2025-05-25,官網
3946,M,48,台中市,2024-07-19,Referral
3947,F,60,台北市,2026-04-02,Facebook Ads
3948,F,47,台北市,2026-12-06,Facebook Ads
3949,M,27,台北市,2026-10-16,LINE
3950,M,50,台中市,2024-05-16,官網
3951,M,21,台中市,2024-05-09,Google Ads
3952,F,57,高雄市,2026-10-14,Referral
3953,F,39,新北市,2025-03-07,官網
3954,M,54,台北市,2026-12-28,官網
3955,M,69,高雄市,2025-06-23,Referral
3956,F,40,台南市,2024-11-30,Referral
3957,F,66,台北市,2025-06-09,Google Ads
3958,M,46,高雄市,2025-07-11,Google Ads
3959,M,75,彰化縣,2026-06-27,電話
3960,M,47,台南市,2026-11-05,合作通路
3961,F,41,台北市,2025-05-24,官網
3962,M,61,高雄市,2024-07-27,LINE
3963,M,46,台中市,2024-02-27,官網
3964,F,41,新北市,2026-03-26,Facebook Ads
3965,M,46,新竹市,2026-11-03,合作通路
3966,F,51,新北市,2025-01-11,LINE
3967,M,69,彰化縣,2024-08-30,合作通路
3968,M,27,台北市,2026-09-19,LINE
3969,F,52,新竹市,2026-06-09,Referral
3970,M,60,新北市,2025-02-18,Facebook Ads
3971,F,55,台中市,2025-01-28,電話
3972,F,69,新北市,2025-12-29,合作通路
3973,M,51,台中市,2024-12-23,官網
3974,F,50,台中市,2025-11-04,官網
3975,M,60,台南市,2024-01-18,Google Ads
3976,F,53,台中市,2025-12-28,LINE
3977,M,47,桃園市,2025-07-14,Referral
3978,F,59,台中市,2026-12-17,Facebook Ads
3979,M,44,台中市,2024-06-03,電話
3980,M,44,新竹市,2025-05-01,官網
3981,F,45,台北市,2024-05-30,Facebook Ads
3982,F,70,高雄市,2025-01-02,Facebook Ads
3983,M,18,高雄市,2026-12-06,LINE
3984,M,57,新北市,2024-07-25,Google Ads
3985,F,52,彰化縣,2025-03-25,Referral
3986,F,30,高雄市,2026-07-12,電話
3987,M,56,台北市,2025-11-27,Facebook Ads
3988,F,58,台南市,2025-07-23,Facebook Ads
3989,M,60,台中市,2024-05-22,官網
3990,F,18,新北市,2026-12-06,LINE
3991,M,70,彰化縣,2024-07-09,Facebook Ads
3992,M,42,高雄市,2024-05-19,LINE
3993,F,61,桃園市,2025-09-06,Referral
3994,M,62,高雄市,2026-07-13,Google Ads
3995,F,41,台南市,2026-12-08,Facebook Ads
3996,M,61,彰化縣,2025-09-15,合作通路
3997,M,47,台中市,2024-03-27,Google Ads
3998,M,25,台中市,2024-10-08,Referral
3999,F,67,新北市,2026-02-02,Facebook Ads
4000,M,42,高雄市,2025-03-28,Google Ads
