lead_id,customer_id,campaign_id,lead_date,channel,status
7968,2818,15,2024-01-16,Google Ads,Converted
9487,1369,15,2024-01-16,Google Ads,New
10121,2818,15,2024-01-17,Google Ads,New
10675,724,15,2024-01-17,Google Ads,New
9237,93,15,2024-01-21,Google Ads,Lost
8313,1436,15,2024-01-27,Google Ads,Converted
357,85,15,2024-01-27,Google Ads,Converted
4771,3570,15,2024-01-28,Google Ads,Qualified
11522,1354,15,2024-02-01,Google Ads,Converted
5091,560,39,2024-02-04,官網,Lost
6353,605,39,2024-02-07,官網,Contacted
5815,3262,38,2024-02-10,Google Ads,Qualified
11928,3869,15,2024-02-10,Google Ads,Qualified
6411,395,39,2024-02-11,官網,Contacted
8066,3764,15,2024-02-12,Google Ads,Qualified
8416,2711,39,2024-02-12,官網,Converted
440,3774,38,2024-02-12,Google Ads,Lost
11221,2030,13,2024-02-13,電話,Converted
11310,605,13,2024-02-14,電話,Contacted
6932,2280,38,2024-02-15,Google Ads,New
437,1369,38,2024-02-15,Google Ads,Qualified
9092,1725,38,2024-02-16,Google Ads,New
4539,3709,38,2024-02-16,Google Ads,New
6573,1489,38,2024-02-17,Google Ads,New
11414,2818,38,2024-02-17,Google Ads,New
10048,2854,15,2024-02-19,Google Ads,New
7091,813,38,2024-02-19,Google Ads,New
313,1071,15,2024-02-19,Google Ads,Qualified
6320,333,15,2024-02-19,Google Ads,Contacted
2529,1754,15,2024-02-20,Google Ads,Qualified
11324,2020,39,2024-02-20,官網,Contacted
7376,3321,38,2024-02-20,Google Ads,Qualified
4329,3817,38,2024-02-21,Google Ads,Contacted
4952,2145,39,2024-02-21,官網,Contacted
312,3015,38,2024-02-21,Google Ads,New
7478,3195,15,2024-02-24,Google Ads,Contacted
8477,2495,38,2024-02-26,Google Ads,Contacted
3216,3087,5,2024-02-26,Google Ads,New
5183,3880,5,2024-02-26,Google Ads,Contacted
4336,3310,13,2024-02-26,電話,New
10761,1544,39,2024-02-26,官網,Converted
3616,2944,38,2024-02-27,Google Ads,Qualified
5028,1958,39,2024-02-27,官網,Contacted
7651,3572,38,2024-02-27,Google Ads,New
2563,253,39,2024-02-28,官網,Contacted
765,2480,15,2024-02-28,Google Ads,Contacted
10892,2700,38,2024-02-29,Google Ads,New
6659,3750,5,2024-02-29,Google Ads,Qualified
11052,3750,5,2024-02-29,Google Ads,Lost
7881,1432,39,2024-03-01,官網,New
1891,3559,38,2024-03-01,Google Ads,Contacted
2555,1540,38,2024-03-02,Google Ads,Qualified
9416,339,38,2024-03-02,Google Ads,New
3913,3826,15,2024-03-03,Google Ads,Contacted
149,663,39,2024-03-03,官網,Contacted
3911,3652,39,2024-03-03,官網,Contacted
4614,2495,5,2024-03-03,Google Ads,Qualified
6813,3826,15,2024-03-03,Google Ads,Lost
4748,2264,39,2024-03-03,官網,Lost
9803,3332,5,2024-03-03,Google Ads,Qualified
5640,3764,39,2024-03-04,官網,New
7352,2065,39,2024-03-04,官網,Qualified
5123,333,13,2024-03-04,電話,Qualified
5593,1034,13,2024-03-05,電話,Qualified
3504,1435,15,2024-03-05,Google Ads,New
751,2169,5,2024-03-06,Google Ads,Converted
6651,3068,38,2024-03-06,Google Ads,New
5816,663,13,2024-03-06,電話,Contacted
6980,3085,39,2024-03-06,官網,Qualified
8792,2361,13,2024-03-06,電話,Contacted
1926,3764,38,2024-03-07,Google Ads,Contacted
11051,422,15,2024-03-07,Google Ads,Contacted
645,3392,5,2024-03-09,Google Ads,New
5828,1440,38,2024-03-09,Google Ads,Contacted
4361,2278,13,2024-03-11,電話,Qualified
2037,2280,5,2024-03-12,Google Ads,New
984,3559,38,2024-03-12,Google Ads,Contacted
11,377,15,2024-03-13,Google Ads,Qualified
6502,2559,38,2024-03-13,Google Ads,Converted
6654,3975,17,2024-03-13,Facebook Ads,New
6242,2944,38,2024-03-13,Google Ads,New
9492,377,39,2024-03-13,官網,Qualified
1521,663,13,2024-03-14,電話,Converted
8999,707,5,2024-03-14,Google Ads,Lost
5586,2723,13,2024-03-14,電話,Qualified
1694,3605,26,2024-03-15,電話,New
6607,3839,5,2024-03-16,Google Ads,Contacted
7397,3355,17,2024-03-17,Facebook Ads,Contacted
10079,2700,13,2024-03-17,電話,Qualified
3873,2774,17,2024-03-17,Facebook Ads,Contacted
2678,506,13,2024-03-17,電話,Qualified
1074,984,15,2024-03-17,Google Ads,Qualified
7301,3151,5,2024-03-18,Google Ads,Converted
6227,387,5,2024-03-18,Google Ads,Converted
6291,847,26,2024-03-18,電話,Qualified
101,2927,15,2024-03-18,Google Ads,Contacted
5011,2368,17,2024-03-18,Facebook Ads,Converted
2061,1391,13,2024-03-19,電話,Qualified
1941,33,13,2024-03-19,電話,Qualified
6217,2001,17,2024-03-19,Facebook Ads,Qualified
6254,2845,15,2024-03-19,Google Ads,Qualified
9731,3664,26,2024-03-20,電話,Qualified
2119,2446,38,2024-03-20,Google Ads,New
2855,2280,38,2024-03-21,Google Ads,Converted
4807,2130,38,2024-03-21,Google Ads,New
3039,3729,13,2024-03-21,電話,Qualified
11462,490,38,2024-03-22,Google Ads,Lost
3234,3237,13,2024-03-22,電話,Lost
5391,3729,26,2024-03-22,電話,Qualified
7194,1619,17,2024-03-22,Facebook Ads,New
9909,3412,17,2024-03-23,Facebook Ads,Converted
4702,1355,38,2024-03-23,Google Ads,Converted
9995,3412,5,2024-03-24,Google Ads,New
9280,490,38,2024-03-24,Google Ads,New
3552,1619,26,2024-03-25,電話,Qualified
11886,3085,5,2024-03-26,Google Ads,Converted
1178,1027,5,2024-03-26,Google Ads,Contacted
11233,2480,5,2024-03-26,Google Ads,Contacted
1101,833,13,2024-03-26,電話,Contacted
10865,2617,38,2024-03-27,Google Ads,Qualified
2019,2911,15,2024-03-27,Google Ads,Qualified
11295,2865,39,2024-03-27,官網,Qualified
7101,2911,15,2024-03-27,Google Ads,Contacted
10800,3163,38,2024-03-27,Google Ads,Qualified
947,3664,26,2024-03-28,電話,Qualified
10563,3262,38,2024-03-28,Google Ads,New
8360,2278,17,2024-03-28,Facebook Ads,Lost
9531,2745,38,2024-03-28,Google Ads,Qualified
11427,1040,38,2024-03-28,Google Ads,New
3108,1321,15,2024-03-28,Google Ads,Contacted
11675,3122,39,2024-03-29,官網,Contacted
10599,2487,38,2024-03-29,Google Ads,Contacted
7584,813,5,2024-03-29,Google Ads,Contacted
10202,3750,17,2024-03-29,Facebook Ads,Converted
9557,453,5,2024-03-29,Google Ads,Qualified
3728,2264,38,2024-03-30,Google Ads,Contacted
11771,1166,15,2024-03-30,Google Ads,Qualified
1191,3214,13,2024-03-30,電話,New
9546,624,5,2024-03-31,Google Ads,Converted
3034,1070,38,2024-03-31,Google Ads,Qualified
6076,2883,39,2024-03-31,官網,Contacted
461,1369,5,2024-03-31,Google Ads,Converted
5133,296,38,2024-03-31,Google Ads,Contacted
5991,455,15,2024-03-31,Google Ads,Contacted
8578,3140,17,2024-03-31,Facebook Ads,Contacted
8872,1619,5,2024-03-31,Google Ads,Contacted
11981,1388,26,2024-03-31,電話,Contacted
5272,588,5,2024-04-01,Google Ads,Converted
1572,3323,17,2024-04-02,Facebook Ads,Lost
6468,3183,38,2024-04-02,Google Ads,Contacted
11654,3839,17,2024-04-02,Facebook Ads,Converted
11772,316,5,2024-04-03,Google Ads,New
8261,3414,38,2024-04-03,Google Ads,Converted
4504,3414,15,2024-04-03,Google Ads,Lost
11810,1015,5,2024-04-04,Google Ads,Contacted
7805,1071,5,2024-04-04,Google Ads,Qualified
5785,709,15,2024-04-04,Google Ads,Converted
2069,2864,17,2024-04-04,Facebook Ads,Lost
9309,1256,17,2024-04-04,Facebook Ads,Qualified
1402,2417,17,2024-04-04,Facebook Ads,Contacted
2479,2700,5,2024-04-05,Google Ads,New
7215,1826,26,2024-04-05,電話,Converted
2343,293,38,2024-04-05,Google Ads,Lost
7,2447,13,2024-04-05,電話,Lost
10487,293,15,2024-04-05,Google Ads,Contacted
9306,2159,26,2024-04-06,電話,Converted
520,375,26,2024-04-06,電話,Lost
7325,2324,13,2024-04-07,電話,Converted
2946,706,5,2024-04-07,Google Ads,Contacted
7142,3963,5,2024-04-07,Google Ads,Converted
4836,1594,38,2024-04-08,Google Ads,Contacted
7283,71,26,2024-04-08,電話,Qualified
6926,265,39,2024-04-08,官網,New
4612,1594,13,2024-04-08,電話,Converted
9592,3421,5,2024-04-09,Google Ads,Qualified
6161,1166,17,2024-04-09,Facebook Ads,New
11002,2886,26,2024-04-10,電話,Lost
4623,1071,26,2024-04-10,電話,Converted
6520,3421,17,2024-04-10,Facebook Ads,Lost
6669,3166,17,2024-04-11,Facebook Ads,Lost
6234,1814,17,2024-04-11,Facebook Ads,Converted
9269,1643,26,2024-04-12,電話,Converted
5685,2375,26,2024-04-12,電話,New
10538,3541,38,2024-04-12,Google Ads,New
7798,85,17,2024-04-12,Facebook Ads,New
4903,2961,5,2024-04-12,Google Ads,Lost
3543,1579,26,2024-04-12,電話,Converted
7496,3621,38,2024-04-13,Google Ads,New
1427,3787,15,2024-04-13,Google Ads,Contacted
10410,3186,17,2024-04-15,Facebook Ads,New
6614,3675,39,2024-04-15,官網,Lost
1796,2550,38,2024-04-15,Google Ads,Lost
2047,2176,13,2024-04-15,電話,Qualified
3162,476,15,2024-04-16,Google Ads,New
5802,64,38,2024-04-16,Google Ads,Converted
8362,1474,5,2024-04-16,Google Ads,Lost
4897,705,26,2024-04-16,電話,Contacted
7107,3795,15,2024-04-16,Google Ads,Lost
9351,1351,5,2024-04-16,Google Ads,Contacted
8240,2440,17,2024-04-17,Facebook Ads,New
7249,1707,17,2024-04-18,Facebook Ads,Contacted
5150,1778,5,2024-04-19,Google Ads,Qualified
5725,2755,5,2024-04-19,Google Ads,Lost
10193,3428,15,2024-04-19,Google Ads,Lost
5729,3428,17,2024-04-19,Facebook Ads,Converted
9510,1592,17,2024-04-19,Facebook Ads,Lost
9017,1977,5,2024-04-20,Google Ads,Lost
4552,1997,15,2024-04-20,Google Ads,Contacted
11712,1997,5,2024-04-20,Google Ads,New
11806,2644,5,2024-04-20,Google Ads,Contacted
2645,1997,39,2024-04-20,官網,Converted
8481,2704,15,2024-04-21,Google Ads,Qualified
10418,2704,38,2024-04-21,Google Ads,Converted
8683,2644,17,2024-04-21,Facebook Ads,Contacted
5283,1086,17,2024-04-21,Facebook Ads,Contacted
11311,2704,5,2024-04-21,Google Ads,New
8971,849,5,2024-04-21,Google Ads,Qualified
8865,849,15,2024-04-21,Google Ads,New
10431,3374,17,2024-04-21,Facebook Ads,New
1647,179,5,2024-04-21,Google Ads,Qualified
4872,1378,5,2024-04-21,Google Ads,Converted
4400,1964,5,2024-04-21,Google Ads,Converted
5806,1378,38,2024-04-21,Google Ads,Contacted
2116,1200,17,2024-04-22,Facebook Ads,Contacted
2995,2579,5,2024-04-22,Google Ads,Contacted
11762,2579,5,2024-04-22,Google Ads,Qualified
9749,241,39,2024-04-22,官網,Converted
6763,705,17,2024-04-22,Facebook Ads,Lost
3225,1360,17,2024-04-23,Facebook Ads,Converted
5800,1245,17,2024-04-24,Facebook Ads,Lost
10459,99,15,2024-04-24,Google Ads,New
473,1316,39,2024-04-25,官網,Converted
6872,1316,38,2024-04-25,Google Ads,Qualified
1265,1301,15,2024-04-25,Google Ads,Contacted
4418,2424,15,2024-04-26,Google Ads,Converted
11901,3873,13,2024-04-26,電話,Qualified
5519,2424,5,2024-04-26,Google Ads,Converted
9046,2424,15,2024-04-26,Google Ads,Converted
5708,3908,5,2024-04-27,Google Ads,New
11991,3908,38,2024-04-27,Google Ads,Lost
1800,450,15,2024-04-27,Google Ads,New
6069,3185,5,2024-04-28,Google Ads,New
6898,1900,15,2024-04-29,Google Ads,Contacted
8809,3551,39,2024-04-29,官網,Contacted
2703,290,5,2024-04-30,Google Ads,Converted
4119,3715,26,2024-05-01,電話,Converted
4868,2236,26,2024-05-03,電話,Converted
1697,247,15,2024-05-03,Google Ads,Converted
2940,247,39,2024-05-03,官網,Converted
5655,3274,5,2024-05-04,Google Ads,Qualified
10896,3274,17,2024-05-04,Facebook Ads,Contacted
3690,1032,15,2024-05-05,Google Ads,Converted
300,1768,38,2024-05-05,Google Ads,New
998,2942,26,2024-05-05,電話,Converted
8614,1768,5,2024-05-05,Google Ads,Converted
6836,1631,17,2024-05-07,Facebook Ads,Contacted
7557,1540,22,2024-05-08,Google Ads,Contacted
5717,2717,22,2024-05-08,Google Ads,New
7738,3880,22,2024-05-08,Google Ads,Qualified
9609,640,22,2024-05-08,Google Ads,Qualified
4601,811,22,2024-05-08,Google Ads,Contacted
7705,28,39,2024-05-08,官網,New
562,3239,22,2024-05-09,Google Ads,Contacted
2050,1050,38,2024-05-09,Google Ads,Qualified
10353,2673,5,2024-05-09,Google Ads,New
939,3776,5,2024-05-09,Google Ads,Converted
3424,3776,39,2024-05-09,官網,Contacted
8126,4,15,2024-05-10,Google Ads,Converted
3471,4,15,2024-05-10,Google Ads,Converted
1369,3833,22,2024-05-10,Google Ads,New
593,453,22,2024-05-10,Google Ads,Contacted
903,1155,22,2024-05-11,Google Ads,Qualified
8964,3278,15,2024-05-11,Google Ads,Qualified
9176,2723,22,2024-05-11,Google Ads,Contacted
3095,1432,22,2024-05-12,Google Ads,Qualified
5721,3662,5,2024-05-12,Google Ads,Lost
3123,2729,13,2024-05-12,電話,Contacted
11727,1194,22,2024-05-12,Google Ads,Lost
5894,3822,22,2024-05-12,Google Ads,New
10806,2729,38,2024-05-12,Google Ads,Qualified
11467,2729,5,2024-05-12,Google Ads,Lost
4592,3389,22,2024-05-12,Google Ads,Qualified
6799,1449,38,2024-05-12,Google Ads,Qualified
6338,3572,22,2024-05-13,Google Ads,New
2527,2432,22,2024-05-13,Google Ads,Converted
5605,721,39,2024-05-14,官網,Contacted
8222,377,22,2024-05-14,Google Ads,Qualified
5195,1754,22,2024-05-14,Google Ads,Lost
6948,3908,40,2024-05-14,Facebook Ads,Contacted
6803,3321,40,2024-05-14,Facebook Ads,Contacted
3223,1026,38,2024-05-15,Google Ads,Contacted
6868,1032,22,2024-05-15,Google Ads,Lost
8273,1026,38,2024-05-15,Google Ads,Converted
8010,2203,39,2024-05-15,官網,Qualified
1537,2495,22,2024-05-15,Google Ads,Contacted
69,2203,38,2024-05-15,Google Ads,New
8992,1441,22,2024-05-16,Google Ads,Contacted
690,969,22,2024-05-16,Google Ads,Contacted
7887,112,22,2024-05-16,Google Ads,Converted
5572,41,13,2024-05-17,電話,Qualified
9316,41,38,2024-05-17,Google Ads,Contacted
3230,472,40,2024-05-17,Facebook Ads,Lost
5634,3930,22,2024-05-17,Google Ads,New
3526,3698,26,2024-05-17,電話,Contacted
3122,3265,27,2024-05-18,Google Ads,Lost
10421,1887,22,2024-05-18,Google Ads,Qualified
2448,2795,22,2024-05-18,Google Ads,Contacted
2447,1888,27,2024-05-18,Google Ads,Lost
3577,450,22,2024-05-18,Google Ads,New
7418,605,22,2024-05-18,Google Ads,Converted
11566,3793,27,2024-05-18,Google Ads,Contacted
310,1743,27,2024-05-18,Google Ads,Converted
6613,3889,27,2024-05-18,Google Ads,Contacted
1536,51,5,2024-05-19,Google Ads,New
3083,2704,22,2024-05-19,Google Ads,Contacted
4210,3992,13,2024-05-19,電話,Qualified
2238,2942,22,2024-05-19,Google Ads,Converted
9336,2343,22,2024-05-20,Google Ads,Lost
4543,1762,40,2024-05-20,Facebook Ads,Lost
11379,2145,40,2024-05-20,Facebook Ads,Converted
58,3414,22,2024-05-20,Google Ads,New
2613,1146,27,2024-05-21,Google Ads,Contacted
4978,1070,22,2024-05-21,Google Ads,Qualified
3213,847,22,2024-05-21,Google Ads,Qualified
8985,1635,15,2024-05-21,Google Ads,Qualified
10225,1953,15,2024-05-21,Google Ads,Contacted
683,1953,17,2024-05-21,Facebook Ads,Lost
1898,2446,22,2024-05-21,Google Ads,New
2451,2854,27,2024-05-22,Google Ads,Contacted
9067,4,27,2024-05-22,Google Ads,Qualified
7070,179,22,2024-05-22,Google Ads,Contacted
6314,1256,27,2024-05-22,Google Ads,Qualified
2139,1026,22,2024-05-22,Google Ads,New
4713,3839,27,2024-05-22,Google Ads,Lost
4132,28,40,2024-05-22,Facebook Ads,Converted
5027,2461,27,2024-05-23,Google Ads,New
4975,1523,27,2024-05-23,Google Ads,Lost
3172,1462,27,2024-05-23,Google Ads,Converted
3443,385,22,2024-05-23,Google Ads,Lost
7755,357,27,2024-05-23,Google Ads,New
4926,3237,27,2024-05-23,Google Ads,Qualified
3622,2096,40,2024-05-23,Facebook Ads,Qualified
8843,71,27,2024-05-23,Google Ads,Contacted
1424,3786,26,2024-05-23,電話,Converted
4650,916,17,2024-05-23,Facebook Ads,Contacted
1370,2576,40,2024-05-23,Facebook Ads,Converted
5535,916,17,2024-05-23,Facebook Ads,Contacted
6578,3310,27,2024-05-24,Google Ads,New
2824,3355,40,2024-05-24,Facebook Ads,Converted
7017,761,40,2024-05-24,Facebook Ads,Qualified
1097,2850,40,2024-05-24,Facebook Ads,Lost
1837,2508,5,2024-05-24,Google Ads,Qualified
6456,932,22,2024-05-24,Google Ads,Qualified
11304,2664,5,2024-05-24,Google Ads,Lost
2113,1278,22,2024-05-24,Google Ads,Lost
3348,2664,22,2024-05-24,Google Ads,Qualified
4884,624,22,2024-05-25,Google Ads,New
7810,2474,15,2024-05-25,Google Ads,Qualified
4131,811,27,2024-05-25,Google Ads,Qualified
4473,2383,22,2024-05-25,Google Ads,Contacted
6846,2417,22,2024-05-25,Google Ads,Converted
7926,3280,27,2024-05-25,Google Ads,Contacted
8932,2946,40,2024-05-25,Facebook Ads,Contacted
9541,3412,22,2024-05-26,Google Ads,Qualified
2331,2732,27,2024-05-26,Google Ads,Qualified
8306,3087,22,2024-05-26,Google Ads,Qualified
11980,2432,27,2024-05-27,Google Ads,Qualified
4022,33,40,2024-05-27,Facebook Ads,Contacted
5453,2236,40,2024-05-27,Facebook Ads,Contacted
2786,3899,27,2024-05-27,Google Ads,New
9654,455,40,2024-05-27,Facebook Ads,Contacted
4016,879,27,2024-05-27,Google Ads,Converted
3830,3784,40,2024-05-28,Facebook Ads,Contacted
72,1051,22,2024-05-28,Google Ads,Contacted
5773,2508,27,2024-05-28,Google Ads,Qualified
622,3429,22,2024-05-28,Google Ads,Converted
5414,1994,39,2024-05-28,官網,Contacted
11964,404,22,2024-05-28,Google Ads,Contacted
4078,2270,27,2024-05-28,Google Ads,Lost
7303,3414,27,2024-05-28,Google Ads,Lost
11613,3057,22,2024-05-29,Google Ads,Contacted
9107,1252,26,2024-05-29,電話,Contacted
936,3195,27,2024-05-29,Google Ads,Lost
3470,3057,17,2024-05-29,Facebook Ads,Contacted
4058,1836,39,2024-05-29,官網,New
1888,1027,27,2024-05-30,Google Ads,Contacted
694,2145,27,2024-05-30,Google Ads,Qualified
2039,588,40,2024-05-30,Facebook Ads,Lost
6441,3997,27,2024-05-30,Google Ads,Contacted
3625,3951,27,2024-05-30,Google Ads,Contacted
5487,1040,40,2024-05-31,Facebook Ads,Converted
4099,3564,27,2024-05-31,Google Ads,New
2797,1551,38,2024-05-31,Google Ads,Qualified
5452,333,40,2024-05-31,Facebook Ads,Lost
11281,3989,27,2024-05-31,Google Ads,Contacted
598,1551,17,2024-05-31,Facebook Ads,Lost
10387,3719,5,2024-06-01,Google Ads,Contacted
9910,3719,15,2024-06-01,Google Ads,Contacted
2729,3212,27,2024-06-01,Google Ads,Qualified
1119,1544,27,2024-06-01,Google Ads,Qualified
11769,2315,15,2024-06-01,Google Ads,Qualified
9407,2493,40,2024-06-01,Facebook Ads,Converted
9456,3429,27,2024-06-02,Google Ads,Lost
8574,2882,27,2024-06-02,Google Ads,Lost
1413,3564,27,2024-06-02,Google Ads,Converted
3805,3467,27,2024-06-03,Google Ads,Contacted
3090,2883,27,2024-06-03,Google Ads,Contacted
927,2845,27,2024-06-03,Google Ads,Contacted
3930,3711,5,2024-06-03,Google Ads,Contacted
4087,2449,5,2024-06-03,Google Ads,Converted
6864,3979,38,2024-06-03,Google Ads,Contacted
3378,2148,22,2024-06-04,Google Ads,Lost
6084,605,27,2024-06-04,Google Ads,New
8949,455,27,2024-06-04,Google Ads,Qualified
7098,1829,39,2024-06-04,官網,Contacted
9028,3552,5,2024-06-04,Google Ads,Qualified
7222,3355,27,2024-06-04,Google Ads,Lost
11749,721,27,2024-06-04,Google Ads,Contacted
2004,2604,27,2024-06-04,Google Ads,Qualified
9513,155,38,2024-06-04,Google Ads,Lost
3387,3374,27,2024-06-04,Google Ads,Qualified
3420,1450,15,2024-06-05,Google Ads,Contacted
11829,2442,17,2024-06-05,Facebook Ads,Lost
941,2447,27,2024-06-05,Google Ads,New
1753,2442,15,2024-06-05,Google Ads,Qualified
6796,476,14,2024-06-05,Google Ads,Contacted
2898,3310,14,2024-06-06,Google Ads,Converted
11261,3164,27,2024-06-06,Google Ads,Contacted
11282,2449,27,2024-06-06,Google Ads,New
2040,2495,27,2024-06-06,Google Ads,Qualified
8076,1762,27,2024-06-07,Google Ads,Converted
8392,3618,38,2024-06-07,Google Ads,Qualified
1290,3618,38,2024-06-07,Google Ads,Contacted
11101,3629,27,2024-06-07,Google Ads,Contacted
1856,3302,27,2024-06-07,Google Ads,Converted
7400,668,27,2024-06-07,Google Ads,Lost
11948,350,27,2024-06-07,Google Ads,Qualified
174,149,40,2024-06-07,Facebook Ads,Contacted
5767,2159,27,2024-06-07,Google Ads,Contacted
10107,455,27,2024-06-07,Google Ads,Lost
7213,849,27,2024-06-07,Google Ads,Converted
1597,1030,27,2024-06-07,Google Ads,Converted
4105,3392,14,2024-06-07,Google Ads,Converted
7967,2096,27,2024-06-08,Google Ads,Contacted
5614,2333,27,2024-06-08,Google Ads,Qualified
7179,393,22,2024-06-08,Google Ads,Qualified
7278,3513,38,2024-06-08,Google Ads,Qualified
959,3513,17,2024-06-08,Facebook Ads,Qualified
2733,393,13,2024-06-08,電話,Lost
3215,2864,40,2024-06-08,Facebook Ads,Qualified
5082,441,5,2024-06-08,Google Ads,Converted
4508,495,15,2024-06-08,Google Ads,Contacted
3975,2012,27,2024-06-08,Google Ads,Converted
7207,3832,27,2024-06-09,Google Ads,Contacted
7514,2456,5,2024-06-09,Google Ads,Qualified
6700,2864,14,2024-06-09,Google Ads,Contacted
5704,1829,27,2024-06-09,Google Ads,Converted
10383,2391,27,2024-06-09,Google Ads,Qualified
1170,3664,14,2024-06-09,Google Ads,New
8961,3521,27,2024-06-09,Google Ads,Qualified
2481,1822,27,2024-06-10,Google Ads,Contacted
7689,1540,14,2024-06-10,Google Ads,New
3025,1822,13,2024-06-10,電話,Lost
1033,350,40,2024-06-10,Facebook Ads,Qualified
1435,3859,26,2024-06-10,電話,Contacted
7902,2850,40,2024-06-10,Facebook Ads,New
6981,3234,22,2024-06-10,Google Ads,Converted
10594,140,27,2024-06-10,Google Ads,Qualified
6712,721,40,2024-06-11,Facebook Ads,Qualified
10690,686,27,2024-06-11,Google Ads,New
3627,2213,15,2024-06-12,Google Ads,Converted
2427,1326,5,2024-06-12,Google Ads,New
3383,2213,15,2024-06-12,Google Ads,New
4136,1206,15,2024-06-13,Google Ads,Qualified
4056,680,15,2024-06-13,Google Ads,Contacted
3641,1570,40,2024-06-13,Facebook Ads,Converted
9177,1544,40,2024-06-13,Facebook Ads,Qualified
6065,2368,40,2024-06-13,Facebook Ads,Lost
5576,1206,5,2024-06-13,Google Ads,Qualified
6130,2818,14,2024-06-14,Google Ads,Qualified
8632,3429,40,2024-06-14,Facebook Ads,Converted
9668,1888,40,2024-06-14,Facebook Ads,New
7811,2474,40,2024-06-15,Facebook Ads,New
8712,1378,14,2024-06-15,Google Ads,New
8880,3321,40,2024-06-15,Facebook Ads,Contacted
5672,3106,14,2024-06-15,Google Ads,Contacted
4365,155,40,2024-06-15,Facebook Ads,New
4822,2205,14,2024-06-15,Google Ads,New
2434,1147,14,2024-06-15,Google Ads,Qualified
4600,1824,27,2024-06-15,Google Ads,Contacted
4873,19,22,2024-06-16,Google Ads,Lost
3597,3479,40,2024-06-16,Facebook Ads,Converted
6887,821,22,2024-06-16,Google Ads,Qualified
237,3195,14,2024-06-16,Google Ads,New
9788,2507,22,2024-06-16,Google Ads,Lost
1735,19,5,2024-06-16,Google Ads,Contacted
9574,3637,39,2024-06-17,官網,Converted
2026,2194,27,2024-06-17,Google Ads,New
2575,2946,40,2024-06-17,Facebook Ads,Contacted
7518,3835,40,2024-06-17,Facebook Ads,Contacted
7443,1424,5,2024-06-18,Google Ads,Lost
5653,1424,22,2024-06-18,Google Ads,Contacted
9213,1004,13,2024-06-18,電話,Contacted
10855,1818,14,2024-06-18,Google Ads,Contacted
73,1004,15,2024-06-18,Google Ads,Lost
2982,614,40,2024-06-19,Facebook Ads,New
1017,3767,22,2024-06-19,Google Ads,Qualified
6165,3767,27,2024-06-19,Google Ads,Converted
3054,1180,14,2024-06-20,Google Ads,Converted
10224,527,27,2024-06-20,Google Ads,Qualified
2181,3214,14,2024-06-20,Google Ads,Lost
2693,527,15,2024-06-20,Google Ads,Qualified
2567,624,40,2024-06-20,Facebook Ads,New
1744,2683,15,2024-06-21,Google Ads,Converted
4794,3782,14,2024-06-21,Google Ads,Qualified
9418,2102,27,2024-06-21,Google Ads,New
3718,3002,38,2024-06-21,Google Ads,Contacted
1577,2102,15,2024-06-21,Google Ads,Lost
9612,2448,27,2024-06-21,Google Ads,Converted
6992,658,40,2024-06-21,Facebook Ads,New
4458,3002,26,2024-06-21,電話,Contacted
4129,149,14,2024-06-21,Google Ads,Converted
5728,2102,38,2024-06-21,Google Ads,Converted
10017,2300,15,2024-06-22,Google Ads,Lost
3519,412,38,2024-06-22,Google Ads,Lost
11308,2452,26,2024-06-22,電話,Converted
6396,2246,14,2024-06-23,Google Ads,New
10152,3462,40,2024-06-24,Facebook Ads,New
6682,2194,40,2024-06-24,Facebook Ads,New
1722,463,5,2024-06-24,Google Ads,Contacted
4966,3070,40,2024-06-24,Facebook Ads,Converted
467,3374,14,2024-06-24,Google Ads,Lost
2227,840,14,2024-06-24,Google Ads,New
11703,2762,5,2024-06-24,Google Ads,Contacted
2901,1840,5,2024-06-25,Google Ads,Qualified
4420,1433,17,2024-06-25,Facebook Ads,Contacted
5977,1624,39,2024-06-25,官網,New
11682,701,40,2024-06-26,Facebook Ads,Contacted
5700,1388,14,2024-06-26,Google Ads,Converted
8177,1523,40,2024-06-26,Facebook Ads,Lost
6913,3350,22,2024-06-27,Google Ads,New
6832,685,38,2024-06-27,Google Ads,New
10310,527,14,2024-06-27,Google Ads,New
152,1624,40,2024-06-27,Facebook Ads,Qualified
704,3360,5,2024-06-27,Google Ads,Qualified
11137,2280,14,2024-06-27,Google Ads,New
8622,3360,22,2024-06-27,Google Ads,Qualified
11996,685,15,2024-06-27,Google Ads,Qualified
1050,685,15,2024-06-27,Google Ads,New
6173,3486,13,2024-06-28,電話,Lost
6128,2554,14,2024-06-28,Google Ads,New
2869,1432,14,2024-06-29,Google Ads,Qualified
11851,1814,14,2024-06-30,Google Ads,Contacted
8505,577,17,2024-06-30,Facebook Ads,Contacted
1652,897,14,2024-06-30,Google Ads,Qualified
5362,1391,40,2024-06-30,Facebook Ads,Converted
11612,3310,40,2024-07-01,Facebook Ads,New
6719,57,40,2024-07-01,Facebook Ads,Qualified
10559,682,14,2024-07-01,Google Ads,Contacted
6901,3348,40,2024-07-01,Facebook Ads,Lost
11599,3397,40,2024-07-02,Facebook Ads,New
10318,504,40,2024-07-02,Facebook Ads,Qualified
7032,1274,14,2024-07-02,Google Ads,Converted
6584,1490,38,2024-07-02,Google Ads,Contacted
2304,2092,14,2024-07-03,Google Ads,Lost
6914,2762,40,2024-07-03,Facebook Ads,Lost
5921,196,5,2024-07-03,Google Ads,Qualified
2533,3453,14,2024-07-03,Google Ads,Qualified
11167,196,13,2024-07-03,電話,Converted
10743,3742,40,2024-07-03,Facebook Ads,Contacted
3152,2339,27,2024-07-04,Google Ads,New
5943,2339,15,2024-07-04,Google Ads,Contacted
1455,2926,15,2024-07-04,Google Ads,Contacted
3163,253,14,2024-07-04,Google Ads,Qualified
1491,821,40,2024-07-04,Facebook Ads,New
11262,3320,14,2024-07-04,Google Ads,Qualified
730,773,17,2024-07-04,Facebook Ads,Converted
888,422,40,2024-07-04,Facebook Ads,Qualified
3884,725,40,2024-07-04,Facebook Ads,Converted
8510,3997,14,2024-07-05,Google Ads,Contacted
7331,2617,40,2024-07-05,Facebook Ads,New
2137,1213,38,2024-07-05,Google Ads,Lost
4397,1351,14,2024-07-05,Google Ads,New
5903,1798,5,2024-07-06,Google Ads,Converted
2239,3554,38,2024-07-06,Google Ads,Qualified
9877,3554,13,2024-07-06,電話,Qualified
3856,1798,38,2024-07-06,Google Ads,New
8643,1798,27,2024-07-06,Google Ads,Converted
2220,1478,5,2024-07-06,Google Ads,Qualified
7127,1798,38,2024-07-06,Google Ads,Qualified
3708,2073,14,2024-07-06,Google Ads,Lost
8385,3554,27,2024-07-06,Google Ads,Contacted
5270,3400,14,2024-07-06,Google Ads,Contacted
10620,1478,17,2024-07-06,Facebook Ads,Lost
4834,1478,17,2024-07-06,Facebook Ads,Contacted
11093,3554,39,2024-07-06,官網,Converted
1911,3185,14,2024-07-07,Google Ads,Contacted
4019,3832,14,2024-07-07,Google Ads,New
5602,19,10,2024-07-07,官網,Qualified
11888,2368,14,2024-07-07,Google Ads,New
6986,2131,14,2024-07-08,Google Ads,New
7605,2333,10,2024-07-08,官網,Qualified
1658,1840,14,2024-07-08,Google Ads,Lost
11109,308,14,2024-07-08,Google Ads,New
965,724,14,2024-07-08,Google Ads,Lost
3394,179,10,2024-07-09,官網,Converted
3481,3089,17,2024-07-09,Facebook Ads,Contacted
10256,2551,15,2024-07-09,Google Ads,Converted
3079,2551,17,2024-07-09,Facebook Ads,Converted
7597,3089,22,2024-07-09,Google Ads,Contacted
11387,1925,39,2024-07-10,官網,Qualified
6658,640,10,2024-07-10,官網,Qualified
11919,1925,27,2024-07-10,Google Ads,Converted
5451,265,14,2024-07-10,Google Ads,New
10573,3979,14,2024-07-10,Google Ads,Converted
7700,3412,14,2024-07-11,Google Ads,Contacted
6915,1070,14,2024-07-11,Google Ads,New
9843,2507,14,2024-07-11,Google Ads,Converted
1284,2739,15,2024-07-11,Google Ads,New
4491,2928,27,2024-07-12,Google Ads,Lost
37,2554,14,2024-07-12,Google Ads,New
5549,2928,27,2024-07-12,Google Ads,Lost
10777,773,14,2024-07-12,Google Ads,Converted
7288,1326,14,2024-07-12,Google Ads,Converted
3194,265,10,2024-07-12,官網,Contacted
4311,2559,14,2024-07-12,Google Ads,Qualified
2581,2928,5,2024-07-12,Google Ads,New
109,2505,40,2024-07-12,Facebook Ads,New
6776,1217,14,2024-07-13,Google Ads,Lost
2000,276,14,2024-07-13,Google Ads,Contacted
4865,2600,10,2024-07-13,官網,Contacted
7224,3608,14,2024-07-13,Google Ads,Converted
10335,1864,17,2024-07-13,Facebook Ads,Qualified
10794,1852,5,2024-07-13,Google Ads,Qualified
6940,1441,14,2024-07-13,Google Ads,New
1691,277,17,2024-07-13,Facebook Ads,New
3413,1503,15,2024-07-14,Google Ads,Qualified
9170,3826,14,2024-07-14,Google Ads,Contacted
10923,3817,10,2024-07-14,官網,Converted
856,1967,22,2024-07-15,Google Ads,New
5156,2840,14,2024-07-15,Google Ads,Contacted
2710,1964,14,2024-07-15,Google Ads,New
11849,3265,10,2024-07-16,官網,Qualified
11004,969,10,2024-07-16,官網,Converted
5857,2326,26,2024-07-16,電話,Qualified
11082,2335,10,2024-07-16,官網,Contacted
773,3146,5,2024-07-16,Google Ads,Contacted
4644,32,5,2024-07-17,Google Ads,Contacted
6103,3764,10,2024-07-17,官網,Converted
9871,1326,14,2024-07-17,Google Ads,Qualified
7317,1640,39,2024-07-18,官網,Converted
2698,1373,10,2024-07-18,官網,Qualified
10776,1010,15,2024-07-19,Google Ads,Contacted
2742,1359,40,2024-07-19,Facebook Ads,Contacted
3329,1359,26,2024-07-19,電話,Qualified
10117,1010,5,2024-07-19,Google Ads,New
5236,3946,15,2024-07-19,Google Ads,Contacted
10060,1749,10,2024-07-19,官網,Contacted
5357,3946,17,2024-07-19,Facebook Ads,Qualified
602,895,14,2024-07-19,Google Ads,Qualified
6105,3946,5,2024-07-19,Google Ads,Converted
9224,3489,27,2024-07-20,Google Ads,Converted
8356,2073,10,2024-07-20,官網,Lost
11458,3869,14,2024-07-20,Google Ads,Qualified
9215,2462,15,2024-07-20,Google Ads,New
3769,2698,17,2024-07-20,Facebook Ads,Converted
2920,2926,14,2024-07-20,Google Ads,Lost
5611,3489,38,2024-07-20,Google Ads,New
5871,1721,22,2024-07-20,Google Ads,Qualified
10694,1721,22,2024-07-20,Google Ads,New
5128,3489,27,2024-07-20,Google Ads,New
1779,2698,27,2024-07-20,Google Ads,Contacted
1804,2868,14,2024-07-20,Google Ads,Lost
372,692,15,2024-07-21,Google Ads,Converted
8689,2168,40,2024-07-21,Facebook Ads,Qualified
3561,2698,14,2024-07-21,Google Ads,Contacted
702,692,39,2024-07-21,官網,New
5621,2168,38,2024-07-21,Google Ads,Qualified
11456,692,38,2024-07-21,Google Ads,Contacted
387,1864,14,2024-07-22,Google Ads,Qualified
10403,1335,17,2024-07-22,Facebook Ads,Lost
5811,13,17,2024-07-23,Facebook Ads,Lost
10871,836,13,2024-07-23,電話,Lost
8824,2207,38,2024-07-23,Google Ads,Lost
3729,413,17,2024-07-23,Facebook Ads,Converted
5581,231,39,2024-07-24,官網,Lost
1096,1107,17,2024-07-24,Facebook Ads,Converted
7546,1107,39,2024-07-24,官網,New
11030,1107,15,2024-07-24,Google Ads,Converted
85,1888,10,2024-07-25,官網,Converted
4340,25,40,2024-07-25,Facebook Ads,Converted
5348,3942,27,2024-07-25,Google Ads,Converted
7106,3942,13,2024-07-25,電話,Contacted
1134,1589,40,2024-07-25,Facebook Ads,Converted
3115,2220,22,2024-07-26,Google Ads,Converted
2251,2220,38,2024-07-26,Google Ads,Converted
3672,3110,39,2024-07-26,官網,Contacted
434,3110,38,2024-07-26,Google Ads,New
11720,2333,10,2024-07-26,官網,New
10900,2270,10,2024-07-27,官網,New
6905,3520,27,2024-07-28,Google Ads,Converted
8025,1448,40,2024-07-28,Facebook Ads,Contacted
3524,3446,38,2024-07-28,Google Ads,Lost
7867,1128,22,2024-07-29,Google Ads,Contacted
3945,2726,38,2024-07-29,Google Ads,Qualified
6764,1128,14,2024-07-29,Google Ads,Lost
8119,1938,17,2024-07-30,Facebook Ads,Converted
5442,854,40,2024-07-30,Facebook Ads,Converted
8676,1084,10,2024-07-30,官網,Lost
3373,245,27,2024-07-31,Google Ads,New
6407,2911,10,2024-07-31,官網,Contacted
4071,658,10,2024-07-31,官網,New
771,817,5,2024-07-31,Google Ads,Lost
5511,1552,5,2024-07-31,Google Ads,Contacted
5157,245,22,2024-07-31,Google Ads,Converted
584,3290,10,2024-07-31,官網,Converted
605,1947,5,2024-08-01,Google Ads,Contacted
7713,566,40,2024-08-01,Facebook Ads,Contacted
5923,1639,17,2024-08-01,Facebook Ads,Qualified
5482,3335,14,2024-08-01,Google Ads,Lost
3350,2320,40,2024-08-01,Facebook Ads,Lost
1446,1947,17,2024-08-01,Facebook Ads,Converted
4576,1743,10,2024-08-02,官網,Lost
601,3046,17,2024-08-02,Facebook Ads,New
8758,3462,10,2024-08-02,官網,Lost
9688,3046,14,2024-08-02,Google Ads,New
334,3046,5,2024-08-02,Google Ads,Contacted
2878,1628,22,2024-08-02,Google Ads,Converted
8515,350,10,2024-08-03,官網,Converted
167,3608,10,2024-08-03,官網,Qualified
3684,956,40,2024-08-03,Facebook Ads,Lost
8378,870,40,2024-08-03,Facebook Ads,New
1808,2900,22,2024-08-03,Google Ads,Qualified
2726,870,14,2024-08-03,Google Ads,Qualified
8789,956,38,2024-08-03,Google Ads,Contacted
5418,2030,10,2024-08-04,官網,Converted
2466,2355,22,2024-08-04,Google Ads,Contacted
11399,422,10,2024-08-04,官網,Qualified
9622,3312,38,2024-08-04,Google Ads,New
4113,3312,38,2024-08-04,Google Ads,Contacted
8436,369,27,2024-08-05,Google Ads,Contacted
8889,3417,10,2024-08-06,官網,Contacted
5138,2908,38,2024-08-06,Google Ads,Contacted
5105,1084,10,2024-08-06,官網,Lost
10510,3036,27,2024-08-07,Google Ads,Lost
5825,1903,17,2024-08-07,Facebook Ads,Lost
9070,1903,5,2024-08-07,Google Ads,New
7644,3036,27,2024-08-07,Google Ads,Lost
20,2637,14,2024-08-07,Google Ads,Qualified
8584,3114,40,2024-08-07,Facebook Ads,Contacted
10490,956,10,2024-08-07,官網,Qualified
11653,3036,38,2024-08-07,Google Ads,Contacted
455,3037,5,2024-08-07,Google Ads,Qualified
4667,945,5,2024-08-07,Google Ads,Lost
4394,2637,39,2024-08-07,官網,Lost
3236,945,40,2024-08-07,Facebook Ads,Lost
5508,3420,10,2024-08-08,官網,Contacted
4856,1061,22,2024-08-09,Google Ads,Qualified
11274,1061,5,2024-08-09,Google Ads,New
9115,2355,10,2024-08-09,官網,Lost
5674,3760,10,2024-08-09,官網,Lost
10292,1558,15,2024-08-09,Google Ads,Lost
3786,2370,5,2024-08-10,Google Ads,Converted
10205,2370,17,2024-08-10,Facebook Ads,Qualified
4235,2370,15,2024-08-10,Google Ads,Qualified
8802,3604,27,2024-08-10,Google Ads,Converted
7128,2259,14,2024-08-10,Google Ads,New
5191,3564,8,2024-08-10,Referral,Converted
11235,748,22,2024-08-10,Google Ads,Contacted
5121,3997,10,2024-08-10,官網,Qualified
9992,1707,10,2024-08-10,官網,Qualified
884,3604,5,2024-08-10,Google Ads,Contacted
1910,2179,26,2024-08-11,電話,New
1949,2637,10,2024-08-11,官網,Qualified
9393,1582,40,2024-08-11,Facebook Ads,Lost
7382,2179,17,2024-08-11,Facebook Ads,Lost
10786,1582,38,2024-08-11,Google Ads,New
8828,463,10,2024-08-11,官網,Converted
11671,33,8,2024-08-12,Referral,Converted
3801,1595,14,2024-08-12,Google Ads,Qualified
7170,1595,40,2024-08-12,Facebook Ads,Lost
8858,3812,13,2024-08-12,電話,Qualified
2991,3812,22,2024-08-12,Google Ads,Converted
9328,1595,22,2024-08-12,Google Ads,Lost
644,3140,10,2024-08-12,官網,Contacted
8245,3716,8,2024-08-12,Referral,Converted
5120,60,14,2024-08-12,Google Ads,Contacted
1048,3812,15,2024-08-12,Google Ads,Contacted
2408,3010,40,2024-08-13,Facebook Ads,Lost
9702,3010,40,2024-08-13,Facebook Ads,New
4367,3010,38,2024-08-13,Google Ads,Converted
1439,3010,22,2024-08-13,Google Ads,Contacted
8082,408,26,2024-08-13,電話,Lost
10247,3010,17,2024-08-13,Facebook Ads,Converted
8991,122,27,2024-08-13,Google Ads,New
408,2541,15,2024-08-13,Google Ads,Lost
6610,715,14,2024-08-13,Google Ads,Contacted
4000,2077,17,2024-08-14,Facebook Ads,Contacted
8308,563,8,2024-08-14,Referral,Lost
8028,2077,40,2024-08-14,Facebook Ads,Contacted
2825,1529,10,2024-08-14,官網,Converted
6562,3324,10,2024-08-15,官網,Qualified
10424,2495,10,2024-08-15,官網,Qualified
3716,3979,10,2024-08-15,官網,Contacted
3512,1689,13,2024-08-15,電話,Converted
8526,1991,15,2024-08-16,Google Ads,Converted
9054,3394,10,2024-08-16,官網,New
7649,2900,10,2024-08-16,官網,Contacted
6575,3567,38,2024-08-16,Google Ads,Contacted
136,3046,10,2024-08-16,官網,Contacted
8284,3324,10,2024-08-17,官網,Contacted
6159,3369,5,2024-08-17,Google Ads,Contacted
1985,275,5,2024-08-17,Google Ads,Contacted
2924,3369,22,2024-08-17,Google Ads,New
3646,2475,17,2024-08-17,Facebook Ads,Qualified
6384,275,27,2024-08-17,Google Ads,Qualified
3910,3264,10,2024-08-17,官網,Converted
11776,3369,14,2024-08-17,Google Ads,Contacted
7472,3558,39,2024-08-17,官網,Qualified
3409,2475,40,2024-08-17,Facebook Ads,New
3946,3369,15,2024-08-17,Google Ads,Converted
4594,2704,10,2024-08-18,官網,Contacted
9329,196,8,2024-08-18,Referral,Converted
7915,1875,15,2024-08-18,Google Ads,Qualified
10832,397,5,2024-08-19,Google Ads,Contacted
6667,1615,8,2024-08-19,Referral,Converted
8687,89,10,2024-08-19,官網,Converted
5291,2622,14,2024-08-19,Google Ads,Contacted
1632,835,37,2024-08-20,Facebook Ads,New
3731,2428,26,2024-08-20,電話,Contacted
3756,949,22,2024-08-20,Google Ads,Qualified
5768,949,13,2024-08-20,電話,Contacted
4202,949,22,2024-08-20,Google Ads,Contacted
9873,2921,27,2024-08-20,Google Ads,New
10116,3731,17,2024-08-20,Facebook Ads,Contacted
2838,949,39,2024-08-20,官網,Lost
590,3731,17,2024-08-20,Facebook Ads,Qualified
1789,3731,13,2024-08-20,電話,New
1296,736,22,2024-08-21,Google Ads,Contacted
6922,87,39,2024-08-21,官網,Qualified
1163,1938,8,2024-08-21,Referral,Qualified
5337,3522,8,2024-08-21,Referral,Qualified
9589,2493,37,2024-08-21,Facebook Ads,New
7812,736,13,2024-08-21,電話,Converted
6068,2468,8,2024-08-21,Referral,Converted
11925,87,14,2024-08-21,Google Ads,New
9031,3764,37,2024-08-22,Facebook Ads,Contacted
11982,3304,15,2024-08-22,Google Ads,Converted
5405,1631,37,2024-08-22,Facebook Ads,Qualified
2282,1628,37,2024-08-22,Facebook Ads,Contacted
3720,914,27,2024-08-22,Google Ads,Converted
4692,3261,37,2024-08-22,Facebook Ads,Contacted
4138,2065,10,2024-08-22,官網,Qualified
6028,914,5,2024-08-22,Google Ads,Qualified
7995,914,5,2024-08-22,Google Ads,Converted
528,914,27,2024-08-22,Google Ads,Qualified
47,1373,10,2024-08-23,官網,Converted
1204,1905,10,2024-08-23,官網,Qualified
3279,1196,8,2024-08-23,Referral,Converted
3817,1991,37,2024-08-24,Facebook Ads,Qualified
565,3264,37,2024-08-24,Facebook Ads,Contacted
1924,1958,37,2024-08-24,Facebook Ads,Lost
7520,638,13,2024-08-25,電話,Contacted
3755,638,27,2024-08-25,Google Ads,Contacted
843,638,17,2024-08-25,Facebook Ads,Converted
172,2003,15,2024-08-26,Google Ads,New
7202,2224,5,2024-08-26,Google Ads,New
618,1942,14,2024-08-26,Google Ads,Contacted
8499,1965,17,2024-08-26,Facebook Ads,New
10528,2003,38,2024-08-26,Google Ads,Qualified
802,403,17,2024-08-26,Facebook Ads,Qualified
2177,2186,14,2024-08-26,Google Ads,New
9857,2003,38,2024-08-26,Google Ads,Qualified
245,2963,15,2024-08-26,Google Ads,Contacted
1909,3332,10,2024-08-27,官網,Contacted
4751,624,8,2024-08-27,Referral,Converted
9147,1406,37,2024-08-27,Facebook Ads,Qualified
10245,3850,27,2024-08-27,Google Ads,New
4568,2894,40,2024-08-27,Facebook Ads,Qualified
6931,1474,10,2024-08-27,官網,New
7889,3812,10,2024-08-27,官網,New
11096,3101,10,2024-08-28,官網,Contacted
11162,195,10,2024-08-28,官網,New
10943,25,10,2024-08-28,官網,Qualified
3256,2372,26,2024-08-28,電話,Contacted
10586,3261,10,2024-08-28,官網,Lost
8196,2603,10,2024-08-28,官網,Converted
6182,2372,22,2024-08-28,Google Ads,Qualified
2132,2253,15,2024-08-28,Google Ads,Contacted
7314,2782,37,2024-08-29,Facebook Ads,Converted
6391,139,38,2024-08-29,Google Ads,Contacted
4738,3674,37,2024-08-29,Facebook Ads,New
8977,597,10,2024-08-29,官網,Converted
5676,708,15,2024-08-29,Google Ads,Lost
1645,708,38,2024-08-29,Google Ads,Qualified
6324,1040,37,2024-08-29,Facebook Ads,Converted
3537,1417,27,2024-08-29,Google Ads,Qualified
4875,1417,14,2024-08-29,Google Ads,Contacted
11275,1417,26,2024-08-29,電話,Converted
7175,1417,38,2024-08-29,Google Ads,Qualified
5450,3643,5,2024-08-30,Google Ads,Lost
4619,1152,14,2024-08-30,Google Ads,Qualified
4604,3265,37,2024-08-30,Facebook Ads,New
2385,85,10,2024-08-30,官網,Qualified
11696,1387,8,2024-08-30,Referral,Converted
11148,456,37,2024-08-30,Facebook Ads,Contacted
142,3967,27,2024-08-30,Google Ads,Lost
7571,3212,37,2024-08-30,Facebook Ads,Contacted
5049,484,8,2024-08-30,Referral,Converted
8008,3738,27,2024-08-30,Google Ads,Converted
3721,1583,37,2024-08-30,Facebook Ads,Contacted
1133,3738,38,2024-08-30,Google Ads,New
2936,1152,17,2024-08-30,Facebook Ads,Lost
8257,1233,27,2024-08-30,Google Ads,New
3663,1152,39,2024-08-30,官網,Converted
3174,1257,17,2024-08-31,Facebook Ads,Contacted
5931,1257,38,2024-08-31,Google Ads,Lost
6878,2748,22,2024-08-31,Google Ads,Contacted
3391,1241,10,2024-08-31,官網,Qualified
4425,139,10,2024-08-31,官網,Qualified
4478,1004,37,2024-08-31,Facebook Ads,Qualified
6798,525,10,2024-08-31,官網,Qualified
7804,1417,10,2024-08-31,官網,Contacted
4962,3497,22,2024-08-31,Google Ads,Contacted
4845,2748,17,2024-08-31,Facebook Ads,Lost
4611,3195,8,2024-08-31,Referral,Converted
7426,3429,37,2024-08-31,Facebook Ads,New
8752,433,22,2024-09-01,Google Ads,Lost
5174,671,39,2024-09-01,官網,New
2191,355,27,2024-09-01,Google Ads,Contacted
3857,3163,37,2024-09-01,Facebook Ads,Lost
6347,355,27,2024-09-01,Google Ads,Converted
11045,3873,37,2024-09-02,Facebook Ads,New
8307,3345,17,2024-09-02,Facebook Ads,Qualified
2659,3640,22,2024-09-02,Google Ads,Converted
2450,2130,8,2024-09-02,Referral,Converted
423,3640,38,2024-09-02,Google Ads,Converted
11887,1941,27,2024-09-02,Google Ads,New
7081,112,8,2024-09-03,Referral,Converted
6000,439,26,2024-09-03,電話,Converted
7941,3932,37,2024-09-04,Facebook Ads,Lost
11300,1333,40,2024-09-04,Facebook Ads,Lost
10798,3467,37,2024-09-04,Facebook Ads,Contacted
5995,1333,38,2024-09-04,Google Ads,Qualified
5732,1619,37,2024-09-05,Facebook Ads,New
1805,1582,37,2024-09-05,Facebook Ads,New
7005,1749,37,2024-09-05,Facebook Ads,Qualified
3255,109,8,2024-09-05,Referral,Converted
3826,545,38,2024-09-05,Google Ads,Lost
3544,3750,8,2024-09-05,Referral,Qualified
10964,835,37,2024-09-05,Facebook Ads,New
7944,545,17,2024-09-05,Facebook Ads,New
11094,1350,8,2024-09-05,Referral,Qualified
9372,74,22,2024-09-06,Google Ads,Contacted
623,2448,37,2024-09-06,Facebook Ads,Contacted
6663,3719,37,2024-09-07,Facebook Ads,New
7760,3931,22,2024-09-08,Google Ads,Qualified
8870,1351,37,2024-09-08,Facebook Ads,Converted
1203,1674,15,2024-09-08,Google Ads,Qualified
6888,412,37,2024-09-08,Facebook Ads,Lost
4790,32,8,2024-09-08,Referral,New
84,2087,13,2024-09-08,電話,Converted
223,2087,38,2024-09-08,Google Ads,Converted
2183,1674,15,2024-09-08,Google Ads,Converted
3188,40,37,2024-09-08,Facebook Ads,Converted
1810,3931,38,2024-09-08,Google Ads,Converted
6579,2739,37,2024-09-08,Facebook Ads,Lost
5654,2444,37,2024-09-09,Facebook Ads,Qualified
2387,1034,37,2024-09-09,Facebook Ads,Qualified
3203,447,22,2024-09-10,Google Ads,Contacted
10833,1958,37,2024-09-10,Facebook Ads,Contacted
11298,1018,5,2024-09-10,Google Ads,Contacted
10077,795,22,2024-09-10,Google Ads,New
10613,447,26,2024-09-10,電話,Converted
9462,1018,15,2024-09-10,Google Ads,Lost
8014,795,40,2024-09-10,Facebook Ads,Contacted
5982,1018,15,2024-09-10,Google Ads,Converted
10279,2948,37,2024-09-11,Facebook Ads,Contacted
5420,3118,10,2024-09-11,官網,New
6843,3118,5,2024-09-11,Google Ads,Converted
9791,2563,27,2024-09-11,Google Ads,Converted
5842,3118,26,2024-09-11,電話,Contacted
2830,760,15,2024-09-11,Google Ads,Contacted
7419,2563,38,2024-09-11,Google Ads,Lost
11243,2229,17,2024-09-11,Facebook Ads,New
1975,2229,14,2024-09-11,Google Ads,Contacted
10513,760,10,2024-09-11,官網,Converted
9945,2563,14,2024-09-11,Google Ads,Contacted
7481,2264,37,2024-09-11,Facebook Ads,Qualified
7299,1721,37,2024-09-12,Facebook Ads,Contacted
10720,1569,27,2024-09-12,Google Ads,Converted
3499,1569,22,2024-09-12,Google Ads,Contacted
5496,2748,8,2024-09-12,Referral,Converted
6062,3459,8,2024-09-12,Referral,Contacted
7670,356,8,2024-09-12,Referral,Qualified
370,1569,38,2024-09-12,Google Ads,New
10437,3903,14,2024-09-12,Google Ads,Lost
5035,3903,17,2024-09-12,Facebook Ads,Lost
7445,1942,8,2024-09-12,Referral,New
2070,1818,8,2024-09-13,Referral,Converted
4259,2009,37,2024-09-13,Facebook Ads,Contacted
10158,479,40,2024-09-13,Facebook Ads,Lost
4731,3529,5,2024-09-13,Google Ads,Converted
11741,1077,10,2024-09-14,官網,Converted
2438,112,8,2024-09-14,Referral,Qualified
9266,2866,39,2024-09-14,官網,New
6179,2451,22,2024-09-14,Google Ads,New
6671,472,37,2024-09-14,Facebook Ads,Converted
3487,290,37,2024-09-15,Facebook Ads,Lost
10890,2467,38,2024-09-15,Google Ads,Converted
8814,1004,37,2024-09-15,Facebook Ads,New
10368,1994,37,2024-09-15,Facebook Ads,Converted
10716,2306,39,2024-09-15,官網,Converted
168,2306,22,2024-09-15,Google Ads,Qualified
608,41,37,2024-09-15,Facebook Ads,Qualified
703,1026,8,2024-09-15,Referral,Lost
123,2467,10,2024-09-15,官網,Lost
7493,3541,8,2024-09-15,Referral,Qualified
4114,2306,38,2024-09-15,Google Ads,Contacted
3589,727,5,2024-09-15,Google Ads,Converted
2449,2415,13,2024-09-15,電話,Contacted
8281,2118,8,2024-09-16,Referral,New
10238,2398,8,2024-09-16,Referral,Converted
5561,195,8,2024-09-16,Referral,Lost
7777,1189,8,2024-09-16,Referral,Contacted
3364,2939,27,2024-09-17,Google Ads,Converted
2172,643,38,2024-09-17,Google Ads,Converted
3437,2290,40,2024-09-17,Facebook Ads,Qualified
7935,2876,27,2024-09-18,Google Ads,Qualified
10668,2876,27,2024-09-18,Google Ads,Contacted
5662,2876,5,2024-09-18,Google Ads,Lost
5060,2699,37,2024-09-18,Facebook Ads,Converted
8107,352,22,2024-09-18,Google Ads,Contacted
10862,2196,8,2024-09-18,Referral,Qualified
8937,2785,38,2024-09-18,Google Ads,Converted
10876,2876,14,2024-09-18,Google Ads,Converted
4371,1363,22,2024-09-19,Google Ads,Qualified
11773,1700,40,2024-09-19,Facebook Ads,Contacted
6308,2091,37,2024-09-20,Facebook Ads,Contacted
9105,2091,5,2024-09-20,Google Ads,New
607,192,22,2024-09-20,Google Ads,Converted
11443,2070,40,2024-09-20,Facebook Ads,Qualified
3024,1721,8,2024-09-20,Referral,Converted
2925,245,37,2024-09-20,Facebook Ads,New
6294,2650,10,2024-09-20,官網,Converted
9981,1424,37,2024-09-20,Facebook Ads,Lost
10065,2070,26,2024-09-20,電話,New
11705,2164,26,2024-09-21,電話,Converted
6261,853,5,2024-09-21,Google Ads,New
9631,2164,17,2024-09-21,Facebook Ads,Contacted
4540,2164,38,2024-09-21,Google Ads,Contacted
3059,853,38,2024-09-21,Google Ads,Qualified
1384,2619,27,2024-09-21,Google Ads,Qualified
2300,275,8,2024-09-21,Referral,Qualified
8570,2619,27,2024-09-21,Google Ads,Lost
4534,2164,14,2024-09-21,Google Ads,Lost
176,2506,17,2024-09-22,Facebook Ads,Qualified
2288,715,8,2024-09-22,Referral,Lost
9932,2506,5,2024-09-22,Google Ads,Contacted
2401,1938,8,2024-09-22,Referral,Converted
1486,932,37,2024-09-22,Facebook Ads,Converted
9081,2619,8,2024-09-22,Referral,New
3252,1543,5,2024-09-22,Google Ads,Contacted
3852,2506,5,2024-09-22,Google Ads,Lost
3700,2260,27,2024-09-22,Google Ads,New
202,1212,38,2024-09-22,Google Ads,Qualified
594,1176,37,2024-09-23,Facebook Ads,New
9312,709,37,2024-09-23,Facebook Ads,Converted
10803,3506,13,2024-09-23,電話,Converted
4691,3652,37,2024-09-23,Facebook Ads,Qualified
6250,3506,38,2024-09-23,Google Ads,New
9012,2328,37,2024-09-24,Facebook Ads,Converted
5656,2578,5,2024-09-24,Google Ads,New
4879,410,37,2024-09-25,Facebook Ads,Qualified
9766,754,40,2024-09-25,Facebook Ads,New
6850,2956,38,2024-09-25,Google Ads,New
715,1940,37,2024-09-26,Facebook Ads,Lost
4154,3621,37,2024-09-26,Facebook Ads,New
10322,1463,27,2024-09-27,Google Ads,Qualified
8928,3560,17,2024-09-27,Facebook Ads,Contacted
4770,708,37,2024-09-27,Facebook Ads,Contacted
11717,3560,38,2024-09-27,Google Ads,New
6529,1514,37,2024-09-27,Facebook Ads,Contacted
1276,1655,5,2024-09-28,Google Ads,Converted
4928,1803,40,2024-09-28,Facebook Ads,Converted
2338,1551,37,2024-09-28,Facebook Ads,New
3943,3713,38,2024-09-28,Google Ads,Contacted
9709,2911,37,2024-09-28,Facebook Ads,Contacted
3118,908,15,2024-09-28,Google Ads,Contacted
7648,1655,22,2024-09-28,Google Ads,New
11839,908,38,2024-09-28,Google Ads,New
3066,1655,27,2024-09-28,Google Ads,New
5702,246,37,2024-09-28,Facebook Ads,New
11010,2451,37,2024-09-29,Facebook Ads,Qualified
10328,3867,40,2024-09-29,Facebook Ads,Qualified
11939,3867,38,2024-09-29,Google Ads,Qualified
1822,1856,5,2024-09-29,Google Ads,Contacted
8490,1856,22,2024-09-29,Google Ads,New
8058,1856,40,2024-09-29,Facebook Ads,Contacted
9870,2078,17,2024-09-29,Facebook Ads,Contacted
7830,1856,38,2024-09-29,Google Ads,New
6075,1745,14,2024-09-30,Google Ads,Converted
7464,3867,37,2024-09-30,Facebook Ads,New
10635,1321,37,2024-09-30,Facebook Ads,Lost
3379,2773,38,2024-09-30,Google Ads,New
4170,1745,38,2024-09-30,Google Ads,New
3520,2317,22,2024-10-01,Google Ads,Qualified
3298,2317,38,2024-10-01,Google Ads,Contacted
10190,2226,5,2024-10-01,Google Ads,Contacted
4273,3210,17,2024-10-02,Facebook Ads,Lost
3195,2819,37,2024-10-02,Facebook Ads,Contacted
1524,2778,38,2024-10-03,Google Ads,New
8431,1959,22,2024-10-03,Google Ads,Contacted
11943,2491,40,2024-10-03,Facebook Ads,Contacted
6480,1944,5,2024-10-03,Google Ads,New
11078,1177,27,2024-10-04,Google Ads,Converted
630,1029,27,2024-10-04,Google Ads,Contacted
10867,1029,39,2024-10-04,官網,Contacted
2885,1177,38,2024-10-04,Google Ads,New
6214,2028,37,2024-10-04,Facebook Ads,Contacted
7521,1771,37,2024-10-04,Facebook Ads,Contacted
5566,1771,15,2024-10-04,Google Ads,Contacted
3799,1106,17,2024-10-04,Facebook Ads,Lost
5625,1177,39,2024-10-04,官網,Lost
2005,1106,27,2024-10-04,Google Ads,Lost
3217,1771,17,2024-10-04,Facebook Ads,Contacted
641,1879,15,2024-10-04,Google Ads,Qualified
10788,1106,15,2024-10-04,Google Ads,Qualified
7375,609,5,2024-10-05,Google Ads,Converted
5692,609,17,2024-10-05,Facebook Ads,Contacted
3048,997,37,2024-10-05,Facebook Ads,Qualified
5669,311,13,2024-10-05,電話,Lost
8945,3723,14,2024-10-06,Google Ads,Contacted
4904,3723,14,2024-10-06,Google Ads,Qualified
2853,3723,22,2024-10-06,Google Ads,Lost
6268,3723,38,2024-10-06,Google Ads,Converted
11732,1087,22,2024-10-06,Google Ads,Contacted
9109,1087,40,2024-10-06,Facebook Ads,Lost
5851,1226,17,2024-10-07,Facebook Ads,Contacted
851,2805,13,2024-10-08,電話,Qualified
5630,1167,38,2024-10-08,Google Ads,New
11542,2805,5,2024-10-08,Google Ads,Lost
10174,2305,27,2024-10-08,Google Ads,New
224,3998,37,2024-10-08,Facebook Ads,New
6551,3998,8,2024-10-08,Referral,Converted
10640,448,27,2024-10-09,Google Ads,Contacted
5210,774,22,2024-10-10,Google Ads,Lost
5946,1895,8,2024-10-11,Referral,Lost
10984,1738,37,2024-10-11,Facebook Ads,Lost
1998,1895,38,2024-10-11,Google Ads,Converted
5240,1738,37,2024-10-11,Facebook Ads,Contacted
857,2959,39,2024-10-11,官網,New
3674,1645,5,2024-10-12,Google Ads,Lost
6106,547,17,2024-10-13,Facebook Ads,Qualified
6965,772,14,2024-10-13,Google Ads,Lost
8376,1015,33,2024-10-15,Google Ads,Converted
10590,2450,26,2024-10-15,電話,Contacted
6112,3767,33,2024-10-15,Google Ads,Contacted
10727,2320,33,2024-10-15,Google Ads,Contacted
7850,558,15,2024-10-15,Google Ads,Converted
8153,314,5,2024-10-16,Google Ads,New
8423,314,40,2024-10-16,Facebook Ads,Contacted
10020,523,27,2024-10-16,Google Ads,Lost
8204,2180,33,2024-10-16,Google Ads,New
2683,733,15,2024-10-16,Google Ads,Qualified
8415,167,5,2024-10-16,Google Ads,Lost
3724,733,22,2024-10-16,Google Ads,Contacted
9693,30,33,2024-10-17,Google Ads,New
1174,2081,27,2024-10-17,Google Ads,New
4587,308,33,2024-10-17,Google Ads,New
11125,2022,15,2024-10-17,Google Ads,Lost
9449,2022,10,2024-10-17,官網,New
7326,2275,22,2024-10-17,Google Ads,Contacted
181,2022,8,2024-10-17,Referral,Contacted
556,1167,33,2024-10-18,Google Ads,Converted
11086,1616,33,2024-10-18,Google Ads,Qualified
11883,353,17,2024-10-19,Facebook Ads,Lost
1391,903,40,2024-10-19,Facebook Ads,New
1817,1143,14,2024-10-19,Google Ads,Lost
8891,3333,27,2024-10-19,Google Ads,Lost
7099,3061,40,2024-10-19,Facebook Ads,Contacted
4951,3520,33,2024-10-19,Google Ads,Lost
1234,1096,15,2024-10-20,Google Ads,Converted
252,1387,33,2024-10-20,Google Ads,Lost
11210,2230,33,2024-10-21,Google Ads,Qualified
9216,1379,10,2024-10-21,官網,New
8097,1379,38,2024-10-21,Google Ads,Contacted
11059,1379,17,2024-10-21,Facebook Ads,Converted
295,3601,5,2024-10-21,Google Ads,Qualified
8187,629,40,2024-10-21,Facebook Ads,Converted
5935,311,33,2024-10-21,Google Ads,Lost
2627,3881,38,2024-10-21,Google Ads,Lost
11569,1379,38,2024-10-21,Google Ads,Contacted
8619,1681,15,2024-10-21,Google Ads,New
9520,1383,33,2024-10-21,Google Ads,Contacted
1813,1681,27,2024-10-21,Google Ads,Converted
573,2289,33,2024-10-22,Google Ads,Qualified
9314,1622,37,2024-10-22,Facebook Ads,Lost
7878,2691,33,2024-10-22,Google Ads,Contacted
5036,2528,33,2024-10-22,Google Ads,Converted
11066,719,38,2024-10-22,Google Ads,New
3168,3761,5,2024-10-22,Google Ads,New
3371,3761,40,2024-10-22,Facebook Ads,New
6417,3713,33,2024-10-23,Google Ads,New
10615,3502,33,2024-10-23,Google Ads,Qualified
8056,1433,33,2024-10-23,Google Ads,Qualified
3725,2747,33,2024-10-24,Google Ads,Converted
6917,3517,33,2024-10-24,Google Ads,Converted
9444,2559,33,2024-10-24,Google Ads,New
1588,701,33,2024-10-25,Google Ads,Lost
4108,1801,39,2024-10-25,官網,Converted
1506,2321,33,2024-10-25,Google Ads,Converted
180,1801,26,2024-10-25,電話,Qualified
349,3290,33,2024-10-26,Google Ads,Converted
10366,3350,33,2024-10-26,Google Ads,Contacted
6687,3614,33,2024-10-26,Google Ads,Contacted
6331,1825,39,2024-10-26,官網,Converted
1193,1460,37,2024-10-27,Facebook Ads,Converted
8507,689,15,2024-10-27,Google Ads,Qualified
6973,672,13,2024-10-27,電話,Qualified
8769,1072,33,2024-10-27,Google Ads,New
8305,1460,39,2024-10-27,官網,Qualified
7637,672,10,2024-10-27,官網,New
7378,3614,33,2024-10-27,Google Ads,Qualified
1561,1396,37,2024-10-27,Facebook Ads,Qualified
10268,3765,33,2024-10-27,Google Ads,Converted
1942,1460,8,2024-10-27,Referral,Qualified
10137,689,5,2024-10-27,Google Ads,Qualified
5225,314,33,2024-10-28,Google Ads,New
11202,3433,33,2024-10-28,Google Ads,Converted
1106,3892,17,2024-10-28,Facebook Ads,Qualified
10001,3327,33,2024-10-28,Google Ads,Lost
11609,2791,15,2024-10-28,Google Ads,Converted
9405,1723,17,2024-10-28,Facebook Ads,Contacted
10395,1723,39,2024-10-28,官網,Converted
3664,1723,39,2024-10-28,官網,Contacted
11048,2938,33,2024-10-28,Google Ads,Converted
11601,1440,33,2024-10-29,Google Ads,Converted
8651,1865,22,2024-10-29,Google Ads,Contacted
4846,864,33,2024-10-30,Google Ads,New
196,3108,37,2024-10-30,Facebook Ads,Contacted
11504,1244,8,2024-10-30,Referral,Contacted
6722,2222,38,2024-10-30,Google Ads,Contacted
2880,2222,22,2024-10-30,Google Ads,New
8650,612,40,2024-10-31,Facebook Ads,New
10429,3929,5,2024-10-31,Google Ads,Converted
1582,557,33,2024-10-31,Google Ads,Qualified
1564,3929,27,2024-10-31,Google Ads,Contacted
4533,612,27,2024-10-31,Google Ads,Contacted
5371,51,33,2024-10-31,Google Ads,Qualified
9373,2874,39,2024-10-31,官網,Converted
3998,1689,33,2024-10-31,Google Ads,Qualified
11441,3929,14,2024-10-31,Google Ads,Contacted
9653,1701,27,2024-11-01,Google Ads,New
838,1701,37,2024-11-01,Facebook Ads,Contacted
1388,3654,5,2024-11-01,Google Ads,Qualified
7540,3877,33,2024-11-01,Google Ads,Converted
4980,3654,39,2024-11-01,官網,Converted
2316,1334,5,2024-11-01,Google Ads,Lost
8373,3183,33,2024-11-02,Google Ads,Converted
7531,194,38,2024-11-02,Google Ads,New
449,3880,33,2024-11-02,Google Ads,Converted
7916,3771,27,2024-11-02,Google Ads,Converted
9384,937,33,2024-11-03,Google Ads,Contacted
819,1323,13,2024-11-03,電話,Converted
7466,2003,33,2024-11-03,Google Ads,Converted
8089,1323,39,2024-11-03,官網,Lost
11910,1843,15,2024-11-04,Google Ads,Contacted
8761,1843,15,2024-11-04,Google Ads,New
10099,1843,40,2024-11-04,Facebook Ads,Qualified
6792,1843,14,2024-11-04,Google Ads,Lost
207,1843,38,2024-11-04,Google Ads,New
3384,1936,27,2024-11-04,Google Ads,Lost
9987,1843,10,2024-11-04,官網,Contacted
824,658,33,2024-11-04,Google Ads,Qualified
3483,2592,14,2024-11-04,Google Ads,Qualified
3599,3355,33,2024-11-04,Google Ads,Converted
7802,1936,5,2024-11-04,Google Ads,Converted
2182,2660,22,2024-11-05,Google Ads,Qualified
8821,2660,38,2024-11-05,Google Ads,Contacted
831,3033,40,2024-11-05,Facebook Ads,Lost
10550,3033,17,2024-11-05,Facebook Ads,Contacted
8460,1862,10,2024-11-05,官網,Converted
6639,1923,38,2024-11-06,Google Ads,Contacted
1418,1923,5,2024-11-06,Google Ads,Converted
6219,3664,33,2024-11-06,Google Ads,New
1723,2076,14,2024-11-06,Google Ads,Lost
5458,1195,33,2024-11-06,Google Ads,Lost
8739,2076,38,2024-11-06,Google Ads,Contacted
8458,221,33,2024-11-06,Google Ads,Qualified
958,3098,39,2024-11-07,官網,New
393,557,33,2024-11-07,Google Ads,New
6993,1834,40,2024-11-07,Facebook Ads,New
1992,3365,17,2024-11-07,Facebook Ads,Contacted
8268,3098,37,2024-11-07,Facebook Ads,Contacted
9782,3402,33,2024-11-08,Google Ads,Converted
3044,1686,33,2024-11-08,Google Ads,Contacted
1461,3015,33,2024-11-08,Google Ads,New
9214,3618,33,2024-11-09,Google Ads,Converted
10110,3405,17,2024-11-09,Facebook Ads,Lost
11019,293,33,2024-11-09,Google Ads,Converted
11610,3731,33,2024-11-10,Google Ads,New
7013,1787,14,2024-11-10,Google Ads,New
1892,3695,33,2024-11-10,Google Ads,Converted
7685,2221,38,2024-11-10,Google Ads,New
5984,2221,39,2024-11-10,官網,Contacted
2751,2028,33,2024-11-11,Google Ads,New
10932,3548,33,2024-11-11,Google Ads,Qualified
6423,3913,13,2024-11-11,電話,Contacted
7342,2468,33,2024-11-11,Google Ads,Qualified
3228,561,37,2024-11-11,Facebook Ads,Contacted
3266,3913,38,2024-11-11,Google Ads,Converted
8987,1939,33,2024-11-12,Google Ads,New
11410,2333,33,2024-11-12,Google Ads,Lost
6414,558,33,2024-11-12,Google Ads,Contacted
2001,3794,27,2024-11-12,Google Ads,Converted
2151,1620,8,2024-11-12,Referral,Qualified
11695,1939,27,2024-11-12,Google Ads,New
8406,107,22,2024-11-13,Google Ads,Lost
6703,1329,33,2024-11-13,Google Ads,Contacted
9040,243,22,2024-11-13,Google Ads,Converted
2225,107,15,2024-11-13,Google Ads,Contacted
4857,107,26,2024-11-13,電話,Converted
4252,243,13,2024-11-13,電話,Qualified
9630,1595,33,2024-11-13,Google Ads,Lost
4306,529,38,2024-11-13,Google Ads,Converted
8973,107,27,2024-11-13,Google Ads,Lost
7822,1713,33,2024-11-14,Google Ads,Lost
8796,2343,33,2024-11-14,Google Ads,New
10432,1657,38,2024-11-14,Google Ads,Contacted
4409,243,33,2024-11-14,Google Ads,Qualified
301,1557,39,2024-11-15,官網,Qualified
8327,3752,5,2024-11-15,Google Ads,New
11985,3366,33,2024-11-15,Google Ads,Converted
5958,1557,37,2024-11-15,Facebook Ads,Lost
7839,3786,33,2024-11-15,Google Ads,Contacted
1769,1657,33,2024-11-15,Google Ads,Contacted
1940,2147,38,2024-11-15,Google Ads,Converted
4686,2600,33,2024-11-15,Google Ads,Converted
9644,1660,5,2024-11-16,Google Ads,Contacted
1848,1660,22,2024-11-16,Google Ads,Converted
11884,1140,15,2024-11-17,Google Ads,Lost
4488,910,37,2024-11-17,Facebook Ads,New
3922,3643,33,2024-11-17,Google Ads,Converted
4953,1355,33,2024-11-17,Google Ads,New
80,1671,5,2024-11-17,Google Ads,New
6728,3565,38,2024-11-18,Google Ads,Contacted
5108,3565,38,2024-11-18,Google Ads,New
10192,2591,14,2024-11-18,Google Ads,Lost
7010,3082,22,2024-11-18,Google Ads,Converted
6093,3082,8,2024-11-18,Referral,Qualified
8735,1875,33,2024-11-18,Google Ads,Contacted
4379,3565,26,2024-11-18,電話,Converted
9539,615,15,2024-11-19,Google Ads,Lost
6866,2214,14,2024-11-19,Google Ads,Lost
4520,3788,15,2024-11-19,Google Ads,Converted
498,615,38,2024-11-19,Google Ads,Contacted
1129,1805,33,2024-11-19,Google Ads,New
810,3788,5,2024-11-19,Google Ads,Contacted
62,2209,27,2024-11-19,Google Ads,Lost
2460,1503,33,2024-11-19,Google Ads,New
9697,615,40,2024-11-19,Facebook Ads,Qualified
4339,2452,33,2024-11-19,Google Ads,Converted
2348,2214,37,2024-11-19,Facebook Ads,New
6083,54,33,2024-11-19,Google Ads,Qualified
6224,615,37,2024-11-19,Facebook Ads,Lost
11607,2214,37,2024-11-19,Facebook Ads,Converted
10014,358,8,2024-11-20,Referral,Converted
11365,2350,27,2024-11-20,Google Ads,Converted
9745,358,27,2024-11-20,Google Ads,Qualified
8159,1096,33,2024-11-20,Google Ads,Converted
7258,2350,39,2024-11-20,官網,Converted
7188,834,33,2024-11-21,Google Ads,Qualified
5739,2624,39,2024-11-21,官網,Lost
4148,1858,33,2024-11-21,Google Ads,Lost
8433,2624,13,2024-11-21,電話,Converted
6271,1931,37,2024-11-22,Facebook Ads,Converted
7530,3458,27,2024-11-22,Google Ads,Qualified
1113,1446,40,2024-11-22,Facebook Ads,Lost
10260,1446,38,2024-11-22,Google Ads,Contacted
4852,2927,33,2024-11-22,Google Ads,Converted
11341,3793,33,2024-11-22,Google Ads,Converted
10881,2660,33,2024-11-22,Google Ads,Contacted
2490,1087,33,2024-11-23,Google Ads,New
6,1729,17,2024-11-23,Facebook Ads,New
747,495,33,2024-11-23,Google Ads,Lost
10164,977,33,2024-11-23,Google Ads,Qualified
5251,2946,33,2024-11-23,Google Ads,Contacted
9097,3291,14,2024-11-23,Google Ads,Converted
5846,3291,40,2024-11-23,Facebook Ads,Qualified
6809,2239,8,2024-11-23,Referral,Lost
6751,3055,14,2024-11-23,Google Ads,Contacted
1489,733,33,2024-11-24,Google Ads,Lost
11527,3422,5,2024-11-24,Google Ads,New
11659,1843,33,2024-11-24,Google Ads,Contacted
9673,2743,33,2024-11-24,Google Ads,Contacted
10926,2010,40,2024-11-24,Facebook Ads,Contacted
3093,358,33,2024-11-24,Google Ads,Qualified
430,2010,5,2024-11-24,Google Ads,Converted
2391,713,33,2024-11-24,Google Ads,Converted
2840,2080,33,2024-11-24,Google Ads,Lost
11482,1699,33,2024-11-24,Google Ads,Contacted
3412,317,5,2024-11-25,Google Ads,Qualified
3547,2504,38,2024-11-25,Google Ads,New
7044,2504,26,2024-11-25,電話,Converted
774,3532,33,2024-11-25,Google Ads,Contacted
10253,2947,39,2024-11-25,官網,Contacted
4889,2453,15,2024-11-25,Google Ads,New
1527,2453,14,2024-11-25,Google Ads,Contacted
4616,3563,10,2024-11-25,官網,New
11330,816,15,2024-11-25,Google Ads,Lost
10150,733,33,2024-11-25,Google Ads,Contacted
5940,317,14,2024-11-25,Google Ads,New
5167,2453,22,2024-11-25,Google Ads,Qualified
5961,675,33,2024-11-25,Google Ads,Contacted
7173,2292,33,2024-11-25,Google Ads,Contacted
8424,816,15,2024-11-25,Google Ads,Converted
4768,3563,38,2024-11-25,Google Ads,Converted
5206,3963,33,2024-11-26,Google Ads,Converted
1820,2226,33,2024-11-26,Google Ads,Lost
2670,3284,10,2024-11-26,官網,Contacted
3218,3284,15,2024-11-26,Google Ads,Contacted
1056,3284,37,2024-11-26,Facebook Ads,New
10726,2258,33,2024-11-26,Google Ads,Converted
3576,3951,33,2024-11-26,Google Ads,Lost
443,2065,33,2024-11-26,Google Ads,Lost
2891,3737,8,2024-11-27,Referral,New
8280,468,15,2024-11-27,Google Ads,New
6230,1406,33,2024-11-27,Google Ads,Qualified
11067,3737,39,2024-11-27,官網,New
4920,1797,8,2024-11-28,Referral,Qualified
7517,2281,14,2024-11-28,Google Ads,New
11357,1797,5,2024-11-28,Google Ads,New
10680,1766,14,2024-11-28,Google Ads,Converted
2933,1618,38,2024-11-28,Google Ads,Contacted
7042,882,33,2024-11-28,Google Ads,New
9274,1270,33,2024-11-28,Google Ads,New
6856,2166,10,2024-11-28,官網,Qualified
8279,1895,33,2024-11-28,Google Ads,Qualified
10314,298,39,2024-11-28,官網,Qualified
9565,3284,33,2024-11-28,Google Ads,Contacted
611,1797,39,2024-11-28,官網,Converted
5639,2659,15,2024-11-28,Google Ads,Lost
283,1618,33,2024-11-28,Google Ads,New
11083,2805,33,2024-11-28,Google Ads,Qualified
10254,89,33,2024-11-28,Google Ads,Converted
9625,1618,33,2024-11-29,Google Ads,Qualified
5190,2367,27,2024-11-29,Google Ads,Converted
6844,2654,38,2024-11-29,Google Ads,New
5165,1910,26,2024-11-29,電話,Qualified
6213,1671,33,2024-11-29,Google Ads,Qualified
8545,2209,33,2024-11-29,Google Ads,Converted
11514,610,33,2024-11-29,Google Ads,Lost
4374,932,33,2024-11-29,Google Ads,Contacted
11337,639,10,2024-11-29,官網,Converted
10850,639,39,2024-11-29,官網,Converted
6235,3183,33,2024-11-29,Google Ads,New
10468,11,37,2024-11-29,Facebook Ads,Contacted
912,1654,27,2024-11-29,Google Ads,New
2618,2857,27,2024-11-30,Google Ads,Lost
9779,3956,33,2024-11-30,Google Ads,New
2377,2857,14,2024-11-30,Google Ads,New
9044,2857,27,2024-11-30,Google Ads,Contacted
3795,1113,15,2024-12-01,Google Ads,Contacted
9276,1113,8,2024-12-01,Referral,Contacted
4318,1390,39,2024-12-01,官網,Converted
11161,1113,27,2024-12-01,Google Ads,New
10561,1113,5,2024-12-01,Google Ads,Qualified
2366,1113,39,2024-12-01,官網,Converted
2587,1113,38,2024-12-01,Google Ads,Converted
1362,2861,22,2024-12-01,Google Ads,Qualified
8033,1390,27,2024-12-01,Google Ads,Contacted
11249,2861,37,2024-12-01,Facebook Ads,New
6954,1724,15,2024-12-02,Google Ads,Converted
8693,1724,27,2024-12-02,Google Ads,New
11714,3424,3,2024-12-03,官網,Lost
914,3270,3,2024-12-03,官網,Contacted
8072,2102,3,2024-12-04,官網,Qualified
5447,3883,37,2024-12-04,Facebook Ads,Lost
2608,3178,14,2024-12-04,Google Ads,Lost
2714,1332,33,2024-12-04,Google Ads,Qualified
6738,3924,15,2024-12-04,Google Ads,Lost
10299,1332,39,2024-12-04,官網,Qualified
3170,316,3,2024-12-04,官網,Qualified
6218,1090,37,2024-12-04,Facebook Ads,Converted
3994,3178,39,2024-12-04,官網,New
3585,356,3,2024-12-04,官網,Converted
2106,1332,10,2024-12-04,官網,Lost
1693,3883,33,2024-12-04,Google Ads,Lost
10054,2012,3,2024-12-04,官網,Lost
8255,1862,3,2024-12-04,官網,Contacted
9073,2368,3,2024-12-05,官網,Lost
4415,3324,3,2024-12-06,官網,Contacted
7019,1517,37,2024-12-06,Facebook Ads,Qualified
4500,3675,3,2024-12-06,官網,Contacted
6493,2289,3,2024-12-06,官網,Contacted
2016,231,3,2024-12-06,官網,Qualified
8995,3647,14,2024-12-07,Google Ads,Contacted
411,3647,10,2024-12-07,官網,Lost
4477,137,3,2024-12-07,官網,Contacted
11975,3647,17,2024-12-07,Facebook Ads,New
925,1723,3,2024-12-08,官網,Converted
10874,1240,14,2024-12-08,Google Ads,New
5701,1240,14,2024-12-08,Google Ads,Contacted
10928,2309,3,2024-12-08,官網,Converted
9643,1240,10,2024-12-08,官網,Qualified
5681,1364,40,2024-12-09,Facebook Ads,Contacted
8554,3877,3,2024-12-09,官網,Contacted
1353,1766,21,2024-12-09,官網,Converted
2919,71,3,2024-12-09,官網,Contacted
2363,1364,14,2024-12-09,Google Ads,New
3844,1300,3,2024-12-09,官網,Qualified
4752,578,21,2024-12-09,官網,Converted
10078,1359,21,2024-12-09,官網,Contacted
6298,1364,38,2024-12-09,Google Ads,New
1480,2333,21,2024-12-09,官網,Qualified
2393,2456,21,2024-12-09,官網,Converted
3719,3776,21,2024-12-10,官網,Converted
1064,1824,3,2024-12-10,官網,Converted
344,474,21,2024-12-10,官網,Contacted
7697,1106,3,2024-12-10,官網,New
11453,716,15,2024-12-10,Google Ads,Lost
4706,3880,3,2024-12-10,官網,New
5875,1569,3,2024-12-10,官網,Lost
3411,3863,3,2024-12-10,官網,Qualified
4408,716,26,2024-12-10,電話,Lost
10064,2846,40,2024-12-11,Facebook Ads,Lost
10506,918,21,2024-12-11,官網,Lost
6302,2576,21,2024-12-11,官網,Lost
11367,3833,3,2024-12-11,官網,Qualified
1083,1919,3,2024-12-11,官網,New
6449,217,13,2024-12-11,電話,Qualified
4459,1321,3,2024-12-11,官網,Contacted
3119,2846,27,2024-12-11,Google Ads,Qualified
8975,1725,21,2024-12-11,官網,Lost
6162,2945,14,2024-12-11,Google Ads,Contacted
2025,3892,3,2024-12-11,官網,Contacted
9149,3489,3,2024-12-11,官網,Contacted
11362,493,21,2024-12-11,官網,Lost
8440,3541,3,2024-12-11,官網,Qualified
8201,859,22,2024-12-12,Google Ads,Converted
10514,1478,21,2024-12-12,官網,Lost
1958,404,3,2024-12-12,官網,Qualified
5305,2080,21,2024-12-12,官網,Qualified
6775,3826,21,2024-12-12,官網,Qualified
10327,1390,3,2024-12-12,官網,Lost
8770,859,17,2024-12-12,Facebook Ads,Converted
1814,2137,15,2024-12-12,Google Ads,Qualified
3851,1953,3,2024-12-12,官網,Qualified
1285,2137,10,2024-12-12,官網,Contacted
7814,2563,21,2024-12-12,官網,Converted
5963,2312,3,2024-12-12,官網,Contacted
2058,1050,3,2024-12-12,官網,Converted
7754,492,21,2024-12-12,官網,Converted
4874,859,40,2024-12-12,Facebook Ads,New
4102,1803,21,2024-12-12,官網,Qualified
9536,1071,21,2024-12-12,官網,Lost
7483,709,21,2024-12-13,官網,New
1230,969,3,2024-12-13,官網,New
2716,2544,14,2024-12-13,Google Ads,New
1978,2846,21,2024-12-13,官網,Qualified
9867,1321,21,2024-12-13,官網,Qualified
3490,2022,3,2024-12-13,官網,Contacted
2795,2946,21,2024-12-14,官網,Converted
6273,3581,13,2024-12-14,電話,Converted
577,3581,26,2024-12-14,電話,Lost
3032,897,3,2024-12-14,官網,New
8524,2038,21,2024-12-14,官網,Converted
3155,2704,21,2024-12-14,官網,Qualified
11942,2502,5,2024-12-14,Google Ads,New
7319,782,21,2024-12-14,官網,Lost
1535,3601,3,2024-12-14,官網,Converted
7969,2699,3,2024-12-14,官網,Converted
1160,3581,15,2024-12-14,Google Ads,New
7240,566,21,2024-12-14,官網,Lost
10967,3117,26,2024-12-14,電話,Converted
4333,3183,21,2024-12-14,官網,Contacted
7857,3598,3,2024-12-14,官網,Qualified
11226,1462,3,2024-12-15,官網,Lost
1740,412,3,2024-12-15,官網,New
6550,2400,21,2024-12-15,官網,Lost
7628,3946,21,2024-12-15,官網,New
7149,2945,21,2024-12-15,官網,Converted
5424,3967,3,2024-12-15,官網,New
2656,773,3,2024-12-15,官網,Converted
9004,2201,21,2024-12-15,官網,Converted
6976,3560,21,2024-12-15,官網,Contacted
1444,2757,21,2024-12-15,官網,Qualified
2623,2507,21,2024-12-15,官網,Qualified
9621,1634,21,2024-12-15,官網,Qualified
6328,994,3,2024-12-15,官網,New
4595,1359,21,2024-12-15,官網,Converted
5587,3752,21,2024-12-15,官網,Contacted
8737,3455,33,2024-12-15,Google Ads,Converted
8115,523,3,2024-12-16,官網,Qualified
9831,1689,3,2024-12-16,官網,New
2258,3570,21,2024-12-16,官網,Converted
7182,1944,3,2024-12-16,官網,New
2417,3217,33,2024-12-16,Google Ads,New
5096,1543,21,2024-12-16,官網,Converted
8309,2813,3,2024-12-16,官網,Converted
11245,1851,22,2024-12-16,Google Ads,Qualified
3154,2491,21,2024-12-16,官網,Contacted
1558,2731,3,2024-12-16,官網,Contacted
10685,3654,21,2024-12-16,官網,Qualified
6934,326,5,2024-12-16,Google Ads,Converted
3351,1851,40,2024-12-16,Facebook Ads,Converted
10355,721,21,2024-12-16,官網,New
4266,1332,21,2024-12-17,官網,New
11904,2456,3,2024-12-17,官網,Converted
8647,2258,21,2024-12-17,官網,Qualified
10346,3412,21,2024-12-17,官網,New
5264,2404,13,2024-12-17,電話,Lost
131,3755,3,2024-12-17,官網,Contacted
3935,1913,14,2024-12-17,Google Ads,Lost
11033,2587,3,2024-12-17,官網,Converted
3047,1335,3,2024-12-17,官網,Converted
8714,1176,21,2024-12-17,官網,Qualified
763,2404,27,2024-12-17,Google Ads,Converted
11114,253,21,2024-12-17,官網,Converted
1566,529,3,2024-12-17,官網,Contacted
6137,3033,3,2024-12-18,官網,Converted
3807,1805,21,2024-12-18,官網,New
8753,374,27,2024-12-18,Google Ads,Converted
11220,3998,21,2024-12-18,官網,Contacted
5454,1087,3,2024-12-18,官網,Converted
9950,1875,21,2024-12-18,官網,New
2649,308,21,2024-12-18,官網,Qualified
5259,879,3,2024-12-18,官網,New
5356,3210,3,2024-12-18,官網,Contacted
11546,3565,3,2024-12-18,官網,Lost
4719,3541,21,2024-12-18,官網,Contacted
10664,2493,21,2024-12-19,官網,Contacted
6080,3670,37,2024-12-19,Facebook Ads,New
8176,3670,14,2024-12-19,Google Ads,Qualified
8302,3670,27,2024-12-19,Google Ads,New
8778,279,40,2024-12-19,Facebook Ads,Contacted
9253,1133,27,2024-12-19,Google Ads,Contacted
10476,1941,21,2024-12-19,官網,Qualified
3434,3302,21,2024-12-19,官網,New
9142,2662,22,2024-12-19,Google Ads,Contacted
10973,2662,27,2024-12-19,Google Ads,Converted
11878,1396,21,2024-12-19,官網,Converted
2317,3670,27,2024-12-19,Google Ads,New
5217,2300,21,2024-12-19,官網,Qualified
11963,2301,14,2024-12-19,Google Ads,Lost
4735,333,21,2024-12-19,官網,New
5941,1923,3,2024-12-19,官網,Qualified
3586,2302,10,2024-12-19,官網,Lost
2384,1180,21,2024-12-19,官網,Converted
10822,15,13,2024-12-20,電話,New
9614,2294,5,2024-12-20,Google Ads,Qualified
937,3727,15,2024-12-20,Google Ads,Contacted
3352,3310,3,2024-12-20,官網,Qualified
1937,2294,27,2024-12-20,Google Ads,New
6622,2081,3,2024-12-20,官網,Qualified
6923,2851,22,2024-12-21,Google Ads,Lost
527,3082,3,2024-12-21,官網,Converted
8691,1997,21,2024-12-21,官網,Qualified
6987,777,21,2024-12-21,官網,Qualified
2403,1620,3,2024-12-21,官網,Lost
10203,2031,14,2024-12-21,Google Ads,Converted
993,2031,27,2024-12-21,Google Ads,Converted
818,2032,33,2024-12-21,Google Ads,New
7270,1698,37,2024-12-21,Facebook Ads,Converted
7747,2991,17,2024-12-21,Facebook Ads,Qualified
9927,3984,21,2024-12-21,官網,New
3191,2991,14,2024-12-21,Google Ads,New
10280,3140,21,2024-12-21,官網,Converted
7793,3455,21,2024-12-21,官網,Contacted
1311,1698,38,2024-12-21,Google Ads,Converted
1065,1798,3,2024-12-21,官網,Lost
6541,2991,22,2024-12-21,Google Ads,Contacted
10834,794,27,2024-12-21,Google Ads,Converted
1842,3087,21,2024-12-22,官網,Converted
874,3369,3,2024-12-22,官網,Qualified
5759,3140,21,2024-12-22,官網,Qualified
11743,2996,14,2024-12-22,Google Ads,Lost
5615,3604,3,2024-12-22,官網,New
11374,624,21,2024-12-22,官網,Qualified
3980,2937,21,2024-12-22,官網,Lost
522,2996,33,2024-12-22,Google Ads,Qualified
6596,3045,27,2024-12-22,Google Ads,Contacted
11327,2299,21,2024-12-22,官網,New
4838,3234,3,2024-12-22,官網,Lost
5627,1796,21,2024-12-23,官網,Qualified
6662,3559,21,2024-12-23,官網,Contacted
731,1917,17,2024-12-23,Facebook Ads,New
5428,3460,40,2024-12-23,Facebook Ads,Contacted
2765,1188,5,2024-12-23,Google Ads,Converted
9889,1009,22,2024-12-23,Google Ads,New
2508,724,21,2024-12-23,官網,New
3912,3973,27,2024-12-23,Google Ads,New
6876,3081,21,2024-12-23,官網,Converted
8502,1917,14,2024-12-23,Google Ads,Lost
10606,3973,22,2024-12-23,Google Ads,New
11624,2242,39,2024-12-24,官網,Converted
6739,2242,40,2024-12-24,Facebook Ads,Contacted
865,2114,33,2024-12-24,Google Ads,New
79,2242,37,2024-12-24,Facebook Ads,Lost
2949,2114,37,2024-12-24,Facebook Ads,Contacted
311,2242,21,2024-12-24,官網,Lost
5085,2015,22,2024-12-25,Google Ads,Contacted
5787,3334,27,2024-12-25,Google Ads,New
5475,3568,15,2024-12-25,Google Ads,Qualified
10813,3568,5,2024-12-25,Google Ads,Converted
1765,2437,26,2024-12-25,電話,Converted
754,3334,8,2024-12-25,Referral,Lost
5234,3787,3,2024-12-25,官網,Converted
7587,1745,3,2024-12-25,官網,New
8970,2015,13,2024-12-25,電話,Qualified
1544,3334,27,2024-12-25,Google Ads,Contacted
9171,3568,27,2024-12-25,Google Ads,Contacted
9146,104,3,2024-12-25,官網,Contacted
5200,1556,14,2024-12-26,Google Ads,Contacted
2203,1176,3,2024-12-26,官網,Contacted
5267,306,14,2024-12-26,Google Ads,Converted
107,2186,3,2024-12-26,官網,Contacted
4840,306,27,2024-12-26,Google Ads,Converted
10339,306,37,2024-12-26,Facebook Ads,Lost
9846,2409,3,2024-12-26,官網,Contacted
1614,306,10,2024-12-26,官網,Qualified
11587,2067,3,2024-12-27,官網,Lost
512,428,3,2024-12-27,官網,Contacted
4785,3304,3,2024-12-27,官網,Contacted
5722,2370,3,2024-12-28,官網,New
1952,2185,40,2024-12-29,Facebook Ads,Lost
2962,3373,37,2024-12-30,Facebook Ads,Lost
8783,1929,14,2024-12-31,Google Ads,Contacted
32,1929,17,2024-12-31,Facebook Ads,Converted
4804,1929,22,2024-12-31,Google Ads,Contacted
10655,186,33,2025-01-01,Google Ads,New
6768,953,40,2025-01-01,Facebook Ads,Qualified
6653,186,10,2025-01-01,官網,Qualified
6933,186,21,2025-01-01,官網,Qualified
5043,3982,22,2025-01-02,Google Ads,Converted
235,3982,22,2025-01-02,Google Ads,Qualified
3286,3982,38,2025-01-02,Google Ads,Qualified
1340,1604,15,2025-01-02,Google Ads,Lost
9335,34,33,2025-01-03,Google Ads,Qualified
10966,857,17,2025-01-03,Facebook Ads,Lost
6403,2570,22,2025-01-03,Google Ads,Qualified
11038,3413,27,2025-01-03,Google Ads,Qualified
8324,857,21,2025-01-03,官網,Qualified
317,2570,3,2025-01-03,官網,New
7806,3413,5,2025-01-03,Google Ads,New
11618,3586,39,2025-01-04,官網,Lost
638,3586,27,2025-01-04,Google Ads,New
2597,3113,27,2025-01-04,Google Ads,Qualified
953,3448,17,2025-01-04,Facebook Ads,Contacted
7661,3448,39,2025-01-04,官網,New
3991,3909,38,2025-01-04,Google Ads,Converted
4481,3735,17,2025-01-05,Facebook Ads,Contacted
8079,3735,37,2025-01-05,Facebook Ads,New
10232,3735,8,2025-01-05,Referral,Lost
10250,3367,15,2025-01-05,Google Ads,Lost
5547,1871,5,2025-01-05,Google Ads,Lost
5633,1871,22,2025-01-05,Google Ads,Contacted
9906,2797,33,2025-01-05,Google Ads,Converted
8653,3011,40,2025-01-05,Facebook Ads,Converted
4796,3735,10,2025-01-05,官網,Contacted
1968,3545,37,2025-01-06,Facebook Ads,Contacted
7833,191,22,2025-01-06,Google Ads,New
5162,1136,39,2025-01-06,官網,Lost
2550,1136,13,2025-01-06,電話,Qualified
11217,924,21,2025-01-06,官網,Converted
10920,1136,27,2025-01-06,Google Ads,Qualified
2616,1136,38,2025-01-06,Google Ads,New
4722,1136,13,2025-01-06,電話,Converted
3717,1136,8,2025-01-06,Referral,New
6205,1751,38,2025-01-07,Google Ads,Contacted
3782,1751,10,2025-01-07,官網,Contacted
883,690,15,2025-01-08,Google Ads,Contacted
11672,2083,26,2025-01-09,電話,Qualified
11319,2920,37,2025-01-09,Facebook Ads,Qualified
5078,2920,40,2025-01-09,Facebook Ads,Contacted
1754,3093,40,2025-01-09,Facebook Ads,Contacted
10333,2920,38,2025-01-09,Google Ads,Converted
11264,2920,21,2025-01-09,官網,Contacted
8408,2274,40,2025-01-09,Facebook Ads,Contacted
8167,751,39,2025-01-09,官網,Converted
2339,2274,5,2025-01-09,Google Ads,Qualified
11818,2920,40,2025-01-09,Facebook Ads,Contacted
4977,2532,5,2025-01-09,Google Ads,Qualified
2625,230,33,2025-01-09,Google Ads,Contacted
11523,1587,40,2025-01-09,Facebook Ads,Lost
2600,2920,5,2025-01-09,Google Ads,Converted
8420,2083,26,2025-01-09,電話,New
6692,2274,40,2025-01-09,Facebook Ads,New
2272,1587,33,2025-01-09,Google Ads,Contacted
3014,1238,37,2025-01-10,Facebook Ads,New
7763,1238,33,2025-01-10,Google Ads,Converted
3682,1238,5,2025-01-10,Google Ads,Contacted
6025,1764,38,2025-01-11,Google Ads,Contacted
2429,3966,10,2025-01-11,官網,Qualified
3657,3293,8,2025-01-11,Referral,Converted
2558,3293,14,2025-01-11,Google Ads,Qualified
7821,1764,37,2025-01-11,Facebook Ads,Qualified
1868,3370,17,2025-01-12,Facebook Ads,Converted
7749,3370,14,2025-01-12,Google Ads,Contacted
9087,3728,33,2025-01-12,Google Ads,Contacted
10852,3370,33,2025-01-12,Google Ads,Contacted
10136,946,15,2025-01-13,Google Ads,New
10749,2874,34,2025-01-13,合作通路,Contacted
7076,946,22,2025-01-13,Google Ads,Contacted
8012,1977,34,2025-01-13,合作通路,Qualified
10252,2044,27,2025-01-14,Google Ads,New
8045,2800,34,2025-01-14,合作通路,Converted
8411,3294,34,2025-01-14,合作通路,Contacted
745,789,40,2025-01-14,Facebook Ads,New
11349,3134,17,2025-01-15,Facebook Ads,New
1232,1254,40,2025-01-15,Facebook Ads,Contacted
7861,1254,13,2025-01-15,電話,Contacted
1095,2910,40,2025-01-15,Facebook Ads,Converted
9976,2910,22,2025-01-15,Google Ads,Lost
5515,3134,5,2025-01-15,Google Ads,Contacted
10710,2262,5,2025-01-15,Google Ads,Qualified
339,1343,11,2025-01-15,Google Ads,Contacted
11687,1254,13,2025-01-15,電話,Contacted
10269,2435,10,2025-01-15,官網,Qualified
5163,2262,10,2025-01-15,官網,Qualified
7323,597,11,2025-01-15,Google Ads,Contacted
1431,928,34,2025-01-16,合作通路,Converted
2052,2559,11,2025-01-16,Google Ads,Converted
5277,102,17,2025-01-16,Facebook Ads,Converted
6497,102,33,2025-01-16,Google Ads,Converted
9892,1452,38,2025-01-16,Google Ads,Contacted
1575,102,40,2025-01-16,Facebook Ads,Qualified
7192,2032,11,2025-01-16,Google Ads,Qualified
11378,2673,11,2025-01-16,Google Ads,Converted
9496,2939,11,2025-01-17,Google Ads,Qualified
4971,3327,11,2025-01-17,Google Ads,Contacted
8569,2885,34,2025-01-17,合作通路,Lost
4206,3433,11,2025-01-17,Google Ads,Qualified
8672,970,5,2025-01-17,Google Ads,New
2485,3800,11,2025-01-17,Google Ads,Qualified
10295,3984,11,2025-01-18,Google Ads,Contacted
2057,406,11,2025-01-18,Google Ads,Contacted
6438,3252,5,2025-01-18,Google Ads,Qualified
1609,1423,40,2025-01-18,Facebook Ads,Converted
11746,229,17,2025-01-18,Facebook Ads,Qualified
9085,3252,10,2025-01-18,官網,Contacted
5790,229,22,2025-01-18,Google Ads,New
11639,1917,11,2025-01-18,Google Ads,Converted
4726,229,15,2025-01-18,Google Ads,Converted
4391,711,22,2025-01-19,Google Ads,Lost
2874,1680,3,2025-01-19,官網,New
1220,2232,27,2025-01-19,Google Ads,Lost
3867,964,3,2025-01-19,官網,Converted
6848,2280,34,2025-01-19,合作通路,Qualified
2725,711,33,2025-01-19,Google Ads,Qualified
1463,964,5,2025-01-19,Google Ads,Contacted
9595,711,27,2025-01-19,Google Ads,Lost
10134,2617,11,2025-01-20,Google Ads,New
9035,3629,34,2025-01-20,合作通路,Converted
9015,3041,27,2025-01-20,Google Ads,Converted
11147,3931,11,2025-01-20,Google Ads,Qualified
5880,710,11,2025-01-20,Google Ads,Contacted
2283,3178,11,2025-01-20,Google Ads,Qualified
5282,3001,11,2025-01-21,Google Ads,New
4864,549,8,2025-01-21,Referral,New
5585,1233,11,2025-01-21,Google Ads,New
11735,3262,34,2025-01-21,合作通路,Contacted
4651,549,39,2025-01-21,官網,Qualified
7327,2234,40,2025-01-21,Facebook Ads,Converted
6705,230,11,2025-01-21,Google Ads,Converted
4531,340,27,2025-01-22,Google Ads,Contacted
9935,340,14,2025-01-22,Google Ads,Contacted
975,340,15,2025-01-22,Google Ads,Qualified
9116,1774,11,2025-01-22,Google Ads,Contacted
8134,3434,33,2025-01-23,Google Ads,Qualified
5822,3019,34,2025-01-23,合作通路,Contacted
14,3434,22,2025-01-23,Google Ads,Qualified
5175,2437,34,2025-01-23,合作通路,Qualified
5588,2326,11,2025-01-23,Google Ads,Converted
2809,918,11,2025-01-23,Google Ads,Qualified
4736,3434,5,2025-01-23,Google Ads,Contacted
9093,2911,11,2025-01-23,Google Ads,Lost
4064,1647,27,2025-01-23,Google Ads,Qualified
8059,2748,11,2025-01-23,Google Ads,Contacted
6015,1032,34,2025-01-23,合作通路,Contacted
6123,1078,15,2025-01-24,Google Ads,Converted
9535,3169,3,2025-01-24,官網,Qualified
5256,1351,11,2025-01-24,Google Ads,New
3052,2003,11,2025-01-24,Google Ads,Contacted
5079,2147,11,2025-01-24,Google Ads,Converted
7211,1958,11,2025-01-24,Google Ads,Lost
10954,3169,38,2025-01-24,Google Ads,New
2364,2650,11,2025-01-25,Google Ads,Contacted
8840,621,39,2025-01-25,官網,Contacted
1212,1432,34,2025-01-25,合作通路,Converted
8098,621,22,2025-01-25,Google Ads,Contacted
669,1043,22,2025-01-25,Google Ads,Lost
1546,1073,11,2025-01-25,Google Ads,Lost
7442,1215,38,2025-01-25,Google Ads,New
11302,182,22,2025-01-25,Google Ads,Lost
11024,3885,11,2025-01-25,Google Ads,New
159,182,40,2025-01-25,Facebook Ads,Qualified
5380,2374,40,2025-01-25,Facebook Ads,New
7329,3288,22,2025-01-25,Google Ads,Contacted
3560,1540,11,2025-01-25,Google Ads,Contacted
3285,1517,11,2025-01-25,Google Ads,Qualified
5215,3306,33,2025-01-26,Google Ads,Converted
1321,1571,27,2025-01-26,Google Ads,Converted
741,2932,11,2025-01-26,Google Ads,Lost
7647,4,30,2025-01-26,Google Ads,Contacted
4376,187,11,2025-01-26,Google Ads,Converted
4628,995,30,2025-01-26,Google Ads,Lost
4927,3324,11,2025-01-26,Google Ads,Lost
10738,2785,11,2025-01-26,Google Ads,Qualified
11461,1571,40,2025-01-26,Facebook Ads,Contacted
1660,3169,34,2025-01-26,合作通路,New
8289,3226,38,2025-01-26,Google Ads,Contacted
11755,962,33,2025-01-26,Google Ads,New
10106,183,40,2025-01-26,Facebook Ads,New
879,2828,15,2025-01-26,Google Ads,New
3258,3306,22,2025-01-26,Google Ads,Contacted
8894,2910,30,2025-01-26,Google Ads,New
8642,2175,3,2025-01-26,官網,Converted
2156,544,40,2025-01-26,Facebook Ads,Lost
9642,1634,30,2025-01-26,Google Ads,Qualified
7946,3306,26,2025-01-26,電話,Lost
3309,3226,37,2025-01-26,Facebook Ads,Lost
10479,1947,11,2025-01-26,Google Ads,Converted
6745,2193,11,2025-01-27,Google Ads,Qualified
11538,3962,30,2025-01-27,Google Ads,Qualified
4281,1901,17,2025-01-27,Facebook Ads,Lost
8052,1901,17,2025-01-27,Facebook Ads,Qualified
10771,1029,11,2025-01-27,Google Ads,Qualified
6605,2528,30,2025-01-27,Google Ads,Lost
2707,330,5,2025-01-27,Google Ads,Contacted
5222,490,11,2025-01-27,Google Ads,Contacted
7084,715,11,2025-01-27,Google Ads,Qualified
4772,435,33,2025-01-27,Google Ads,Lost
3558,2234,11,2025-01-27,Google Ads,Lost
435,2750,38,2025-01-27,Google Ads,Qualified
8039,435,37,2025-01-27,Facebook Ads,Contacted
4236,435,10,2025-01-27,官網,Converted
6894,86,33,2025-01-28,Google Ads,Contacted
8803,3701,11,2025-01-28,Google Ads,Converted
225,2311,27,2025-01-28,Google Ads,Contacted
5280,3137,37,2025-01-28,Facebook Ads,Lost
5797,3815,5,2025-01-28,Google Ads,Lost
9545,3971,8,2025-01-28,Referral,Converted
6891,2447,11,2025-01-28,Google Ads,Qualified
1397,2806,21,2025-01-28,官網,New
734,3441,30,2025-01-28,Google Ads,Converted
8585,2591,11,2025-01-28,Google Ads,Converted
827,1081,37,2025-01-28,Facebook Ads,Qualified
1695,3971,37,2025-01-28,Facebook Ads,Contacted
8874,3815,15,2025-01-28,Google Ads,Converted
1562,3971,40,2025-01-28,Facebook Ads,Lost
7892,1329,30,2025-01-28,Google Ads,Contacted
697,1081,14,2025-01-28,Google Ads,Converted
666,3815,17,2025-01-28,Facebook Ads,Lost
9053,1081,39,2025-01-28,官網,Qualified
3165,2337,13,2025-01-29,電話,Qualified
10114,51,30,2025-01-29,Google Ads,Contacted
858,1964,11,2025-01-29,Google Ads,New
7844,1070,11,2025-01-29,Google Ads,Contacted
7910,89,30,2025-01-29,Google Ads,Converted
3788,1705,11,2025-01-29,Google Ads,New
10568,3610,21,2025-01-29,官網,New
3736,3737,11,2025-01-29,Google Ads,Contacted
3661,3899,30,2025-01-29,Google Ads,Converted
3658,773,30,2025-01-29,Google Ads,Lost
11236,2876,30,2025-01-30,Google Ads,Contacted
9641,1015,11,2025-01-30,Google Ads,New
10540,1366,11,2025-01-30,Google Ads,Lost
6842,3139,17,2025-01-30,Facebook Ads,Converted
2846,160,37,2025-01-30,Facebook Ads,Qualified
10587,160,38,2025-01-30,Google Ads,Qualified
2595,3139,26,2025-01-30,電話,Converted
3850,160,38,2025-01-30,Google Ads,Lost
6890,2623,30,2025-01-30,Google Ads,New
11568,1905,30,2025-01-30,Google Ads,Lost
2230,2625,14,2025-01-31,Google Ads,Contacted
11598,222,5,2025-01-31,Google Ads,Contacted
1390,1166,34,2025-01-31,合作通路,Contacted
6591,3984,34,2025-01-31,合作通路,Contacted
1748,2625,27,2025-01-31,Google Ads,Lost
3734,835,30,2025-01-31,Google Ads,Qualified
3662,3532,30,2025-01-31,Google Ads,Qualified
880,1253,40,2025-01-31,Facebook Ads,Converted
4156,1519,15,2025-02-01,Google Ads,Lost
10324,2174,15,2025-02-01,Google Ads,Qualified
1132,275,30,2025-02-01,Google Ads,Lost
4030,2174,37,2025-02-01,Facebook Ads,Lost
416,2591,34,2025-02-01,合作通路,Converted
7998,3637,11,2025-02-01,Google Ads,New
4375,2314,30,2025-02-01,Google Ads,Lost
1692,2013,30,2025-02-01,Google Ads,Converted
3536,2174,5,2025-02-01,Google Ads,New
3587,3615,34,2025-02-01,合作通路,Qualified
2330,1519,39,2025-02-01,官網,Converted
11028,2092,11,2025-02-01,Google Ads,Lost
9716,672,30,2025-02-01,Google Ads,Qualified
5159,2751,11,2025-02-02,Google Ads,Qualified
7232,3515,21,2025-02-02,官網,Qualified
7126,1234,11,2025-02-02,Google Ads,Contacted
7421,3515,22,2025-02-02,Google Ads,New
3347,943,27,2025-02-02,Google Ads,Converted
10148,2874,30,2025-02-02,Google Ads,Contacted
970,1592,11,2025-02-02,Google Ads,Converted
3183,968,14,2025-02-02,Google Ads,Qualified
3185,2778,30,2025-02-02,Google Ads,Contacted
8414,2836,34,2025-02-02,合作通路,Qualified
10276,447,11,2025-02-02,Google Ads,New
7334,2891,30,2025-02-02,Google Ads,Qualified
1205,1437,11,2025-02-02,Google Ads,Lost
7727,943,38,2025-02-02,Google Ads,New
3815,968,27,2025-02-02,Google Ads,Contacted
581,490,11,2025-02-03,Google Ads,Converted
2311,3226,30,2025-02-03,Google Ads,Converted
8834,3265,30,2025-02-03,Google Ads,Converted
1459,1960,40,2025-02-03,Facebook Ads,Converted
2689,2322,30,2025-02-03,Google Ads,Converted
10918,2009,30,2025-02-03,Google Ads,Converted
11734,2264,11,2025-02-03,Google Ads,New
4837,771,33,2025-02-03,Google Ads,Qualified
9415,2353,11,2025-02-03,Google Ads,Contacted
9683,1937,10,2025-02-04,官網,Contacted
1303,1067,39,2025-02-04,官網,Qualified
1168,112,30,2025-02-04,Google Ads,New
11501,3223,14,2025-02-04,Google Ads,Contacted
7784,1937,15,2025-02-04,Google Ads,Converted
549,969,30,2025-02-04,Google Ads,Lost
11402,57,34,2025-02-04,合作通路,Converted
9420,2732,30,2025-02-04,Google Ads,Contacted
11681,1575,17,2025-02-05,Facebook Ads,Converted
6731,1705,11,2025-02-05,Google Ads,New
5076,1432,30,2025-02-05,Google Ads,Lost
10234,1067,11,2025-02-05,Google Ads,Contacted
6936,397,11,2025-02-05,Google Ads,Lost
4882,2532,11,2025-02-05,Google Ads,Lost
8365,1925,30,2025-02-05,Google Ads,Lost
7201,1575,37,2025-02-05,Facebook Ads,Qualified
10291,1297,30,2025-02-05,Google Ads,Contacted
3835,3541,11,2025-02-05,Google Ads,New
8036,475,38,2025-02-05,Google Ads,New
5297,3037,11,2025-02-05,Google Ads,Converted
10373,3776,30,2025-02-05,Google Ads,Contacted
3843,33,11,2025-02-06,Google Ads,New
5601,2206,27,2025-02-06,Google Ads,Contacted
8363,2426,40,2025-02-06,Facebook Ads,Contacted
8746,3462,30,2025-02-06,Google Ads,Qualified
154,754,30,2025-02-06,Google Ads,Contacted
10052,1824,11,2025-02-06,Google Ads,Contacted
1830,426,14,2025-02-06,Google Ads,Contacted
6077,876,10,2025-02-06,官網,New
1254,426,5,2025-02-06,Google Ads,Converted
867,2426,17,2025-02-06,Facebook Ads,New
4663,1200,11,2025-02-07,Google Ads,Converted
7055,3129,30,2025-02-07,Google Ads,Converted
28,2096,30,2025-02-07,Google Ads,Lost
8605,1558,34,2025-02-07,合作通路,Qualified
5002,633,11,2025-02-07,Google Ads,Converted
8763,1931,30,2025-02-07,Google Ads,Contacted
700,3783,11,2025-02-07,Google Ads,Converted
11628,57,11,2025-02-07,Google Ads,Lost
6503,2751,11,2025-02-07,Google Ads,Contacted
6334,1806,30,2025-02-07,Google Ads,Converted
1275,2361,11,2025-02-07,Google Ads,Qualified
11089,1173,34,2025-02-07,合作通路,Converted
8330,3795,11,2025-02-07,Google Ads,Contacted
9414,1641,5,2025-02-08,Google Ads,Lost
693,139,30,2025-02-08,Google Ads,Converted
11069,3765,30,2025-02-08,Google Ads,Qualified
7406,3043,40,2025-02-08,Facebook Ads,Converted
3640,3043,22,2025-02-08,Google Ads,Contacted
4582,1491,14,2025-02-08,Google Ads,Qualified
9608,3666,30,2025-02-08,Google Ads,New
5862,356,30,2025-02-08,Google Ads,New
6884,995,11,2025-02-08,Google Ads,New
11437,2360,30,2025-02-08,Google Ads,Contacted
3988,358,34,2025-02-08,合作通路,Converted
125,3043,40,2025-02-08,Facebook Ads,Contacted
4814,2375,30,2025-02-09,Google Ads,Converted
3457,3832,30,2025-02-09,Google Ads,Contacted
713,404,11,2025-02-09,Google Ads,Qualified
793,2363,30,2025-02-09,Google Ads,Qualified
9133,594,30,2025-02-09,Google Ads,Converted
7243,1688,5,2025-02-09,Google Ads,Converted
10681,751,11,2025-02-09,Google Ads,Contacted
6619,2224,30,2025-02-09,Google Ads,Converted
6051,1366,30,2025-02-09,Google Ads,New
5687,2845,30,2025-02-09,Google Ads,New
4965,815,11,2025-02-09,Google Ads,Converted
10422,1030,34,2025-02-09,合作通路,Qualified
2410,3081,34,2025-02-10,合作通路,Lost
9937,2496,11,2025-02-10,Google Ads,Lost
835,315,30,2025-02-10,Google Ads,Qualified
9491,1383,30,2025-02-10,Google Ads,Contacted
920,3404,26,2025-02-10,電話,Converted
96,771,30,2025-02-10,Google Ads,Converted
10377,3404,17,2025-02-10,Facebook Ads,Contacted
11908,3613,11,2025-02-10,Google Ads,Converted
8189,3554,30,2025-02-10,Google Ads,Lost
591,3404,26,2025-02-10,電話,Qualified
2574,1267,11,2025-02-10,Google Ads,Lost
10908,3215,3,2025-02-11,官網,Qualified
1714,3106,11,2025-02-11,Google Ads,Contacted
5691,3215,40,2025-02-11,Facebook Ads,Qualified
9757,156,27,2025-02-11,Google Ads,Lost
4844,3215,39,2025-02-11,官網,New
1761,2168,34,2025-02-11,合作通路,Converted
4569,695,26,2025-02-11,電話,Converted
4402,2275,30,2025-02-11,Google Ads,Lost
8493,447,11,2025-02-11,Google Ads,Qualified
7432,1942,11,2025-02-11,Google Ads,Lost
7534,1400,30,2025-02-11,Google Ads,Converted
3145,3215,27,2025-02-11,Google Ads,Qualified
9776,1591,11,2025-02-11,Google Ads,Converted
8401,3716,30,2025-02-12,Google Ads,New
6552,326,30,2025-02-12,Google Ads,Converted
7919,2999,5,2025-02-12,Google Ads,Converted
7347,3635,34,2025-02-12,合作通路,Qualified
4656,2999,17,2025-02-12,Facebook Ads,Converted
6329,1798,11,2025-02-13,Google Ads,Contacted
2583,1017,30,2025-02-13,Google Ads,Qualified
11716,3032,33,2025-02-13,Google Ads,Lost
1946,3736,30,2025-02-13,Google Ads,Contacted
8441,3032,27,2025-02-13,Google Ads,Converted
722,3032,22,2025-02-13,Google Ads,Contacted
5795,2900,30,2025-02-13,Google Ads,New
6910,3335,11,2025-02-13,Google Ads,Qualified
7616,1589,34,2025-02-14,合作通路,Contacted
723,2913,13,2025-02-14,電話,New
11216,2913,27,2025-02-14,Google Ads,Qualified
10195,1690,40,2025-02-14,Facebook Ads,Contacted
9204,2442,11,2025-02-14,Google Ads,Converted
10434,2659,11,2025-02-14,Google Ads,New
2757,3110,11,2025-02-14,Google Ads,Converted
1162,1690,5,2025-02-14,Google Ads,New
7610,792,22,2025-02-15,Google Ads,New
11594,792,14,2025-02-15,Google Ads,Qualified
9469,2383,30,2025-02-15,Google Ads,Qualified
9988,792,14,2025-02-15,Google Ads,Qualified
3040,3164,30,2025-02-15,Google Ads,Qualified
2517,792,15,2025-02-15,Google Ads,Lost
1138,2185,30,2025-02-15,Google Ads,Contacted
8599,2660,30,2025-02-15,Google Ads,Lost
2888,792,3,2025-02-15,官網,New
4982,792,27,2025-02-15,Google Ads,New
9006,2599,8,2025-02-15,Referral,New
9569,3055,30,2025-02-15,Google Ads,Contacted
11815,792,40,2025-02-15,Facebook Ads,New
3187,792,37,2025-02-15,Facebook Ads,Converted
458,2148,11,2025-02-16,Google Ads,New
5386,377,30,2025-02-16,Google Ads,Contacted
7026,3929,30,2025-02-16,Google Ads,Converted
5315,1274,30,2025-02-16,Google Ads,Qualified
7590,871,38,2025-02-16,Google Ads,Lost
9358,1567,17,2025-02-16,Facebook Ads,Qualified
986,1136,30,2025-02-16,Google Ads,Qualified
8787,2474,30,2025-02-16,Google Ads,Qualified
10661,2201,11,2025-02-16,Google Ads,Converted
1378,3070,30,2025-02-16,Google Ads,Lost
2831,2919,11,2025-02-16,Google Ads,New
9144,1634,30,2025-02-17,Google Ads,New
5501,2076,30,2025-02-17,Google Ads,Converted
9248,1788,34,2025-02-17,合作通路,Contacted
8629,781,14,2025-02-17,Google Ads,Qualified
3644,3035,11,2025-02-17,Google Ads,New
7425,2353,11,2025-02-17,Google Ads,New
2856,3732,30,2025-02-17,Google Ads,Converted
10374,2405,11,2025-02-17,Google Ads,Lost
11953,3820,39,2025-02-17,官網,Converted
2954,2166,11,2025-02-17,Google Ads,Contacted
3021,720,14,2025-02-17,Google Ads,Qualified
4199,720,21,2025-02-17,官網,New
4773,781,40,2025-02-17,Facebook Ads,Contacted
8656,2813,34,2025-02-17,合作通路,New
563,3820,5,2025-02-17,Google Ads,Converted
7565,3334,30,2025-02-17,Google Ads,Lost
11635,3970,10,2025-02-18,官網,Qualified
7476,1797,30,2025-02-18,Google Ads,Lost
10449,1398,11,2025-02-18,Google Ads,Lost
8896,679,26,2025-02-18,電話,Qualified
6434,1679,30,2025-02-18,Google Ads,Contacted
7796,2055,15,2025-02-18,Google Ads,Lost
6558,1098,39,2025-02-18,官網,Qualified
417,2055,14,2025-02-18,Google Ads,Contacted
9717,3970,40,2025-02-18,Facebook Ads,Converted
2033,265,11,2025-02-18,Google Ads,Qualified
98,1098,21,2025-02-18,官網,Converted
2062,1084,30,2025-02-18,Google Ads,Qualified
3548,3760,11,2025-02-18,Google Ads,Converted
9635,3970,14,2025-02-18,Google Ads,Lost
3564,3090,3,2025-02-18,官網,Lost
609,1888,30,2025-02-18,Google Ads,Contacted
11466,2055,15,2025-02-18,Google Ads,Converted
3247,816,30,2025-02-19,Google Ads,Lost
6358,3291,11,2025-02-19,Google Ads,Contacted
5349,2926,34,2025-02-19,合作通路,Qualified
4152,1648,15,2025-02-19,Google Ads,Converted
9795,1796,30,2025-02-19,Google Ads,Contacted
3306,1648,37,2025-02-19,Facebook Ads,Contacted
5861,2404,11,2025-02-19,Google Ads,Converted
7236,1249,11,2025-02-19,Google Ads,Converted
10040,3066,38,2025-02-19,Google Ads,Contacted
9679,306,30,2025-02-19,Google Ads,Converted
4180,862,14,2025-02-20,Google Ads,Converted
1914,930,37,2025-02-20,Facebook Ads,Qualified
1662,1543,30,2025-02-20,Google Ads,New
2730,3565,11,2025-02-20,Google Ads,Qualified
2598,99,30,2025-02-20,Google Ads,New
5307,3170,11,2025-02-20,Google Ads,New
8277,1521,30,2025-02-20,Google Ads,New
3410,930,39,2025-02-20,官網,Qualified
2764,2798,34,2025-02-20,合作通路,Contacted
551,3448,30,2025-02-20,Google Ads,Lost
2546,1318,11,2025-02-20,Google Ads,Lost
8099,930,21,2025-02-20,官網,Qualified
10438,3825,30,2025-02-20,Google Ads,Contacted
3354,3956,30,2025-02-20,Google Ads,Qualified
10399,610,30,2025-02-20,Google Ads,Converted
1077,2807,33,2025-02-21,Google Ads,Converted
11077,896,3,2025-02-21,官網,Qualified
3124,916,11,2025-02-21,Google Ads,Qualified
4698,2306,30,2025-02-21,Google Ads,Contacted
4193,1818,30,2025-02-21,Google Ads,Converted
3746,2807,22,2025-02-21,Google Ads,Lost
1746,2292,11,2025-02-21,Google Ads,New
9438,2896,40,2025-02-21,Facebook Ads,New
3595,3521,30,2025-02-21,Google Ads,Contacted
4959,896,22,2025-02-21,Google Ads,Lost
6643,3395,30,2025-02-21,Google Ads,Contacted
7780,3590,30,2025-02-21,Google Ads,Converted
11929,315,11,2025-02-21,Google Ads,Lost
4830,1443,30,2025-02-21,Google Ads,Qualified
3231,28,30,2025-02-22,Google Ads,Converted
4694,3793,30,2025-02-22,Google Ads,Lost
1000,3498,34,2025-02-22,合作通路,New
849,3605,30,2025-02-22,Google Ads,Lost
7157,1592,30,2025-02-22,Google Ads,Qualified
1643,1491,30,2025-02-22,Google Ads,New
5300,3928,15,2025-02-22,Google Ads,New
1727,2874,30,2025-02-22,Google Ads,Lost
8963,2491,34,2025-02-22,合作通路,Converted
11420,3020,32,2025-02-22,Google Ads,Qualified
2887,3786,30,2025-02-22,Google Ads,Qualified
10161,1997,32,2025-02-22,Google Ads,Lost
11561,3928,3,2025-02-22,官網,Lost
915,282,32,2025-02-22,Google Ads,Converted
8645,3057,32,2025-02-22,Google Ads,Contacted
4035,2695,17,2025-02-22,Facebook Ads,Qualified
3182,2695,14,2025-02-22,Google Ads,Lost
9965,3729,30,2025-02-22,Google Ads,New
10885,393,30,2025-02-22,Google Ads,Qualified
2651,3743,22,2025-02-23,Google Ads,Lost
8519,426,11,2025-02-23,Google Ads,Converted
6253,3743,8,2025-02-23,Referral,Converted
2652,783,37,2025-02-23,Facebook Ads,Lost
6587,1886,11,2025-02-23,Google Ads,Qualified
6545,2550,30,2025-02-23,Google Ads,Converted
6572,2830,15,2025-02-23,Google Ads,New
6623,1489,11,2025-02-23,Google Ads,New
5355,1301,32,2025-02-23,Google Ads,Contacted
785,2830,22,2025-02-23,Google Ads,Lost
2475,1363,32,2025-02-23,Google Ads,Lost
5780,783,40,2025-02-23,Facebook Ads,New
587,1243,38,2025-02-23,Google Ads,Lost
6170,3743,26,2025-02-23,電話,Qualified
6107,871,30,2025-02-23,Google Ads,Lost
2259,1243,10,2025-02-23,官網,Converted
4993,1162,8,2025-02-23,Referral,Contacted
705,1162,13,2025-02-23,電話,Converted
10939,2150,15,2025-02-23,Google Ads,New
1451,1917,30,2025-02-23,Google Ads,Contacted
6895,3654,30,2025-02-23,Google Ads,New
4519,3743,22,2025-02-23,Google Ads,New
10616,1243,30,2025-02-24,Google Ads,New
10347,3991,11,2025-02-24,Google Ads,Contacted
8664,3186,30,2025-02-24,Google Ads,Qualified
4497,3122,11,2025-02-24,Google Ads,Lost
4080,1642,40,2025-02-24,Facebook Ads,New
1372,1642,22,2025-02-24,Google Ads,Contacted
9828,3719,32,2025-02-24,Google Ads,Converted
4174,3662,32,2025-02-24,Google Ads,Lost
2060,364,32,2025-02-24,Google Ads,Lost
908,1464,8,2025-02-24,Referral,Qualified
11409,3538,30,2025-02-24,Google Ads,Contacted
5360,3195,30,2025-02-24,Google Ads,New
7294,3278,30,2025-02-24,Google Ads,New
11442,1262,32,2025-02-24,Google Ads,New
7563,1642,5,2025-02-24,Google Ads,Lost
6056,1017,30,2025-02-24,Google Ads,Contacted
8469,699,14,2025-02-24,Google Ads,Lost
4761,754,11,2025-02-24,Google Ads,Contacted
3692,3434,32,2025-02-24,Google Ads,Qualified
11816,1968,30,2025-02-25,Google Ads,Lost
5081,852,38,2025-02-25,Google Ads,Contacted
6020,852,38,2025-02-25,Google Ads,Converted
1988,86,30,2025-02-25,Google Ads,Converted
2246,753,30,2025-02-25,Google Ads,Converted
2487,3529,11,2025-02-25,Google Ads,New
5266,2311,30,2025-02-25,Google Ads,Qualified
6176,2605,32,2025-02-25,Google Ads,Converted
5900,610,32,2025-02-25,Google Ads,Converted
6303,541,11,2025-02-25,Google Ads,New
10461,3085,30,2025-02-25,Google Ads,Converted
6499,3724,40,2025-02-25,Facebook Ads,New
10611,1834,32,2025-02-25,Google Ads,Contacted
282,3724,8,2025-02-25,Referral,Qualified
11118,3034,32,2025-02-25,Google Ads,Converted
6385,3430,11,2025-02-25,Google Ads,Qualified
10963,872,11,2025-02-25,Google Ads,Qualified
11882,451,40,2025-02-26,Facebook Ads,Lost
596,816,11,2025-02-26,Google Ads,Qualified
3894,391,21,2025-02-26,官網,New
6679,2602,32,2025-02-26,Google Ads,New
4737,174,30,2025-02-26,Google Ads,New
5449,1913,32,2025-02-26,Google Ads,Converted
6496,391,5,2025-02-26,Google Ads,Contacted
11434,1188,11,2025-02-26,Google Ads,Contacted
7988,2081,34,2025-02-26,合作通路,Converted
10630,1745,32,2025-02-26,Google Ads,New
11166,1140,32,2025-02-26,Google Ads,Converted
410,1410,38,2025-02-26,Google Ads,Contacted
8717,3614,32,2025-02-26,Google Ads,Converted
11001,3549,32,2025-02-26,Google Ads,New
11436,1600,30,2025-02-26,Google Ads,Contacted
3035,451,14,2025-02-26,Google Ads,Qualified
4381,391,13,2025-02-26,電話,New
10863,465,5,2025-02-26,Google Ads,Qualified
7014,1410,22,2025-02-26,Google Ads,Contacted
1208,3521,34,2025-02-27,合作通路,Lost
2934,1557,32,2025-02-27,Google Ads,Lost
296,1865,30,2025-02-27,Google Ads,Lost
534,1622,32,2025-02-27,Google Ads,Converted
10321,2078,32,2025-02-27,Google Ads,Contacted
3321,1723,32,2025-02-27,Google Ads,Lost
4542,3765,30,2025-02-27,Google Ads,Converted
11505,1240,32,2025-02-27,Google Ads,Qualified
5890,753,34,2025-02-27,合作通路,Qualified
6243,3885,32,2025-02-27,Google Ads,Qualified
341,3448,30,2025-02-27,Google Ads,Contacted
7956,2246,32,2025-02-27,Google Ads,Converted
8108,2854,30,2025-02-27,Google Ads,Contacted
5596,748,11,2025-02-27,Google Ads,Contacted
9753,3186,30,2025-02-28,Google Ads,New
2694,2961,11,2025-02-28,Google Ads,Contacted
9793,2721,15,2025-02-28,Google Ads,Lost
6478,2721,5,2025-02-28,Google Ads,New
9774,2721,3,2025-02-28,官網,New
6865,2161,32,2025-02-28,Google Ads,Contacted
3877,3435,17,2025-02-28,Facebook Ads,Lost
6357,354,32,2025-02-28,Google Ads,Lost
2318,1201,33,2025-02-28,Google Ads,Lost
8521,1130,34,2025-02-28,合作通路,Lost
11977,3015,34,2025-02-28,合作通路,Qualified
4912,3186,32,2025-02-28,Google Ads,Converted
4140,339,32,2025-02-28,Google Ads,New
10218,1120,10,2025-02-28,官網,Lost
6795,2396,11,2025-03-01,Google Ads,Lost
9629,3075,39,2025-03-01,官網,Converted
5491,2318,17,2025-03-01,Facebook Ads,Contacted
11856,2318,5,2025-03-01,Google Ads,Qualified
10288,3075,38,2025-03-01,Google Ads,New
11108,1364,32,2025-03-01,Google Ads,Converted
7484,2599,30,2025-03-01,Google Ads,Contacted
1781,3594,39,2025-03-01,官網,Contacted
3605,3075,40,2025-03-01,Facebook Ads,New
8962,1250,30,2025-03-01,Google Ads,New
8311,2751,11,2025-03-01,Google Ads,Contacted
4765,1567,32,2025-03-01,Google Ads,Contacted
6531,1013,32,2025-03-01,Google Ads,Qualified
830,1541,34,2025-03-01,合作通路,New
4348,1521,32,2025-03-01,Google Ads,Lost
7035,1162,34,2025-03-02,合作通路,New
6420,3520,30,2025-03-02,Google Ads,Converted
7762,827,38,2025-03-02,Google Ads,Qualified
8173,2065,11,2025-03-02,Google Ads,Converted
4658,2311,32,2025-03-02,Google Ads,New
7556,3412,34,2025-03-02,合作通路,Lost
10708,2447,32,2025-03-02,Google Ads,New
3565,815,11,2025-03-02,Google Ads,Qualified
11983,1640,32,2025-03-02,Google Ads,New
9722,1243,11,2025-03-02,Google Ads,Contacted
11760,3723,30,2025-03-02,Google Ads,Contacted
10584,439,32,2025-03-02,Google Ads,Converted
11011,1410,30,2025-03-02,Google Ads,Qualified
10744,1709,32,2025-03-02,Google Ads,Lost
3978,2947,32,2025-03-02,Google Ads,Contacted
8236,2854,32,2025-03-02,Google Ads,Contacted
287,3521,11,2025-03-02,Google Ads,Converted
2534,1992,15,2025-03-02,Google Ads,Qualified
3906,2148,11,2025-03-02,Google Ads,Contacted
4786,696,33,2025-03-02,Google Ads,Qualified
104,835,30,2025-03-02,Google Ads,Qualified
3262,1964,30,2025-03-02,Google Ads,Qualified
3879,3583,32,2025-03-02,Google Ads,Converted
2817,702,30,2025-03-03,Google Ads,Converted
8535,1195,32,2025-03-03,Google Ads,New
8940,2694,10,2025-03-03,官網,Contacted
1052,2920,32,2025-03-03,Google Ads,Contacted
529,3375,13,2025-03-03,電話,Qualified
106,702,27,2025-03-03,Google Ads,Qualified
9261,781,34,2025-03-03,合作通路,Qualified
8501,1652,3,2025-03-03,官網,Converted
10826,1084,30,2025-03-03,Google Ads,Converted
6211,1244,30,2025-03-03,Google Ads,Qualified
8623,1679,30,2025-03-03,Google Ads,Contacted
9122,827,11,2025-03-03,Google Ads,Converted
8539,1227,11,2025-03-03,Google Ads,New
4661,1834,30,2025-03-03,Google Ads,Qualified
1984,2030,11,2025-03-03,Google Ads,Contacted
10142,1173,11,2025-03-03,Google Ads,Contacted
2712,2491,30,2025-03-03,Google Ads,Contacted
7438,702,40,2025-03-03,Facebook Ads,Converted
7883,802,32,2025-03-03,Google Ads,Contacted
9340,339,11,2025-03-03,Google Ads,Converted
8611,3375,3,2025-03-03,官網,Qualified
816,1009,30,2025-03-03,Google Ads,Lost
3478,1387,32,2025-03-04,Google Ads,New
5992,196,32,2025-03-04,Google Ads,Converted
3243,2077,32,2025-03-04,Google Ads,New
10842,2437,11,2025-03-04,Google Ads,Converted
2775,2299,32,2025-03-04,Google Ads,Converted
5525,977,32,2025-03-04,Google Ads,Lost
652,1757,32,2025-03-04,Google Ads,Lost
758,561,32,2025-03-04,Google Ads,Qualified
6074,930,11,2025-03-04,Google Ads,Contacted
11549,1173,32,2025-03-04,Google Ads,New
7707,995,32,2025-03-04,Google Ads,New
10069,659,30,2025-03-04,Google Ads,Converted
164,1143,32,2025-03-04,Google Ads,Lost
3221,3324,30,2025-03-04,Google Ads,Contacted
5316,1250,34,2025-03-04,合作通路,New
10711,3618,32,2025-03-04,Google Ads,New
9655,918,30,2025-03-04,Google Ads,Lost
6689,807,32,2025-03-04,Google Ads,Qualified
4613,3923,11,2025-03-05,Google Ads,Qualified
862,702,34,2025-03-05,合作通路,Contacted
8253,3797,15,2025-03-05,Google Ads,Lost
8358,525,32,2025-03-05,Google Ads,New
10750,992,15,2025-03-05,Google Ads,Qualified
11547,3252,30,2025-03-05,Google Ads,Contacted
4697,465,30,2025-03-05,Google Ads,Qualified
8921,3727,32,2025-03-05,Google Ads,New
11129,992,34,2025-03-05,合作通路,New
11068,992,8,2025-03-05,Referral,Converted
7714,3360,34,2025-03-05,合作通路,Contacted
3797,2192,32,2025-03-05,Google Ads,Converted
4232,3217,32,2025-03-05,Google Ads,Converted
3824,3739,10,2025-03-05,官網,Contacted
2419,740,15,2025-03-05,Google Ads,Contacted
6039,3797,5,2025-03-05,Google Ads,Qualified
650,3666,30,2025-03-05,Google Ads,Converted
4291,1195,32,2025-03-05,Google Ads,Lost
1240,740,22,2025-03-05,Google Ads,Contacted
7461,1078,11,2025-03-05,Google Ads,Contacted
3572,3728,32,2025-03-06,Google Ads,Lost
5830,1253,32,2025-03-06,Google Ads,Lost
9151,1195,32,2025-03-06,Google Ads,Lost
2470,3012,32,2025-03-06,Google Ads,New
3240,984,32,2025-03-06,Google Ads,Contacted
9512,3130,32,2025-03-06,Google Ads,Qualified
2496,2866,30,2025-03-06,Google Ads,Converted
9002,1514,32,2025-03-06,Google Ads,Converted
4208,2259,32,2025-03-06,Google Ads,New
8381,2853,30,2025-03-06,Google Ads,Lost
11831,1355,34,2025-03-06,合作通路,New
11597,3448,30,2025-03-06,Google Ads,Qualified
7522,2698,30,2025-03-06,Google Ads,Qualified
3827,1461,11,2025-03-06,Google Ads,Contacted
7348,638,11,2025-03-06,Google Ads,Qualified
8367,3339,34,2025-03-06,合作通路,New
809,2991,34,2025-03-06,合作通路,New
2993,2624,32,2025-03-07,Google Ads,Qualified
120,1814,32,2025-03-07,Google Ads,Lost
9217,1481,32,2025-03-07,Google Ads,Qualified
864,741,21,2025-03-07,官網,Qualified
627,1559,11,2025-03-07,Google Ads,Contacted
8339,1136,11,2025-03-07,Google Ads,New
7745,2778,11,2025-03-07,Google Ads,Qualified
5510,2700,11,2025-03-07,Google Ads,New
11293,1147,32,2025-03-07,Google Ads,Lost
9696,3215,32,2025-03-07,Google Ads,Converted
3859,581,33,2025-03-07,Google Ads,New
5524,581,11,2025-03-07,Google Ads,Converted
8941,3113,11,2025-03-07,Google Ads,Qualified
1490,581,34,2025-03-07,合作通路,Converted
10085,741,15,2025-03-07,Google Ads,Qualified
5258,1987,32,2025-03-07,Google Ads,New
9818,2913,11,2025-03-07,Google Ads,Lost
10394,1595,32,2025-03-07,Google Ads,Converted
4162,3802,38,2025-03-07,Google Ads,Converted
1304,945,32,2025-03-07,Google Ads,Qualified
9367,612,32,2025-03-07,Google Ads,Contacted
6855,2889,15,2025-03-08,Google Ads,Contacted
10525,2823,3,2025-03-08,官網,Lost
9503,1600,32,2025-03-08,Google Ads,Contacted
922,87,11,2025-03-08,Google Ads,Lost
5179,1737,32,2025-03-08,Google Ads,Qualified
3613,2823,33,2025-03-08,Google Ads,Converted
11857,2889,32,2025-03-08,Google Ads,Contacted
9419,1136,32,2025-03-08,Google Ads,New
7344,1724,11,2025-03-08,Google Ads,New
10518,1351,32,2025-03-08,Google Ads,Contacted
894,1339,33,2025-03-08,Google Ads,Converted
7269,1994,11,2025-03-08,Google Ads,Contacted
9284,1339,38,2025-03-08,Google Ads,New
8164,1865,11,2025-03-08,Google Ads,Contacted
5346,3446,32,2025-03-08,Google Ads,Qualified
7312,1166,32,2025-03-08,Google Ads,Qualified
6019,1886,32,2025-03-08,Google Ads,Converted
2085,28,32,2025-03-08,Google Ads,Qualified
1530,708,32,2025-03-08,Google Ads,Converted
8029,3061,32,2025-03-09,Google Ads,New
6387,3604,32,2025-03-09,Google Ads,Converted
6624,696,32,2025-03-09,Google Ads,Qualified
3995,3874,30,2025-03-09,Google Ads,Contacted
1508,1027,32,2025-03-09,Google Ads,Converted
3781,2682,33,2025-03-09,Google Ads,Contacted
5332,3874,10,2025-03-09,官網,Contacted
1705,1324,21,2025-03-09,官網,Qualified
6197,2682,27,2025-03-09,Google Ads,Converted
11070,3284,32,2025-03-09,Google Ads,Converted
6018,880,32,2025-03-10,Google Ads,Converted
6339,3193,11,2025-03-10,Google Ads,New
6323,3951,32,2025-03-10,Google Ads,Converted
11778,953,32,2025-03-10,Google Ads,Converted
8445,3193,22,2025-03-10,Google Ads,Lost
7733,3193,15,2025-03-10,Google Ads,Contacted
3164,1420,30,2025-03-10,Google Ads,New
8596,3934,32,2025-03-10,Google Ads,New
5047,1141,30,2025-03-10,Google Ads,New
4355,1107,32,2025-03-10,Google Ads,Contacted
4163,89,32,2025-03-10,Google Ads,Qualified
11076,1940,32,2025-03-10,Google Ads,Converted
378,3578,15,2025-03-10,Google Ads,New
9150,2372,32,2025-03-10,Google Ads,Contacted
11386,1420,11,2025-03-10,Google Ads,Contacted
11429,3578,15,2025-03-10,Google Ads,Contacted
8120,659,32,2025-03-10,Google Ads,Lost
6437,2845,32,2025-03-10,Google Ads,Contacted
11495,1308,32,2025-03-10,Google Ads,Converted
5620,1420,22,2025-03-10,Google Ads,Lost
1895,2921,32,2025-03-10,Google Ads,New
5661,1420,22,2025-03-10,Google Ads,Converted
5539,351,32,2025-03-10,Google Ads,Qualified
2015,2982,32,2025-03-10,Google Ads,Converted
3389,3193,39,2025-03-10,官網,Converted
49,1227,32,2025-03-10,Google Ads,Contacted
9738,3193,15,2025-03-10,Google Ads,Contacted
3604,3193,14,2025-03-10,Google Ads,Contacted
7256,1621,32,2025-03-10,Google Ads,Qualified
9564,2065,32,2025-03-11,Google Ads,Lost
3678,2059,33,2025-03-11,Google Ads,Contacted
4973,1826,32,2025-03-11,Google Ads,Converted
6383,3550,15,2025-03-12,Google Ads,Contacted
1731,3359,14,2025-03-12,Google Ads,Contacted
7039,2189,32,2025-03-12,Google Ads,Contacted
10869,2328,32,2025-03-12,Google Ads,Qualified
2910,3550,14,2025-03-12,Google Ads,Converted
4274,3550,11,2025-03-12,Google Ads,Qualified
10470,3333,32,2025-03-12,Google Ads,Converted
7545,3550,17,2025-03-12,Facebook Ads,New
1702,673,21,2025-03-13,官網,Lost
11934,3632,17,2025-03-13,Facebook Ads,Qualified
6459,3810,39,2025-03-13,官網,Contacted
342,3632,11,2025-03-13,Google Ads,Converted
2738,1319,32,2025-03-13,Google Ads,Contacted
6961,566,32,2025-03-13,Google Ads,Qualified
11222,2539,33,2025-03-13,Google Ads,Lost
4460,977,32,2025-03-13,Google Ads,Qualified
9169,3810,27,2025-03-13,Google Ads,Converted
5932,2539,8,2025-03-13,Referral,Lost
9813,3810,27,2025-03-13,Google Ads,Converted
1482,3810,5,2025-03-13,Google Ads,Lost
1297,2539,17,2025-03-13,Facebook Ads,New
5619,3070,32,2025-03-14,Google Ads,Contacted
2209,2112,14,2025-03-14,Google Ads,Converted
11496,198,32,2025-03-14,Google Ads,Contacted
11719,2687,27,2025-03-14,Google Ads,Converted
8060,3129,32,2025-03-14,Google Ads,Converted
256,1688,32,2025-03-14,Google Ads,New
4403,2687,27,2025-03-14,Google Ads,Contacted
8342,3670,32,2025-03-14,Google Ads,Contacted
3144,3489,32,2025-03-15,Google Ads,New
11751,2230,32,2025-03-15,Google Ads,Qualified
5354,784,32,2025-03-15,Google Ads,New
288,1155,32,2025-03-15,Google Ads,Lost
8498,2418,32,2025-03-15,Google Ads,New
6601,1611,32,2025-03-15,Google Ads,Converted
1613,2774,32,2025-03-15,Google Ads,Qualified
4410,2415,32,2025-03-15,Google Ads,Lost
10512,1622,32,2025-03-15,Google Ads,Qualified
8665,777,32,2025-03-16,Google Ads,Converted
2841,1767,33,2025-03-16,Google Ads,Contacted
9810,1494,32,2025-03-16,Google Ads,New
6646,3659,3,2025-03-16,官網,Contacted
9671,1597,11,2025-03-16,Google Ads,New
7377,639,32,2025-03-16,Google Ads,Qualified
3876,1597,3,2025-03-16,官網,Contacted
5734,668,32,2025-03-16,Google Ads,Qualified
2961,91,22,2025-03-16,Google Ads,New
7854,1597,14,2025-03-16,Google Ads,Lost
7731,1953,32,2025-03-16,Google Ads,Qualified
1580,1141,32,2025-03-16,Google Ads,Contacted
11276,1597,14,2025-03-16,Google Ads,Qualified
388,3008,17,2025-03-16,Facebook Ads,New
6133,364,32,2025-03-16,Google Ads,Contacted
9355,252,38,2025-03-16,Google Ads,Qualified
3771,992,32,2025-03-16,Google Ads,Qualified
4848,3008,26,2025-03-16,電話,New
5957,252,14,2025-03-16,Google Ads,New
6450,2857,32,2025-03-16,Google Ads,Converted
5557,1597,5,2025-03-16,Google Ads,Contacted
426,1597,32,2025-03-17,Google Ads,Contacted
9385,2166,32,2025-03-17,Google Ads,Qualified
7090,3128,38,2025-03-17,Google Ads,Converted
674,2885,32,2025-03-17,Google Ads,Contacted
5531,1543,32,2025-03-17,Google Ads,Converted
1809,2095,17,2025-03-17,Facebook Ads,New
7913,3727,32,2025-03-17,Google Ads,Contacted
7322,2587,32,2025-03-17,Google Ads,New
9685,3308,32,2025-03-17,Google Ads,Converted
1876,3688,32,2025-03-17,Google Ads,Converted
5048,1238,32,2025-03-17,Google Ads,Qualified
41,552,5,2025-03-18,Google Ads,Contacted
191,2245,38,2025-03-18,Google Ads,New
7340,1641,32,2025-03-18,Google Ads,Converted
10658,74,32,2025-03-18,Google Ads,Qualified
6690,3700,38,2025-03-18,Google Ads,Contacted
292,320,39,2025-03-18,官網,New
1628,2604,32,2025-03-18,Google Ads,Contacted
9293,3402,32,2025-03-18,Google Ads,New
3294,1826,32,2025-03-18,Google Ads,Qualified
4122,773,32,2025-03-19,Google Ads,Contacted
5213,322,10,2025-03-19,官網,Qualified
3008,3461,15,2025-03-19,Google Ads,Lost
9964,3708,32,2025-03-19,Google Ads,Qualified
5618,3914,27,2025-03-19,Google Ads,Qualified
928,2143,32,2025-03-19,Google Ads,Converted
19,1011,21,2025-03-19,官網,Converted
4118,3914,3,2025-03-19,官網,Qualified
6233,3339,32,2025-03-19,Google Ads,New
5013,3810,32,2025-03-19,Google Ads,Converted
214,1011,40,2025-03-19,Facebook Ads,Lost
10910,3461,40,2025-03-19,Facebook Ads,Contacted
4285,2619,32,2025-03-20,Google Ads,Qualified
7448,3916,27,2025-03-20,Google Ads,New
2359,3435,32,2025-03-20,Google Ads,Contacted
4412,3916,15,2025-03-20,Google Ads,Converted
9918,3916,22,2025-03-20,Google Ads,New
7572,3134,32,2025-03-20,Google Ads,Qualified
5127,3842,32,2025-03-20,Google Ads,New
4693,3916,37,2025-03-20,Facebook Ads,Converted
4655,2835,33,2025-03-21,Google Ads,Converted
5483,2341,34,2025-03-21,合作通路,Converted
2394,2835,26,2025-03-21,電話,Contacted
6269,1024,14,2025-03-21,Google Ads,New
11416,1501,14,2025-03-21,Google Ads,Contacted
2771,2341,38,2025-03-21,Google Ads,Qualified
363,2341,11,2025-03-21,Google Ads,Converted
366,2835,33,2025-03-21,Google Ads,Converted
1514,1501,15,2025-03-21,Google Ads,Converted
6408,1501,10,2025-03-21,官網,Converted
1068,2341,5,2025-03-21,Google Ads,Contacted
9464,3436,11,2025-03-22,Google Ads,Lost
10844,583,14,2025-03-22,Google Ads,Qualified
2469,2233,11,2025-03-22,Google Ads,New
8731,2917,17,2025-03-22,Facebook Ads,Contacted
4476,583,11,2025-03-22,Google Ads,Converted
11025,3445,11,2025-03-22,Google Ads,Lost
8727,3436,33,2025-03-22,Google Ads,Lost
10293,116,10,2025-03-23,官網,Qualified
2674,1048,22,2025-03-24,Google Ads,Qualified
10186,2039,30,2025-03-24,Google Ads,Converted
3278,1522,11,2025-03-24,Google Ads,Contacted
2629,2056,30,2025-03-24,Google Ads,Converted
5886,1048,11,2025-03-24,Google Ads,Converted
10634,1676,37,2025-03-24,Facebook Ads,Contacted
6760,788,14,2025-03-25,Google Ads,New
403,757,30,2025-03-25,Google Ads,Contacted
2777,325,39,2025-03-25,官網,Converted
9658,2146,22,2025-03-25,Google Ads,New
11145,757,15,2025-03-25,Google Ads,Contacted
6085,325,27,2025-03-25,Google Ads,Contacted
1791,550,26,2025-03-25,電話,Converted
1098,550,22,2025-03-25,Google Ads,Contacted
8537,757,5,2025-03-25,Google Ads,Converted
6440,325,32,2025-03-25,Google Ads,Lost
11704,2146,37,2025-03-25,Facebook Ads,New
10125,788,38,2025-03-25,Google Ads,Contacted
1651,757,39,2025-03-25,官網,New
1188,3985,13,2025-03-25,電話,Converted
1677,3575,38,2025-03-26,Google Ads,Converted
3770,486,5,2025-03-26,Google Ads,Converted
4517,3575,30,2025-03-26,Google Ads,Converted
4821,3575,14,2025-03-26,Google Ads,Lost
4632,3575,10,2025-03-26,官網,Contacted
3456,2393,17,2025-03-27,Facebook Ads,Contacted
11814,1566,17,2025-03-27,Facebook Ads,New
10782,2393,30,2025-03-27,Google Ads,Contacted
5457,1566,37,2025-03-27,Facebook Ads,New
7963,3791,5,2025-03-27,Google Ads,Converted
10773,1566,21,2025-03-27,官網,Lost
942,3791,32,2025-03-27,Google Ads,Contacted
9457,3119,33,2025-03-27,Google Ads,Lost
8765,349,17,2025-03-28,Facebook Ads,Contacted
91,4000,5,2025-03-28,Google Ads,Lost
2170,349,10,2025-03-28,官網,Converted
6735,349,17,2025-03-28,Facebook Ads,Contacted
7905,349,39,2025-03-28,官網,New
6453,1001,21,2025-03-28,官網,Qualified
10775,1714,40,2025-03-29,Facebook Ads,Contacted
4284,2656,13,2025-03-29,電話,Qualified
9321,1714,22,2025-03-29,Google Ads,Qualified
3233,2656,27,2025-03-29,Google Ads,Qualified
45,1663,27,2025-03-29,Google Ads,New
8916,3021,11,2025-03-29,Google Ads,Converted
1350,3699,39,2025-03-29,官網,Lost
2505,3021,22,2025-03-29,Google Ads,Qualified
5132,3387,30,2025-03-29,Google Ads,Contacted
4687,3021,26,2025-03-29,電話,Contacted
7204,3387,5,2025-03-29,Google Ads,New
10206,2696,22,2025-03-30,Google Ads,New
6097,2106,39,2025-03-30,官網,Contacted
10579,3692,5,2025-03-30,Google Ads,Lost
7771,3692,30,2025-03-30,Google Ads,Lost
8225,2856,37,2025-03-30,Facebook Ads,Converted
1983,2681,11,2025-03-31,Google Ads,Converted
10007,765,15,2025-03-31,Google Ads,Lost
3944,765,33,2025-03-31,Google Ads,Contacted
2506,2681,5,2025-03-31,Google Ads,New
6155,765,22,2025-03-31,Google Ads,Contacted
11648,3702,33,2025-04-01,Google Ads,Lost
4218,2515,30,2025-04-01,Google Ads,Converted
1,3702,33,2025-04-01,Google Ads,Qualified
714,2556,3,2025-04-01,官網,Qualified
2083,171,11,2025-04-01,Google Ads,Lost
2247,600,13,2025-04-02,電話,Contacted
11809,2934,15,2025-04-02,Google Ads,Lost
3186,600,32,2025-04-02,Google Ads,New
4332,942,5,2025-04-02,Google Ads,New
8348,616,15,2025-04-02,Google Ads,Contacted
90,942,11,2025-04-02,Google Ads,New
112,942,17,2025-04-02,Facebook Ads,New
3603,600,22,2025-04-02,Google Ads,Contacted
1581,616,40,2025-04-02,Facebook Ads,Lost
10439,1586,11,2025-04-02,Google Ads,Qualified
6078,942,32,2025-04-02,Google Ads,Contacted
7447,600,32,2025-04-02,Google Ads,Qualified
8951,942,27,2025-04-02,Google Ads,New
11424,600,32,2025-04-02,Google Ads,Converted
5347,274,15,2025-04-03,Google Ads,Qualified
9155,274,17,2025-04-03,Facebook Ads,Contacted
3810,274,39,2025-04-03,官網,Converted
7423,1982,33,2025-04-04,Google Ads,Qualified
3114,806,38,2025-04-04,Google Ads,Lost
6171,1982,39,2025-04-04,官網,Qualified
2457,3814,21,2025-04-04,官網,Qualified
11933,1982,38,2025-04-04,Google Ads,Converted
4197,806,15,2025-04-04,Google Ads,Converted
7976,806,17,2025-04-04,Facebook Ads,Contacted
10167,1955,3,2025-04-05,官網,Converted
1377,1955,34,2025-04-05,合作通路,Qualified
11750,980,5,2025-04-06,Google Ads,New
3100,980,21,2025-04-06,官網,Converted
1223,3620,21,2025-04-07,官網,Converted
2998,653,14,2025-04-07,Google Ads,Contacted
8593,694,33,2025-04-07,Google Ads,New
7960,694,39,2025-04-07,官網,Qualified
9576,1613,8,2025-04-08,Referral,Contacted
9315,2855,32,2025-04-08,Google Ads,Qualified
4925,2678,39,2025-04-08,官網,New
11381,2678,21,2025-04-08,官網,Converted
11754,281,40,2025-04-08,Facebook Ads,Qualified
4749,1613,33,2025-04-08,Google Ads,Qualified
7611,1678,10,2025-04-08,官網,Qualified
7791,1613,32,2025-04-08,Google Ads,Converted
3525,1678,17,2025-04-08,Facebook Ads,Contacted
4399,281,17,2025-04-08,Facebook Ads,New
6036,2678,40,2025-04-08,Facebook Ads,Converted
6122,1613,5,2025-04-08,Google Ads,Contacted
4944,1268,37,2025-04-09,Facebook Ads,Qualified
6631,1268,3,2025-04-09,官網,Qualified
7089,1382,14,2025-04-09,Google Ads,Contacted
2337,1268,11,2025-04-09,Google Ads,Contacted
3128,2531,38,2025-04-09,Google Ads,New
10144,123,33,2025-04-09,Google Ads,Lost
38,3202,38,2025-04-09,Google Ads,Converted
16,1268,22,2025-04-09,Google Ads,Qualified
7415,123,11,2025-04-09,Google Ads,Contacted
11471,1382,13,2025-04-09,電話,Qualified
8536,3202,10,2025-04-09,官網,New
3489,2531,15,2025-04-09,Google Ads,Lost
1576,123,38,2025-04-09,Google Ads,Lost
3865,2978,5,2025-04-10,Google Ads,Qualified
5088,3871,13,2025-04-10,電話,Contacted
10015,2978,30,2025-04-10,Google Ads,Contacted
5327,2978,38,2025-04-10,Google Ads,New
6142,1041,37,2025-04-11,Facebook Ads,New
6947,1041,5,2025-04-11,Google Ads,New
5425,1041,21,2025-04-11,官網,Converted
8760,1132,30,2025-04-11,Google Ads,Lost
2369,3376,37,2025-04-13,Facebook Ads,Qualified
11284,2392,15,2025-04-15,Google Ads,Contacted
1688,2392,11,2025-04-15,Google Ads,Lost
5239,2392,39,2025-04-15,官網,New
9739,2640,10,2025-04-15,官網,Contacted
7992,2149,40,2025-04-15,Facebook Ads,New
3996,2149,21,2025-04-15,官網,Contacted
10100,2149,17,2025-04-15,Facebook Ads,Lost
11666,2640,37,2025-04-15,Facebook Ads,Lost
10325,596,22,2025-04-16,Google Ads,Contacted
3764,2466,14,2025-04-16,Google Ads,Converted
7293,2466,5,2025-04-16,Google Ads,Contacted
210,2466,17,2025-04-16,Facebook Ads,Qualified
7470,2466,8,2025-04-16,Referral,Contacted
10036,596,37,2025-04-16,Facebook Ads,Converted
9474,2014,22,2025-04-17,Google Ads,Contacted
11032,2684,15,2025-04-17,Google Ads,Qualified
11889,3237,25,2025-04-17,LINE,New
503,801,14,2025-04-17,Google Ads,Contacted
11723,2684,30,2025-04-17,Google Ads,Lost
506,2014,17,2025-04-17,Facebook Ads,New
319,801,17,2025-04-17,Facebook Ads,Qualified
6412,801,37,2025-04-17,Facebook Ads,Lost
3909,2755,25,2025-04-18,LINE,New
5887,539,25,2025-04-18,LINE,Contacted
7015,1763,30,2025-04-18,Google Ads,Lost
10539,2928,25,2025-04-18,LINE,Contacted
5595,1763,37,2025-04-18,Facebook Ads,Contacted
5131,1913,25,2025-04-18,LINE,New
6701,910,25,2025-04-18,LINE,Converted
791,3191,17,2025-04-19,Facebook Ads,Lost
6825,3191,40,2025-04-19,Facebook Ads,Lost
6260,3191,40,2025-04-19,Facebook Ads,Contacted
8950,3129,25,2025-04-19,LINE,Lost
371,3191,38,2025-04-19,Google Ads,Converted
10968,970,25,2025-04-19,LINE,Qualified
3612,1568,26,2025-04-20,電話,Converted
5997,556,30,2025-04-20,Google Ads,Contacted
6288,556,21,2025-04-20,官網,Lost
11927,2545,15,2025-04-20,Google Ads,New
9962,3869,25,2025-04-20,LINE,Contacted
5340,647,15,2025-04-20,Google Ads,Contacted
11158,647,22,2025-04-20,Google Ads,Contacted
554,2099,25,2025-04-20,LINE,New
25,1231,11,2025-04-21,Google Ads,Qualified
2848,1231,27,2025-04-21,Google Ads,Contacted
11733,270,14,2025-04-21,Google Ads,New
5172,2640,25,2025-04-21,LINE,Converted
2968,1759,25,2025-04-22,LINE,Contacted
4110,2946,25,2025-04-22,LINE,New
6566,1849,37,2025-04-22,Facebook Ads,Lost
11545,1293,34,2025-04-22,合作通路,Qualified
5344,96,17,2025-04-22,Facebook Ads,Lost
1116,2745,25,2025-04-22,LINE,Contacted
8919,96,21,2025-04-22,官網,Converted
6636,96,8,2025-04-22,Referral,Converted
5499,167,25,2025-04-22,LINE,Converted
1069,1293,37,2025-04-22,Facebook Ads,Converted
5118,1949,11,2025-04-22,Google Ads,Converted
10044,2294,25,2025-04-22,LINE,Contacted
10821,1849,30,2025-04-22,Google Ads,Lost
5054,1849,38,2025-04-22,Google Ads,Contacted
766,1864,25,2025-04-22,LINE,Converted
2145,1949,11,2025-04-22,Google Ads,Qualified
9604,96,39,2025-04-22,官網,Lost
1067,2330,40,2025-04-23,Facebook Ads,Contacted
10171,2558,30,2025-04-23,Google Ads,New
6190,2212,26,2025-04-23,電話,New
4289,2330,37,2025-04-23,Facebook Ads,Qualified
3611,3826,25,2025-04-23,LINE,Qualified
1965,112,25,2025-04-23,LINE,Contacted
6256,2212,32,2025-04-23,Google Ads,Lost
9650,1493,22,2025-04-23,Google Ads,Contacted
3620,1493,17,2025-04-23,Facebook Ads,Converted
8954,1622,25,2025-04-23,LINE,Qualified
2808,1493,17,2025-04-23,Facebook Ads,Converted
6363,2330,40,2025-04-23,Facebook Ads,Contacted
5756,2212,33,2025-04-23,Google Ads,Contacted
7330,2481,25,2025-04-23,LINE,Converted
2762,1493,15,2025-04-23,Google Ads,Contacted
5844,678,15,2025-04-24,Google Ads,New
6726,678,38,2025-04-24,Google Ads,Converted
2685,1572,8,2025-04-24,Referral,Qualified
8922,678,39,2025-04-24,官網,New
4826,2430,17,2025-04-24,Facebook Ads,Converted
558,1572,15,2025-04-24,Google Ads,New
4992,2314,25,2025-04-25,LINE,Converted
8235,2105,38,2025-04-25,Google Ads,New
515,3281,39,2025-04-25,官網,Qualified
6839,2105,17,2025-04-25,Facebook Ads,Lost
7071,2105,37,2025-04-25,Facebook Ads,Lost
3026,954,33,2025-04-25,Google Ads,Converted
161,3281,37,2025-04-25,Facebook Ads,Converted
2293,2105,22,2025-04-25,Google Ads,New
10182,3281,11,2025-04-25,Google Ads,Lost
4164,3281,33,2025-04-25,Google Ads,Qualified
9388,2635,27,2025-04-26,Google Ads,Contacted
5706,520,27,2025-04-26,Google Ads,New
4196,2635,22,2025-04-26,Google Ads,Contacted
8895,1264,15,2025-04-26,Google Ads,New
5343,2184,38,2025-04-26,Google Ads,Converted
7282,617,39,2025-04-26,官網,Converted
6341,1264,27,2025-04-26,Google Ads,Qualified
3567,414,25,2025-04-26,LINE,New
2256,2442,25,2025-04-26,LINE,Converted
8057,1264,8,2025-04-26,Referral,Converted
7841,3934,25,2025-04-27,LINE,Contacted
10877,3017,34,2025-04-27,合作通路,Lost
3955,538,40,2025-04-27,Facebook Ads,New
9047,81,33,2025-04-27,Google Ads,Lost
8942,2279,33,2025-04-27,Google Ads,Qualified
798,2963,25,2025-04-27,LINE,Qualified
11247,735,11,2025-04-27,Google Ads,Converted
5033,2175,25,2025-04-27,LINE,Lost
1841,1580,33,2025-04-28,Google Ads,Contacted
8969,710,25,2025-04-28,LINE,Contacted
7801,1422,39,2025-04-28,官網,New
11041,89,25,2025-04-28,LINE,Qualified
3271,1422,27,2025-04-28,Google Ads,Qualified
978,1422,39,2025-04-28,官網,Lost
4198,1534,14,2025-04-28,Google Ads,Contacted
6099,1534,22,2025-04-28,Google Ads,New
1018,2743,25,2025-04-28,LINE,Converted
4777,1534,15,2025-04-28,Google Ads,Contacted
4997,1534,5,2025-04-28,Google Ads,Qualified
7504,1485,5,2025-04-28,Google Ads,Converted
10702,3636,21,2025-04-29,官網,Qualified
1615,3636,8,2025-04-29,Referral,Contacted
10641,1936,25,2025-04-29,LINE,New
4043,2439,11,2025-04-29,Google Ads,Contacted
9794,2439,27,2025-04-29,Google Ads,Qualified
6094,1382,25,2025-04-29,LINE,Converted
8216,2439,30,2025-04-29,Google Ads,Qualified
11322,2073,25,2025-04-30,LINE,Qualified
4168,900,38,2025-04-30,Google Ads,Contacted
7115,900,30,2025-04-30,Google Ads,Contacted
4214,900,40,2025-04-30,Facebook Ads,Contacted
3602,3027,25,2025-04-30,LINE,New
3938,3218,17,2025-05-01,Facebook Ads,Contacted
9443,2906,40,2025-05-01,Facebook Ads,Lost
8454,3396,21,2025-05-01,官網,Qualified
10358,2906,33,2025-05-01,Google Ads,Qualified
5727,3218,22,2025-05-01,Google Ads,Contacted
6944,3980,39,2025-05-01,官網,Contacted
2511,1102,13,2025-05-01,電話,Converted
8841,2603,25,2025-05-01,LINE,Converted
9680,3980,10,2025-05-01,官網,New
7672,870,25,2025-05-02,LINE,Contacted
8379,2818,25,2025-05-02,LINE,New
5053,1294,22,2025-05-02,Google Ads,Converted
150,268,14,2025-05-02,Google Ads,Qualified
4111,3662,25,2025-05-02,LINE,Converted
859,1768,25,2025-05-02,LINE,Converted
11968,232,38,2025-05-03,Google Ads,Lost
11255,3309,10,2025-05-03,官網,Qualified
7936,1561,5,2025-05-03,Google Ads,Converted
634,1561,32,2025-05-03,Google Ads,New
3733,232,34,2025-05-03,合作通路,Converted
6209,1561,33,2025-05-03,Google Ads,New
7993,1509,27,2025-05-03,Google Ads,Converted
7068,714,30,2025-05-03,Google Ads,Converted
7622,2236,25,2025-05-03,LINE,New
1766,1561,10,2025-05-03,官網,Qualified
1471,2723,25,2025-05-03,LINE,New
8005,696,25,2025-05-03,LINE,Qualified
3530,1561,21,2025-05-03,官網,Lost
5810,1509,3,2025-05-03,官網,Contacted
1072,1561,40,2025-05-03,Facebook Ads,New
5818,3093,36,2025-05-04,電話,New
792,577,36,2025-05-04,電話,Contacted
5892,673,36,2025-05-04,電話,Converted
6354,2229,25,2025-05-04,LINE,Converted
2289,1677,11,2025-05-04,Google Ads,Converted
3800,2637,25,2025-05-04,LINE,Contacted
3813,3872,40,2025-05-04,Facebook Ads,New
6546,1677,38,2025-05-04,Google Ads,Lost
5066,3851,39,2025-05-04,官網,Converted
1971,392,15,2025-05-05,Google Ads,New
1086,2074,11,2025-05-05,Google Ads,Lost
5383,2877,27,2025-05-05,Google Ads,New
2036,392,37,2025-05-05,Facebook Ads,Lost
11726,392,3,2025-05-05,官網,Qualified
7336,392,40,2025-05-05,Facebook Ads,Contacted
9060,2877,22,2025-05-05,Google Ads,Contacted
5493,3027,25,2025-05-05,LINE,Qualified
9370,2493,36,2025-05-05,電話,Lost
11623,3044,13,2025-05-06,電話,Contacted
7603,1262,25,2025-05-06,LINE,Contacted
11986,547,36,2025-05-06,電話,Contacted
3643,3044,11,2025-05-06,Google Ads,Contacted
1877,1552,36,2025-05-06,電話,Converted
7694,969,36,2025-05-07,電話,New
7454,836,12,2025-05-07,合作通路,Qualified
3593,3118,25,2025-05-07,LINE,Qualified
5394,1718,36,2025-05-07,電話,Qualified
290,3417,36,2025-05-07,電話,Converted
10980,2432,25,2025-05-07,LINE,Qualified
6181,499,36,2025-05-07,電話,Converted
4704,3755,12,2025-05-07,合作通路,New
6305,3539,33,2025-05-07,Google Ads,Contacted
8881,760,36,2025-05-07,電話,New
10139,1523,25,2025-05-07,LINE,New
2267,441,36,2025-05-08,電話,Contacted
3089,3880,36,2025-05-08,電話,Lost
5645,3597,12,2025-05-08,合作通路,Qualified
4,1987,12,2025-05-08,合作通路,New
5137,806,12,2025-05-08,合作通路,New
7384,2404,25,2025-05-08,LINE,Converted
10692,2669,38,2025-05-09,Google Ads,Qualified
1622,2669,13,2025-05-09,電話,Qualified
1934,1738,12,2025-05-09,合作通路,Lost
11782,2070,25,2025-05-09,LINE,Qualified
1360,3471,36,2025-05-09,電話,Qualified
3356,2669,38,2025-05-09,Google Ads,Lost
2133,3675,25,2025-05-09,LINE,Lost
2414,3240,15,2025-05-09,Google Ads,Contacted
5426,315,25,2025-05-09,LINE,Converted
2226,2669,11,2025-05-09,Google Ads,Converted
2747,1316,25,2025-05-10,LINE,Qualified
1330,1853,30,2025-05-10,Google Ads,Contacted
1966,1987,36,2025-05-10,電話,Lost
7823,323,3,2025-05-10,官網,Contacted
1260,1853,36,2025-05-10,電話,Converted
10097,3424,36,2025-05-10,電話,Lost
7527,3277,36,2025-05-10,電話,Contacted
8558,1803,36,2025-05-10,電話,Converted
5650,352,36,2025-05-10,電話,Contacted
5641,639,25,2025-05-11,LINE,Converted
7096,37,36,2025-05-11,電話,Converted
9707,2476,15,2025-05-11,Google Ads,Converted
10665,3758,36,2025-05-11,電話,Converted
4082,742,40,2025-05-11,Facebook Ads,Contacted
4074,577,12,2025-05-11,合作通路,Contacted
5230,385,12,2025-05-11,合作通路,New
9817,694,12,2025-05-11,合作通路,Qualified
4480,1635,25,2025-05-11,LINE,Qualified
603,2476,17,2025-05-11,Facebook Ads,Contacted
5143,597,36,2025-05-11,電話,Converted
10654,3752,25,2025-05-11,LINE,Converted
10214,1983,25,2025-05-12,LINE,Contacted
3057,2516,12,2025-05-12,合作通路,Contacted
3229,3150,5,2025-05-12,Google Ads,Lost
11027,2690,26,2025-05-12,電話,Contacted
4135,2328,36,2025-05-12,電話,Converted
5904,2484,33,2025-05-12,Google Ads,Lost
8106,392,12,2025-05-12,合作通路,Converted
358,1534,36,2025-05-12,電話,Contacted
260,1046,38,2025-05-12,Google Ads,Converted
10303,2690,5,2025-05-12,Google Ads,Qualified
7021,2690,32,2025-05-12,Google Ads,Qualified
11301,2484,21,2025-05-12,官網,New
687,357,25,2025-05-12,LINE,New
8838,1880,36,2025-05-12,電話,New
1454,3729,25,2025-05-13,LINE,New
6321,1257,28,2025-05-13,LINE,New
8638,2208,11,2025-05-13,Google Ads,New
4536,74,36,2025-05-13,電話,Qualified
10258,2042,30,2025-05-13,Google Ads,Qualified
7033,2782,36,2025-05-13,電話,Converted
8757,2042,40,2025-05-13,Facebook Ads,Contacted
2243,1024,36,2025-05-13,電話,Qualified
6540,2114,28,2025-05-13,LINE,Qualified
10831,2208,40,2025-05-13,Facebook Ads,New
6919,46,28,2025-05-13,LINE,Contacted
8648,2198,38,2025-05-13,Google Ads,New
10542,3202,28,2025-05-13,LINE,Contacted
3049,2208,33,2025-05-13,Google Ads,New
8147,1609,14,2025-05-14,Google Ads,Lost
5276,1609,40,2025-05-14,Facebook Ads,New
5956,2803,28,2025-05-14,LINE,Converted
3531,1392,14,2025-05-14,Google Ads,Qualified
1918,1334,36,2025-05-14,電話,Contacted
8344,1054,11,2025-05-14,Google Ads,New
11135,3032,25,2025-05-14,LINE,Converted
2309,1609,5,2025-05-14,Google Ads,Contacted
11291,2073,36,2025-05-14,電話,Contacted
545,3598,28,2025-05-14,LINE,Qualified
8174,1609,14,2025-05-14,Google Ads,Converted
1776,1392,10,2025-05-14,官網,Converted
8437,1392,34,2025-05-14,合作通路,Converted
4352,1723,12,2025-05-14,合作通路,Qualified
11003,605,36,2025-05-14,電話,New
5860,3597,36,2025-05-14,電話,Converted
10847,351,36,2025-05-14,電話,Lost
8274,2198,36,2025-05-14,電話,Qualified
2779,3753,34,2025-05-15,合作通路,Lost
3143,2751,36,2025-05-15,電話,Qualified
10919,1494,28,2025-05-15,LINE,Qualified
8723,360,40,2025-05-15,Facebook Ads,Contacted
8403,2081,36,2025-05-15,電話,Qualified
6618,360,33,2025-05-15,Google Ads,Contacted
7374,346,12,2025-05-15,合作通路,Contacted
2745,28,28,2025-05-15,LINE,Qualified
10554,3579,36,2025-05-15,電話,New
11396,2702,27,2025-05-15,Google Ads,Contacted
1532,2069,28,2025-05-15,LINE,Qualified
2333,3910,12,2025-05-15,合作通路,Converted
3031,1623,22,2025-05-15,Google Ads,Qualified
9210,15,36,2025-05-15,電話,Converted
9572,1623,38,2025-05-15,Google Ads,Converted
497,833,36,2025-05-16,電話,Converted
4221,2402,14,2025-05-16,Google Ads,Converted
1833,486,36,2025-05-16,電話,Qualified
1933,675,25,2025-05-16,LINE,Converted
9008,3420,25,2025-05-16,LINE,Converted
5392,441,25,2025-05-16,LINE,Contacted
492,232,28,2025-05-16,LINE,Qualified
8654,2913,36,2025-05-16,電話,Qualified
10873,2864,36,2025-05-16,電話,Contacted
10895,1802,28,2025-05-16,LINE,New
8740,1543,36,2025-05-16,電話,Lost
9287,3814,28,2025-05-16,LINE,Converted
1115,2702,36,2025-05-16,電話,Converted
8285,3359,36,2025-05-16,電話,New
7006,2402,33,2025-05-16,Google Ads,Qualified
5141,1880,25,2025-05-16,LINE,Qualified
9924,1829,28,2025-05-16,LINE,Converted
8332,1481,28,2025-05-16,LINE,Lost
7494,680,25,2025-05-16,LINE,New
8914,2402,40,2025-05-16,Facebook Ads,New
6972,2214,12,2025-05-16,合作通路,Qualified
11191,3581,28,2025-05-16,LINE,Lost
11483,3237,25,2025-05-16,LINE,Lost
11360,1903,36,2025-05-16,電話,Contacted
1569,2234,28,2025-05-17,LINE,Contacted
7025,2028,12,2025-05-17,合作通路,Qualified
5832,3847,11,2025-05-17,Google Ads,Contacted
475,3847,32,2025-05-17,Google Ads,Converted
10118,377,28,2025-05-17,LINE,Qualified
8397,908,36,2025-05-17,電話,Converted
7281,3691,25,2025-05-17,LINE,Contacted
7379,1048,36,2025-05-17,電話,Qualified
10004,2883,28,2025-05-17,LINE,Qualified
3553,2910,36,2025-05-17,電話,Contacted
6553,3110,36,2025-05-17,電話,Qualified
8967,2505,36,2025-05-17,電話,Lost
8905,2099,28,2025-05-17,LINE,Contacted
9780,2020,28,2025-05-17,LINE,Contacted
10706,2563,36,2025-05-17,電話,Contacted
10102,2375,28,2025-05-17,LINE,Lost
9055,2001,25,2025-05-17,LINE,Lost
5448,2757,28,2025-05-18,LINE,Qualified
7160,3760,36,2025-05-18,電話,Qualified
10495,388,28,2025-05-18,LINE,Converted
4207,3871,36,2025-05-18,電話,Lost
4362,3355,12,2025-05-18,合作通路,Lost
3486,1297,36,2025-05-18,電話,Contacted
3701,3150,28,2025-05-18,LINE,New
3969,3946,36,2025-05-18,電話,Converted
9858,621,25,2025-05-18,LINE,Contacted
9760,2640,25,2025-05-18,LINE,New
11539,789,36,2025-05-19,電話,New
11974,1345,28,2025-05-19,LINE,Contacted
839,3068,36,2025-05-19,電話,Converted
10212,1342,8,2025-05-19,Referral,Qualified
346,2637,28,2025-05-19,LINE,New
4177,1634,36,2025-05-19,電話,Converted
5367,2031,28,2025-05-19,LINE,New
4898,1342,14,2025-05-19,Google Ads,Contacted
8819,118,25,2025-05-19,LINE,Contacted
6600,1924,36,2025-05-19,電話,Lost
3063,1690,12,2025-05-19,合作通路,Qualified
9222,1862,36,2025-05-19,電話,Lost
10517,194,28,2025-05-19,LINE,Qualified
8489,2767,40,2025-05-19,Facebook Ads,Converted
4479,1983,36,2025-05-19,電話,Qualified
7088,3420,28,2025-05-19,LINE,Converted
4496,2481,28,2025-05-19,LINE,Lost
6580,2025,25,2025-05-19,LINE,Qualified
9986,1194,25,2025-05-19,LINE,Converted
7924,38,38,2025-05-20,Google Ads,Converted
10570,3436,36,2025-05-20,電話,New
5263,3261,25,2025-05-20,LINE,Lost
6602,2281,12,2025-05-20,合作通路,New
647,2067,36,2025-05-20,電話,Lost
911,1443,36,2025-05-20,電話,Converted
6996,2721,25,2025-05-20,LINE,Converted
336,38,39,2025-05-20,官網,Qualified
3961,2181,25,2025-05-20,LINE,New
3372,1824,12,2025-05-20,合作通路,New
5694,2449,36,2025-05-20,電話,New
10289,2023,28,2025-05-20,LINE,Qualified
9982,1634,12,2025-05-20,合作通路,Contacted
2604,301,10,2025-05-20,官網,Qualified
1363,724,28,2025-05-20,LINE,Converted
2612,477,15,2025-05-20,Google Ads,Qualified
11232,3068,28,2025-05-20,LINE,Contacted
9010,3274,25,2025-05-20,LINE,New
331,2181,37,2025-05-20,Facebook Ads,New
4820,2181,22,2025-05-20,Google Ads,New
10063,2662,36,2025-05-20,電話,New
11842,3662,36,2025-05-20,電話,Lost
11965,2181,32,2025-05-20,Google Ads,Converted
8100,2449,36,2025-05-20,電話,Lost
6525,38,13,2025-05-20,電話,Converted
5312,3613,28,2025-05-20,LINE,Converted
3449,1149,36,2025-05-21,電話,Lost
3426,1240,28,2025-05-21,LINE,Contacted
4073,1054,36,2025-05-21,電話,New
7509,2030,28,2025-05-21,LINE,New
5503,3856,40,2025-05-21,Facebook Ads,Converted
3464,414,12,2025-05-21,合作通路,Converted
4225,2673,36,2025-05-21,電話,Qualified
5545,2563,28,2025-05-21,LINE,Lost
4062,818,22,2025-05-21,Google Ads,Converted
4506,3856,14,2025-05-21,Google Ads,Contacted
5637,160,36,2025-05-21,電話,New
9483,58,28,2025-05-21,LINE,Contacted
566,1226,36,2025-05-21,電話,Qualified
8586,3030,11,2025-05-21,Google Ads,New
817,1843,36,2025-05-21,電話,Contacted
4048,600,25,2025-05-21,LINE,Qualified
2439,3856,32,2025-05-21,Google Ads,Qualified
9423,2353,36,2025-05-21,電話,Contacted
3109,1705,36,2025-05-21,電話,Qualified
5338,2745,25,2025-05-21,LINE,Qualified
4524,560,12,2025-05-21,合作通路,Converted
977,1589,12,2025-05-22,合作通路,Converted
6004,3108,28,2025-05-22,LINE,New
4642,1950,10,2025-05-22,官網,Converted
4195,2473,28,2025-05-22,LINE,Contacted
9114,3834,11,2025-05-22,Google Ads,New
9678,3669,38,2025-05-22,Google Ads,Converted
9200,1642,25,2025-05-22,LINE,Contacted
1880,3218,25,2025-05-22,LINE,Qualified
1644,2633,28,2025-05-22,LINE,Contacted
418,1950,10,2025-05-22,官網,Lost
794,754,28,2025-05-23,LINE,Converted
4076,3032,25,2025-05-23,LINE,Converted
11710,349,12,2025-05-23,合作通路,Converted
11777,898,5,2025-05-23,Google Ads,Contacted
9400,3331,15,2025-05-23,Google Ads,Contacted
6916,1192,17,2025-05-23,Facebook Ads,Contacted
259,1954,25,2025-05-23,LINE,Qualified
11415,3331,3,2025-05-23,官網,Lost
6445,1689,12,2025-05-23,合作通路,Converted
350,1919,28,2025-05-23,LINE,Lost
3036,898,14,2025-05-23,Google Ads,Lost
9153,3828,5,2025-05-23,Google Ads,Qualified
298,582,40,2025-05-23,Facebook Ads,Lost
7898,582,30,2025-05-23,Google Ads,Contacted
10370,38,28,2025-05-24,LINE,Lost
2236,2127,36,2025-05-24,電話,Qualified
5149,1559,28,2025-05-24,LINE,New
6606,3961,5,2025-05-24,Google Ads,Lost
7515,3709,28,2025-05-24,LINE,Lost
7416,3961,32,2025-05-24,Google Ads,New
7373,2127,38,2025-05-24,Google Ads,New
6257,973,28,2025-05-24,LINE,Converted
5470,69,37,2025-05-24,Facebook Ads,New
7746,2797,12,2025-05-24,合作通路,Qualified
4861,3169,28,2025-05-24,LINE,New
624,2127,11,2025-05-24,Google Ads,New
289,69,14,2025-05-24,Google Ads,New
1838,3961,8,2025-05-24,Referral,Contacted
6188,3961,14,2025-05-24,Google Ads,New
4244,69,34,2025-05-24,合作通路,Lost
9954,3961,27,2025-05-24,Google Ads,Contacted
7190,1397,28,2025-05-24,LINE,Qualified
4358,2161,28,2025-05-24,LINE,New
1411,69,22,2025-05-24,Google Ads,Converted
10086,3924,28,2025-05-24,LINE,Converted
11278,1898,12,2025-05-24,合作通路,Qualified
7608,3795,28,2025-05-24,LINE,Qualified
6067,471,11,2025-05-25,Google Ads,Qualified
7431,3945,14,2025-05-25,Google Ads,New
4723,3945,22,2025-05-25,Google Ads,Converted
8070,2324,25,2025-05-25,LINE,Contacted
2941,3945,27,2025-05-25,Google Ads,Lost
4869,2800,12,2025-05-25,合作通路,Converted
8867,2026,3,2025-05-25,官網,Lost
1144,3331,25,2025-05-25,LINE,Qualified
10553,1522,25,2025-05-25,LINE,Converted
6743,2314,25,2025-05-25,LINE,New
11763,1372,25,2025-05-25,LINE,Converted
10678,2823,28,2025-05-25,LINE,Converted
10046,2662,28,2025-05-25,LINE,Qualified
1130,1179,27,2025-05-25,Google Ads,Lost
6527,471,15,2025-05-25,Google Ads,New
1043,2378,10,2025-05-25,官網,Qualified
9508,3903,28,2025-05-25,LINE,Contacted
5435,1641,12,2025-05-25,合作通路,Lost
6968,471,37,2025-05-25,Facebook Ads,Qualified
5387,3941,34,2025-05-25,合作通路,Contacted
11348,2026,26,2025-05-25,電話,Contacted
3492,408,28,2025-05-25,LINE,New
663,1,28,2025-05-25,LINE,Qualified
4005,73,26,2025-05-26,電話,Contacted
4675,3616,3,2025-05-26,官網,New
3110,2800,28,2025-05-26,LINE,Converted
9993,73,11,2025-05-26,Google Ads,Contacted
1700,73,32,2025-05-26,Google Ads,New
11273,3797,25,2025-05-26,LINE,New
4141,1069,8,2025-05-26,Referral,Qualified
7947,3098,28,2025-05-26,LINE,Qualified
6568,1278,25,2025-05-26,LINE,Contacted
5431,2947,28,2025-05-26,LINE,Contacted
1557,397,28,2025-05-26,LINE,New
5377,2476,25,2025-05-26,LINE,Contacted
6460,1210,37,2025-05-26,Facebook Ads,Contacted
1281,3218,28,2025-05-27,LINE,Qualified
1293,167,25,2025-05-27,LINE,Qualified
2276,3520,12,2025-05-27,合作通路,Converted
6847,3677,3,2025-05-27,官網,Contacted
10707,3521,28,2025-05-27,LINE,Contacted
11037,1435,28,2025-05-27,LINE,Lost
8169,2672,21,2025-05-27,官網,New
3759,2672,21,2025-05-27,官網,New
1826,3131,32,2025-05-27,Google Ads,Converted
9128,2678,12,2025-05-28,合作通路,Contacted
2579,2093,37,2025-05-28,Facebook Ads,Converted
11725,545,25,2025-05-28,LINE,Lost
7104,1252,28,2025-05-28,LINE,Contacted
2420,1842,33,2025-05-28,Google Ads,Qualified
4429,304,17,2025-05-28,Facebook Ads,Lost
21,1195,28,2025-05-28,LINE,Qualified
3714,2563,28,2025-05-28,LINE,Contacted
6869,2762,25,2025-05-28,LINE,New
2162,2083,28,2025-05-28,LINE,Qualified
8217,834,25,2025-05-28,LINE,New
3016,1842,8,2025-05-28,Referral,Lost
5906,705,28,2025-05-28,LINE,Qualified
11445,1842,11,2025-05-28,Google Ads,Qualified
11935,1854,33,2025-05-29,Google Ads,Converted
3184,1854,27,2025-05-29,Google Ads,Contacted
5769,863,27,2025-05-29,Google Ads,Converted
11452,749,28,2025-05-29,LINE,Qualified
10872,2484,28,2025-05-29,LINE,Contacted
6781,2740,37,2025-05-29,Facebook Ads,New
4276,3079,36,2025-05-29,電話,New
9158,125,28,2025-05-29,LINE,Contacted
2578,441,12,2025-05-29,合作通路,Qualified
6774,863,17,2025-05-29,Facebook Ads,Qualified
5089,64,25,2025-05-29,LINE,Converted
7632,2440,12,2025-05-29,合作通路,Converted
4033,2872,38,2025-05-29,Google Ads,New
2376,2740,27,2025-05-29,Google Ads,New
10687,2872,11,2025-05-29,Google Ads,New
2845,2539,25,2025-05-29,LINE,Converted
6286,788,25,2025-05-29,LINE,Converted
485,2872,36,2025-05-29,電話,Qualified
7066,3589,12,2025-05-29,合作通路,New
153,1854,26,2025-05-29,電話,Qualified
11686,1019,11,2025-05-30,Google Ads,Qualified
3259,1962,33,2025-05-30,Google Ads,Contacted
1619,954,25,2025-05-30,LINE,Lost
10369,2507,12,2025-05-30,合作通路,Converted
11998,2345,14,2025-05-30,Google Ads,Qualified
2082,1158,13,2025-05-30,電話,Contacted
1093,523,28,2025-05-30,LINE,Lost
2404,1158,10,2025-05-30,官網,Qualified
9908,1019,15,2025-05-30,Google Ads,Contacted
7676,2405,25,2025-05-30,LINE,Converted
935,2345,17,2025-05-30,Facebook Ads,Contacted
3210,1163,28,2025-05-31,LINE,Qualified
6975,111,32,2025-05-31,Google Ads,Lost
3438,1578,12,2025-05-31,合作通路,New
9661,490,25,2025-05-31,LINE,Lost
3787,806,25,2025-05-31,LINE,Qualified
9140,1568,28,2025-05-31,LINE,Qualified
2793,1677,25,2025-05-31,LINE,Lost
6175,1872,30,2025-05-31,Google Ads,Lost
4359,2473,25,2025-05-31,LINE,Qualified
11678,3826,28,2025-05-31,LINE,Qualified
4452,1422,25,2025-05-31,LINE,Contacted
8972,949,12,2025-05-31,合作通路,Contacted
3307,111,33,2025-05-31,Google Ads,New
9007,845,14,2025-06-01,Google Ads,Qualified
82,3616,28,2025-06-01,LINE,Converted
3831,417,33,2025-06-01,Google Ads,Lost
7009,145,40,2025-06-01,Facebook Ads,Contacted
671,845,17,2025-06-01,Facebook Ads,Converted
3696,273,15,2025-06-01,Google Ads,Qualified
3665,717,32,2025-06-01,Google Ads,New
5548,273,39,2025-06-01,官網,Qualified
3822,1311,37,2025-06-01,Facebook Ads,Lost
5938,273,22,2025-06-01,Google Ads,Contacted
586,273,40,2025-06-01,Facebook Ads,New
11244,145,21,2025-06-01,官網,Qualified
2249,2531,12,2025-06-01,合作通路,Qualified
4364,1311,30,2025-06-01,Google Ads,Contacted
9882,3306,25,2025-06-01,LINE,Contacted
1726,273,13,2025-06-01,電話,Converted
2035,3614,28,2025-06-01,LINE,Contacted
6695,2476,25,2025-06-01,LINE,Lost
9515,3559,28,2025-06-01,LINE,New
2281,1311,27,2025-06-01,Google Ads,Converted
11074,717,39,2025-06-01,官網,New
5042,845,36,2025-06-01,電話,Converted
10734,3087,28,2025-06-02,LINE,New
3253,2353,28,2025-06-02,LINE,Contacted
4275,615,12,2025-06-02,合作通路,Lost
6381,3755,12,2025-06-02,合作通路,Qualified
1269,1965,12,2025-06-02,合作通路,New
1516,434,15,2025-06-02,Google Ads,Contacted
10905,2025,28,2025-06-02,LINE,Converted
9294,3863,25,2025-06-02,LINE,Contacted
6390,2127,25,2025-06-02,LINE,Contacted
6361,434,13,2025-06-02,電話,Lost
9417,529,12,2025-06-02,合作通路,Contacted
511,2487,28,2025-06-02,LINE,Lost
10592,864,28,2025-06-02,LINE,Converted
5775,434,15,2025-06-02,Google Ads,Qualified
8077,3831,28,2025-06-02,LINE,Contacted
11026,3234,25,2025-06-02,LINE,Contacted
6563,1943,22,2025-06-03,Google Ads,Contacted
11724,1943,25,2025-06-03,LINE,Converted
4877,1285,12,2025-06-03,合作通路,Lost
5152,619,22,2025-06-03,Google Ads,Converted
804,2087,28,2025-06-03,LINE,Lost
5292,619,22,2025-06-03,Google Ads,Converted
950,276,12,2025-06-03,合作通路,Converted
6457,2013,28,2025-06-03,LINE,Lost
233,2267,25,2025-06-04,LINE,Converted
11354,2097,12,2025-06-04,合作通路,Converted
10752,2233,28,2025-06-04,LINE,Contacted
1336,3565,20,2025-06-04,Facebook Ads,Lost
840,3553,20,2025-06-04,Facebook Ads,Qualified
3064,2412,28,2025-06-04,LINE,Lost
2371,1162,20,2025-06-04,Facebook Ads,Contacted
222,100,25,2025-06-04,LINE,Qualified
4423,2391,12,2025-06-04,合作通路,Converted
1596,2097,25,2025-06-04,LINE,Converted
11667,1431,25,2025-06-04,LINE,Qualified
5980,2322,25,2025-06-04,LINE,Qualified
4393,2874,20,2025-06-04,Facebook Ads,Lost
6903,1739,39,2025-06-04,官網,Qualified
980,3695,12,2025-06-04,合作通路,Qualified
11190,2337,20,2025-06-04,Facebook Ads,Qualified
3028,3252,20,2025-06-04,Facebook Ads,Converted
11203,270,28,2025-06-04,LINE,Converted
5777,3724,28,2025-06-04,LINE,Converted
8869,3372,20,2025-06-04,Facebook Ads,New
5757,2654,20,2025-06-04,Facebook Ads,Converted
3232,560,28,2025-06-04,LINE,Lost
7150,862,28,2025-06-04,LINE,Lost
7683,1177,28,2025-06-04,LINE,Qualified
9495,3217,20,2025-06-04,Facebook Ads,Contacted
11432,3082,20,2025-06-04,Facebook Ads,New
3416,3553,25,2025-06-04,LINE,Qualified
9337,3055,20,2025-06-04,Facebook Ads,Lost
4293,811,25,2025-06-04,LINE,Qualified
1543,3874,25,2025-06-04,LINE,New
5224,464,37,2025-06-05,Facebook Ads,Qualified
2173,238,17,2025-06-05,Facebook Ads,Qualified
8609,104,20,2025-06-05,Facebook Ads,New
3015,1767,28,2025-06-05,LINE,Qualified
5882,3215,28,2025-06-05,LINE,Contacted
8625,2746,15,2025-06-05,Google Ads,Qualified
2665,3941,28,2025-06-05,LINE,Contacted
1623,3539,25,2025-06-05,LINE,Converted
5597,464,37,2025-06-05,Facebook Ads,Converted
2544,1177,28,2025-06-05,LINE,Contacted
5771,3942,20,2025-06-05,Facebook Ads,Contacted
866,3020,25,2025-06-05,LINE,Contacted
3343,463,20,2025-06-05,Facebook Ads,Qualified
3342,3839,25,2025-06-05,LINE,Contacted
6773,3767,20,2025-06-05,Facebook Ads,New
6192,3640,20,2025-06-05,Facebook Ads,Qualified
10398,447,20,2025-06-05,Facebook Ads,Contacted
4514,3016,28,2025-06-05,LINE,New
3984,2746,40,2025-06-05,Facebook Ads,New
5115,464,14,2025-06-05,Google Ads,Contacted
8162,2746,5,2025-06-05,Google Ads,Qualified
659,1377,20,2025-06-05,Facebook Ads,Lost
11855,2755,25,2025-06-05,LINE,Lost
3559,2332,38,2025-06-05,Google Ads,Lost
5147,1293,20,2025-06-05,Facebook Ads,New
3649,1245,12,2025-06-05,合作通路,Converted
10660,1365,25,2025-06-05,LINE,Contacted
1155,1949,28,2025-06-05,LINE,Qualified
10626,1171,20,2025-06-05,Facebook Ads,Qualified
9851,2747,20,2025-06-05,Facebook Ads,New
2274,3825,20,2025-06-05,Facebook Ads,New
2453,1100,25,2025-06-05,LINE,Qualified
7736,410,20,2025-06-06,Facebook Ads,Qualified
8185,3124,14,2025-06-06,Google Ads,Lost
9600,3232,33,2025-06-06,Google Ads,Contacted
1044,2267,28,2025-06-06,LINE,Converted
9522,3692,28,2025-06-06,LINE,Qualified
625,389,28,2025-06-06,LINE,Contacted
3789,3175,5,2025-06-06,Google Ads,New
5737,1335,20,2025-06-06,Facebook Ads,Lost
3676,3124,14,2025-06-06,Google Ads,Contacted
2098,3871,20,2025-06-06,Facebook Ads,Lost
9249,3668,22,2025-06-06,Google Ads,Converted
4866,1621,20,2025-06-06,Facebook Ads,New
6741,3232,17,2025-06-06,Facebook Ads,Converted
230,1354,20,2025-06-06,Facebook Ads,Lost
1498,3124,11,2025-06-06,Google Ads,New
6727,3668,8,2025-06-06,Referral,Converted
4680,1940,20,2025-06-06,Facebook Ads,Converted
1087,566,28,2025-06-06,LINE,Converted
10598,558,28,2025-06-06,LINE,Qualified
8546,3668,30,2025-06-06,Google Ads,New
11393,552,20,2025-06-06,Facebook Ads,Converted
10770,2181,12,2025-06-06,合作通路,Converted
655,3124,21,2025-06-06,官網,New
3303,3448,25,2025-06-06,LINE,Converted
9258,3124,17,2025-06-06,Facebook Ads,Contacted
6139,3163,20,2025-06-06,Facebook Ads,New
8864,2314,28,2025-06-06,LINE,Converted
6925,3741,28,2025-06-06,LINE,Converted
2601,3926,20,2025-06-06,Facebook Ads,Lost
2266,3396,20,2025-06-06,Facebook Ads,New
7532,3175,5,2025-06-06,Google Ads,Qualified
7138,2159,28,2025-06-07,LINE,Qualified
362,2874,20,2025-06-07,Facebook Ads,Contacted
3073,3238,10,2025-06-07,官網,New
8391,3576,28,2025-06-07,LINE,Contacted
11912,2415,12,2025-06-07,合作通路,Lost
2185,3991,20,2025-06-07,Facebook Ads,Lost
88,206,20,2025-06-07,Facebook Ads,New
8684,1994,28,2025-06-07,LINE,New
5606,3093,12,2025-06-07,合作通路,Lost
3778,2719,25,2025-06-07,LINE,Contacted
7526,2234,28,2025-06-07,LINE,Lost
6386,426,20,2025-06-07,Facebook Ads,New
6930,703,20,2025-06-07,Facebook Ads,Qualified
6838,3567,28,2025-06-07,LINE,Contacted
348,2547,39,2025-06-07,官網,Qualified
3889,1826,20,2025-06-07,Facebook Ads,Lost
239,2934,20,2025-06-07,Facebook Ads,New
11484,232,25,2025-06-07,LINE,Contacted
8640,2447,12,2025-06-07,合作通路,Converted
10766,3288,20,2025-06-07,Facebook Ads,Lost
5879,2547,34,2025-06-07,合作通路,Lost
2228,3175,12,2025-06-07,合作通路,Converted
10870,2547,37,2025-06-07,Facebook Ads,Lost
3463,296,20,2025-06-07,Facebook Ads,Qualified
10008,3741,20,2025-06-07,Facebook Ads,Contacted
9802,3238,22,2025-06-07,Google Ads,Contacted
304,111,20,2025-06-07,Facebook Ads,Converted
4297,2916,26,2025-06-08,電話,Contacted
11342,3368,17,2025-06-08,Facebook Ads,Qualified
753,2447,20,2025-06-08,Facebook Ads,Contacted
3926,3368,15,2025-06-08,Google Ads,Contacted
11317,1316,12,2025-06-08,合作通路,Converted
11766,3930,20,2025-06-08,Facebook Ads,New
9203,2508,12,2025-06-08,合作通路,Contacted
5955,2916,39,2025-06-08,官網,Contacted
11106,722,5,2025-06-08,Google Ads,Contacted
3814,583,28,2025-06-08,LINE,Lost
7895,2916,30,2025-06-08,Google Ads,Qualified
8936,1318,20,2025-06-08,Facebook Ads,Lost
10029,2462,20,2025-06-08,Facebook Ads,New
11702,2763,30,2025-06-08,Google Ads,New
10739,722,40,2025-06-08,Facebook Ads,Converted
4047,2546,8,2025-06-08,Referral,Qualified
8061,3185,20,2025-06-08,Facebook Ads,Contacted
8143,1167,20,2025-06-08,Facebook Ads,Converted
6501,2546,22,2025-06-08,Google Ads,Qualified
3075,3820,12,2025-06-08,合作通路,Contacted
11411,722,5,2025-06-08,Google Ads,Qualified
1745,2546,3,2025-06-08,官網,New
5590,3760,20,2025-06-08,Facebook Ads,Lost
3675,1333,28,2025-06-08,LINE,Contacted
1364,2632,20,2025-06-08,Facebook Ads,New
7837,2795,28,2025-06-09,LINE,Qualified
7626,3035,20,2025-06-09,Facebook Ads,Converted
592,3928,20,2025-06-09,Facebook Ads,Converted
2463,2312,28,2025-06-09,LINE,Lost
7457,417,28,2025-06-09,LINE,Converted
2959,36,27,2025-06-09,Google Ads,Contacted
10922,785,12,2025-06-09,合作通路,Contacted
4994,3506,20,2025-06-09,Facebook Ads,Contacted
6342,1489,20,2025-06-09,Facebook Ads,Lost
7591,2940,22,2025-06-09,Google Ads,New
6473,2180,20,2025-06-09,Facebook Ads,New
459,3957,13,2025-06-09,電話,Qualified
8239,2656,20,2025-06-09,Facebook Ads,Lost
2059,1107,20,2025-06-09,Facebook Ads,Converted
10730,1084,20,2025-06-09,Facebook Ads,Contacted
7372,954,20,2025-06-09,Facebook Ads,New
5840,811,20,2025-06-09,Facebook Ads,Contacted
8957,2599,20,2025-06-09,Facebook Ads,Qualified
10066,19,20,2025-06-09,Facebook Ads,Lost
8827,3110,20,2025-06-09,Facebook Ads,Qualified
1825,3640,20,2025-06-09,Facebook Ads,Converted
5034,392,12,2025-06-09,合作通路,Qualified
11031,2940,27,2025-06-09,Google Ads,New
194,714,20,2025-06-09,Facebook Ads,Contacted
8703,1154,10,2025-06-10,官網,Contacted
433,441,28,2025-06-10,LINE,Converted
11638,410,28,2025-06-10,LINE,Contacted
7163,3743,20,2025-06-10,Facebook Ads,Converted
8982,1571,20,2025-06-10,Facebook Ads,Lost
2353,3055,28,2025-06-10,LINE,Converted
750,2026,28,2025-06-10,LINE,Qualified
3888,3615,20,2025-06-10,Facebook Ads,New
3446,3578,20,2025-06-10,Facebook Ads,New
6635,74,20,2025-06-10,Facebook Ads,New
9736,1210,28,2025-06-10,LINE,Converted
3290,1154,22,2025-06-10,Google Ads,New
3630,2378,20,2025-06-10,Facebook Ads,Contacted
8994,1399,11,2025-06-10,Google Ads,New
10941,951,28,2025-06-10,LINE,Qualified
3761,752,5,2025-06-10,Google Ads,New
3091,1154,34,2025-06-10,合作通路,New
1414,2288,13,2025-06-10,電話,Converted
9074,1399,30,2025-06-10,Google Ads,New
7864,32,28,2025-06-10,LINE,Lost
7761,752,28,2025-06-10,LINE,Lost
10154,1658,39,2025-06-10,官網,Converted
6276,1166,20,2025-06-10,Facebook Ads,Converted
1709,3521,28,2025-06-10,LINE,Contacted
1959,1226,20,2025-06-10,Facebook Ads,Qualified
278,1929,20,2025-06-10,Facebook Ads,Lost
8907,392,20,2025-06-10,Facebook Ads,Contacted
1429,355,20,2025-06-10,Facebook Ads,Lost
11296,1658,15,2025-06-10,Google Ads,New
102,3880,20,2025-06-11,Facebook Ads,Contacted
1832,1405,12,2025-06-11,合作通路,Contacted
6904,3202,20,2025-06-11,Facebook Ads,Converted
415,2673,20,2025-06-11,Facebook Ads,Qualified
6857,1624,20,2025-06-11,Facebook Ads,Qualified
3308,584,38,2025-06-11,Google Ads,Contacted
4876,3909,20,2025-06-11,Facebook Ads,Converted
1601,2272,22,2025-06-11,Google Ads,New
4286,1767,12,2025-06-11,合作通路,Converted
347,1964,20,2025-06-11,Facebook Ads,Converted
11177,2288,12,2025-06-11,合作通路,Contacted
1661,2299,12,2025-06-11,合作通路,Contacted
294,584,37,2025-06-11,Facebook Ads,Qualified
7953,1154,12,2025-06-11,合作通路,Converted
8793,584,26,2025-06-11,電話,Converted
10811,2289,20,2025-06-11,Facebook Ads,Qualified
2167,369,20,2025-06-11,Facebook Ads,Converted
642,2272,10,2025-06-11,官網,Qualified
163,3345,20,2025-06-11,Facebook Ads,Lost
9980,2260,20,2025-06-11,Facebook Ads,Lost
3340,2623,20,2025-06-11,Facebook Ads,Contacted
9101,2794,25,2025-06-12,LINE,Contacted
1730,3593,28,2025-06-12,LINE,New
11516,918,20,2025-06-12,Facebook Ads,New
7273,3166,20,2025-06-12,Facebook Ads,Contacted
8553,3738,20,2025-06-12,Facebook Ads,Contacted
9025,1581,30,2025-06-12,Google Ads,Contacted
4334,1899,20,2025-06-12,Facebook Ads,Contacted
5325,2794,13,2025-06-12,電話,Qualified
10912,1398,20,2025-06-12,Facebook Ads,Qualified
3287,3593,33,2025-06-12,Google Ads,Contacted
4710,238,20,2025-06-12,Facebook Ads,Lost
8442,3925,22,2025-06-12,Google Ads,Contacted
9516,3925,22,2025-06-12,Google Ads,Qualified
11193,1581,22,2025-06-12,Google Ads,Contacted
6974,1175,3,2025-06-12,官網,Contacted
1969,2794,8,2025-06-12,Referral,Contacted
3977,2794,33,2025-06-12,Google Ads,New
1092,3453,20,2025-06-12,Facebook Ads,Contacted
3506,3925,28,2025-06-12,LINE,Contacted
1929,313,20,2025-06-12,Facebook Ads,Converted
6880,2371,27,2025-06-13,Google Ads,Lost
7318,1551,20,2025-06-13,Facebook Ads,New
5673,3106,20,2025-06-13,Facebook Ads,New
9542,2973,37,2025-06-13,Facebook Ads,Lost
11237,3644,32,2025-06-13,Google Ads,New
7085,1402,20,2025-06-13,Facebook Ads,Qualified
483,2973,34,2025-06-13,合作通路,Converted
2087,2973,5,2025-06-13,Google Ads,Qualified
1612,698,20,2025-06-13,Facebook Ads,Contacted
4083,2973,28,2025-06-13,LINE,Qualified
4782,2371,22,2025-06-13,Google Ads,New
5523,2633,20,2025-06-13,Facebook Ads,Lost
2948,2973,30,2025-06-13,Google Ads,Contacted
11768,454,39,2025-06-14,官網,New
10489,3265,20,2025-06-14,Facebook Ads,New
8390,454,38,2025-06-14,Google Ads,Lost
1503,2786,15,2025-06-14,Google Ads,Converted
7468,2894,20,2025-06-14,Facebook Ads,Qualified
10902,1224,36,2025-06-14,電話,Contacted
6753,457,14,2025-06-14,Google Ads,Converted
5116,2750,20,2025-06-14,Facebook Ads,Qualified
10140,1496,32,2025-06-14,Google Ads,Qualified
1213,457,17,2025-06-14,Facebook Ads,Contacted
8124,2130,20,2025-06-14,Facebook Ads,Qualified
8959,454,28,2025-06-14,LINE,Contacted
7087,1939,20,2025-06-14,Facebook Ads,Lost
4061,1496,14,2025-06-14,Google Ads,Converted
6226,2495,20,2025-06-14,Facebook Ads,New
6442,2671,15,2025-06-14,Google Ads,New
2467,1224,33,2025-06-14,Google Ads,New
7717,454,40,2025-06-14,Facebook Ads,New
2424,457,11,2025-06-14,Google Ads,Contacted
11792,1496,15,2025-06-14,Google Ads,New
4390,1224,39,2025-06-14,官網,Qualified
8457,706,20,2025-06-15,Facebook Ads,Converted
4254,2796,30,2025-06-15,Google Ads,Qualified
956,3650,33,2025-06-15,Google Ads,Contacted
1843,2796,21,2025-06-15,官網,New
1517,2806,20,2025-06-15,Facebook Ads,Qualified
10839,433,20,2025-06-15,Facebook Ads,Qualified
1316,2917,20,2025-06-15,Facebook Ads,Lost
11663,81,20,2025-06-15,Facebook Ads,New
383,1613,20,2025-06-15,Facebook Ads,Qualified
2894,1106,20,2025-06-15,Facebook Ads,Qualified
2717,2474,20,2025-06-16,Facebook Ads,Contacted
2127,3479,20,2025-06-16,Facebook Ads,Converted
3563,237,13,2025-06-16,電話,Qualified
9605,3424,20,2025-06-16,Facebook Ads,Converted
8512,977,20,2025-06-16,Facebook Ads,Contacted
9659,279,20,2025-06-16,Facebook Ads,Contacted
7991,1215,20,2025-06-16,Facebook Ads,Lost
7972,2747,20,2025-06-16,Facebook Ads,Qualified
175,2165,20,2025-06-16,Facebook Ads,Contacted
2329,2496,20,2025-06-17,Facebook Ads,Qualified
5527,2402,20,2025-06-17,Facebook Ads,New
5203,454,20,2025-06-17,Facebook Ads,Contacted
3030,1072,20,2025-06-17,Facebook Ads,Converted
4228,184,20,2025-06-17,Facebook Ads,Contacted
9264,1615,20,2025-06-17,Facebook Ads,Qualified
8474,108,17,2025-06-17,Facebook Ads,New
2161,2662,20,2025-06-17,Facebook Ads,Contacted
2222,3053,32,2025-06-18,Google Ads,Qualified
8443,3098,20,2025-06-18,Facebook Ads,Contacted
1850,1613,20,2025-06-18,Facebook Ads,Lost
4608,1804,22,2025-06-18,Google Ads,Converted
4186,3992,20,2025-06-18,Facebook Ads,New
11351,1804,33,2025-06-18,Google Ads,Contacted
4337,2051,12,2025-06-18,合作通路,Converted
6860,1177,20,2025-06-18,Facebook Ads,Qualified
4044,2984,28,2025-06-18,LINE,Contacted
162,903,20,2025-06-18,Facebook Ads,New
8845,1804,15,2025-06-18,Google Ads,Converted
3841,3351,32,2025-06-18,Google Ads,Contacted
8150,3053,27,2025-06-18,Google Ads,New
5577,2565,20,2025-06-18,Facebook Ads,Qualified
8463,1022,27,2025-06-18,Google Ads,Qualified
5092,3351,39,2025-06-18,官網,Contacted
8254,632,28,2025-06-18,LINE,Converted
9005,3089,20,2025-06-18,Facebook Ads,Converted
6762,2984,17,2025-06-18,Facebook Ads,New
10062,1022,39,2025-06-18,官網,Converted
11585,3738,20,2025-06-18,Facebook Ads,New
9537,191,20,2025-06-18,Facebook Ads,Qualified
1657,1804,32,2025-06-18,Google Ads,Contacted
10332,2984,25,2025-06-18,LINE,Lost
5858,3053,15,2025-06-18,Google Ads,New
2207,21,14,2025-06-19,Google Ads,Converted
5505,2931,10,2025-06-19,官網,Qualified
8447,2931,25,2025-06-19,LINE,Qualified
5285,3313,11,2025-06-19,Google Ads,Contacted
10016,2931,15,2025-06-19,Google Ads,Converted
5472,2931,10,2025-06-19,官網,Lost
6677,1030,20,2025-06-19,Facebook Ads,Lost
11234,1452,20,2025-06-19,Facebook Ads,Contacted
4548,1246,20,2025-06-19,Facebook Ads,New
5604,1751,20,2025-06-19,Facebook Ads,Qualified
887,847,20,2025-06-19,Facebook Ads,Converted
6001,2698,20,2025-06-19,Facebook Ads,Contacted
9482,3313,14,2025-06-19,Google Ads,Qualified
9310,1976,37,2025-06-19,Facebook Ads,Contacted
3250,3551,20,2025-06-19,Facebook Ads,Contacted
7233,2931,39,2025-06-19,官網,Qualified
3508,3313,11,2025-06-19,Google Ads,Contacted
3151,450,20,2025-06-19,Facebook Ads,Qualified
4308,3838,20,2025-06-20,Facebook Ads,New
1219,3732,20,2025-06-20,Facebook Ads,Qualified
1125,2717,20,2025-06-20,Facebook Ads,Converted
7444,1561,20,2025-06-20,Facebook Ads,Converted
8032,2920,20,2025-06-20,Facebook Ads,New
4215,1802,20,2025-06-20,Facebook Ads,New
5086,3473,30,2025-06-21,Google Ads,Lost
3235,458,33,2025-06-21,Google Ads,Converted
11230,3473,21,2025-06-21,官網,Qualified
8532,991,15,2025-06-21,Google Ads,Converted
2743,991,22,2025-06-21,Google Ads,Converted
7589,3473,30,2025-06-21,Google Ads,Contacted
7411,991,3,2025-06-21,官網,Qualified
7548,458,27,2025-06-21,Google Ads,New
4556,991,25,2025-06-21,LINE,Qualified
5063,458,30,2025-06-21,Google Ads,Contacted
3933,991,28,2025-06-21,LINE,Converted
10141,2048,15,2025-06-22,Google Ads,Contacted
2879,2048,36,2025-06-22,電話,Qualified
8259,2048,28,2025-06-22,LINE,Qualified
10220,2816,38,2025-06-22,Google Ads,New
9117,2616,12,2025-06-23,合作通路,Contacted
7401,1673,13,2025-06-23,電話,Contacted
29,1673,36,2025-06-23,電話,Converted
3274,1673,32,2025-06-23,Google Ads,Contacted
3296,295,13,2025-06-23,電話,Converted
9664,3955,39,2025-06-23,官網,Qualified
589,3955,5,2025-06-23,Google Ads,Converted
3948,1673,12,2025-06-23,合作通路,Contacted
4067,1673,5,2025-06-23,Google Ads,Qualified
5080,2273,21,2025-06-24,官網,Converted
8550,2273,38,2025-06-24,Google Ads,Contacted
10646,1447,38,2025-06-25,Google Ads,Qualified
7050,1447,11,2025-06-25,Google Ads,Converted
10754,1447,20,2025-06-25,Facebook Ads,Contacted
3173,1447,17,2025-06-25,Facebook Ads,Contacted
9777,1447,32,2025-06-25,Google Ads,New
2157,3901,26,2025-06-25,電話,Contacted
6220,1447,17,2025-06-25,Facebook Ads,Qualified
10521,163,32,2025-06-25,Google Ads,Converted
1337,1670,22,2025-06-26,Google Ads,Contacted
11715,3084,22,2025-06-26,Google Ads,Converted
10108,1670,30,2025-06-26,Google Ads,Lost
7482,3492,26,2025-06-26,電話,New
9925,3516,32,2025-06-26,Google Ads,Qualified
9598,3492,37,2025-06-26,Facebook Ads,Qualified
4134,3492,20,2025-06-26,Facebook Ads,New
4699,1670,26,2025-06-26,電話,Contacted
8898,731,25,2025-06-27,LINE,Converted
5920,731,36,2025-06-27,電話,Converted
9652,27,17,2025-06-27,Facebook Ads,Contacted
9254,27,14,2025-06-27,Google Ads,Converted
7909,3141,33,2025-06-28,Google Ads,Converted
9848,3141,37,2025-06-28,Facebook Ads,Qualified
10397,3141,30,2025-06-28,Google Ads,Converted
3960,3141,39,2025-06-28,官網,Lost
909,927,27,2025-06-28,Google Ads,Contacted
11136,927,17,2025-06-28,Facebook Ads,Contacted
2551,1199,37,2025-06-29,Facebook Ads,Lost
4598,1199,40,2025-06-29,Facebook Ads,Contacted
1401,3357,17,2025-06-30,Facebook Ads,New
6063,3357,30,2025-06-30,Google Ads,New
6424,3512,27,2025-07-01,Google Ads,Qualified
5646,3512,27,2025-07-01,Google Ads,Converted
5778,3512,26,2025-07-01,電話,Converted
9342,3512,32,2025-07-01,Google Ads,Lost
3540,1358,13,2025-07-02,電話,Qualified
2834,1358,14,2025-07-02,Google Ads,New
2115,1358,20,2025-07-02,Facebook Ads,Qualified
5764,2645,17,2025-07-02,Facebook Ads,Qualified
516,1525,15,2025-07-02,Google Ads,Contacted
4800,2645,20,2025-07-02,Facebook Ads,Contacted
5160,1314,40,2025-07-03,Facebook Ads,Converted
484,1151,20,2025-07-03,Facebook Ads,Contacted
10622,1632,14,2025-07-04,Google Ads,Qualified
299,3697,28,2025-07-04,LINE,Qualified
1878,1632,30,2025-07-04,Google Ads,Qualified
4484,2215,25,2025-07-04,LINE,Qualified
7555,3697,20,2025-07-04,Facebook Ads,Contacted
6485,3697,22,2025-07-04,Google Ads,Contacted
3061,2902,14,2025-07-04,Google Ads,Lost
7865,1632,10,2025-07-04,官網,Contacted
4957,3721,37,2025-07-04,Facebook Ads,New
11629,3697,37,2025-07-04,Facebook Ads,New
3765,3697,30,2025-07-04,Google Ads,Contacted
10820,3347,21,2025-07-05,官網,Contacted
7338,3347,27,2025-07-05,Google Ads,Qualified
1550,1477,20,2025-07-05,Facebook Ads,Qualified
10026,1477,17,2025-07-05,Facebook Ads,Lost
11879,1375,20,2025-07-05,Facebook Ads,New
4212,3145,36,2025-07-06,電話,Qualified
424,2121,30,2025-07-06,Google Ads,Contacted
6828,1263,40,2025-07-06,Facebook Ads,New
9872,1500,30,2025-07-06,Google Ads,Contacted
4187,3300,5,2025-07-06,Google Ads,Converted
4369,1263,17,2025-07-06,Facebook Ads,Contacted
1475,3300,10,2025-07-06,官網,Converted
1326,3477,8,2025-07-06,Referral,Qualified
2818,2121,15,2025-07-06,Google Ads,Converted
10433,3477,20,2025-07-06,Facebook Ads,New
637,3477,32,2025-07-06,Google Ads,Converted
1226,3145,20,2025-07-06,Facebook Ads,Contacted
9674,1263,17,2025-07-06,Facebook Ads,Qualified
7487,3300,3,2025-07-06,官網,Converted
2078,3477,34,2025-07-06,合作通路,Converted
9345,3300,13,2025-07-06,電話,Converted
668,2471,17,2025-07-07,Facebook Ads,Qualified
61,159,33,2025-07-07,Google Ads,Qualified
1655,159,38,2025-07-07,Google Ads,New
8658,257,22,2025-07-07,Google Ads,Contacted
5101,3054,34,2025-07-07,合作通路,Qualified
4085,2628,40,2025-07-08,Facebook Ads,New
3358,3393,33,2025-07-08,Google Ads,Qualified
4253,3273,8,2025-07-08,Referral,Contacted
2148,2628,37,2025-07-08,Facebook Ads,Lost
8492,2628,5,2025-07-08,Google Ads,Converted
9196,3393,38,2025-07-08,Google Ads,New
9656,2628,25,2025-07-08,LINE,Contacted
261,2628,28,2025-07-08,LINE,Converted
11479,3273,10,2025-07-08,官網,Converted
10376,3628,30,2025-07-08,Google Ads,Qualified
3105,3393,27,2025-07-08,Google Ads,Qualified
6900,3273,3,2025-07-08,官網,Lost
3686,3628,25,2025-07-08,LINE,Converted
10759,3628,8,2025-07-08,Referral,Converted
2180,3273,30,2025-07-08,Google Ads,Lost
11084,3393,28,2025-07-08,LINE,Qualified
1571,2263,36,2025-07-09,電話,Qualified
9156,452,5,2025-07-09,Google Ads,Converted
7907,452,5,2025-07-09,Google Ads,Qualified
6398,2204,10,2025-07-10,官網,Contacted
8690,2204,22,2025-07-10,Google Ads,Contacted
11272,2989,38,2025-07-10,Google Ads,Converted
2392,2204,17,2025-07-10,Facebook Ads,Contacted
5506,2204,22,2025-07-10,Google Ads,Converted
4502,3958,30,2025-07-11,Google Ads,Lost
3965,1702,15,2025-07-11,Google Ads,Contacted
560,3958,28,2025-07-11,LINE,Lost
10860,3958,28,2025-07-11,LINE,Converted
2068,3958,27,2025-07-11,Google Ads,Contacted
9706,3094,17,2025-07-11,Facebook Ads,New
8288,2340,15,2025-07-11,Google Ads,New
996,1702,38,2025-07-11,Google Ads,Converted
3557,3958,27,2025-07-11,Google Ads,Qualified
11869,625,20,2025-07-11,Facebook Ads,Contacted
4746,1702,39,2025-07-11,官網,Contacted
6928,3094,20,2025-07-11,Facebook Ads,Converted
9361,3958,30,2025-07-11,Google Ads,Converted
1555,3958,40,2025-07-11,Facebook Ads,New
11219,1702,21,2025-07-11,官網,Qualified
8695,3846,30,2025-07-12,Google Ads,Converted
823,49,8,2025-07-12,Referral,New
567,3846,33,2025-07-12,Google Ads,Contacted
564,2308,15,2025-07-12,Google Ads,New
10987,3846,39,2025-07-12,官網,New
10168,598,37,2025-07-13,Facebook Ads,Lost
3979,2501,39,2025-07-13,官網,Contacted
11692,2501,25,2025-07-13,LINE,Converted
7065,1371,5,2025-07-13,Google Ads,Contacted
3808,3870,37,2025-07-13,Facebook Ads,Lost
7166,1602,39,2025-07-13,官網,Contacted
2547,598,38,2025-07-13,Google Ads,Contacted
5947,1602,8,2025-07-13,Referral,New
783,2501,27,2025-07-13,Google Ads,New
2431,1602,12,2025-07-13,合作通路,Contacted
264,1602,30,2025-07-13,Google Ads,Contacted
6088,885,22,2025-07-14,Google Ads,New
5399,595,33,2025-07-14,Google Ads,Lost
6183,595,5,2025-07-14,Google Ads,New
83,885,8,2025-07-14,Referral,New
8561,2693,17,2025-07-14,Facebook Ads,Lost
7614,2693,33,2025-07-14,Google Ads,Lost
3005,885,25,2025-07-14,LINE,Qualified
7832,885,3,2025-07-14,官網,Qualified
8198,3977,14,2025-07-14,Google Ads,Converted
6708,3977,32,2025-07-14,Google Ads,New
1540,595,32,2025-07-14,Google Ads,Converted
9692,2693,21,2025-07-14,官網,New
8733,1868,27,2025-07-15,Google Ads,Converted
7688,1036,10,2025-07-15,官網,Lost
9597,1868,30,2025-07-15,Google Ads,Converted
10957,1036,33,2025-07-15,Google Ads,Contacted
11700,739,38,2025-07-15,Google Ads,Lost
10835,2548,30,2025-07-15,Google Ads,Contacted
9752,1827,5,2025-07-15,Google Ads,New
1331,2211,32,2025-07-15,Google Ads,New
4066,2548,5,2025-07-15,Google Ads,Contacted
8511,2211,22,2025-07-15,Google Ads,Contacted
291,2810,15,2025-07-15,Google Ads,Qualified
7079,739,32,2025-07-15,Google Ads,Converted
5441,1868,11,2025-07-15,Google Ads,Lost
9112,2810,32,2025-07-15,Google Ads,Contacted
5106,2548,5,2025-07-15,Google Ads,Converted
8795,2810,21,2025-07-15,官網,New
2741,1036,37,2025-07-15,Facebook Ads,Converted
6688,461,37,2025-07-16,Facebook Ads,Contacted
5915,3337,30,2025-07-16,Google Ads,Contacted
5724,461,26,2025-07-16,電話,Converted
7339,3566,20,2025-07-16,Facebook Ads,Lost
7260,3192,21,2025-07-16,官網,Lost
11670,3337,15,2025-07-16,Google Ads,New
2072,461,30,2025-07-16,Google Ads,New
10530,3337,15,2025-07-16,Google Ads,New
1681,3192,37,2025-07-16,Facebook Ads,Lost
8407,3337,15,2025-07-16,Google Ads,Contacted
5504,562,30,2025-07-17,Google Ads,Contacted
10497,3470,32,2025-07-17,Google Ads,New
6801,562,13,2025-07-17,電話,New
7305,562,39,2025-07-17,官網,Qualified
8811,2443,22,2025-07-18,Google Ads,Contacted
11774,764,40,2025-07-18,Facebook Ads,Qualified
145,2727,14,2025-07-18,Google Ads,Converted
9445,2255,11,2025-07-18,Google Ads,New
1393,2255,17,2025-07-18,Facebook Ads,Contacted
9667,2255,39,2025-07-18,官網,Contacted
10320,2636,22,2025-07-19,Google Ads,Contacted
9236,2783,37,2025-07-19,Facebook Ads,Contacted
11947,2024,8,2025-07-19,Referral,Contacted
6086,3018,11,2025-07-19,Google Ads,Converted
8062,2783,27,2025-07-19,Google Ads,Lost
6756,2783,34,2025-07-19,合作通路,New
2422,2783,15,2025-07-19,Google Ads,Contacted
1286,2783,30,2025-07-19,Google Ads,Qualified
2421,2636,17,2025-07-19,Facebook Ads,Contacted
11211,2084,26,2025-07-20,電話,Qualified
9229,2084,33,2025-07-20,Google Ads,New
9451,3625,34,2025-07-20,合作通路,Contacted
8298,3425,20,2025-07-20,Facebook Ads,Lost
5250,3000,11,2025-07-20,Google Ads,New
11168,2084,22,2025-07-20,Google Ads,Lost
7208,3625,3,2025-07-20,官網,Converted
2296,3000,15,2025-07-20,Google Ads,New
1041,3625,32,2025-07-20,Google Ads,Qualified
7134,133,17,2025-07-20,Facebook Ads,New
375,133,38,2025-07-20,Google Ads,Converted
6014,1150,30,2025-07-20,Google Ads,Converted
7366,133,33,2025-07-20,Google Ads,New
8449,2084,5,2025-07-20,Google Ads,New
7206,3000,22,2025-07-20,Google Ads,New
8976,2084,32,2025-07-20,Google Ads,Contacted
3635,3625,38,2025-07-20,Google Ads,Qualified
6486,2084,30,2025-07-20,Google Ads,Qualified
4835,3772,32,2025-07-21,Google Ads,Qualified
10471,2054,25,2025-07-21,LINE,Qualified
2850,1127,37,2025-07-21,Facebook Ads,Qualified
6511,2054,39,2025-07-21,官網,New
8939,3242,33,2025-07-21,Google Ads,New
3399,3242,27,2025-07-21,Google Ads,Contacted
5134,2549,15,2025-07-22,Google Ads,New
10271,2824,33,2025-07-22,Google Ads,Converted
6724,750,21,2025-07-22,官網,Contacted
3901,1283,21,2025-07-22,官網,Converted
657,3410,14,2025-07-22,Google Ads,Contacted
4027,750,33,2025-07-22,Google Ads,Lost
2780,2549,22,2025-07-22,Google Ads,New
10189,1283,17,2025-07-22,Facebook Ads,Converted
7078,2549,20,2025-07-22,Facebook Ads,Contacted
9819,2824,37,2025-07-22,Facebook Ads,Lost
10571,2824,20,2025-07-22,Facebook Ads,Lost
9311,750,27,2025-07-22,Google Ads,Lost
4300,750,12,2025-07-22,合作通路,Converted
10698,1283,11,2025-07-22,Google Ads,New
2292,3224,14,2025-07-23,Google Ads,Contacted
7191,3224,25,2025-07-23,LINE,Qualified
7996,2781,27,2025-07-23,Google Ads,Lost
7508,3988,10,2025-07-23,官網,Contacted
1248,2781,15,2025-07-23,Google Ads,Converted
9182,3224,3,2025-07-23,官網,New
3556,287,28,2025-07-24,LINE,Lost
2158,3754,37,2025-07-24,Facebook Ads,Qualified
1707,287,20,2025-07-24,Facebook Ads,New
1088,3754,17,2025-07-24,Facebook Ads,New
11079,3754,5,2025-07-24,Google Ads,Contacted
6483,3484,28,2025-07-24,LINE,Contacted
8673,3754,30,2025-07-24,Google Ads,Lost
2229,1165,14,2025-07-24,Google Ads,Contacted
1346,2158,21,2025-07-25,官網,Qualified
1324,2158,40,2025-07-25,Facebook Ads,New
335,1458,39,2025-07-25,官網,Converted
8657,683,32,2025-07-26,Google Ads,Qualified
4593,996,30,2025-07-26,Google Ads,Qualified
6009,2793,28,2025-07-26,LINE,Lost
10643,996,11,2025-07-26,Google Ads,Contacted
3078,1715,5,2025-07-27,Google Ads,Converted
5161,1715,28,2025-07-27,LINE,Converted
1636,1715,40,2025-07-27,Facebook Ads,Contacted
8923,2561,28,2025-07-27,LINE,Contacted
9983,2574,10,2025-07-27,官網,Lost
10208,1381,17,2025-07-27,Facebook Ads,Converted
7027,2561,39,2025-07-27,官網,Qualified
431,2561,26,2025-07-27,電話,Converted
1261,2574,27,2025-07-27,Google Ads,Contacted
4101,1715,20,2025-07-27,Facebook Ads,Contacted
9470,2574,37,2025-07-27,Facebook Ads,Contacted
943,2994,20,2025-07-28,Facebook Ads,Contacted
4910,2601,32,2025-07-28,Google Ads,Lost
8232,2601,34,2025-07-28,合作通路,Converted
1267,2994,33,2025-07-28,Google Ads,New
4942,651,21,2025-07-28,官網,Converted
2002,651,27,2025-07-28,Google Ads,Contacted
8627,2994,14,2025-07-28,Google Ads,Qualified
11836,2994,38,2025-07-28,Google Ads,Contacted
9278,2994,32,2025-07-28,Google Ads,Contacted
6464,3229,27,2025-07-29,Google Ads,Converted
7321,3229,27,2025-07-29,Google Ads,Lost
7062,2609,30,2025-07-29,Google Ads,Contacted
5254,787,38,2025-07-29,Google Ads,Qualified
8262,3789,22,2025-07-29,Google Ads,Contacted
8371,3806,17,2025-07-29,Facebook Ads,New
9318,466,37,2025-07-29,Facebook Ads,Qualified
3749,2609,33,2025-07-29,Google Ads,New
3480,3789,33,2025-07-29,Google Ads,Contacted
9509,2609,14,2025-07-29,Google Ads,Qualified
3482,3272,25,2025-07-29,LINE,Converted
5781,3411,20,2025-07-29,Facebook Ads,Contacted
3834,787,33,2025-07-29,Google Ads,Qualified
8927,1963,36,2025-07-29,電話,Converted
3069,466,27,2025-07-29,Google Ads,New
2044,466,5,2025-07-29,Google Ads,Qualified
1268,466,11,2025-07-29,Google Ads,Converted
2906,67,13,2025-07-30,電話,Contacted
6678,3449,27,2025-07-30,Google Ads,Lost
1630,67,34,2025-07-30,合作通路,Converted
11862,1057,15,2025-07-30,Google Ads,Converted
4271,3449,20,2025-07-30,Facebook Ads,Converted
9181,3449,21,2025-07-30,官網,Converted
3404,47,10,2025-07-31,官網,New
9558,47,30,2025-07-31,Google Ads,Qualified
9825,47,30,2025-07-31,Google Ads,Converted
5326,3095,25,2025-07-31,LINE,Converted
5439,1538,15,2025-08-01,Google Ads,Lost
3104,1538,21,2025-08-01,官網,Qualified
7110,23,3,2025-08-02,官網,New
4142,3574,5,2025-08-02,Google Ads,Contacted
4345,61,36,2025-08-02,電話,Contacted
2295,1181,15,2025-08-02,Google Ads,Qualified
11649,23,15,2025-08-02,Google Ads,Contacted
8227,1066,37,2025-08-02,Facebook Ads,Lost
3836,297,14,2025-08-02,Google Ads,Converted
698,1066,36,2025-08-02,電話,Qualified
10516,1066,30,2025-08-02,Google Ads,Contacted
10976,1066,34,2025-08-02,合作通路,Contacted
9141,23,33,2025-08-02,Google Ads,Qualified
11730,297,5,2025-08-02,Google Ads,New
3349,158,10,2025-08-02,官網,Qualified
2798,1838,28,2025-08-03,LINE,New
345,59,33,2025-08-03,Google Ads,Converted
1386,1838,10,2025-08-03,官網,Contacted
4867,1838,37,2025-08-03,Facebook Ads,Lost
2788,59,22,2025-08-03,Google Ads,Lost
735,944,37,2025-08-03,Facebook Ads,Contacted
10755,3918,17,2025-08-04,Facebook Ads,Lost
9956,3112,37,2025-08-04,Facebook Ads,New
11837,3112,36,2025-08-04,電話,Qualified
3792,3112,13,2025-08-04,電話,Contacted
4377,3112,33,2025-08-04,Google Ads,Converted
4313,3918,5,2025-08-04,Google Ads,Qualified
5331,1269,27,2025-08-05,Google Ads,Contacted
8287,922,21,2025-08-05,官網,Contacted
2720,1269,15,2025-08-05,Google Ads,Qualified
2491,922,14,2025-08-05,Google Ads,Converted
5055,1885,21,2025-08-05,官網,Converted
9921,989,14,2025-08-05,Google Ads,Lost
1327,1269,22,2025-08-05,Google Ads,Converted
10191,922,20,2025-08-05,Facebook Ads,Contacted
3264,922,15,2025-08-05,Google Ads,Qualified
3871,922,33,2025-08-05,Google Ads,Contacted
1070,1885,14,2025-08-05,Google Ads,New
5592,1885,32,2025-08-05,Google Ads,New
67,3599,26,2025-08-06,電話,Contacted
4028,3599,17,2025-08-06,Facebook Ads,Contacted
10356,636,38,2025-08-06,Google Ads,Converted
1542,636,5,2025-08-06,Google Ads,Contacted
2454,3599,37,2025-08-06,Facebook Ads,Contacted
4630,636,30,2025-08-06,Google Ads,Qualified
2812,1837,20,2025-08-07,Facebook Ads,Converted
5462,2249,40,2025-08-07,Facebook Ads,Qualified
2165,1837,11,2025-08-07,Google Ads,Contacted
9411,2789,17,2025-08-07,Facebook Ads,Contacted
10911,1837,15,2025-08-07,Google Ads,Converted
9256,2103,10,2025-08-07,官網,Converted
6674,2103,13,2025-08-07,電話,New
3989,2249,8,2025-08-07,Referral,Qualified
1128,1837,3,2025-08-07,官網,Lost
4383,655,25,2025-08-07,LINE,Converted
2921,2789,10,2025-08-07,官網,Contacted
9452,2249,28,2025-08-07,LINE,Lost
10156,3330,3,2025-08-08,官網,Converted
988,3330,21,2025-08-08,官網,Converted
10112,3330,39,2025-08-08,官網,Converted
8897,3385,10,2025-08-09,官網,Converted
5319,3557,26,2025-08-09,電話,Contacted
1950,1850,21,2025-08-09,官網,Contacted
3997,1121,8,2025-08-09,Referral,Qualified
4522,3557,25,2025-08-09,LINE,New
7386,3911,10,2025-08-09,官網,Converted
10722,3385,40,2025-08-09,Facebook Ads,Lost
2024,3557,39,2025-08-09,官網,Converted
5398,3557,11,2025-08-09,Google Ads,Contacted
11738,510,20,2025-08-09,Facebook Ads,Qualified
6554,1121,15,2025-08-09,Google Ads,Converted
6021,510,3,2025-08-09,官網,Lost
2351,3911,20,2025-08-09,Facebook Ads,Contacted
9554,3911,20,2025-08-09,Facebook Ads,Converted
11952,169,5,2025-08-10,Google Ads,Lost
5784,169,5,2025-08-10,Google Ads,Qualified
8860,169,28,2025-08-10,LINE,Converted
10858,1704,5,2025-08-10,Google Ads,Lost
3139,2297,30,2025-08-11,Google Ads,Converted
2605,1223,15,2025-08-11,Google Ads,Contacted
5243,1223,30,2025-08-11,Google Ads,Qualified
3272,1223,15,2025-08-11,Google Ads,Lost
5416,1223,33,2025-08-11,Google Ads,Converted
1002,371,32,2025-08-11,Google Ads,Contacted
7275,371,21,2025-08-11,官網,Contacted
1531,917,10,2025-08-11,官網,Qualified
5073,917,11,2025-08-11,Google Ads,Qualified
7169,1223,27,2025-08-11,Google Ads,Converted
5575,371,20,2025-08-11,Facebook Ads,Contacted
3101,1874,38,2025-08-12,Google Ads,Contacted
8533,1874,32,2025-08-12,Google Ads,Contacted
3414,421,37,2025-08-12,Facebook Ads,Contacted
188,1874,32,2025-08-12,Google Ads,New
1266,920,38,2025-08-12,Google Ads,Converted
4843,421,37,2025-08-12,Facebook Ads,Qualified
5929,920,28,2025-08-12,LINE,Qualified
5168,421,5,2025-08-12,Google Ads,Qualified
4014,421,22,2025-08-12,Google Ads,Converted
10807,955,14,2025-08-12,Google Ads,Lost
6010,421,27,2025-08-12,Google Ads,Contacted
8213,955,15,2025-08-12,Google Ads,Qualified
182,2822,5,2025-08-13,Google Ads,Contacted
7799,2822,40,2025-08-13,Facebook Ads,New
4386,2822,25,2025-08-13,LINE,Contacted
318,1394,17,2025-08-14,Facebook Ads,Contacted
5330,1394,30,2025-08-14,Google Ads,Converted
9820,1394,37,2025-08-14,Facebook Ads,Qualified
890,1644,27,2025-08-14,Google Ads,Lost
11846,1115,13,2025-08-14,電話,New
4031,2393,29,2025-08-15,LINE,Contacted
429,687,37,2025-08-15,Facebook Ads,Converted
6345,180,3,2025-08-15,官網,Qualified
2781,687,39,2025-08-15,官網,Converted
2851,3654,29,2025-08-15,LINE,Lost
8573,180,14,2025-08-15,Google Ads,Lost
1035,687,38,2025-08-15,Google Ads,Contacted
4483,687,32,2025-08-15,Google Ads,New
7601,3291,29,2025-08-15,LINE,Contacted
5910,3780,17,2025-08-16,Facebook Ads,New
7765,2576,29,2025-08-16,LINE,Qualified
4115,3780,12,2025-08-16,合作通路,Contacted
4557,3066,29,2025-08-16,LINE,Contacted
3775,293,29,2025-08-16,LINE,Qualified
7239,176,29,2025-08-16,LINE,Qualified
6693,59,29,2025-08-16,LINE,Contacted
419,954,29,2025-08-16,LINE,Lost
8850,3344,39,2025-08-16,官網,Converted
8321,3780,5,2025-08-16,Google Ads,Converted
5231,295,29,2025-08-16,LINE,Lost
4241,2341,29,2025-08-16,LINE,Converted
2323,1455,28,2025-08-17,LINE,Converted
5809,1772,20,2025-08-17,Facebook Ads,New
878,367,29,2025-08-17,LINE,Contacted
4475,1165,29,2025-08-17,LINE,Contacted
208,2639,29,2025-08-17,LINE,Qualified
3224,1772,15,2025-08-17,Google Ads,Contacted
1079,1980,40,2025-08-17,Facebook Ads,Lost
3511,1772,8,2025-08-17,Referral,Qualified
11457,2210,3,2025-08-17,官網,Contacted
8516,1772,27,2025-08-17,Google Ads,Contacted
3177,960,29,2025-08-18,LINE,Converted
6371,1669,29,2025-08-18,LINE,Converted
9772,2310,8,2025-08-18,Referral,Qualified
7407,81,29,2025-08-18,LINE,New
5000,2310,12,2025-08-18,合作通路,Qualified
11160,2831,29,2025-08-18,LINE,Converted
8590,1949,29,2025-08-18,LINE,Contacted
7433,2310,22,2025-08-18,Google Ads,Contacted
186,1399,29,2025-08-18,LINE,Contacted
9634,2982,29,2025-08-18,LINE,Contacted
3112,3547,27,2025-08-18,Google Ads,Converted
11940,2310,11,2025-08-18,Google Ads,Converted
5044,139,29,2025-08-19,LINE,New
2350,2817,15,2025-08-19,Google Ads,Qualified
10091,1438,40,2025-08-19,Facebook Ads,New
7274,1438,15,2025-08-19,Google Ads,Qualified
8195,3626,33,2025-08-19,Google Ads,Converted
10551,3710,21,2025-08-19,官網,Qualified
6360,1339,29,2025-08-19,LINE,Qualified
8555,1438,3,2025-08-19,官網,Converted
5278,1630,8,2025-08-19,Referral,New
5329,1630,21,2025-08-19,官網,New
4023,2695,29,2025-08-19,LINE,Lost
1886,1630,11,2025-08-19,Google Ads,Lost
11844,2864,29,2025-08-19,LINE,Converted
8879,3626,33,2025-08-19,Google Ads,Converted
10030,3943,29,2025-08-19,LINE,Contacted
157,1869,29,2025-08-19,LINE,Qualified
9339,3710,10,2025-08-19,官網,Contacted
11984,1438,5,2025-08-19,Google Ads,New
10574,3626,37,2025-08-19,Facebook Ads,Converted
5537,1438,26,2025-08-19,電話,Converted
8953,240,15,2025-08-20,Google Ads,New
2752,1529,29,2025-08-20,LINE,Converted
2503,3067,25,2025-08-20,LINE,Lost
9279,240,15,2025-08-20,Google Ads,Qualified
1821,3067,22,2025-08-20,Google Ads,Qualified
5610,3067,11,2025-08-20,Google Ads,Contacted
6458,240,3,2025-08-20,官網,Converted
9943,77,15,2025-08-21,Google Ads,Qualified
17,3653,14,2025-08-21,Google Ads,New
43,2898,39,2025-08-21,官網,Converted
5599,1841,29,2025-08-21,LINE,Converted
5878,3492,29,2025-08-21,LINE,Qualified
5751,3653,27,2025-08-21,Google Ads,Contacted
2641,2898,14,2025-08-21,Google Ads,New
8122,2898,20,2025-08-21,Facebook Ads,Converted
926,2109,15,2025-08-21,Google Ads,Converted
5916,3653,38,2025-08-21,Google Ads,Qualified
6597,2034,5,2025-08-21,Google Ads,Converted
4958,77,20,2025-08-21,Facebook Ads,Qualified
6882,2898,22,2025-08-21,Google Ads,Converted
9095,77,30,2025-08-21,Google Ads,Lost
9113,2898,32,2025-08-21,Google Ads,Converted
8848,438,29,2025-08-21,LINE,New
3702,782,29,2025-08-22,LINE,Converted
11113,1265,15,2025-08-22,Google Ads,Converted
3043,79,5,2025-08-22,Google Ads,Qualified
6907,804,40,2025-08-22,Facebook Ads,Contacted
1930,79,13,2025-08-22,電話,Qualified
10145,804,28,2025-08-22,LINE,New
5032,1174,32,2025-08-22,Google Ads,Contacted
1602,1047,10,2025-08-22,官網,Converted
9019,804,39,2025-08-22,官網,Converted
2250,2884,5,2025-08-22,Google Ads,Contacted
10901,79,30,2025-08-22,Google Ads,Contacted
3495,562,29,2025-08-22,LINE,Converted
1440,527,29,2025-08-22,LINE,Lost
1299,1174,20,2025-08-22,Facebook Ads,Converted
6565,804,17,2025-08-22,Facebook Ads,Contacted
10021,804,17,2025-08-22,Facebook Ads,Qualified
2518,79,11,2025-08-22,Google Ads,New
9756,1265,27,2025-08-22,Google Ads,New
6943,956,29,2025-08-22,LINE,Qualified
9160,2365,33,2025-08-23,Google Ads,New
6313,3955,29,2025-08-23,LINE,Contacted
1464,897,29,2025-08-23,LINE,Contacted
5126,2365,28,2025-08-23,LINE,New
788,2365,33,2025-08-23,Google Ads,New
9878,2365,33,2025-08-23,Google Ads,New
9459,137,29,2025-08-23,LINE,New
4126,683,29,2025-08-23,LINE,Qualified
5697,2365,34,2025-08-23,合作通路,Qualified
11218,690,29,2025-08-24,LINE,Converted
4589,802,29,2025-08-24,LINE,Converted
1863,135,17,2025-08-24,Facebook Ads,Lost
4184,1062,10,2025-08-24,官網,Qualified
7063,2476,29,2025-08-24,LINE,Converted
833,2269,26,2025-08-24,電話,Contacted
6544,1062,27,2025-08-24,Google Ads,Contacted
8242,3018,29,2025-08-24,LINE,Contacted
10018,135,40,2025-08-24,Facebook Ads,New
1395,2269,8,2025-08-24,Referral,Converted
4708,3751,22,2025-08-25,Google Ads,Contacted
5753,3751,5,2025-08-25,Google Ads,Qualified
6117,1762,29,2025-08-25,LINE,Qualified
4647,1203,29,2025-08-25,LINE,Converted
684,1696,29,2025-08-25,LINE,New
10904,2147,29,2025-08-25,LINE,Contacted
5715,508,29,2025-08-26,LINE,Converted
1496,1875,29,2025-08-26,LINE,Converted
6471,1898,29,2025-08-26,LINE,Qualified
3685,2803,29,2025-08-26,LINE,Contacted
11240,966,14,2025-08-26,Google Ads,Converted
11159,447,29,2025-08-26,LINE,Converted
6026,966,27,2025-08-26,Google Ads,Qualified
8713,3700,29,2025-08-26,LINE,New
6794,966,10,2025-08-26,官網,Converted
1462,966,20,2025-08-26,Facebook Ads,New
9020,355,29,2025-08-27,LINE,Converted
3694,2160,40,2025-08-27,Facebook Ads,Contacted
2109,2298,14,2025-08-27,Google Ads,Contacted
597,414,29,2025-08-27,LINE,Contacted
111,2871,14,2025-08-27,Google Ads,Converted
11747,2298,15,2025-08-27,Google Ads,New
2405,1333,29,2025-08-27,LINE,Contacted
9238,5,38,2025-08-27,Google Ads,Contacted
6681,2160,20,2025-08-27,Facebook Ads,Qualified
882,2488,29,2025-08-27,LINE,Converted
2081,3919,15,2025-08-27,Google Ads,Qualified
9454,2871,22,2025-08-27,Google Ads,Contacted
11463,5,28,2025-08-27,LINE,New
1873,3919,30,2025-08-27,Google Ads,Lost
8299,5,15,2025-08-27,Google Ads,New
11493,2298,3,2025-08-27,官網,Qualified
7040,1968,29,2025-08-27,LINE,Converted
4689,2160,32,2025-08-27,Google Ads,Lost
1961,2298,5,2025-08-27,Google Ads,Contacted
4638,632,29,2025-08-27,LINE,Qualified
3205,3274,29,2025-08-27,LINE,Qualified
1823,1948,28,2025-08-28,LINE,Converted
8015,1723,29,2025-08-28,LINE,Converted
3621,2672,29,2025-08-28,LINE,Contacted
4431,2391,29,2025-08-28,LINE,Converted
4069,1940,29,2025-08-28,LINE,Converted
6292,2569,33,2025-08-28,Google Ads,New
2458,1970,28,2025-08-28,LINE,Qualified
3160,1970,14,2025-08-28,Google Ads,Lost
8271,3074,8,2025-08-28,Referral,Converted
11870,1970,20,2025-08-28,Facebook Ads,Lost
3001,1113,29,2025-08-28,LINE,Lost
1883,3074,20,2025-08-28,Facebook Ads,New
5657,3981,29,2025-08-28,LINE,New
11957,23,29,2025-08-29,LINE,Qualified
1006,2939,29,2025-08-29,LINE,Converted
4954,3277,29,2025-08-29,LINE,Converted
6484,3591,15,2025-08-29,Google Ads,Qualified
10185,3591,20,2025-08-29,Facebook Ads,Contacted
7355,3352,17,2025-08-29,Facebook Ads,Qualified
9184,1631,29,2025-08-29,LINE,Contacted
2697,3270,29,2025-08-29,LINE,Lost
7786,2967,11,2025-08-29,Google Ads,Qualified
7635,1850,29,2025-08-29,LINE,Contacted
2832,3413,29,2025-08-29,LINE,Lost
10729,599,17,2025-08-30,Facebook Ads,Qualified
4482,2998,11,2025-08-30,Google Ads,Qualified
2436,2998,33,2025-08-30,Google Ads,Lost
5994,599,30,2025-08-30,Google Ads,Contacted
11251,3003,32,2025-08-30,Google Ads,Lost
11586,2210,29,2025-08-30,LINE,Qualified
1567,685,29,2025-08-30,LINE,Lost
2724,599,11,2025-08-30,Google Ads,New
4780,2998,40,2025-08-30,Facebook Ads,Lost
8890,599,38,2025-08-30,Google Ads,Qualified
952,1859,29,2025-08-31,LINE,Converted
1633,206,29,2025-08-31,LINE,Converted
11201,1935,40,2025-08-31,Facebook Ads,Lost
3893,1107,29,2025-08-31,LINE,Converted
4007,1935,37,2025-08-31,Facebook Ads,New
4669,3881,29,2025-08-31,LINE,New
1433,2018,11,2025-08-31,Google Ads,Qualified
3227,2018,40,2025-08-31,Facebook Ads,Converted
1031,2847,39,2025-08-31,官網,Converted
276,2018,30,2025-08-31,Google Ads,Contacted
1785,2531,29,2025-08-31,LINE,Qualified
46,885,29,2025-08-31,LINE,Lost
828,3933,37,2025-09-01,Facebook Ads,Contacted
9936,3933,5,2025-09-01,Google Ads,New
3390,88,29,2025-09-01,LINE,Lost
6969,1371,29,2025-09-01,LINE,Qualified
2375,3067,29,2025-09-01,LINE,Contacted
8661,2057,21,2025-09-01,官網,Converted
3698,2313,29,2025-09-02,LINE,New
9159,3455,29,2025-09-02,LINE,Converted
2664,2010,29,2025-09-02,LINE,Qualified
2814,1906,17,2025-09-02,Facebook Ads,Lost
8500,1588,10,2025-09-02,官網,Contacted
3767,1906,12,2025-09-02,合作通路,Qualified
3212,3565,29,2025-09-02,LINE,Qualified
5223,1906,17,2025-09-02,Facebook Ads,Converted
4572,116,29,2025-09-03,LINE,New
842,1018,29,2025-09-03,LINE,Qualified
757,3896,28,2025-09-03,LINE,Qualified
5985,3617,26,2025-09-03,電話,Converted
3004,42,28,2025-09-03,LINE,Contacted
5709,277,29,2025-09-03,LINE,Contacted
10709,3668,29,2025-09-03,LINE,Converted
11600,3523,29,2025-09-03,LINE,Lost
4160,3496,25,2025-09-03,LINE,Contacted
5502,3496,39,2025-09-03,官網,Qualified
11636,3523,33,2025-09-03,Google Ads,Lost
8205,3074,29,2025-09-03,LINE,Qualified
5783,3496,12,2025-09-03,合作通路,Contacted
10659,1921,34,2025-09-03,合作通路,Qualified
65,1921,14,2025-09-03,Google Ads,Converted
1811,2868,29,2025-09-04,LINE,Qualified
10633,3858,40,2025-09-04,Facebook Ads,Lost
103,3858,10,2025-09-04,官網,Qualified
6997,741,29,2025-09-04,LINE,Qualified
540,1780,5,2025-09-04,Google Ads,Qualified
27,3858,22,2025-09-04,Google Ads,Converted
1637,1533,33,2025-09-04,Google Ads,Converted
8744,3154,39,2025-09-04,官網,Converted
10990,624,29,2025-09-04,LINE,Qualified
10448,1217,29,2025-09-04,LINE,Contacted
8606,1533,3,2025-09-04,官網,Contacted
7158,3858,11,2025-09-04,Google Ads,Qualified
6629,3858,32,2025-09-04,Google Ads,Qualified
1165,3154,17,2025-09-04,Facebook Ads,Contacted
3267,1533,11,2025-09-04,Google Ads,Converted
11017,2579,29,2025-09-04,LINE,Contacted
11684,1780,27,2025-09-04,Google Ads,Contacted
8369,462,28,2025-09-05,LINE,Lost
2636,2402,29,2025-09-05,LINE,Converted
8909,3785,32,2025-09-05,Google Ads,Lost
7675,29,30,2025-09-05,Google Ads,Converted
10082,199,32,2025-09-05,Google Ads,Converted
1458,1224,29,2025-09-05,LINE,Converted
9952,466,29,2025-09-05,LINE,Qualified
7553,40,29,2025-09-05,LINE,Lost
8631,946,29,2025-09-05,LINE,Lost
11110,2752,29,2025-09-05,LINE,Qualified
10401,462,17,2025-09-05,Facebook Ads,Lost
3096,1885,29,2025-09-05,LINE,Lost
10894,462,37,2025-09-05,Facebook Ads,New
3571,29,10,2025-09-05,官網,Contacted
5463,1159,13,2025-09-06,電話,Converted
9830,3934,29,2025-09-06,LINE,New
3058,3993,38,2025-09-06,Google Ads,New
10083,2065,29,2025-09-06,LINE,Lost
3892,1159,32,2025-09-06,Google Ads,Converted
8383,2609,29,2025-09-06,LINE,New
2531,3898,29,2025-09-06,LINE,Contacted
7750,930,29,2025-09-06,LINE,Qualified
2932,1670,29,2025-09-06,LINE,Converted
1423,657,39,2025-09-07,官網,New
7782,657,15,2025-09-07,Google Ads,Qualified
6697,1156,29,2025-09-07,LINE,Converted
86,939,10,2025-09-07,官網,Contacted
7957,2847,29,2025-09-07,LINE,Contacted
5021,774,29,2025-09-07,LINE,Lost
1452,3361,28,2025-09-07,LINE,Converted
1405,2944,29,2025-09-07,LINE,New
8790,323,29,2025-09-07,LINE,New
2253,2065,29,2025-09-07,LINE,Qualified
5433,3237,29,2025-09-07,LINE,Lost
1256,770,21,2025-09-08,官網,Converted
7477,1772,29,2025-09-08,LINE,New
3740,770,25,2025-09-08,LINE,Lost
6537,42,29,2025-09-08,LINE,New
3539,2847,29,2025-09-08,LINE,New
934,3009,32,2025-09-08,Google Ads,New
5473,3009,13,2025-09-08,電話,Contacted
3737,1280,29,2025-09-08,LINE,Converted
4703,1525,29,2025-09-08,LINE,New
1288,2799,37,2025-09-08,Facebook Ads,Converted
7523,3009,25,2025-09-08,LINE,Lost
10294,859,29,2025-09-08,LINE,New
5612,2856,29,2025-09-08,LINE,Converted
11299,595,29,2025-09-08,LINE,Contacted
782,3665,32,2025-09-09,Google Ads,Converted
1763,3884,38,2025-09-09,Google Ads,Contacted
5652,926,29,2025-09-09,LINE,Lost
9021,1606,27,2025-09-09,Google Ads,Converted
5375,3665,11,2025-09-09,Google Ads,New
3855,1843,29,2025-09-09,LINE,Lost
1607,3884,13,2025-09-09,電話,Converted
11573,3665,38,2025-09-09,Google Ads,Converted
11503,3337,29,2025-09-09,LINE,Contacted
4139,1174,29,2025-09-10,LINE,Converted
2668,3890,20,2025-09-10,Facebook Ads,Lost
7606,3109,29,2025-09-10,LINE,Converted
333,3878,15,2025-09-10,Google Ads,Qualified
8873,847,29,2025-09-10,LINE,Converted
3947,3498,29,2025-09-10,LINE,Contacted
4797,3887,17,2025-09-10,Facebook Ads,Contacted
7586,852,29,2025-09-10,LINE,Qualified
2328,3878,15,2025-09-10,Google Ads,Contacted
8522,3890,3,2025-09-10,官網,Contacted
4072,3668,29,2025-09-10,LINE,New
1795,3887,39,2025-09-10,官網,Contacted
8633,3878,39,2025-09-10,官網,Lost
10705,3887,38,2025-09-10,Google Ads,Lost
9064,1633,33,2025-09-10,Google Ads,Qualified
8223,3887,38,2025-09-10,Google Ads,Lost
4913,1716,32,2025-09-10,Google Ads,Lost
7031,1538,29,2025-09-10,LINE,Lost
1329,3950,29,2025-09-10,LINE,Converted
4366,2213,29,2025-09-10,LINE,Converted
7876,3878,32,2025-09-10,Google Ads,Converted
3422,1716,28,2025-09-10,LINE,Lost
3479,3890,11,2025-09-10,Google Ads,New
10371,1633,37,2025-09-10,Facebook Ads,Qualified
8451,3361,29,2025-09-10,LINE,Converted
4021,1633,3,2025-09-10,官網,New
11288,3890,8,2025-09-10,Referral,Lost
7413,1716,27,2025-09-10,Google Ads,Qualified
3928,2145,29,2025-09-11,LINE,Qualified
11188,3878,29,2025-09-11,LINE,New
5155,3217,29,2025-09-11,LINE,Contacted
323,1964,29,2025-09-11,LINE,Lost
9938,1860,29,2025-09-11,LINE,Converted
9524,2255,29,2025-09-11,LINE,Converted
5187,2320,29,2025-09-11,LINE,Converted
9412,908,29,2025-09-11,LINE,Converted
895,20,29,2025-09-11,LINE,Converted
1460,3758,29,2025-09-11,LINE,Converted
9944,1657,29,2025-09-12,LINE,Qualified
3939,661,17,2025-09-12,Facebook Ads,Converted
7139,3627,29,2025-09-12,LINE,Contacted
285,661,25,2025-09-12,LINE,Converted
1616,1606,29,2025-09-12,LINE,Contacted
5792,427,29,2025-09-12,LINE,Converted
2235,667,29,2025-09-12,LINE,Contacted
1341,3862,27,2025-09-12,Google Ads,Converted
1862,251,29,2025-09-12,LINE,Contacted
496,65,37,2025-09-12,Facebook Ads,Converted
2088,2453,29,2025-09-12,LINE,Converted
4133,3221,29,2025-09-12,LINE,Converted
2126,945,29,2025-09-12,LINE,Lost
3360,1382,29,2025-09-12,LINE,Qualified
10830,3862,32,2025-09-12,Google Ads,Contacted
5378,443,8,2025-09-13,Referral,Contacted
6275,2613,36,2025-09-13,電話,Qualified
617,519,13,2025-09-13,電話,Lost
6255,443,33,2025-09-13,Google Ads,New
9741,2613,15,2025-09-13,Google Ads,Qualified
10378,519,30,2025-09-13,Google Ads,New
9601,2907,15,2025-09-14,Google Ads,Qualified
7297,2907,17,2025-09-14,Facebook Ads,Qualified
9517,1555,11,2025-09-14,Google Ads,New
7753,405,5,2025-09-14,Google Ads,Converted
5564,2351,14,2025-09-14,Google Ads,Qualified
8192,2351,33,2025-09-14,Google Ads,New
8698,1555,36,2025-09-14,電話,Contacted
2646,2907,37,2025-09-14,Facebook Ads,Contacted
5868,2907,40,2025-09-14,Facebook Ads,Contacted
4532,1555,22,2025-09-14,Google Ads,Contacted
2442,2907,32,2025-09-14,Google Ads,New
3367,2907,10,2025-09-14,官網,Contacted
7937,2907,30,2025-09-14,Google Ads,Qualified
9319,3996,20,2025-09-15,Facebook Ads,Lost
2761,892,26,2025-09-15,電話,Converted
7277,1407,14,2025-09-15,Google Ads,Converted
8000,892,5,2025-09-15,Google Ads,Contacted
5542,3259,20,2025-09-15,Facebook Ads,Qualified
444,1407,37,2025-09-15,Facebook Ads,Converted
7962,3996,10,2025-09-15,官網,Converted
3261,3259,22,2025-09-15,Google Ads,Lost
4327,3996,15,2025-09-15,Google Ads,New
4562,1407,14,2025-09-15,Google Ads,Converted
11892,248,13,2025-09-15,電話,Contacted
5647,892,15,2025-09-15,Google Ads,New
3012,1135,14,2025-09-16,Google Ads,New
11697,1135,11,2025-09-16,Google Ads,Contacted
1022,1135,14,2025-09-16,Google Ads,Lost
7452,1135,21,2025-09-16,官網,New
2860,755,17,2025-09-17,Facebook Ads,Lost
1908,2809,37,2025-09-17,Facebook Ads,Lost
6816,755,5,2025-09-17,Google Ads,Lost
4277,2724,33,2025-09-18,Google Ads,Qualified
1586,2724,5,2025-09-18,Google Ads,Contacted
11959,2724,30,2025-09-18,Google Ads,Qualified
4871,1512,33,2025-09-19,Google Ads,Qualified
1382,2792,33,2025-09-19,Google Ads,Converted
6585,2792,29,2025-09-19,LINE,Contacted
686,3292,32,2025-09-19,Google Ads,Converted
10019,3915,38,2025-09-19,Google Ads,Qualified
6593,1505,33,2025-09-19,Google Ads,Qualified
10593,1042,3,2025-09-19,官網,Qualified
11111,884,20,2025-09-19,Facebook Ads,Lost
4918,3915,33,2025-09-19,Google Ads,Contacted
1967,3915,22,2025-09-19,Google Ads,New
7529,1505,20,2025-09-19,Facebook Ads,Lost
876,3292,17,2025-09-19,Facebook Ads,Converted
8165,3292,33,2025-09-19,Google Ads,Contacted
2320,3292,3,2025-09-19,官網,New
6030,1512,38,2025-09-19,Google Ads,Converted
8776,884,5,2025-09-19,Google Ads,Lost
6482,1817,11,2025-09-19,Google Ads,Converted
3065,3915,20,2025-09-19,Facebook Ads,Contacted
4894,1817,40,2025-09-19,Facebook Ads,New
6937,1505,10,2025-09-19,官網,Contacted
2660,3915,29,2025-09-19,LINE,Converted
5099,2792,3,2025-09-19,官網,Lost
8409,2535,30,2025-09-20,Google Ads,New
9221,3268,38,2025-09-20,Google Ads,Contacted
11625,3268,5,2025-09-20,Google Ads,Contacted
4392,3268,32,2025-09-20,Google Ads,Converted
11941,2535,38,2025-09-20,Google Ads,Qualified
8092,2535,21,2025-09-20,官網,Converted
1939,1038,30,2025-09-21,Google Ads,Lost
169,1507,39,2025-09-21,官網,Contacted
5227,3778,36,2025-09-21,電話,Contacted
3932,2135,22,2025-09-21,Google Ads,Converted
4188,1507,25,2025-09-21,LINE,New
10209,1507,15,2025-09-21,Google Ads,New
7503,2135,5,2025-09-21,Google Ads,Converted
3451,2135,34,2025-09-21,合作通路,Lost
7739,3778,29,2025-09-21,LINE,Contacted
1100,2135,37,2025-09-21,Facebook Ads,Lost
2513,1038,34,2025-09-21,合作通路,Converted
8852,1038,11,2025-09-21,Google Ads,Converted
2361,1038,15,2025-09-21,Google Ads,New
9490,1038,37,2025-09-21,Facebook Ads,Converted
3937,1507,3,2025-09-21,官網,Qualified
9134,1038,27,2025-09-21,Google Ads,Lost
2030,2135,20,2025-09-21,Facebook Ads,New
5838,2408,3,2025-09-22,官網,Lost
11801,2408,17,2025-09-22,Facebook Ads,Qualified
1483,2408,32,2025-09-22,Google Ads,Converted
2767,97,32,2025-09-22,Google Ads,Qualified
11392,1148,17,2025-09-22,Facebook Ads,Converted
4098,936,38,2025-09-23,Google Ads,Converted
4591,3311,25,2025-09-23,LINE,Lost
4088,2046,28,2025-09-23,LINE,Lost
4323,2046,29,2025-09-23,LINE,Lost
7171,234,11,2025-09-23,Google Ads,New
10712,2610,14,2025-09-23,Google Ads,Contacted
2260,234,21,2025-09-23,官網,Converted
8780,1352,8,2025-09-23,Referral,Qualified
4411,936,38,2025-09-23,Google Ads,Converted
5221,3311,14,2025-09-23,Google Ads,New
3924,2610,27,2025-09-23,Google Ads,New
1993,2046,28,2025-09-23,LINE,Lost
4811,1352,17,2025-09-23,Facebook Ads,Lost
7102,2780,22,2025-09-23,Google Ads,Qualified
3491,234,38,2025-09-23,Google Ads,Qualified
11498,2780,33,2025-09-23,Google Ads,Contacted
6861,3311,38,2025-09-23,Google Ads,Contacted
7287,3311,32,2025-09-23,Google Ads,Contacted
11115,936,25,2025-09-23,LINE,Contacted
2128,2780,17,2025-09-23,Facebook Ads,Qualified
427,2610,21,2025-09-23,官網,Contacted
9959,1309,29,2025-09-24,LINE,Lost
7428,1309,14,2025-09-24,Google Ads,Converted
6081,1309,34,2025-09-24,合作通路,Qualified
478,1550,32,2025-09-24,Google Ads,New
8003,3231,38,2025-09-24,Google Ads,Contacted
11508,216,17,2025-09-24,Facebook Ads,Contacted
9250,1309,14,2025-09-24,Google Ads,Converted
7994,1309,10,2025-09-24,官網,Contacted
1509,1309,28,2025-09-24,LINE,Qualified
1872,1385,40,2025-09-25,Facebook Ads,Qualified
2634,3341,17,2025-09-25,Facebook Ads,New
4538,3341,28,2025-09-25,LINE,New
4509,3341,36,2025-09-25,電話,Converted
2178,3341,20,2025-09-25,Facebook Ads,New
6153,2218,39,2025-09-25,官網,Qualified
9164,907,37,2025-09-25,Facebook Ads,New
9030,907,21,2025-09-25,官網,Converted
9686,3363,34,2025-09-25,合作通路,Qualified
8083,3341,40,2025-09-25,Facebook Ads,Contacted
4050,1385,22,2025-09-25,Google Ads,New
9106,1385,14,2025-09-25,Google Ads,Contacted
11277,3363,14,2025-09-25,Google Ads,Lost
6632,3341,26,2025-09-25,電話,Converted
6362,2953,11,2025-09-26,Google Ads,Contacted
2367,2953,5,2025-09-26,Google Ads,New
7982,2953,22,2025-09-26,Google Ads,Converted
4417,1346,3,2025-09-27,官網,Lost
9549,1346,11,2025-09-27,Google Ads,Contacted
9183,1346,5,2025-09-27,Google Ads,New
1436,1346,15,2025-09-27,Google Ads,Qualified
7699,1717,37,2025-09-28,Facebook Ads,Converted
8996,3398,30,2025-09-28,Google Ads,Converted
2904,3398,3,2025-09-28,官網,Lost
255,1717,17,2025-09-28,Facebook Ads,Contacted
7623,888,17,2025-09-29,Facebook Ads,Qualified
2090,888,33,2025-09-29,Google Ads,Contacted
8019,1168,11,2025-09-29,Google Ads,Contacted
3176,2922,22,2025-09-29,Google Ads,Converted
8364,888,34,2025-09-29,合作通路,Lost
6397,2833,30,2025-09-29,Google Ads,Qualified
9811,2833,5,2025-09-29,Google Ads,Contacted
1759,1999,5,2025-09-29,Google Ads,Converted
5016,931,22,2025-09-29,Google Ads,New
6466,1168,13,2025-09-29,電話,New
8043,931,39,2025-09-29,官網,Qualified
4389,931,38,2025-09-29,Google Ads,Contacted
6053,1999,32,2025-09-29,Google Ads,Converted
1443,931,29,2025-09-29,LINE,Lost
491,1907,11,2025-09-30,Google Ads,Contacted
8034,2848,5,2025-09-30,Google Ads,Contacted
5632,2842,36,2025-10-01,電話,Converted
6151,2217,25,2025-10-01,LINE,New
3583,2460,37,2025-10-01,Facebook Ads,Qualified
7058,2217,27,2025-10-01,Google Ads,New
3418,1760,20,2025-10-01,Facebook Ads,Lost
11448,1760,3,2025-10-01,官網,Qualified
688,2217,14,2025-10-01,Google Ads,New
11090,542,20,2025-10-02,Facebook Ads,Contacted
10436,837,37,2025-10-02,Facebook Ads,Converted
2862,837,14,2025-10-02,Google Ads,Contacted
1519,837,27,2025-10-02,Google Ads,Contacted
9375,542,38,2025-10-02,Google Ads,Converted
4382,1284,38,2025-10-03,Google Ads,Qualified
2947,2670,30,2025-10-03,Google Ads,Qualified
1947,1284,21,2025-10-03,官網,New
1999,2670,13,2025-10-03,電話,Lost
7554,3888,11,2025-10-04,Google Ads,New
8234,124,36,2025-10-04,電話,Qualified
1493,124,40,2025-10-04,Facebook Ads,Qualified
1659,3102,33,2025-10-04,Google Ads,Contacted
10988,39,39,2025-10-04,官網,Lost
3773,3888,37,2025-10-04,Facebook Ads,Contacted
2564,124,38,2025-10-04,Google Ads,Lost
10240,3102,27,2025-10-04,Google Ads,Lost
10466,3888,37,2025-10-04,Facebook Ads,Contacted
8031,3102,37,2025-10-04,Facebook Ads,Converted
7223,3888,5,2025-10-04,Google Ads,Contacted
6231,124,25,2025-10-04,LINE,Converted
7954,3939,13,2025-10-05,電話,Converted
4970,1584,21,2025-10-05,官網,Lost
7132,3939,11,2025-10-05,Google Ads,Converted
3374,1584,29,2025-10-05,LINE,Contacted
2864,3939,36,2025-10-05,電話,Qualified
7052,2965,32,2025-10-06,Google Ads,Converted
23,3478,14,2025-10-06,Google Ads,Qualified
8304,3478,40,2025-10-06,Facebook Ads,New
4169,3478,10,2025-10-06,官網,Converted
8674,3478,40,2025-10-06,Facebook Ads,Contacted
6640,3478,34,2025-10-06,合作通路,New
538,2965,27,2025-10-06,Google Ads,Contacted
1034,2965,5,2025-10-06,Google Ads,Lost
1504,2987,8,2025-10-07,Referral,Qualified
11095,2987,11,2025-10-07,Google Ads,Contacted
994,2987,36,2025-10-07,電話,Qualified
5847,3686,22,2025-10-07,Google Ads,Converted
10735,3686,37,2025-10-07,Facebook Ads,Lost
3140,3686,38,2025-10-07,Google Ads,Converted
4573,3686,40,2025-10-07,Facebook Ads,Contacted
2284,1037,39,2025-10-08,官網,New
1114,1742,32,2025-10-08,Google Ads,New
9804,1028,29,2025-10-08,LINE,Lost
11894,568,30,2025-10-08,Google Ads,Qualified
8807,1028,3,2025-10-08,官網,Qualified
5896,568,27,2025-10-08,Google Ads,Converted
11615,1037,15,2025-10-08,Google Ads,New
4205,568,5,2025-10-08,Google Ads,Contacted
8836,1037,39,2025-10-08,官網,New
10601,1742,22,2025-10-08,Google Ads,Contacted
3324,382,36,2025-10-09,電話,Converted
11905,1369,24,2025-10-09,Facebook Ads,Lost
8194,576,22,2025-10-09,Google Ads,Qualified
9902,1536,33,2025-10-09,Google Ads,Contacted
1294,2440,24,2025-10-09,Facebook Ads,New
8566,665,32,2025-10-09,Google Ads,Contacted
6048,576,30,2025-10-09,Google Ads,Contacted
2294,382,30,2025-10-09,Google Ads,Converted
5364,1150,24,2025-10-09,Facebook Ads,New
1255,1578,24,2025-10-09,Facebook Ads,Qualified
10998,3365,24,2025-10-09,Facebook Ads,New
9152,576,30,2025-10-09,Google Ads,Converted
897,382,14,2025-10-09,Google Ads,Lost
10092,665,17,2025-10-09,Facebook Ads,Contacted
6090,382,15,2025-10-09,Google Ads,New
2171,506,24,2025-10-09,Facebook Ads,Contacted
4645,3565,24,2025-10-09,Facebook Ads,Contacted
3156,1208,20,2025-10-10,Facebook Ads,Contacted
8618,1208,38,2025-10-10,Google Ads,Contacted
6783,1290,30,2025-10-10,Google Ads,Lost
7083,3853,21,2025-10-10,官網,Qualified
5667,1,24,2025-10-10,Facebook Ads,Contacted
1591,2340,24,2025-10-10,Facebook Ads,Contacted
2362,3853,3,2025-10-10,官網,Converted
7921,3922,20,2025-10-10,Facebook Ads,Qualified
2179,3812,24,2025-10-10,Facebook Ads,New
10482,221,24,2025-10-10,Facebook Ads,Qualified
9378,1290,3,2025-10-10,官網,Converted
441,1208,38,2025-10-10,Google Ads,Qualified
9199,2273,24,2025-10-10,Facebook Ads,Contacted
992,1374,24,2025-10-10,Facebook Ads,Contacted
8984,1208,32,2025-10-10,Google Ads,Lost
9439,1290,15,2025-10-10,Google Ads,Qualified
3180,1946,24,2025-10-10,Facebook Ads,Converted
1400,563,24,2025-10-10,Facebook Ads,Qualified
10564,899,40,2025-10-11,Facebook Ads,Contacted
11802,2923,37,2025-10-11,Facebook Ads,New
9989,2923,15,2025-10-11,Google Ads,Converted
4695,2113,21,2025-10-11,官網,Contacted
1036,542,24,2025-10-11,Facebook Ads,Converted
4493,2113,25,2025-10-11,LINE,Qualified
4406,477,24,2025-10-11,Facebook Ads,Contacted
3244,1980,24,2025-10-11,Facebook Ads,Qualified
4793,2113,13,2025-10-11,電話,Qualified
4825,2923,32,2025-10-11,Google Ads,Contacted
8018,899,28,2025-10-11,LINE,Lost
10067,3359,24,2025-10-11,Facebook Ads,Lost
1187,657,24,2025-10-11,Facebook Ads,Lost
10352,2253,24,2025-10-11,Facebook Ads,Lost
6116,398,24,2025-10-11,Facebook Ads,Lost
1236,2923,37,2025-10-11,Facebook Ads,Converted
1007,2229,24,2025-10-11,Facebook Ads,Contacted
710,3294,24,2025-10-11,Facebook Ads,Lost
10670,2425,38,2025-10-11,Google Ads,Contacted
5736,1523,24,2025-10-11,Facebook Ads,Contacted
10478,3153,39,2025-10-12,官網,Qualified
11530,2038,24,2025-10-12,Facebook Ads,Qualified
3754,2449,24,2025-10-12,Facebook Ads,Contacted
4626,1440,24,2025-10-12,Facebook Ads,Converted
9363,3153,3,2025-10-12,官網,Contacted
4283,1585,22,2025-10-12,Google Ads,Contacted
7105,3500,27,2025-10-12,Google Ads,Converted
1621,3500,11,2025-10-12,Google Ads,New
1215,2028,24,2025-10-12,Facebook Ads,Contacted
3592,3153,17,2025-10-12,Facebook Ads,Qualified
9744,2458,24,2025-10-12,Facebook Ads,Lost
3363,3323,24,2025-10-12,Facebook Ads,Qualified
4428,1585,38,2025-10-12,Google Ads,Contacted
9052,3500,32,2025-10-12,Google Ads,New
6548,3500,30,2025-10-12,Google Ads,Contacted
6851,1585,40,2025-10-12,Facebook Ads,Contacted
9617,3787,24,2025-10-12,Facebook Ads,Converted
5598,754,24,2025-10-12,Facebook Ads,Lost
10359,3500,38,2025-10-12,Google Ads,Converted
1403,1516,39,2025-10-12,官網,Qualified
11194,3500,28,2025-10-12,LINE,Converted
2966,3806,24,2025-10-12,Facebook Ads,Qualified
6108,2151,38,2025-10-12,Google Ads,New
7349,3664,24,2025-10-12,Facebook Ads,Contacted
1807,728,29,2025-10-13,LINE,Contacted
640,2888,33,2025-10-13,Google Ads,Contacted
11593,409,8,2025-10-13,Referral,Qualified
8473,3556,21,2025-10-13,官網,Qualified
8580,202,13,2025-10-13,電話,New
8685,202,8,2025-10-13,Referral,Converted
7852,3424,24,2025-10-13,Facebook Ads,Contacted
11418,2888,33,2025-10-13,Google Ads,Qualified
10991,409,29,2025-10-13,LINE,New
3071,2232,24,2025-10-13,Facebook Ads,Lost
2640,2404,24,2025-10-13,Facebook Ads,Qualified
7679,409,38,2025-10-13,Google Ads,Qualified
11620,3556,26,2025-10-13,電話,Qualified
10417,2917,24,2025-10-13,Facebook Ads,Converted
10441,837,24,2025-10-13,Facebook Ads,Lost
5949,3719,24,2025-10-13,Facebook Ads,Contacted
11345,202,37,2025-10-13,Facebook Ads,Contacted
5474,827,24,2025-10-13,Facebook Ads,New
8718,323,24,2025-10-13,Facebook Ads,Contacted
5192,527,24,2025-10-14,Facebook Ads,Contacted
9331,1475,24,2025-10-14,Facebook Ads,New
8375,469,36,2025-10-14,電話,Converted
1021,2365,24,2025-10-14,Facebook Ads,Contacted
5139,1743,24,2025-10-14,Facebook Ads,Contacted
904,1629,36,2025-10-14,電話,Converted
11174,1754,24,2025-10-14,Facebook Ads,New
10334,3294,24,2025-10-15,Facebook Ads,New
7119,1983,24,2025-10-15,Facebook Ads,Qualified
3659,1530,28,2025-10-15,LINE,Qualified
4890,2847,24,2025-10-15,Facebook Ads,Contacted
8888,42,24,2025-10-15,Facebook Ads,Contacted
9746,1671,24,2025-10-15,Facebook Ads,Contacted
4001,1530,25,2025-10-15,LINE,Contacted
10494,1530,26,2025-10-15,電話,Qualified
2548,113,3,2025-10-15,官網,Contacted
1664,113,30,2025-10-15,Google Ads,New
4183,2640,24,2025-10-15,Facebook Ads,Lost
5540,1530,11,2025-10-15,Google Ads,Converted
10566,3420,24,2025-10-15,Facebook Ads,Contacted
5350,2898,24,2025-10-16,Facebook Ads,New
5059,644,25,2025-10-16,LINE,Lost
604,3938,38,2025-10-16,Google Ads,Qualified
8142,3628,24,2025-10-16,Facebook Ads,New
2610,3777,13,2025-10-16,電話,Converted
4558,859,24,2025-10-16,Facebook Ads,New
9442,644,5,2025-10-16,Google Ads,New
9926,3777,38,2025-10-16,Google Ads,New
987,2373,24,2025-10-16,Facebook Ads,Converted
11897,644,13,2025-10-16,電話,Qualified
6195,640,24,2025-10-16,Facebook Ads,Contacted
777,1216,40,2025-10-16,Facebook Ads,Contacted
5584,479,24,2025-10-16,Facebook Ads,New
6732,3938,40,2025-10-16,Facebook Ads,Contacted
3310,1487,11,2025-10-17,Google Ads,New
8112,2825,14,2025-10-17,Google Ads,Qualified
5643,2825,10,2025-10-17,官網,New
3534,1487,14,2025-10-17,Google Ads,Lost
6576,2374,24,2025-10-17,Facebook Ads,New
1528,3860,14,2025-10-17,Google Ads,New
4465,553,29,2025-10-17,LINE,Qualified
6312,3860,32,2025-10-17,Google Ads,Qualified
147,2825,28,2025-10-17,LINE,Converted
9243,2556,24,2025-10-17,Facebook Ads,Converted
5552,3440,33,2025-10-17,Google Ads,Converted
2676,3440,14,2025-10-17,Google Ads,Contacted
7389,1328,14,2025-10-17,Google Ads,Lost
11398,1931,24,2025-10-17,Facebook Ads,Converted
4231,2803,24,2025-10-17,Facebook Ads,New
488,511,14,2025-10-17,Google Ads,Contacted
3003,511,27,2025-10-17,Google Ads,New
3106,3860,21,2025-10-17,官網,Qualified
4565,1487,40,2025-10-17,Facebook Ads,Converted
6586,1328,3,2025-10-17,官網,Converted
5855,511,3,2025-10-17,官網,Contacted
6045,908,24,2025-10-17,Facebook Ads,Contacted
8607,2292,24,2025-10-17,Facebook Ads,Contacted
10319,1977,24,2025-10-17,Facebook Ads,New
517,1487,33,2025-10-17,Google Ads,Contacted
2515,1328,28,2025-10-17,LINE,New
10797,1873,3,2025-10-18,官網,Contacted
10181,687,24,2025-10-18,Facebook Ads,Lost
9377,3559,24,2025-10-18,Facebook Ads,Converted
7402,2375,24,2025-10-18,Facebook Ads,Lost
11868,1873,15,2025-10-18,Google Ads,Lost
452,3006,25,2025-10-18,LINE,Contacted
11097,3331,24,2025-10-18,Facebook Ads,Qualified
9934,3006,15,2025-10-18,Google Ads,Lost
11132,2875,14,2025-10-18,Google Ads,Contacted
8886,864,24,2025-10-18,Facebook Ads,Lost
9514,1591,24,2025-10-18,Facebook Ads,Qualified
10226,3059,32,2025-10-18,Google Ads,New
1539,2875,22,2025-10-18,Google Ads,Converted
5456,1303,40,2025-10-18,Facebook Ads,Contacted
3992,2875,22,2025-10-18,Google Ads,Qualified
4075,3096,24,2025-10-18,Facebook Ads,Contacted
3458,1898,24,2025-10-19,Facebook Ads,Contacted
7620,2655,21,2025-10-19,官網,Converted
1994,1055,5,2025-10-19,Google Ads,Lost
7437,1055,22,2025-10-19,Google Ads,Qualified
1447,3928,24,2025-10-19,Facebook Ads,New
1587,977,24,2025-10-19,Facebook Ads,Converted
4006,254,27,2025-10-19,Google Ads,Contacted
1375,254,27,2025-10-19,Google Ads,Contacted
18,2655,32,2025-10-19,Google Ads,New
9798,254,20,2025-10-19,Facebook Ads,Lost
5012,2270,24,2025-10-19,Facebook Ads,Contacted
8135,2616,24,2025-10-19,Facebook Ads,Contacted
6191,2372,24,2025-10-19,Facebook Ads,Lost
6628,202,24,2025-10-19,Facebook Ads,Contacted
1309,1055,8,2025-10-19,Referral,New
11146,1055,29,2025-10-19,LINE,Contacted
648,640,24,2025-10-19,Facebook Ads,Lost
1417,1055,39,2025-10-19,官網,New
10104,2058,8,2025-10-19,Referral,Converted
6510,841,24,2025-10-19,Facebook Ads,Contacted
6325,2117,38,2025-10-19,Google Ads,New
3916,2058,33,2025-10-19,Google Ads,Converted
4888,2232,24,2025-10-20,Facebook Ads,Qualified
6394,3961,24,2025-10-20,Facebook Ads,Contacted
2314,2565,24,2025-10-20,Facebook Ads,Converted
10522,276,24,2025-10-20,Facebook Ads,Contacted
781,1896,24,2025-10-20,Facebook Ads,Contacted
5533,3044,24,2025-10-20,Facebook Ads,New
2389,754,24,2025-10-21,Facebook Ads,Qualified
10725,2868,24,2025-10-21,Facebook Ads,Converted
501,3742,24,2025-10-21,Facebook Ads,Lost
4127,3731,24,2025-10-21,Facebook Ads,Contacted
4878,3033,24,2025-10-21,Facebook Ads,Lost
1218,265,24,2025-10-21,Facebook Ads,Contacted
1438,1907,24,2025-10-21,Facebook Ads,New
5114,1352,24,2025-10-21,Facebook Ads,Qualified
6167,3125,3,2025-10-21,官網,Converted
1153,1293,24,2025-10-21,Facebook Ads,Qualified
11196,3125,27,2025-10-21,Google Ads,Converted
6311,3125,37,2025-10-21,Facebook Ads,New
8199,3342,25,2025-10-22,LINE,Qualified
6752,786,25,2025-10-22,LINE,Converted
929,786,20,2025-10-22,Facebook Ads,Lost
11075,985,14,2025-10-22,Google Ads,Qualified
5750,2430,24,2025-10-22,Facebook Ads,Qualified
9662,985,27,2025-10-22,Google Ads,Contacted
8514,1688,24,2025-10-22,Facebook Ads,Lost
9360,3721,24,2025-10-22,Facebook Ads,Contacted
9737,3618,24,2025-10-22,Facebook Ads,Contacted
9876,985,38,2025-10-22,Google Ads,Converted
11521,2351,24,2025-10-22,Facebook Ads,Converted
7580,1460,24,2025-10-22,Facebook Ads,Lost
8798,786,30,2025-10-22,Google Ads,New
9583,786,26,2025-10-22,電話,Converted
1881,404,24,2025-10-22,Facebook Ads,Converted
588,786,5,2025-10-22,Google Ads,Contacted
1457,1374,24,2025-10-23,Facebook Ads,Contacted
1718,1352,24,2025-10-23,Facebook Ads,Qualified
9240,3238,24,2025-10-23,Facebook Ads,New
8044,1316,24,2025-10-23,Facebook Ads,Qualified
11139,1210,24,2025-10-23,Facebook Ads,Lost
138,3041,24,2025-10-23,Facebook Ads,Converted
719,3836,5,2025-10-23,Google Ads,Converted
11581,650,5,2025-10-24,Google Ads,Contacted
7550,3370,24,2025-10-24,Facebook Ads,Contacted
11180,650,15,2025-10-24,Google Ads,Lost
2194,3401,25,2025-10-24,LINE,Contacted
3086,635,24,2025-10-24,Facebook Ads,Qualified
6369,2004,30,2025-10-24,Google Ads,Lost
4674,2004,5,2025-10-24,Google Ads,Qualified
1078,1864,24,2025-10-24,Facebook Ads,New
9352,1178,37,2025-10-24,Facebook Ads,Lost
4688,52,15,2025-10-24,Google Ads,Contacted
8247,52,40,2025-10-24,Facebook Ads,Contacted
10000,1178,40,2025-10-24,Facebook Ads,Qualified
7838,1814,24,2025-10-24,Facebook Ads,Qualified
8579,3401,37,2025-10-24,Facebook Ads,Converted
8002,1071,24,2025-10-24,Facebook Ads,New
6822,52,30,2025-10-24,Google Ads,Contacted
9672,2645,24,2025-10-24,Facebook Ads,Qualified
4388,3401,39,2025-10-24,官網,Contacted
11128,1178,33,2025-10-24,Google Ads,Contacted
1794,1245,24,2025-10-25,Facebook Ads,New
6709,2325,29,2025-10-25,LINE,Converted
10883,1304,33,2025-10-25,Google Ads,Qualified
2022,2403,25,2025-10-25,LINE,Contacted
8158,2325,33,2025-10-25,Google Ads,Converted
10173,2325,30,2025-10-25,Google Ads,Contacted
2956,2604,24,2025-10-25,Facebook Ads,Lost
11713,3183,24,2025-10-25,Facebook Ads,Qualified
4827,3094,24,2025-10-25,Facebook Ads,Converted
7231,2325,15,2025-10-25,Google Ads,New
3148,2325,29,2025-10-25,LINE,New
1001,1304,22,2025-10-25,Google Ads,New
3245,2717,24,2025-10-25,Facebook Ads,Contacted
11954,3858,24,2025-10-26,Facebook Ads,New
10637,1016,21,2025-10-26,官網,Contacted
2588,2778,24,2025-10-26,Facebook Ads,Contacted
3214,2118,24,2025-10-26,Facebook Ads,Qualified
9816,1094,24,2025-10-26,Facebook Ads,New
5429,77,24,2025-10-26,Facebook Ads,Contacted
7361,3591,24,2025-10-26,Facebook Ads,Lost
10520,1489,24,2025-10-26,Facebook Ads,Converted
3023,257,24,2025-10-26,Facebook Ads,Contacted
4372,938,33,2025-10-26,Google Ads,New
3853,1732,28,2025-10-26,LINE,Lost
9307,1952,27,2025-10-26,Google Ads,Qualified
8270,2051,24,2025-10-26,Facebook Ads,Contacted
7403,1016,25,2025-10-26,LINE,New
9783,2997,24,2025-10-26,Facebook Ads,Converted
9125,1418,33,2025-10-26,Google Ads,New
2521,982,24,2025-10-26,Facebook Ads,Contacted
10535,1732,12,2025-10-26,合作通路,Qualified
324,2862,14,2025-10-27,Google Ads,New
5693,309,24,2025-10-27,Facebook Ads,Contacted
2093,856,22,2025-10-27,Google Ads,Contacted
983,3051,5,2025-10-27,Google Ads,Contacted
110,2862,38,2025-10-27,Google Ads,Qualified
9433,2028,24,2025-10-27,Facebook Ads,Contacted
5981,856,20,2025-10-27,Facebook Ads,Qualified
3964,3827,36,2025-10-27,電話,Converted
178,2862,33,2025-10-27,Google Ads,Lost
247,856,21,2025-10-27,官網,Qualified
3380,2862,24,2025-10-27,Facebook Ads,Lost
4624,505,24,2025-10-27,Facebook Ads,Converted
1176,627,32,2025-10-27,Google Ads,Qualified
144,627,14,2025-10-27,Google Ads,Contacted
10093,856,33,2025-10-27,Google Ads,New
1725,3458,24,2025-10-27,Facebook Ads,Qualified
7917,523,24,2025-10-27,Facebook Ads,New
8826,1251,14,2025-10-27,Google Ads,Converted
6252,3051,17,2025-10-27,Facebook Ads,Qualified
5237,2817,24,2025-10-27,Facebook Ads,Lost
3581,1251,11,2025-10-27,Google Ads,New
8926,856,36,2025-10-27,電話,Qualified
6119,3827,27,2025-10-27,Google Ads,Converted
5323,2862,33,2025-10-27,Google Ads,Qualified
4173,2254,21,2025-10-27,官網,New
148,1251,30,2025-10-27,Google Ads,Contacted
177,2613,24,2025-10-27,Facebook Ads,Contacted
7668,557,24,2025-10-28,Facebook Ads,New
7536,3908,24,2025-10-28,Facebook Ads,Qualified
5996,1760,24,2025-10-28,Facebook Ads,Lost
11134,3765,24,2025-10-28,Facebook Ads,Contacted
799,2803,24,2025-10-28,Facebook Ads,Qualified
1271,3392,24,2025-10-28,Facebook Ads,Qualified
4052,1856,24,2025-10-28,Facebook Ads,Converted
8182,70,17,2025-10-28,Facebook Ads,New
6630,1199,24,2025-10-29,Facebook Ads,Qualified
373,1961,38,2025-10-29,Google Ads,New
1282,1699,24,2025-10-29,Facebook Ads,Qualified
2411,3035,24,2025-10-29,Facebook Ads,Qualified
6685,2545,24,2025-10-29,Facebook Ads,Contacted
216,2858,40,2025-10-29,Facebook Ads,Lost
39,2446,24,2025-10-29,Facebook Ads,Contacted
3357,2569,24,2025-10-29,Facebook Ads,New
7422,1538,24,2025-10-29,Facebook Ads,Contacted
2067,1961,22,2025-10-29,Google Ads,Lost
10349,2858,30,2025-10-29,Google Ads,New
7324,2057,24,2025-10-29,Facebook Ads,Converted
268,1062,24,2025-10-29,Facebook Ads,Lost
4123,2802,24,2025-10-29,Facebook Ads,Lost
338,3640,24,2025-10-30,Facebook Ads,Qualified
4416,2954,30,2025-10-30,Google Ads,Lost
2740,2954,38,2025-10-30,Google Ads,Qualified
234,2954,30,2025-10-30,Google Ads,Contacted
2011,586,15,2025-10-30,Google Ads,Qualified
5713,606,34,2025-10-30,合作通路,Converted
2216,1951,14,2025-10-30,Google Ads,Converted
1538,3342,24,2025-10-30,Facebook Ads,Qualified
5478,984,24,2025-10-30,Facebook Ads,Converted
4182,606,29,2025-10-30,LINE,Contacted
7093,3012,24,2025-10-30,Facebook Ads,Lost
8293,586,38,2025-10-30,Google Ads,Contacted
9263,3471,24,2025-10-31,Facebook Ads,Lost
3072,660,28,2025-10-31,LINE,Lost
2224,3456,27,2025-10-31,Google Ads,Contacted
3085,2748,24,2025-10-31,Facebook Ads,New
4239,1337,24,2025-10-31,Facebook Ads,Lost
5233,3034,24,2025-10-31,Facebook Ads,Converted
10556,2464,30,2025-10-31,Google Ads,Contacted
7752,3325,24,2025-10-31,Facebook Ads,Qualified
10227,784,24,2025-10-31,Facebook Ads,New
1136,1957,38,2025-10-31,Google Ads,Lost
1090,1957,40,2025-10-31,Facebook Ads,Contacted
4585,88,24,2025-10-31,Facebook Ads,Contacted
3293,3456,33,2025-10-31,Google Ads,New
4166,1957,33,2025-10-31,Google Ads,Qualified
382,3313,24,2025-10-31,Facebook Ads,Qualified
354,904,17,2025-11-01,Facebook Ads,Converted
10621,904,37,2025-11-01,Facebook Ads,Contacted
7624,1280,24,2025-11-01,Facebook Ads,Contacted
4190,708,24,2025-11-01,Facebook Ads,Converted
1450,2542,24,2025-11-01,Facebook Ads,Contacted
8009,2780,24,2025-11-01,Facebook Ads,Lost
2859,904,39,2025-11-01,官網,Contacted
10784,3342,24,2025-11-01,Facebook Ads,Converted
3270,3125,24,2025-11-01,Facebook Ads,Converted
1154,1195,24,2025-11-01,Facebook Ads,Qualified
3713,417,24,2025-11-01,Facebook Ads,Qualified
10344,965,24,2025-11-01,Facebook Ads,Lost
7365,1646,11,2025-11-01,Google Ads,Qualified
8453,2148,24,2025-11-01,Facebook Ads,Lost
10763,2857,24,2025-11-01,Facebook Ads,Lost
2390,2954,24,2025-11-01,Facebook Ads,New
10882,2643,38,2025-11-02,Google Ads,Converted
1724,2761,38,2025-11-02,Google Ads,Contacted
5866,2976,21,2025-11-02,官網,Converted
7940,396,11,2025-11-02,Google Ads,Converted
279,2693,24,2025-11-02,Facebook Ads,Contacted
4615,2761,27,2025-11-02,Google Ads,Converted
6201,315,24,2025-11-02,Facebook Ads,New
2400,396,20,2025-11-02,Facebook Ads,New
11709,3353,33,2025-11-02,Google Ads,Lost
10467,2976,3,2025-11-02,官網,Converted
6290,2761,34,2025-11-02,合作通路,Converted
9669,1870,24,2025-11-02,Facebook Ads,Contacted
11323,1347,40,2025-11-02,Facebook Ads,Contacted
1626,1631,24,2025-11-02,Facebook Ads,Contacted
4829,2643,10,2025-11-02,官網,Contacted
6462,3458,24,2025-11-02,Facebook Ads,Lost
11049,3353,3,2025-11-02,官網,Converted
6401,2276,24,2025-11-03,Facebook Ads,Qualified
2268,1136,24,2025-11-03,Facebook Ads,Qualified
10840,2657,11,2025-11-03,Google Ads,Converted
3046,2331,24,2025-11-03,Facebook Ads,Qualified
7983,1420,24,2025-11-03,Facebook Ads,Contacted
2334,1089,24,2025-11-03,Facebook Ads,Lost
5841,2657,3,2025-11-03,官網,New
8051,2366,5,2025-11-03,Google Ads,Contacted
2560,2366,30,2025-11-03,Google Ads,New
11647,2052,37,2025-11-03,Facebook Ads,Converted
4670,2051,24,2025-11-03,Facebook Ads,Lost
11476,2366,22,2025-11-03,Google Ads,Converted
11554,3081,24,2025-11-03,Facebook Ads,Lost
9898,1516,24,2025-11-03,Facebook Ads,Qualified
10721,3337,24,2025-11-04,Facebook Ads,Contacted
8322,2294,24,2025-11-04,Facebook Ads,Contacted
8747,1722,26,2025-11-04,電話,New
10917,411,5,2025-11-04,Google Ads,New
11899,2761,24,2025-11-04,Facebook Ads,Contacted
5249,411,11,2025-11-04,Google Ads,Converted
374,3735,24,2025-11-04,Facebook Ads,Converted
8630,2657,24,2025-11-04,Facebook Ads,Converted
10056,411,11,2025-11-04,Google Ads,Qualified
6070,3974,40,2025-11-04,Facebook Ads,Contacted
10251,3621,24,2025-11-04,Facebook Ads,Qualified
139,3974,37,2025-11-04,Facebook Ads,Lost
1698,411,5,2025-11-04,Google Ads,New
7698,1641,24,2025-11-04,Facebook Ads,New
8601,1722,3,2025-11-04,官網,Converted
8529,1054,24,2025-11-04,Facebook Ads,Converted
2104,606,24,2025-11-04,Facebook Ads,Converted
4009,2797,24,2025-11-04,Facebook Ads,Contacted
610,1860,24,2025-11-04,Facebook Ads,New
7846,1722,28,2025-11-04,LINE,Converted
8655,3803,33,2025-11-05,Google Ads,Converted
4599,1878,33,2025-11-05,Google Ads,Lost
9242,2073,24,2025-11-05,Facebook Ads,Qualified
11669,3312,24,2025-11-05,Facebook Ads,Contacted
7343,2009,24,2025-11-05,Facebook Ads,Contacted
7247,1878,29,2025-11-05,LINE,Lost
143,1878,30,2025-11-05,Google Ads,Converted
3849,1548,31,2025-11-05,官網,Qualified
1126,2089,32,2025-11-05,Google Ads,Lost
2368,2089,25,2025-11-05,LINE,Contacted
2983,2224,24,2025-11-05,Facebook Ads,New
9632,1496,24,2025-11-05,Facebook Ads,Lost
11718,1557,24,2025-11-05,Facebook Ads,Lost
11903,357,24,2025-11-05,Facebook Ads,Contacted
9094,1871,24,2025-11-05,Facebook Ads,New
5823,3012,31,2025-11-06,官網,Qualified
7593,635,31,2025-11-06,官網,Lost
891,1213,31,2025-11-06,官網,Converted
6556,2679,31,2025-11-06,官網,Contacted
6810,1161,10,2025-11-06,官網,Lost
2576,1161,20,2025-11-06,Facebook Ads,Contacted
11267,2974,29,2025-11-06,LINE,New
11385,3362,14,2025-11-07,Google Ads,Lost
10509,924,31,2025-11-07,官網,Contacted
10382,1086,31,2025-11-07,官網,Qualified
9942,2533,39,2025-11-07,官網,Contacted
2355,3347,31,2025-11-07,官網,Contacted
11798,2021,11,2025-11-08,Google Ads,New
7073,3676,28,2025-11-08,LINE,Converted
9075,3676,37,2025-11-08,Facebook Ads,Converted
5979,3676,32,2025-11-08,Google Ads,Contacted
8200,2021,13,2025-11-08,電話,Converted
733,2500,29,2025-11-08,LINE,Contacted
5026,2500,32,2025-11-08,Google Ads,Converted
10857,3266,31,2025-11-08,官網,Converted
10306,3374,31,2025-11-08,官網,Contacted
11088,3676,25,2025-11-08,LINE,Lost
8272,3676,5,2025-11-08,Google Ads,Converted
2663,987,40,2025-11-08,Facebook Ads,New
10936,2021,22,2025-11-08,Google Ads,New
3239,3657,28,2025-11-09,LINE,Qualified
739,3546,21,2025-11-09,官網,Converted
6061,3546,33,2025-11-09,Google Ads,New
8626,3546,12,2025-11-09,合作通路,Lost
4660,2031,31,2025-11-09,官網,Converted
4968,2702,31,2025-11-09,官網,New
6089,265,31,2025-11-09,官網,Contacted
8350,3546,20,2025-11-09,Facebook Ads,New
7625,3657,30,2025-11-09,Google Ads,Qualified
5807,3546,8,2025-11-09,Referral,New
126,3657,21,2025-11-09,官網,Contacted
5107,3380,37,2025-11-10,Facebook Ads,Lost
3436,43,33,2025-11-10,Google Ads,Lost
8785,1049,25,2025-11-10,LINE,Converted
1289,3380,15,2025-11-10,Google Ads,Converted
2199,3380,32,2025-11-10,Google Ads,Lost
10343,3380,26,2025-11-10,電話,Lost
5514,1188,31,2025-11-10,官網,Lost
5926,1126,31,2025-11-10,官網,Contacted
945,534,22,2025-11-11,Google Ads,Lost
6247,2376,17,2025-11-11,Facebook Ads,Contacted
8219,2376,14,2025-11-11,Google Ads,Qualified
5321,797,14,2025-11-11,Google Ads,Qualified
1485,797,10,2025-11-11,官網,Qualified
2308,534,28,2025-11-11,LINE,Qualified
9897,2271,31,2025-11-11,官網,Converted
2445,2376,21,2025-11-11,官網,New
4733,3566,31,2025-11-11,官網,Qualified
1332,2608,31,2025-11-12,官網,Converted
8001,3626,31,2025-11-12,官網,New
2922,2994,31,2025-11-12,官網,Lost
8394,111,31,2025-11-12,官網,New
6405,1082,13,2025-11-13,電話,Converted
940,3528,25,2025-11-13,LINE,Converted
4512,3528,11,2025-11-13,Google Ads,Lost
6570,3528,3,2025-11-13,官網,Contacted
8726,3838,31,2025-11-13,官網,Lost
5772,1022,31,2025-11-13,官網,Converted
4404,1082,37,2025-11-13,Facebook Ads,Converted
4211,1082,5,2025-11-13,Google Ads,Converted
7578,2378,31,2025-11-13,官網,Lost
7159,3481,10,2025-11-14,官網,Converted
3062,117,38,2025-11-14,Google Ads,New
11764,423,27,2025-11-14,Google Ads,Converted
1922,3481,15,2025-11-14,Google Ads,Qualified
9260,3837,5,2025-11-14,Google Ads,Lost
10853,117,28,2025-11-14,LINE,Converted
3890,3927,33,2025-11-14,Google Ads,Lost
7291,2330,31,2025-11-14,官網,Contacted
9324,117,21,2025-11-14,官網,Converted
2987,423,39,2025-11-14,官網,Qualified
10475,222,31,2025-11-14,官網,Converted
2756,1063,14,2025-11-14,Google Ads,Contacted
11309,1953,31,2025-11-14,官網,Lost
748,1063,32,2025-11-14,Google Ads,Contacted
6589,117,22,2025-11-14,Google Ads,New
4754,423,30,2025-11-14,Google Ads,Qualified
9974,423,13,2025-11-14,電話,Contacted
974,3481,40,2025-11-14,Facebook Ads,New
4353,1063,3,2025-11-14,官網,Qualified
8887,3453,31,2025-11-15,官網,Qualified
5735,2564,29,2025-11-15,LINE,Lost
482,2564,24,2025-11-15,Facebook Ads,New
902,2286,15,2025-11-15,Google Ads,Qualified
11486,2286,33,2025-11-15,Google Ads,Qualified
4267,2564,20,2025-11-15,Facebook Ads,Contacted
10042,1045,26,2025-11-15,電話,Qualified
3317,2286,11,2025-11-15,Google Ads,Converted
11085,1460,31,2025-11-15,官網,Qualified
10504,3536,10,2025-11-15,官網,Contacted
6002,3854,17,2025-11-15,Facebook Ads,Lost
7922,910,31,2025-11-15,官網,Qualified
967,802,31,2025-11-15,官網,Qualified
4839,2349,39,2025-11-16,官網,Converted
2474,99,31,2025-11-16,官網,Contacted
4724,2349,3,2025-11-16,官網,Contacted
7451,2349,32,2025-11-16,Google Ads,Contacted
5286,3787,31,2025-11-16,官網,Converted
8485,3576,31,2025-11-16,官網,Qualified
5294,2349,15,2025-11-16,Google Ads,Qualified
3400,2349,25,2025-11-16,LINE,Contacted
9588,2349,3,2025-11-16,官網,New
9435,2352,14,2025-11-17,Google Ads,Converted
1415,361,32,2025-11-17,Google Ads,Lost
11044,1042,31,2025-11-17,官網,Converted
5758,1273,21,2025-11-17,官網,Contacted
5010,361,21,2025-11-17,官網,Contacted
6422,1273,11,2025-11-17,Google Ads,Converted
7817,1273,27,2025-11-17,Google Ads,Qualified
6713,3856,31,2025-11-17,官網,Qualified
9933,2352,40,2025-11-17,Facebook Ads,Contacted
6258,361,29,2025-11-17,LINE,Converted
6202,2352,33,2025-11-17,Google Ads,New
11673,1273,40,2025-11-17,Facebook Ads,Converted
10316,361,32,2025-11-17,Google Ads,Lost
7891,2352,26,2025-11-17,電話,Converted
2688,361,3,2025-11-17,官網,Converted
11487,1144,37,2025-11-18,Facebook Ads,Converted
8833,982,31,2025-11-18,官網,Lost
1904,1414,39,2025-11-18,官網,Converted
10462,1414,32,2025-11-18,Google Ads,Lost
3652,1144,33,2025-11-18,Google Ads,Qualified
6812,1144,39,2025-11-18,官網,Lost
543,1414,40,2025-11-18,Facebook Ads,Contacted
1305,29,31,2025-11-19,官網,Converted
4784,1498,14,2025-11-19,Google Ads,Qualified
5181,3063,33,2025-11-19,Google Ads,Contacted
8565,1498,11,2025-11-19,Google Ads,Lost
4255,1498,17,2025-11-19,Facebook Ads,Converted
10124,582,31,2025-11-19,官網,Contacted
2590,3002,31,2025-11-19,官網,New
8140,3063,14,2025-11-19,Google Ads,Converted
6784,3450,10,2025-11-19,官網,Converted
10272,1498,21,2025-11-19,官網,Contacted
10491,1498,27,2025-11-19,Google Ads,Lost
4317,1531,31,2025-11-19,官網,Qualified
9395,3465,33,2025-11-19,Google Ads,Converted
962,642,12,2025-11-19,合作通路,Converted
11390,3063,3,2025-11-19,官網,Qualified
9247,3465,11,2025-11-19,Google Ads,Lost
613,3450,20,2025-11-19,Facebook Ads,Lost
4741,2109,31,2025-11-19,官網,Contacted
4227,2420,37,2025-11-21,Facebook Ads,Contacted
8084,1693,5,2025-11-21,Google Ads,Qualified
4544,1693,14,2025-11-21,Google Ads,Lost
5677,1182,25,2025-11-21,LINE,New
7439,2935,14,2025-11-21,Google Ads,Qualified
699,2914,17,2025-11-21,Facebook Ads,Qualified
7353,2494,30,2025-11-21,Google Ads,Contacted
635,776,5,2025-11-21,Google Ads,New
5373,1182,21,2025-11-21,官網,New
4015,2494,20,2025-11-21,Facebook Ads,New
5077,1182,28,2025-11-21,LINE,New
1962,2494,3,2025-11-21,官網,Converted
2620,518,10,2025-11-22,官網,Converted
7280,1471,28,2025-11-22,LINE,Qualified
2379,518,34,2025-11-22,合作通路,Qualified
11286,518,22,2025-11-22,Google Ads,Lost
5720,142,26,2025-11-22,電話,Qualified
1887,3263,15,2025-11-22,Google Ads,Converted
2520,705,31,2025-11-22,官網,Converted
5913,2795,31,2025-11-22,官網,New
42,1471,30,2025-11-22,Google Ads,Contacted
3866,1471,37,2025-11-22,Facebook Ads,Contacted
3459,518,24,2025-11-22,Facebook Ads,Contacted
5311,3263,8,2025-11-22,Referral,Converted
7459,1471,40,2025-11-22,Facebook Ads,Lost
2046,1194,31,2025-11-23,官網,New
7420,904,31,2025-11-23,官網,Qualified
6029,1391,31,2025-11-23,官網,New
9577,1949,31,2025-11-23,官網,Converted
3273,391,31,2025-11-23,官網,Contacted
5865,1102,31,2025-11-23,官網,New
8241,1516,31,2025-11-24,官網,Lost
11408,3148,36,2025-11-24,電話,Qualified
968,738,14,2025-11-24,Google Ads,Converted
9086,3148,26,2025-11-24,電話,Contacted
7244,1409,32,2025-11-24,Google Ads,New
5208,848,21,2025-11-24,官網,Qualified
6906,2006,39,2025-11-24,官網,Converted
7216,3148,28,2025-11-24,LINE,Qualified
6924,1409,25,2025-11-24,LINE,Contacted
11195,1409,5,2025-11-24,Google Ads,New
4783,848,32,2025-11-24,Google Ads,Qualified
10262,2240,24,2025-11-24,Facebook Ads,Converted
6569,1409,33,2025-11-24,Google Ads,Qualified
4974,720,31,2025-11-24,官網,Converted
2916,2240,29,2025-11-24,LINE,Contacted
7181,613,40,2025-11-24,Facebook Ads,New
6750,3495,3,2025-11-24,官網,Qualified
7980,2858,31,2025-11-24,官網,Qualified
6443,687,31,2025-11-24,官網,Contacted
1711,3148,17,2025-11-24,Facebook Ads,Qualified
11795,3148,11,2025-11-24,Google Ads,Qualified
11767,2006,27,2025-11-24,Google Ads,Lost
5024,700,31,2025-11-24,官網,Contacted
9011,3495,14,2025-11-24,Google Ads,Converted
2852,3703,40,2025-11-25,Facebook Ads,Contacted
9448,2559,31,2025-11-25,官網,Converted
4296,1313,14,2025-11-25,Google Ads,New
5747,1313,29,2025-11-25,LINE,New
7645,1313,17,2025-11-25,Facebook Ads,Lost
8589,1313,30,2025-11-25,Google Ads,Qualified
6804,3703,11,2025-11-25,Google Ads,Contacted
6284,2314,31,2025-11-25,官網,Qualified
7146,1540,31,2025-11-25,官網,Contacted
881,3703,40,2025-11-25,Facebook Ads,Lost
9620,3703,22,2025-11-25,Google Ads,Lost
11930,1855,40,2025-11-26,Facebook Ads,New
7829,3173,25,2025-11-26,LINE,Qualified
11827,3485,8,2025-11-26,Referral,Qualified
9949,92,30,2025-11-26,Google Ads,Converted
4809,1855,27,2025-11-26,Google Ads,Converted
100,1855,5,2025-11-26,Google Ads,Converted
9179,1430,25,2025-11-26,LINE,New
7259,1156,31,2025-11-26,官網,Qualified
6475,1860,31,2025-11-26,官網,Qualified
11369,1193,37,2025-11-26,Facebook Ads,Qualified
9104,2948,31,2025-11-26,官網,Qualified
9079,3993,31,2025-11-26,官網,Contacted
8243,1855,15,2025-11-26,Google Ads,Contacted
7843,3667,13,2025-11-26,電話,New
4200,3667,28,2025-11-26,LINE,Lost
11950,438,31,2025-11-26,官網,Contacted
5629,2441,32,2025-11-26,Google Ads,Converted
11187,92,38,2025-11-26,Google Ads,Converted
2418,3485,39,2025-11-26,官網,Contacted
9970,92,5,2025-11-26,Google Ads,Converted
9785,1193,32,2025-11-26,Google Ads,Converted
9587,1430,22,2025-11-26,Google Ads,Qualified
1252,1193,11,2025-11-26,Google Ads,Lost
10623,3987,28,2025-11-27,LINE,Contacted
4384,1740,25,2025-11-27,LINE,Qualified
7959,1740,26,2025-11-27,電話,Lost
190,3987,27,2025-11-27,Google Ads,Converted
5257,1740,38,2025-11-27,Google Ads,Converted
7965,1740,12,2025-11-27,合作通路,Contacted
2223,3987,38,2025-11-27,Google Ads,New
3936,1740,32,2025-11-27,Google Ads,Contacted
11519,42,31,2025-11-27,官網,Converted
2465,3987,28,2025-11-27,LINE,New
8180,1740,38,2025-11-27,Google Ads,New
11060,2408,31,2025-11-27,官網,New
10674,3504,22,2025-11-28,Google Ads,Qualified
156,1353,27,2025-11-28,Google Ads,Converted
11893,3504,5,2025-11-28,Google Ads,Contacted
6950,3255,15,2025-11-28,Google Ads,Qualified
9334,1308,31,2025-11-28,官網,Contacted
1654,2869,37,2025-11-28,Facebook Ads,Contacted
10242,1006,40,2025-11-28,Facebook Ads,Qualified
1059,3255,11,2025-11-28,Google Ads,Qualified
6522,3255,22,2025-11-28,Google Ads,Converted
11510,3431,8,2025-11-29,Referral,Contacted
8508,790,12,2025-11-29,合作通路,Qualified
254,3155,10,2025-11-29,官網,Converted
1192,790,36,2025-11-29,電話,Converted
8929,790,5,2025-11-29,Google Ads,Converted
4781,869,13,2025-11-29,電話,Lost
5299,2722,21,2025-11-30,官網,Converted
5058,1465,14,2025-11-30,Google Ads,New
10241,1465,32,2025-11-30,Google Ads,Contacted
11572,1823,21,2025-11-30,官網,Converted
2240,512,40,2025-11-30,Facebook Ads,New
7952,1465,13,2025-11-30,電話,Qualified
1928,1465,11,2025-11-30,Google Ads,Contacted
4892,3203,13,2025-11-30,電話,Converted
682,2552,27,2025-11-30,Google Ads,New
4373,512,39,2025-11-30,官網,Qualified
2877,2722,30,2025-11-30,Google Ads,New
9633,3203,5,2025-11-30,Google Ads,Converted
10204,2590,10,2025-11-30,官網,New
6817,3203,40,2025-11-30,Facebook Ads,Qualified
4717,1565,12,2025-11-30,合作通路,Contacted
10423,2590,12,2025-11-30,合作通路,Converted
7390,1565,3,2025-11-30,官網,Contacted
3973,2590,27,2025-11-30,Google Ads,Qualified
10243,2590,11,2025-11-30,Google Ads,Contacted
9505,2722,33,2025-11-30,Google Ads,New
9879,2785,31,2025-11-30,官網,Qualified
10768,1565,37,2025-11-30,Facebook Ads,Lost
1175,2552,20,2025-11-30,Facebook Ads,Qualified
2135,355,31,2025-12-01,官網,Lost
6317,1658,31,2025-12-01,官網,Contacted
3919,2880,29,2025-12-02,LINE,Qualified
11208,376,40,2025-12-02,Facebook Ads,Converted
1870,3380,31,2025-12-02,官網,Contacted
1523,376,37,2025-12-02,Facebook Ads,Converted
1512,1334,31,2025-12-02,官網,Qualified
4652,2249,31,2025-12-02,官網,Converted
6277,2880,27,2025-12-02,Google Ads,New
3448,3855,31,2025-12-02,官網,Qualified
11885,3003,31,2025-12-02,官網,Contacted
11313,1614,11,2025-12-02,Google Ads,New
7975,376,30,2025-12-02,Google Ads,Lost
4577,1614,3,2025-12-02,官網,Contacted
5568,1523,31,2025-12-02,官網,Lost
1579,1638,28,2025-12-03,LINE,Contacted
1190,1812,31,2025-12-03,官網,Lost
3918,3340,37,2025-12-03,Facebook Ads,Lost
3959,1638,39,2025-12-03,官網,Contacted
7264,2621,15,2025-12-03,Google Ads,Contacted
4103,3340,32,2025-12-03,Google Ads,Qualified
10087,650,31,2025-12-03,官網,Converted
3968,2621,39,2025-12-03,官網,Converted
10679,2379,22,2025-12-03,Google Ads,Lost
3161,3340,21,2025-12-03,官網,Lost
3535,3340,40,2025-12-03,Facebook Ads,Qualified
2935,2959,31,2025-12-03,官網,Converted
8210,2379,17,2025-12-03,Facebook Ads,Converted
9886,2621,29,2025-12-03,LINE,Contacted
4357,546,40,2025-12-03,Facebook Ads,Qualified
1899,1520,37,2025-12-03,Facebook Ads,Converted
5290,454,31,2025-12-03,官網,Converted
2051,2621,11,2025-12-03,Google Ads,Qualified
3673,1387,31,2025-12-04,官網,Converted
5665,3798,28,2025-12-04,LINE,New
548,664,29,2025-12-04,LINE,Lost
2077,2522,40,2025-12-05,Facebook Ads,Lost
7380,1495,38,2025-12-05,Google Ads,Contacted
10597,225,32,2025-12-05,Google Ads,Lost
1533,257,31,2025-12-05,官網,Converted
5834,225,21,2025-12-05,官網,Qualified
11172,3551,31,2025-12-05,官網,Contacted
7441,2060,20,2025-12-05,Facebook Ads,Contacted
10787,2522,40,2025-12-05,Facebook Ads,New
5385,2522,20,2025-12-05,Facebook Ads,Qualified
11622,225,27,2025-12-05,Google Ads,Contacted
10549,1996,14,2025-12-05,Google Ads,Contacted
3466,1996,24,2025-12-05,Facebook Ads,Lost
4116,1996,8,2025-12-05,Referral,Qualified
7809,1502,27,2025-12-06,Google Ads,Contacted
8046,312,38,2025-12-06,Google Ads,Converted
10005,312,11,2025-12-06,Google Ads,Lost
7310,3423,15,2025-12-06,Google Ads,Converted
4260,1502,33,2025-12-06,Google Ads,Converted
8978,155,31,2025-12-06,官網,Contacted
7868,312,37,2025-12-06,Facebook Ads,Lost
10002,3423,8,2025-12-06,Referral,Qualified
8354,312,32,2025-12-06,Google Ads,Contacted
7923,442,17,2025-12-06,Facebook Ads,Lost
6829,3423,29,2025-12-06,LINE,Qualified
5972,442,22,2025-12-06,Google Ads,Qualified
5600,583,31,2025-12-07,官網,Qualified
2586,971,28,2025-12-07,LINE,Converted
2823,3717,20,2025-12-07,Facebook Ads,Lost
3568,1956,29,2025-12-07,LINE,New
2322,2702,31,2025-12-07,官網,Contacted
9844,733,31,2025-12-07,官網,Contacted
10132,971,40,2025-12-07,Facebook Ads,Lost
5229,1956,17,2025-12-07,Facebook Ads,Contacted
10994,1118,11,2025-12-08,Google Ads,Lost
7507,691,3,2025-12-08,官網,Qualified
5801,1928,14,2025-12-08,Google Ads,Qualified
8730,1419,14,2025-12-08,Google Ads,Converted
3313,1180,31,2025-12-08,官網,Converted
7185,1928,40,2025-12-08,Facebook Ads,Lost
322,1294,31,2025-12-08,官網,Contacted
1851,1928,14,2025-12-08,Google Ads,Qualified
4319,691,3,2025-12-08,官網,Contacted
8917,1419,30,2025-12-08,Google Ads,Qualified
9580,1419,40,2025-12-08,Facebook Ads,Lost
9440,3124,31,2025-12-08,官網,Contacted
9313,2321,31,2025-12-08,官網,Qualified
6717,691,38,2025-12-08,Google Ads,New
11691,1419,14,2025-12-08,Google Ads,Converted
1157,691,17,2025-12-08,Facebook Ads,Converted
4666,2249,31,2025-12-08,官網,Lost
11499,1419,27,2025-12-08,Google Ads,Qualified
1038,361,31,2025-12-09,官網,Lost
7665,646,37,2025-12-09,Facebook Ads,Qualified
9272,1988,30,2025-12-09,Google Ads,Contacted
6524,3866,22,2025-12-09,Google Ads,Contacted
4610,2901,33,2025-12-09,Google Ads,New
631,1943,31,2025-12-09,官網,Converted
2319,1795,3,2025-12-09,官網,Contacted
8710,970,31,2025-12-09,官網,Converted
6249,3140,31,2025-12-09,官網,Contacted
6158,3532,31,2025-12-10,官網,New
1932,3052,25,2025-12-10,LINE,Qualified
10789,3710,31,2025-12-10,官網,Converted
981,3052,8,2025-12-10,Referral,Converted
2943,2043,14,2025-12-10,Google Ads,Contacted
6725,3052,12,2025-12-10,合作通路,Converted
3695,3052,37,2025-12-10,Facebook Ads,Contacted
2313,2941,30,2025-12-10,Google Ads,Qualified
48,3052,30,2025-12-10,Google Ads,Contacted
9089,2941,40,2025-12-10,Facebook Ads,Contacted
6830,2941,33,2025-12-10,Google Ads,Lost
5774,3150,31,2025-12-10,官網,Contacted
7914,2043,39,2025-12-10,官網,Contacted
11731,2378,31,2025-12-10,官網,Lost
7775,328,8,2025-12-11,Referral,New
8430,1239,5,2025-12-11,Google Ads,New
11485,328,17,2025-12-11,Facebook Ads,Contacted
9824,1221,22,2025-12-11,Google Ads,New
3566,928,31,2025-12-11,官網,Converted
10596,328,24,2025-12-11,Facebook Ads,Qualified
5978,1221,26,2025-12-11,電話,Contacted
961,1221,38,2025-12-11,Google Ads,Converted
5232,1239,3,2025-12-11,官網,New
3617,1221,32,2025-12-11,Google Ads,Contacted
3809,1221,39,2025-12-11,官網,Converted
9129,3788,31,2025-12-11,官網,Lost
5320,328,25,2025-12-11,LINE,Converted
2446,1239,14,2025-12-11,Google Ads,Qualified
8794,1294,31,2025-12-12,官網,New
801,3653,31,2025-12-12,官網,Lost
9715,3142,11,2025-12-12,Google Ads,Contacted
8598,1792,37,2025-12-12,Facebook Ads,Lost
1627,1792,22,2025-12-12,Google Ads,Contacted
9032,3481,31,2025-12-12,官網,New
6322,3142,30,2025-12-12,Google Ads,Qualified
10222,107,31,2025-12-12,官網,New
11478,3325,31,2025-12-12,官網,Qualified
10351,958,25,2025-12-12,LINE,New
4498,1338,5,2025-12-13,Google Ads,Converted
5678,1781,17,2025-12-13,Facebook Ads,Qualified
7218,3654,31,2025-12-13,官網,Contacted
4895,1781,33,2025-12-13,Google Ads,Lost
10157,2265,40,2025-12-13,Facebook Ads,Contacted
6102,3441,31,2025-12-13,官網,Contacted
10197,364,31,2025-12-13,官網,Converted
10515,2265,20,2025-12-13,Facebook Ads,Converted
8037,2611,27,2025-12-14,Google Ads,Lost
4013,2583,24,2025-12-14,Facebook Ads,New
769,2611,8,2025-12-14,Referral,Lost
4370,2697,22,2025-12-14,Google Ads,Qualified
1778,2697,21,2025-12-14,官網,New
3301,2583,21,2025-12-14,官網,Contacted
10740,2583,22,2025-12-14,Google Ads,Lost
10315,777,31,2025-12-15,官網,New
510,1239,31,2025-12-15,官網,Qualified
2753,98,27,2025-12-15,Google Ads,Qualified
9244,98,24,2025-12-15,Facebook Ads,Lost
197,3546,31,2025-12-15,官網,Qualified
1501,2705,30,2025-12-15,Google Ads,Lost
4914,2754,22,2025-12-15,Google Ads,Converted
7429,2705,29,2025-12-15,LINE,Contacted
6225,2433,5,2025-12-15,Google Ads,New
7693,2705,27,2025-12-15,Google Ads,Lost
3430,98,36,2025-12-15,電話,Lost
1604,2705,37,2025-12-15,Facebook Ads,Contacted
2696,2754,30,2025-12-15,Google Ads,Qualified
3712,1744,31,2025-12-15,官網,Qualified
2970,98,30,2025-12-15,Google Ads,Qualified
2492,1411,22,2025-12-16,Google Ads,New
7268,1232,33,2025-12-16,Google Ads,New
11265,3462,31,2025-12-16,官網,Qualified
9703,3820,31,2025-12-17,官網,Qualified
6129,3086,17,2025-12-18,Facebook Ads,Lost
10285,1687,5,2025-12-18,Google Ads,Contacted
8772,3086,27,2025-12-18,Google Ads,Qualified
9231,1687,11,2025-12-18,Google Ads,Contacted
9967,3704,31,2025-12-18,官網,Lost
2402,1687,38,2025-12-18,Google Ads,Contacted
1131,2552,31,2025-12-18,官網,Contacted
7214,963,30,2025-12-18,Google Ads,Converted
8861,2936,30,2025-12-18,Google Ads,Converted
10585,2936,32,2025-12-18,Google Ads,Lost
11290,3085,31,2025-12-18,官網,Qualified
3055,2936,29,2025-12-18,LINE,Contacted
8920,106,25,2025-12-18,LINE,Converted
1541,818,31,2025-12-18,官網,Converted
5328,963,17,2025-12-18,Facebook Ads,New
6808,106,21,2025-12-18,官網,Contacted
2149,3442,30,2025-12-19,Google Ads,Converted
2791,1397,31,2025-12-19,官網,Qualified
9894,3274,31,2025-12-20,官網,Contacted
1896,3606,1,2025-12-20,Facebook Ads,New
2286,478,14,2025-12-20,Google Ads,Lost
11784,3198,1,2025-12-20,Facebook Ads,Qualified
3311,3641,31,2025-12-20,官網,Qualified
160,1514,1,2025-12-20,Facebook Ads,Lost
7174,3963,1,2025-12-20,Facebook Ads,Qualified
743,3782,1,2025-12-20,Facebook Ads,Contacted
5446,1598,22,2025-12-20,Google Ads,Qualified
7080,1957,1,2025-12-20,Facebook Ads,Qualified
4561,1900,31,2025-12-20,官網,Qualified
7434,1598,22,2025-12-20,Google Ads,New
1151,1411,31,2025-12-20,官網,New
1650,113,31,2025-12-20,官網,Qualified
5885,1889,11,2025-12-21,Google Ads,Converted
11352,126,15,2025-12-21,Google Ads,New
7638,2909,28,2025-12-21,LINE,Qualified
6595,2451,1,2025-12-21,Facebook Ads,Contacted
2617,2909,37,2025-12-21,Facebook Ads,Contacted
4964,1509,1,2025-12-21,Facebook Ads,Contacted
3762,662,1,2025-12-21,Facebook Ads,Contacted
621,126,22,2025-12-21,Google Ads,Lost
8157,1813,31,2025-12-21,官網,Lost
4549,126,29,2025-12-21,LINE,New
2027,2048,1,2025-12-21,Facebook Ads,Qualified
9463,3701,1,2025-12-21,Facebook Ads,Contacted
9396,2492,15,2025-12-21,Google Ads,New
4191,978,1,2025-12-21,Facebook Ads,Contacted
1923,3343,28,2025-12-21,LINE,Converted
778,3261,31,2025-12-21,官網,New
2094,2492,30,2025-12-21,Google Ads,New
4194,3685,1,2025-12-21,Facebook Ads,Qualified
9885,126,13,2025-12-21,電話,Converted
8974,2492,38,2025-12-21,Google Ads,Qualified
4646,2114,1,2025-12-21,Facebook Ads,New
7148,2909,40,2025-12-21,Facebook Ads,New
5218,2884,1,2025-12-21,Facebook Ads,New
10543,657,1,2025-12-21,Facebook Ads,New
9859,1889,8,2025-12-21,Referral,Converted
6157,499,1,2025-12-21,Facebook Ads,Converted
448,1521,1,2025-12-22,Facebook Ads,Qualified
4729,3210,1,2025-12-22,Facebook Ads,Qualified
1802,3095,1,2025-12-22,Facebook Ads,Qualified
852,3850,1,2025-12-22,Facebook Ads,Qualified
11552,3916,31,2025-12-22,官網,Converted
8846,3643,1,2025-12-22,Facebook Ads,Lost
10699,1858,1,2025-12-22,Facebook Ads,Lost
10503,3350,1,2025-12-22,Facebook Ads,New
3863,379,33,2025-12-22,Google Ads,Contacted
3707,2395,1,2025-12-22,Facebook Ads,Contacted
2957,2022,1,2025-12-22,Facebook Ads,Lost
9110,171,31,2025-12-22,官網,Qualified
1598,379,38,2025-12-22,Google Ads,Lost
9003,3899,31,2025-12-22,官網,Converted
7979,3605,1,2025-12-22,Facebook Ads,New
4282,276,1,2025-12-22,Facebook Ads,Contacted
11748,1415,39,2025-12-23,官網,Contacted
620,1566,1,2025-12-23,Facebook Ads,Contacted
3045,3945,1,2025-12-23,Facebook Ads,Qualified
7574,2102,1,2025-12-23,Facebook Ads,Qualified
76,2590,1,2025-12-23,Facebook Ads,Qualified
9187,1089,1,2025-12-23,Facebook Ads,Qualified
9720,571,31,2025-12-23,官網,Converted
4960,549,1,2025-12-23,Facebook Ads,Lost
10096,1894,33,2025-12-23,Google Ads,Converted
9723,713,31,2025-12-23,官網,Qualified
795,1060,15,2025-12-23,Google Ads,Lost
11913,1060,22,2025-12-23,Google Ads,Converted
4653,1894,11,2025-12-23,Google Ads,Converted
7687,3707,1,2025-12-23,Facebook Ads,Lost
2708,1894,27,2025-12-23,Google Ads,Converted
8968,695,1,2025-12-23,Facebook Ads,New
886,1060,17,2025-12-23,Facebook Ads,Lost
8109,1690,1,2025-12-23,Facebook Ads,New
10025,3263,1,2025-12-23,Facebook Ads,Converted
7724,245,1,2025-12-23,Facebook Ads,Qualified
8837,2615,30,2025-12-24,Google Ads,Lost
10084,218,30,2025-12-24,Google Ads,New
971,2615,29,2025-12-24,LINE,Lost
2796,218,36,2025-12-24,電話,Contacted
11970,79,1,2025-12-24,Facebook Ads,New
1472,631,1,2025-12-24,Facebook Ads,Lost
6037,794,31,2025-12-24,官網,Lost
9839,2322,1,2025-12-24,Facebook Ads,New
5065,1628,1,2025-12-24,Facebook Ads,Qualified
9593,2069,1,2025-12-24,Facebook Ads,Contacted
7161,3700,1,2025-12-24,Facebook Ads,Contacted
400,1629,1,2025-12-24,Facebook Ads,Converted
9732,2058,1,2025-12-24,Facebook Ads,Contacted
8667,732,31,2025-12-24,官網,Qualified
4149,3105,1,2025-12-24,Facebook Ads,New
2010,2615,11,2025-12-24,Google Ads,Contacted
2360,2615,26,2025-12-24,電話,Contacted
7682,2615,32,2025-12-24,Google Ads,Qualified
351,2615,30,2025-12-24,Google Ads,Converted
995,957,37,2025-12-25,Facebook Ads,Lost
896,676,22,2025-12-25,Google Ads,Contacted
11181,2610,31,2025-12-25,官網,Contacted
1987,3888,1,2025-12-25,Facebook Ads,New
7800,957,27,2025-12-25,Google Ads,Contacted
7561,3239,1,2025-12-25,Facebook Ads,New
11046,2721,31,2025-12-25,官網,New
11540,257,31,2025-12-25,官網,Converted
4936,957,37,2025-12-25,Facebook Ads,Qualified
724,3177,1,2025-12-25,Facebook Ads,Lost
3917,2312,1,2025-12-25,Facebook Ads,New
4091,1628,1,2025-12-25,Facebook Ads,New
8050,957,26,2025-12-25,電話,Qualified
9275,2551,31,2025-12-25,官網,Converted
7772,2583,31,2025-12-25,官網,Converted
7631,676,11,2025-12-25,Google Ads,Contacted
10180,686,1,2025-12-25,Facebook Ads,New
3219,1826,31,2025-12-26,官網,Qualified
2459,952,11,2025-12-26,Google Ads,Lost
6109,3233,22,2025-12-26,Google Ads,New
3138,2440,1,2025-12-26,Facebook Ads,Contacted
2944,2372,31,2025-12-26,官網,Converted
1889,2990,31,2025-12-26,官網,Converted
973,1842,1,2025-12-26,Facebook Ads,Lost
10120,3558,1,2025-12-26,Facebook Ads,Converted
9186,576,31,2025-12-26,官網,Qualified
9666,2672,1,2025-12-26,Facebook Ads,Lost
4948,3376,1,2025-12-26,Facebook Ads,Converted
2539,592,1,2025-12-26,Facebook Ads,Converted
8816,167,31,2025-12-26,官網,Lost
5651,1363,1,2025-12-26,Facebook Ads,Qualified
7328,2639,1,2025-12-26,Facebook Ads,Qualified
10629,952,22,2025-12-26,Google Ads,Converted
9286,685,1,2025-12-26,Facebook Ads,New
7155,2838,27,2025-12-26,Google Ads,Contacted
5648,2988,1,2025-12-26,Facebook Ads,Lost
389,2213,1,2025-12-26,Facebook Ads,Lost
3332,709,1,2025-12-26,Facebook Ads,New
3336,2603,1,2025-12-26,Facebook Ads,New
9437,3100,31,2025-12-26,官網,Converted
7807,1522,31,2025-12-27,官網,Contacted
2262,2296,12,2025-12-27,合作通路,Lost
1301,1990,15,2025-12-27,Google Ads,Converted
10396,235,1,2025-12-27,Facebook Ads,Contacted
4137,166,1,2025-12-27,Facebook Ads,Contacted
4976,2661,34,2025-12-27,合作通路,Qualified
7113,796,3,2025-12-27,官網,Qualified
2827,3006,1,2025-12-27,Facebook Ads,Contacted
9174,796,38,2025-12-27,Google Ads,Converted
236,1838,31,2025-12-27,官網,Lost
9132,1041,1,2025-12-27,Facebook Ads,Qualified
3427,796,25,2025-12-27,LINE,New
6911,1990,3,2025-12-27,官網,Qualified
8331,179,1,2025-12-27,Facebook Ads,Qualified
10446,265,31,2025-12-27,官網,Qualified
1354,764,31,2025-12-27,官網,Lost
5417,796,37,2025-12-27,Facebook Ads,New
10758,1679,1,2025-12-27,Facebook Ads,Qualified
10978,1840,1,2025-12-27,Facebook Ads,New
6807,3848,1,2025-12-27,Facebook Ads,Contacted
5411,2661,24,2025-12-27,Facebook Ads,Contacted
8980,796,8,2025-12-27,Referral,Lost
1568,2661,38,2025-12-27,Google Ads,Qualified
8911,3838,1,2025-12-27,Facebook Ads,New
7630,2578,1,2025-12-27,Facebook Ads,New
1148,3976,29,2025-12-28,LINE,New
3500,2545,1,2025-12-28,Facebook Ads,Lost
4639,3685,1,2025-12-28,Facebook Ads,Qualified
1990,404,1,2025-12-28,Facebook Ads,Contacted
9432,3976,22,2025-12-28,Google Ads,Lost
9036,3575,31,2025-12-28,官網,Contacted
6583,739,1,2025-12-28,Facebook Ads,Contacted
10921,1549,31,2025-12-28,官網,New
1995,3402,1,2025-12-28,Facebook Ads,Contacted
2095,2482,14,2025-12-28,Google Ads,Converted
6770,1549,10,2025-12-28,官網,Converted
4588,2482,5,2025-12-28,Google Ads,New
8853,3443,15,2025-12-28,Google Ads,Lost
1258,3976,30,2025-12-28,Google Ads,Lost
8788,29,1,2025-12-28,Facebook Ads,Lost
1199,1544,1,2025-12-28,Facebook Ads,New
9325,2482,22,2025-12-28,Google Ads,Contacted
5432,3443,38,2025-12-28,Google Ads,New
7702,617,1,2025-12-28,Facebook Ads,Converted
5171,1549,21,2025-12-28,官網,Contacted
8163,1549,3,2025-12-28,官網,Lost
4938,1549,25,2025-12-28,LINE,New
9283,2697,31,2025-12-28,官網,Qualified
5351,1201,1,2025-12-28,Facebook Ads,Converted
9436,3976,14,2025-12-28,Google Ads,Qualified
326,2212,1,2025-12-28,Facebook Ads,Lost
327,1549,32,2025-12-28,Google Ads,Converted
7046,2482,33,2025-12-28,Google Ads,Lost
2100,2082,33,2025-12-29,Google Ads,Contacted
10230,1783,27,2025-12-29,Google Ads,Qualified
820,2082,8,2025-12-29,Referral,Contacted
11105,3951,1,2025-12-29,Facebook Ads,Qualified
3405,463,1,2025-12-29,Facebook Ads,Lost
4507,2690,1,2025-12-29,Facebook Ads,Lost
463,139,1,2025-12-29,Facebook Ads,New
2160,1471,1,2025-12-29,Facebook Ads,New
4909,2022,1,2025-12-29,Facebook Ads,Qualified
10760,3084,31,2025-12-29,官網,New
11119,3408,1,2025-12-29,Facebook Ads,New
9895,3131,1,2025-12-29,Facebook Ads,Lost
1792,646,1,2025-12-29,Facebook Ads,Lost
7875,1783,32,2025-12-29,Google Ads,Contacted
9665,1783,14,2025-12-29,Google Ads,New
7825,3972,34,2025-12-29,合作通路,Contacted
11099,1953,1,2025-12-29,Facebook Ads,Qualified
3033,2067,1,2025-12-29,Facebook Ads,Qualified
7266,2082,38,2025-12-29,Google Ads,Qualified
4987,3362,1,2025-12-29,Facebook Ads,Converted
4209,3251,38,2025-12-30,Google Ads,Converted
9202,3038,21,2025-12-30,官網,Qualified
9911,2529,10,2025-12-30,官網,Qualified
9408,570,32,2025-12-30,Google Ads,Converted
1404,1935,1,2025-12-30,Facebook Ads,Lost
11422,260,27,2025-12-30,Google Ads,Contacted
5484,2016,1,2025-12-30,Facebook Ads,New
3017,506,1,2025-12-30,Facebook Ads,Contacted
4527,2536,1,2025-12-30,Facebook Ads,Contacted
9084,2604,1,2025-12-30,Facebook Ads,Qualified
10519,1397,1,2025-12-30,Facebook Ads,Qualified
8047,1572,31,2025-12-30,官網,Contacted
963,3315,27,2025-12-30,Google Ads,New
10474,2529,5,2025-12-30,Google Ads,Converted
1944,34,31,2025-12-30,官網,Contacted
10949,570,40,2025-12-30,Facebook Ads,Qualified
9619,1623,31,2025-12-30,官網,Converted
2029,260,27,2025-12-30,Google Ads,New
3794,832,1,2025-12-30,Facebook Ads,Qualified
1492,1248,33,2025-12-31,Google Ads,New
9799,3658,3,2025-12-31,官網,Lost
7564,1248,31,2025-12-31,官網,Lost
4832,234,1,2025-12-31,Facebook Ads,Qualified
6169,365,13,2025-12-31,電話,Contacted
1076,2068,21,2025-12-31,官網,New
3,935,1,2025-12-31,Facebook Ads,New
628,1725,1,2025-12-31,Facebook Ads,Qualified
3738,403,1,2025-12-31,Facebook Ads,New
1344,1558,1,2025-12-31,Facebook Ads,Contacted
266,1249,1,2025-12-31,Facebook Ads,Lost
6096,3780,1,2025-12-31,Facebook Ads,New
11366,964,1,2026-01-01,Facebook Ads,Lost
4440,2714,40,2026-01-01,Facebook Ads,Qualified
2967,1241,1,2026-01-01,Facebook Ads,New
3993,1326,1,2026-01-01,Facebook Ads,Converted
5497,3176,25,2026-01-01,LINE,Contacted
9724,2637,1,2026-01-01,Facebook Ads,Lost
425,10,13,2026-01-01,電話,Qualified
7136,2312,1,2026-01-01,Facebook Ads,New
6393,98,1,2026-01-01,Facebook Ads,Qualified
87,939,1,2026-01-01,Facebook Ads,Converted
11515,2559,1,2026-01-01,Facebook Ads,New
5492,3467,1,2026-01-01,Facebook Ads,Contacted
1339,3537,38,2026-01-01,Google Ads,Contacted
11813,10,22,2026-01-01,Google Ads,New
3703,2714,10,2026-01-01,官網,Contacted
1164,1018,1,2026-01-01,Facebook Ads,New
7147,1900,1,2026-01-01,Facebook Ads,Qualified
9016,3537,38,2026-01-01,Google Ads,Lost
805,2629,3,2026-01-02,官網,Qualified
5413,2761,1,2026-01-02,Facebook Ads,New
6448,868,11,2026-01-02,Google Ads,Contacted
1526,303,27,2026-01-02,Google Ads,Lost
3208,1629,1,2026-01-02,Facebook Ads,Converted
2842,28,1,2026-01-02,Facebook Ads,Contacted
2535,2929,1,2026-01-02,Facebook Ads,New
11121,1738,1,2026-01-02,Facebook Ads,Contacted
4424,240,1,2026-01-02,Facebook Ads,Contacted
9560,3168,36,2026-01-02,電話,New
6365,868,11,2026-01-02,Google Ads,Qualified
8178,692,1,2026-01-02,Facebook Ads,Lost
2215,2629,31,2026-01-02,官網,Converted
9624,1162,1,2026-01-02,Facebook Ads,New
764,660,1,2026-01-02,Facebook Ads,New
3241,868,3,2026-01-02,官網,Contacted
579,3168,30,2026-01-02,Google Ads,Contacted
9145,2192,1,2026-01-02,Facebook Ads,Qualified
4571,929,30,2026-01-02,Google Ads,Converted
7417,3168,14,2026-01-02,Google Ads,Converted
4226,3647,1,2026-01-03,Facebook Ads,Qualified
9197,438,1,2026-01-03,Facebook Ads,Converted
11753,1004,1,2026-01-03,Facebook Ads,Qualified
2614,3149,1,2026-01-03,Facebook Ads,Qualified
7123,2675,32,2026-01-03,Google Ads,Contacted
2265,2063,28,2026-01-03,LINE,Qualified
9413,649,1,2026-01-03,Facebook Ads,Converted
691,242,10,2026-01-03,官網,New
11334,1194,1,2026-01-03,Facebook Ads,Qualified
2603,1615,1,2026-01-03,Facebook Ads,Qualified
420,2563,1,2026-01-03,Facebook Ads,Contacted
1742,2672,1,2026-01-03,Facebook Ads,Qualified
1685,2675,5,2026-01-03,Google Ads,Lost
7948,3626,1,2026-01-03,Facebook Ads,Converted
10684,3215,1,2026-01-03,Facebook Ads,Qualified
4714,3980,1,2026-01-03,Facebook Ads,Contacted
360,2675,25,2026-01-03,LINE,Lost
11660,2675,14,2026-01-03,Google Ads,Converted
2373,242,24,2026-01-03,Facebook Ads,Converted
5185,3365,1,2026-01-04,Facebook Ads,Contacted
3671,3830,40,2026-01-04,Facebook Ads,New
11153,2517,37,2026-01-04,Facebook Ads,Qualified
9257,3205,27,2026-01-04,Google Ads,Qualified
570,3830,37,2026-01-04,Facebook Ads,New
2915,3830,40,2026-01-04,Facebook Ads,Contacted
10801,2517,37,2026-01-04,Facebook Ads,New
4778,170,14,2026-01-04,Google Ads,New
6047,3205,5,2026-01-04,Google Ads,Contacted
9394,316,1,2026-01-04,Facebook Ads,Converted
1620,1175,1,2026-01-04,Facebook Ads,New
1026,3205,11,2026-01-04,Google Ads,Contacted
10639,3154,1,2026-01-04,Facebook Ads,Lost
2412,170,26,2026-01-04,電話,Converted
3774,2591,1,2026-01-04,Facebook Ads,Converted
3209,3205,21,2026-01-04,官網,Converted
2298,3205,39,2026-01-04,官網,Contacted
1797,3205,31,2026-01-04,官網,Converted
7354,170,32,2026-01-04,Google Ads,Qualified
11656,2517,28,2026-01-04,LINE,New
11644,3185,1,2026-01-05,Facebook Ads,Qualified
9823,3077,29,2026-01-05,LINE,Qualified
8662,3077,3,2026-01-05,官網,New
9553,282,1,2026-01-05,Facebook Ads,Lost
8595,1268,1,2026-01-05,Facebook Ads,Lost
1573,2264,1,2026-01-05,Facebook Ads,Contacted
11377,2263,1,2026-01-05,Facebook Ads,New
8724,3077,33,2026-01-05,Google Ads,Contacted
9230,2290,1,2026-01-05,Facebook Ads,Converted
401,3077,5,2026-01-05,Google Ads,Lost
1345,3739,1,2026-01-05,Facebook Ads,Converted
11034,3888,1,2026-01-05,Facebook Ads,Qualified
9807,996,1,2026-01-05,Facebook Ads,New
10068,276,1,2026-01-05,Facebook Ads,Lost
7756,3500,1,2026-01-05,Facebook Ads,Lost
3579,2747,1,2026-01-05,Facebook Ads,New
2341,2691,1,2026-01-05,Facebook Ads,Qualified
2231,1158,1,2026-01-06,Facebook Ads,Converted
6951,2439,1,2026-01-06,Facebook Ads,Contacted
9305,1257,1,2026-01-06,Facebook Ads,Converted
8073,257,1,2026-01-06,Facebook Ads,New
6377,2201,1,2026-01-06,Facebook Ads,New
7435,491,15,2026-01-06,Google Ads,Contacted
10612,3985,1,2026-01-06,Facebook Ads,Converted
316,3314,24,2026-01-07,Facebook Ads,Qualified
9940,2929,1,2026-01-07,Facebook Ads,Contacted
11688,665,1,2026-01-07,Facebook Ads,Lost
6244,3620,1,2026-01-07,Facebook Ads,Converted
8925,3314,17,2026-01-07,Facebook Ads,Contacted
7677,365,1,2026-01-07,Facebook Ads,New
7588,1939,1,2026-01-07,Facebook Ads,Qualified
8118,3689,27,2026-01-07,Google Ads,New
6696,728,1,2026-01-07,Facebook Ads,New
654,2145,1,2026-01-07,Facebook Ads,Converted
7533,3689,40,2026-01-07,Facebook Ads,Converted
7656,1923,1,2026-01-07,Facebook Ads,New
6559,3129,1,2026-01-07,Facebook Ads,New
5936,3723,1,2026-01-07,Facebook Ads,Contacted
3081,1587,1,2026-01-07,Facebook Ads,Qualified
9039,332,1,2026-01-07,Facebook Ads,Lost
10531,2587,1,2026-01-07,Facebook Ads,Contacted
3891,985,1,2026-01-08,Facebook Ads,New
1365,570,1,2026-01-08,Facebook Ads,Lost
5117,1661,11,2026-01-08,Google Ads,Converted
4203,2703,5,2026-01-08,Google Ads,Contacted
9441,2703,17,2026-01-08,Facebook Ads,Lost
1857,3552,1,2026-01-08,Facebook Ads,Converted
5363,2421,32,2026-01-08,Google Ads,Lost
3330,2703,29,2026-01-08,LINE,Qualified
9610,3431,1,2026-01-08,Facebook Ads,Qualified
9502,358,1,2026-01-08,Facebook Ads,Qualified
8214,1661,25,2026-01-08,LINE,Lost
1112,2703,40,2026-01-08,Facebook Ads,Converted
825,1661,32,2026-01-08,Google Ads,Qualified
3117,2366,1,2026-01-08,Facebook Ads,New
302,3207,32,2026-01-08,Google Ads,New
4730,3207,17,2026-01-08,Facebook Ads,New
9127,2703,3,2026-01-08,官網,Converted
4040,1661,25,2026-01-08,LINE,Qualified
9735,636,1,2026-01-08,Facebook Ads,Qualified
9915,2045,34,2026-01-09,合作通路,Converted
10043,2597,40,2026-01-09,Facebook Ads,Qualified
11922,168,40,2026-01-09,Facebook Ads,Contacted
1066,350,1,2026-01-09,Facebook Ads,Lost
960,765,1,2026-01-09,Facebook Ads,Converted
10451,2058,1,2026-01-09,Facebook Ads,Lost
3339,1320,12,2026-01-09,合作通路,Lost
5302,2045,15,2026-01-09,Google Ads,Converted
9821,2045,20,2026-01-09,Facebook Ads,Converted
2142,168,32,2026-01-09,Google Ads,Contacted
4303,600,1,2026-01-09,Facebook Ads,Contacted
7047,1631,1,2026-01-09,Facebook Ads,Contacted
5824,1505,1,2026-01-09,Facebook Ads,Lost
9308,2982,1,2026-01-10,Facebook Ads,Contacted
11252,3920,31,2026-01-10,官網,Converted
8374,428,1,2026-01-10,Facebook Ads,Qualified
10691,3920,31,2026-01-10,官網,Contacted
10619,2964,5,2026-01-10,Google Ads,Qualified
7766,2964,28,2026-01-10,LINE,Contacted
4931,489,3,2026-01-10,官網,Converted
6670,3080,5,2026-01-10,Google Ads,New
1905,502,1,2026-01-10,Facebook Ads,Lost
3958,430,3,2026-01-10,官網,New
11571,489,14,2026-01-10,Google Ads,Converted
5436,3096,1,2026-01-10,Facebook Ads,Contacted
3895,1071,1,2026-01-10,Facebook Ads,Contacted
5018,489,10,2026-01-10,官網,Contacted
11270,430,27,2026-01-10,Google Ads,Converted
9042,430,10,2026-01-10,官網,New
9076,501,1,2026-01-10,Facebook Ads,Qualified
4495,3139,1,2026-01-10,Facebook Ads,Qualified
11781,2964,14,2026-01-10,Google Ads,Contacted
3102,3150,1,2026-01-11,Facebook Ads,Lost
1646,1935,1,2026-01-11,Facebook Ads,Contacted
6977,2597,1,2026-01-11,Facebook Ads,New
5500,300,20,2026-01-11,Facebook Ads,Qualified
11588,3022,39,2026-01-11,官網,Contacted
8707,3141,1,2026-01-11,Facebook Ads,Contacted
6702,3665,1,2026-01-11,Facebook Ads,Lost
10723,1064,30,2026-01-11,Google Ads,Converted
8276,2052,1,2026-01-11,Facebook Ads,Contacted
10974,3022,29,2026-01-11,LINE,New
3388,3022,32,2026-01-11,Google Ads,Contacted
2917,2003,1,2026-01-11,Facebook Ads,Lost
10219,1064,32,2026-01-11,Google Ads,Qualified
5288,300,39,2026-01-11,官網,Contacted
11509,3407,8,2026-01-12,Referral,Qualified
4934,2422,21,2026-01-13,官網,Converted
11120,1753,21,2026-01-13,官網,Contacted
6515,3209,30,2026-01-13,Google Ads,Contacted
5644,334,37,2026-01-13,Facebook Ads,New
7449,3573,20,2026-01-13,Facebook Ads,Qualified
5372,3209,37,2026-01-13,Facebook Ads,Lost
10962,1753,32,2026-01-13,Google Ads,Contacted
3401,2422,13,2026-01-13,電話,Qualified
1834,1756,1,2026-01-13,Facebook Ads,Qualified
10485,228,39,2026-01-13,官網,Converted
3907,3573,30,2026-01-13,Google Ads,Contacted
7870,1753,15,2026-01-13,Google Ads,New
8170,228,22,2026-01-13,Google Ads,Qualified
2130,334,21,2026-01-13,官網,Converted
11359,1605,1,2026-01-13,Facebook Ads,Lost
1358,228,3,2026-01-13,官網,Qualified
9790,334,15,2026-01-13,Google Ads,Contacted
2876,1753,11,2026-01-13,Google Ads,New
8377,1605,17,2026-01-13,Facebook Ads,Lost
1505,2119,33,2026-01-14,Google Ads,Contacted
4295,3276,33,2026-01-14,Google Ads,Lost
4247,3276,27,2026-01-14,Google Ads,Lost
2931,3276,36,2026-01-14,電話,Converted
547,2119,5,2026-01-14,Google Ads,Lost
392,1664,3,2026-01-15,官網,Lost
3858,1733,32,2026-01-15,Google Ads,New
1047,2893,40,2026-01-15,Facebook Ads,Qualified
7359,726,22,2026-01-15,Google Ads,Qualified
10465,1664,17,2026-01-15,Facebook Ads,Qualified
11042,1664,24,2026-01-15,Facebook Ads,Lost
2672,1664,33,2026-01-15,Google Ads,Qualified
3681,1664,1,2026-01-15,Facebook Ads,Contacted
1211,999,21,2026-01-15,官網,Converted
3647,1733,11,2026-01-15,Google Ads,New
3461,1733,27,2026-01-15,Google Ads,New
305,999,31,2026-01-15,官網,Qualified
8116,726,14,2026-01-15,Google Ads,Qualified
4143,842,38,2026-01-16,Google Ads,Contacted
9506,2066,11,2026-01-16,Google Ads,Qualified
11263,3091,28,2026-01-16,LINE,Converted
2635,3091,31,2026-01-16,官網,Lost
7412,185,34,2026-01-16,合作通路,Lost
2704,2066,15,2026-01-16,Google Ads,New
7118,2066,13,2026-01-16,電話,Contacted
11209,1416,15,2026-01-16,Google Ads,Lost
4596,2066,20,2026-01-16,Facebook Ads,Contacted
1583,114,36,2026-01-16,電話,Converted
6889,114,26,2026-01-16,電話,New
9082,185,11,2026-01-16,Google Ads,New
7880,1413,39,2026-01-16,官網,Lost
4492,842,24,2026-01-16,Facebook Ads,Contacted
11858,3091,37,2026-01-16,Facebook Ads,Lost
7460,2066,27,2026-01-16,Google Ads,Converted
5698,185,3,2026-01-16,官網,New
10795,842,17,2026-01-16,Facebook Ads,New
6031,2066,28,2026-01-16,LINE,Lost
8093,842,36,2026-01-16,電話,New
7815,1153,40,2026-01-17,Facebook Ads,Lost
4535,1882,32,2026-01-17,Google Ads,Qualified
1669,3039,5,2026-01-18,Google Ads,Qualified
636,3039,34,2026-01-18,合作通路,Converted
3120,3039,40,2026-01-18,Facebook Ads,Lost
5214,786,2,2026-01-18,合作通路,Qualified
711,2379,2,2026-01-18,合作通路,Converted
1788,3039,28,2026-01-18,LINE,Lost
158,1064,2,2026-01-18,合作通路,Qualified
1884,3191,2,2026-01-18,合作通路,Lost
11000,3039,25,2026-01-18,LINE,Contacted
6375,3865,22,2026-01-19,Google Ads,Converted
1812,1048,2,2026-01-19,合作通路,New
1732,2498,28,2026-01-19,LINE,Contacted
4363,2965,2,2026-01-19,合作通路,Contacted
11551,1172,22,2026-01-19,Google Ads,New
9526,2498,11,2026-01-19,Google Ads,New
124,2498,5,2026-01-19,Google Ads,Converted
6064,2498,25,2026-01-19,LINE,New
2112,348,22,2026-01-19,Google Ads,New
9789,3257,30,2026-01-20,Google Ads,Contacted
2868,2671,2,2026-01-20,合作通路,New
6046,1024,2,2026-01-20,合作通路,Converted
9446,574,39,2026-01-21,官網,Contacted
6641,2203,2,2026-01-21,合作通路,Contacted
8125,524,14,2026-01-21,Google Ads,Converted
7615,3197,27,2026-01-21,Google Ads,Qualified
6873,893,28,2026-01-21,LINE,Converted
9148,1479,3,2026-01-21,官網,Converted
3528,802,2,2026-01-21,合作通路,Contacted
8007,2571,2,2026-01-21,合作通路,Qualified
1320,524,13,2026-01-21,電話,New
93,2532,2,2026-01-21,合作通路,Contacted
9188,893,15,2026-01-21,Google Ads,Lost
9220,3047,5,2026-01-21,Google Ads,Lost
212,574,24,2026-01-21,Facebook Ads,New
3941,1135,2,2026-01-21,合作通路,New
1497,524,28,2026-01-21,LINE,New
1009,3047,27,2026-01-21,Google Ads,Contacted
5119,2211,2,2026-01-21,合作通路,Lost
10049,2280,2,2026-01-22,合作通路,Qualified
3743,3675,2,2026-01-22,合作通路,Converted
2839,2092,2,2026-01-22,合作通路,Lost
9958,1353,2,2026-01-22,合作通路,Converted
5303,1648,2,2026-01-22,合作通路,Qualified
2669,2050,1,2026-01-22,Facebook Ads,Converted
3421,2214,2,2026-01-22,合作通路,Converted
11280,1780,2,2026-01-23,合作通路,Converted
356,1412,20,2026-01-23,Facebook Ads,New
2502,1958,2,2026-01-23,合作通路,Qualified
9599,152,27,2026-01-23,Google Ads,New
2071,191,2,2026-01-23,合作通路,Contacted
10898,152,40,2026-01-23,Facebook Ads,Converted
7356,3985,2,2026-01-23,合作通路,Converted
3753,1412,10,2026-01-23,官網,New
10717,1412,14,2026-01-23,Google Ads,New
3037,1080,21,2026-01-23,官網,Lost
7978,875,2,2026-01-23,合作通路,Qualified
11164,1146,2,2026-01-23,合作通路,Converted
1317,1412,32,2026-01-23,Google Ads,Lost
5733,400,29,2026-01-24,LINE,New
332,1268,2,2026-01-24,合作通路,New
4462,1139,30,2026-01-24,Google Ads,Lost
6616,844,1,2026-01-24,Facebook Ads,New
8801,2150,2,2026-01-24,合作通路,Converted
4243,888,2,2026-01-24,合作通路,Converted
10010,2996,2,2026-01-24,合作通路,Qualified
3555,400,26,2026-01-24,電話,Lost
7730,2555,32,2026-01-24,Google Ads,New
1082,1139,38,2026-01-24,Google Ads,Contacted
5975,1139,14,2026-01-24,Google Ads,Qualified
9291,2555,30,2026-01-24,Google Ads,Qualified
4919,1347,2,2026-01-25,合作通路,Lost
10045,2331,2,2026-01-25,合作通路,New
1179,3558,2,2026-01-25,合作通路,Lost
4574,1032,2,2026-01-25,合作通路,Contacted
3828,127,11,2026-01-25,Google Ads,Contacted
2945,2208,2,2026-01-25,合作通路,Contacted
11382,548,2,2026-01-26,合作通路,New
353,3201,29,2026-01-26,LINE,Contacted
7728,3468,3,2026-01-26,官網,Converted
1283,3468,25,2026-01-26,LINE,Converted
5015,3468,22,2026-01-26,Google Ads,Contacted
11489,1887,2,2026-01-26,合作通路,Contacted
8472,3201,14,2026-01-26,Google Ads,New
8208,981,13,2026-01-27,電話,Lost
8904,2767,2,2026-01-27,合作通路,Qualified
1840,3174,40,2026-01-27,Facebook Ads,Converted
11419,2059,2,2026-01-27,合作通路,Converted
5154,142,2,2026-01-27,合作通路,Lost
7933,981,12,2026-01-27,合作通路,Converted
11860,1634,2,2026-01-27,合作通路,Qualified
4003,1462,2,2026-01-28,合作通路,Converted
5246,2454,36,2026-01-28,電話,New
10526,2528,2,2026-01-28,合作通路,Converted
8292,883,24,2026-01-28,Facebook Ads,Contacted
3338,663,2,2026-01-28,合作通路,Converted
8466,2454,27,2026-01-28,Google Ads,Qualified
4575,1242,2,2026-01-28,合作通路,Converted
3791,883,40,2026-01-28,Facebook Ads,Contacted
11248,2454,37,2026-01-28,Facebook Ads,Contacted
5998,2896,2,2026-01-28,合作通路,Contacted
5631,3576,2,2026-01-28,合作通路,Qualified
9567,1259,28,2026-01-29,LINE,Converted
11223,1873,2,2026-01-29,合作通路,New
1631,1180,2,2026-01-29,合作通路,Converted
8419,1405,2,2026-01-29,合作通路,Converted
10177,570,2,2026-01-29,合作通路,Contacted
2976,3648,15,2026-01-29,Google Ads,Converted
3821,1259,37,2026-01-29,Facebook Ads,Converted
5746,3648,24,2026-01-29,Facebook Ads,New
2064,1659,11,2026-01-29,Google Ads,New
355,383,38,2026-01-29,Google Ads,Qualified
267,1659,24,2026-01-29,Facebook Ads,Converted
5925,1659,27,2026-01-29,Google Ads,Contacted
5368,3648,37,2026-01-29,Facebook Ads,Converted
3908,383,14,2026-01-29,Google Ads,Converted
10714,1865,2,2026-01-29,合作通路,Qualified
5919,1891,14,2026-01-30,Google Ads,Qualified
11397,1888,2,2026-01-30,合作通路,Lost
10605,2668,33,2026-01-30,Google Ads,New
9865,2668,24,2026-01-30,Facebook Ads,New
6178,1891,17,2026-01-30,Facebook Ads,New
3645,2835,2,2026-01-30,合作通路,Contacted
1245,1994,2,2026-01-30,合作通路,New
7768,3600,33,2026-01-31,Google Ads,Contacted
10169,1703,30,2026-01-31,Google Ads,Lost
6335,1703,27,2026-01-31,Google Ads,New
5041,2322,2,2026-01-31,合作通路,Contacted
3538,762,37,2026-01-31,Facebook Ads,Lost
8212,942,2,2026-01-31,合作通路,Contacted
10799,2914,2,2026-01-31,合作通路,Qualified
4331,1683,14,2026-01-31,Google Ads,New
11680,1683,40,2026-01-31,Facebook Ads,Qualified
11570,1683,1,2026-01-31,Facebook Ads,Qualified
10864,976,30,2026-01-31,Google Ads,Qualified
11800,762,33,2026-01-31,Google Ads,Converted
5271,762,22,2026-01-31,Google Ads,Converted
4380,1703,30,2026-01-31,Google Ads,Lost
10508,3600,30,2026-01-31,Google Ads,Qualified
6608,976,32,2026-01-31,Google Ads,Converted
6278,976,37,2026-01-31,Facebook Ads,Converted
2606,1683,30,2026-01-31,Google Ads,Qualified
7193,976,30,2026-01-31,Google Ads,Converted
8781,1703,26,2026-01-31,電話,Qualified
2638,1073,2,2026-01-31,合作通路,Converted
6592,3769,14,2026-01-31,Google Ads,New
3709,976,14,2026-01-31,Google Ads,Contacted
7862,1703,22,2026-01-31,Google Ads,New
8878,1703,8,2026-01-31,Referral,Lost
5235,762,30,2026-01-31,Google Ads,Lost
2443,2439,2,2026-02-01,合作通路,Qualified
432,3038,2,2026-02-01,合作通路,Qualified
10442,2558,2,2026-02-01,合作通路,Lost
11335,2,17,2026-02-01,Facebook Ads,Contacted
2307,318,38,2026-02-01,Google Ads,Converted
901,1266,22,2026-02-01,Google Ads,Contacted
5046,1266,12,2026-02-01,合作通路,Converted
2523,1266,14,2026-02-01,Google Ads,Contacted
8263,3473,2,2026-02-02,合作通路,Contacted
4008,516,3,2026-02-02,官網,New
4249,3999,36,2026-02-02,電話,Converted
1412,516,5,2026-02-02,Google Ads,Converted
9,1219,12,2026-02-02,合作通路,Qualified
9511,3419,32,2026-02-02,Google Ads,Converted
9461,1219,24,2026-02-02,Facebook Ads,Converted
982,427,9,2026-02-02,官網,Contacted
1387,576,9,2026-02-02,官網,Contacted
8588,2822,2,2026-02-02,合作通路,Converted
6429,516,27,2026-02-02,Google Ads,Converted
5170,3930,9,2026-02-02,官網,Qualified
2103,1219,17,2026-02-02,Facebook Ads,Qualified
385,516,1,2026-02-02,Facebook Ads,Qualified
11204,2045,2,2026-02-02,合作通路,Converted
1108,2746,2,2026-02-02,合作通路,Qualified
6966,1219,5,2026-02-02,Google Ads,Converted
5666,2660,9,2026-02-03,官網,New
1201,3417,2,2026-02-03,合作通路,Qualified
6946,2781,2,2026-02-03,合作通路,Qualified
2778,986,17,2026-02-03,Facebook Ads,Contacted
11361,4000,9,2026-02-03,官網,Qualified
2188,1855,9,2026-02-03,官網,New
10244,3527,10,2026-02-03,官網,Converted
2020,3527,29,2026-02-03,LINE,Lost
9786,2314,9,2026-02-03,官網,Converted
8110,576,9,2026-02-03,官網,Qualified
875,986,15,2026-02-03,Google Ads,Contacted
7680,3338,39,2026-02-03,官網,Contacted
10856,2197,32,2026-02-03,Google Ads,Lost
9103,3338,10,2026-02-03,官網,Contacted
2867,2197,30,2026-02-03,Google Ads,Contacted
10812,2750,2,2026-02-03,合作通路,Contacted
3169,21,2,2026-02-03,合作通路,Qualified
9058,3338,40,2026-02-03,Facebook Ads,Qualified
6555,108,2,2026-02-03,合作通路,Converted
5761,1045,2,2026-02-03,合作通路,Contacted
767,3137,2,2026-02-03,合作通路,Lost
1690,2184,2,2026-02-04,合作通路,New
3377,868,2,2026-02-04,合作通路,Qualified
10532,3022,2,2026-02-04,合作通路,Contacted
2807,917,2,2026-02-04,合作通路,Lost
7547,2857,9,2026-02-04,官網,Contacted
1713,655,9,2026-02-04,官網,Contacted
5848,291,1,2026-02-04,Facebook Ads,New
6307,291,33,2026-02-04,Google Ads,Lost
6132,3261,2,2026-02-04,合作通路,Converted
10498,2414,36,2026-02-05,電話,Qualified
1720,2414,40,2026-02-05,Facebook Ads,Contacted
629,2122,39,2026-02-05,官網,New
1374,2122,30,2026-02-05,Google Ads,Qualified
4798,1503,9,2026-02-05,官網,Converted
5273,2122,14,2026-02-05,Google Ads,Contacted
1563,3898,9,2026-02-05,官網,Converted
5680,2414,17,2026-02-05,Facebook Ads,New
2493,3863,2,2026-02-05,合作通路,Converted
8086,2414,29,2026-02-05,LINE,New
7986,1006,9,2026-02-05,官網,Lost
3580,2414,30,2026-02-05,Google Ads,Lost
6666,3093,2,2026-02-05,合作通路,Qualified
10728,3208,11,2026-02-06,Google Ads,Qualified
1991,2240,9,2026-02-06,官網,Qualified
11819,1663,2,2026-02-06,合作通路,Converted
6430,1601,36,2026-02-06,電話,Contacted
2175,1601,40,2026-02-06,Facebook Ads,Contacted
6114,3208,32,2026-02-06,Google Ads,New
7262,3208,22,2026-02-06,Google Ads,Contacted
2423,3761,2,2026-02-06,合作通路,Contacted
5361,3208,12,2026-02-06,合作通路,Contacted
7930,1601,17,2026-02-06,Facebook Ads,Contacted
3423,428,2,2026-02-06,合作通路,Qualified
8211,1601,17,2026-02-06,Facebook Ads,Qualified
5856,924,2,2026-02-06,合作通路,Qualified
7029,1008,33,2026-02-07,Google Ads,New
9734,1360,9,2026-02-07,官網,Lost
9566,1684,8,2026-02-07,Referral,Lost
487,129,39,2026-02-07,官網,Qualified
9829,1164,9,2026-02-07,官網,Qualified
1603,1008,40,2026-02-07,Facebook Ads,Converted
1499,129,33,2026-02-07,Google Ads,Qualified
8935,1008,28,2026-02-07,LINE,New
4583,1976,9,2026-02-07,官網,Lost
11294,129,1,2026-02-07,Facebook Ads,Contacted
11591,129,11,2026-02-07,Google Ads,Contacted
2159,129,34,2026-02-07,合作通路,Qualified
5624,1561,2,2026-02-07,合作通路,Qualified
5293,637,39,2026-02-07,官網,Converted
4320,637,30,2026-02-07,Google Ads,Contacted
8810,1684,5,2026-02-07,Google Ads,Converted
7723,878,15,2026-02-08,Google Ads,New
6660,2075,14,2026-02-08,Google Ads,Qualified
6718,3152,21,2026-02-08,官網,Lost
10308,2075,40,2026-02-08,Facebook Ads,Lost
10427,3379,10,2026-02-08,官網,Qualified
5022,878,21,2026-02-08,官網,New
8137,878,33,2026-02-08,Google Ads,Qualified
8541,3152,36,2026-02-08,電話,Qualified
3820,3152,11,2026-02-08,Google Ads,Qualified
2699,1947,9,2026-02-08,官網,Lost
2723,351,9,2026-02-08,官網,Converted
5253,878,24,2026-02-08,Facebook Ads,Contacted
9078,3306,2,2026-02-08,合作通路,Contacted
108,2996,2,2026-02-08,合作通路,Lost
4351,3022,9,2026-02-08,官網,Lost
8966,2075,29,2026-02-08,LINE,Qualified
10916,2183,38,2026-02-08,Google Ads,Lost
4795,2075,14,2026-02-08,Google Ads,Converted
4511,3152,17,2026-02-08,Facebook Ads,Converted
10751,878,21,2026-02-08,官網,Qualified
3467,2183,34,2026-02-08,合作通路,Converted
10237,3665,9,2026-02-09,官網,Qualified
8080,1459,11,2026-02-09,Google Ads,Contacted
3623,1459,40,2026-02-09,Facebook Ads,Lost
146,1459,39,2026-02-09,官網,New
5007,2911,9,2026-02-09,官網,Lost
8444,1459,3,2026-02-09,官網,Lost
7337,579,39,2026-02-09,官網,Qualified
6883,622,10,2026-02-09,官網,Contacted
1243,3365,9,2026-02-09,官網,Qualified
3098,622,38,2026-02-09,Google Ads,Contacted
4983,579,29,2026-02-09,LINE,Converted
9344,622,2,2026-02-09,合作通路,Converted
1903,2784,2,2026-02-09,合作通路,Qualified
10153,2638,14,2026-02-10,Google Ads,Contacted
11316,661,9,2026-02-10,官網,Contacted
6145,3238,9,2026-02-10,官網,New
2905,2638,30,2026-02-10,Google Ads,Converted
10012,436,1,2026-02-10,Facebook Ads,Converted
6419,830,2,2026-02-11,合作通路,Converted
258,1726,24,2026-02-11,Facebook Ads,Contacted
535,1562,9,2026-02-11,官網,New
9639,292,21,2026-02-11,官網,Contacted
9259,3565,9,2026-02-11,官網,Contacted
3983,830,40,2026-02-11,Facebook Ads,Contacted
1783,830,11,2026-02-11,Google Ads,Contacted
2065,292,39,2026-02-11,官網,Qualified
4265,1079,29,2026-02-11,LINE,Lost
550,2635,9,2026-02-11,官網,Contacted
5863,830,15,2026-02-11,Google Ads,Contacted
11817,1079,25,2026-02-11,LINE,Qualified
10198,1079,2,2026-02-11,合作通路,Contacted
251,830,14,2026-02-11,Google Ads,Lost
572,99,9,2026-02-12,官網,Lost
1927,1218,36,2026-02-12,電話,Lost
9450,1668,10,2026-02-12,官網,Qualified
2594,3494,30,2026-02-12,Google Ads,Lost
6072,3494,14,2026-02-12,Google Ads,Lost
7038,2512,34,2026-02-12,合作通路,Lost
10952,3961,9,2026-02-12,官網,Qualified
11823,3494,21,2026-02-12,官網,Converted
8149,1218,10,2026-02-12,官網,New
7989,2117,35,2026-02-12,合作通路,Converted
10854,1291,35,2026-02-12,合作通路,Contacted
1094,1563,30,2026-02-12,Google Ads,Qualified
2700,1445,9,2026-02-12,官網,Qualified
10934,3652,9,2026-02-12,官網,New
2938,1218,36,2026-02-12,電話,Contacted
7489,1668,12,2026-02-12,合作通路,Converted
2365,1563,25,2026-02-12,LINE,New
11021,3071,24,2026-02-12,Facebook Ads,Lost
10184,3071,33,2026-02-12,Google Ads,Contacted
8679,3071,32,2026-02-12,Google Ads,Lost
10305,3071,27,2026-02-12,Google Ads,Converted
7392,2512,15,2026-02-12,Google Ads,New
10736,3071,22,2026-02-12,Google Ads,Converted
11833,2481,9,2026-02-13,官網,Contacted
10779,2189,35,2026-02-13,合作通路,New
1818,2783,9,2026-02-13,官網,New
9332,2473,9,2026-02-14,官網,Converted
9681,3535,30,2026-02-15,Google Ads,New
11693,2668,9,2026-02-15,官網,Contacted
7650,1909,36,2026-02-15,電話,Converted
11575,3122,9,2026-02-15,官網,Converted
3902,2652,33,2026-02-15,Google Ads,Converted
1177,1920,9,2026-02-15,官網,Qualified
6939,3535,30,2026-02-15,Google Ads,Contacted
1708,1909,40,2026-02-15,Facebook Ads,New
10796,3535,8,2026-02-15,Referral,Contacted
2105,1864,35,2026-02-15,合作通路,Converted
1206,936,9,2026-02-15,官網,Contacted
6332,3535,31,2026-02-15,官網,Lost
5908,1066,9,2026-02-16,官網,Converted
10591,586,9,2026-02-16,官網,Qualified
8488,2369,30,2026-02-16,Google Ads,Converted
5197,2369,1,2026-02-16,Facebook Ads,Contacted
3680,747,33,2026-02-16,Google Ads,Qualified
526,2369,11,2026-02-16,Google Ads,Contacted
5074,2369,38,2026-02-16,Google Ads,Qualified
2816,3486,9,2026-02-16,官網,Qualified
6024,3248,38,2026-02-17,Google Ads,New
2680,3248,30,2026-02-17,Google Ads,Converted
8955,3248,8,2026-02-17,Referral,Converted
10951,1356,17,2026-02-17,Facebook Ads,Qualified
8513,1356,31,2026-02-17,官網,Converted
11841,2832,15,2026-02-17,Google Ads,Lost
574,1515,28,2026-02-17,LINE,Contacted
10058,387,9,2026-02-17,官網,Contacted
9801,1424,9,2026-02-17,官網,New
9090,1296,28,2026-02-17,LINE,Contacted
8160,1153,9,2026-02-17,官網,New
5317,1296,14,2026-02-17,Google Ads,Qualified
9721,764,9,2026-02-17,官網,Qualified
5145,1356,3,2026-02-17,官網,Qualified
6512,3006,9,2026-02-17,官網,Lost
4038,818,35,2026-02-17,合作通路,Converted
5516,3412,9,2026-02-17,官網,Qualified
2336,2832,33,2026-02-17,Google Ads,New
8246,3248,29,2026-02-17,LINE,Converted
10769,1296,11,2026-02-17,Google Ads,Lost
7640,3248,15,2026-02-17,Google Ads,Converted
9543,1515,37,2026-02-17,Facebook Ads,Contacted
4150,1323,9,2026-02-18,官網,Qualified
6507,949,9,2026-02-18,官網,Converted
9538,140,9,2026-02-18,官網,Lost
8903,133,9,2026-02-18,官網,Qualified
9369,1072,35,2026-02-18,合作通路,New
422,2803,35,2026-02-18,合作通路,Converted
1824,1366,9,2026-02-18,官網,Contacted
5144,1718,9,2026-02-18,官網,Lost
3265,1431,35,2026-02-18,合作通路,Lost
10925,1421,1,2026-02-19,Facebook Ads,Qualified
2008,3927,9,2026-02-19,官網,Lost
4990,3647,9,2026-02-19,官網,Converted
9304,3507,30,2026-02-19,Google Ads,Contacted
9323,3841,28,2026-02-19,LINE,Converted
4104,1421,17,2026-02-19,Facebook Ads,New
10501,3841,39,2026-02-19,官網,Contacted
8548,3507,33,2026-02-19,Google Ads,New
2768,3841,27,2026-02-19,Google Ads,Converted
6811,700,9,2026-02-19,官網,Qualified
877,3841,31,2026-02-19,官網,Lost
9880,1421,32,2026-02-19,Google Ads,Lost
11923,3841,38,2026-02-19,Google Ads,New
10257,2815,36,2026-02-20,電話,Converted
6193,2599,9,2026-02-20,官網,Converted
4489,1760,9,2026-02-20,官網,New
1313,2815,32,2026-02-20,Google Ads,Converted
7183,2855,9,2026-02-20,官網,Qualified
9268,855,14,2026-02-20,Google Ads,Contacted
553,2416,32,2026-02-20,Google Ads,Converted
2143,2416,31,2026-02-20,官網,Qualified
3121,855,27,2026-02-20,Google Ads,Converted
9521,2416,10,2026-02-20,官網,Qualified
5098,2416,27,2026-02-20,Google Ads,Qualified
1775,2905,35,2026-02-21,合作通路,Lost
9481,1985,5,2026-02-21,Google Ads,Qualified
9065,1985,30,2026-02-21,Google Ads,New
695,147,5,2026-02-21,Google Ads,New
6691,1932,35,2026-02-21,合作通路,Qualified
677,1985,5,2026-02-21,Google Ads,Converted
8081,1649,10,2026-02-22,官網,Qualified
6488,1649,33,2026-02-22,Google Ads,Contacted
4063,1745,9,2026-02-22,官網,Contacted
11838,2814,9,2026-02-22,官網,Qualified
3314,1649,15,2026-02-22,Google Ads,New
4707,2137,9,2026-02-22,官網,Qualified
3972,1649,32,2026-02-22,Google Ads,Qualified
11126,1748,31,2026-02-22,官網,Converted
1943,257,9,2026-02-22,官網,New
2653,121,37,2026-02-22,Facebook Ads,Converted
2346,1649,29,2026-02-22,LINE,Contacted
6642,3255,35,2026-02-22,合作通路,Lost
4012,1649,33,2026-02-22,Google Ads,Lost
8947,3045,9,2026-02-23,官網,Qualified
5971,2817,35,2026-02-23,合作通路,Qualified
3970,2327,33,2026-02-23,Google Ads,Qualified
2261,1414,9,2026-02-23,官網,Converted
11616,3803,35,2026-02-23,合作通路,Qualified
3248,2327,3,2026-02-23,官網,Converted
9627,1672,12,2026-02-24,合作通路,Converted
11606,2571,35,2026-02-24,合作通路,New
756,728,35,2026-02-24,合作通路,Converted
8831,1672,37,2026-02-24,Facebook Ads,Qualified
7641,2514,34,2026-02-24,合作通路,New
2732,3603,11,2026-02-24,Google Ads,Converted
9100,1672,33,2026-02-24,Google Ads,New
9953,2514,33,2026-02-24,Google Ads,Converted
8901,933,37,2026-02-25,Facebook Ads,Contacted
3149,2435,35,2026-02-25,合作通路,Qualified
11517,157,33,2026-02-25,Google Ads,New
10031,2041,15,2026-02-25,Google Ads,Qualified
4635,933,26,2026-02-25,電話,Converted
7856,1361,3,2026-02-25,官網,Qualified
8427,826,5,2026-02-25,Google Ads,Contacted
9966,2041,25,2026-02-25,LINE,Lost
2273,826,11,2026-02-25,Google Ads,Lost
5274,3583,9,2026-02-25,官網,New
3246,826,17,2026-02-25,Facebook Ads,Contacted
7335,2041,37,2026-02-25,Facebook Ads,Contacted
9376,157,27,2026-02-25,Google Ads,Converted
2091,1529,9,2026-02-25,官網,Converted
3798,2041,5,2026-02-25,Google Ads,Converted
26,1178,9,2026-02-25,官網,Qualified
3322,1695,13,2026-02-25,電話,Qualified
6498,2041,15,2026-02-25,Google Ads,New
10731,3582,37,2026-02-26,Facebook Ads,New
7217,2520,25,2026-02-26,LINE,Qualified
340,3582,38,2026-02-26,Google Ads,Contacted
11630,2261,3,2026-02-26,官網,New
11865,450,35,2026-02-26,合作通路,Lost
7198,1670,9,2026-02-26,官網,Contacted
4677,3399,39,2026-02-26,官網,New
8582,1542,9,2026-02-26,官網,New
394,3290,9,2026-02-26,官網,Qualified
2562,2261,31,2026-02-26,官網,Lost
376,3399,10,2026-02-26,官網,Contacted
10907,2261,11,2026-02-26,Google Ads,Converted
5004,2261,8,2026-02-26,Referral,Lost
3757,2261,22,2026-02-26,Google Ads,Qualified
3190,3404,35,2026-02-26,合作通路,Contacted
2643,1182,9,2026-02-27,官網,Qualified
52,3598,9,2026-02-27,官網,Qualified
5301,2350,9,2026-02-27,官網,Qualified
6215,3002,9,2026-02-28,官網,Converted
9138,3451,10,2026-02-28,官網,Lost
8417,3625,9,2026-02-28,官網,New
8452,3451,5,2026-02-28,Google Ads,Contacted
11873,3679,8,2026-02-28,Referral,Converted
1875,2741,1,2026-02-28,Facebook Ads,Lost
5369,808,9,2026-02-28,官網,Converted
1081,2453,35,2026-02-28,合作通路,Converted
11326,2741,10,2026-02-28,官網,Converted
6330,3451,39,2026-02-28,官網,Contacted
11989,2440,9,2026-02-28,官網,Qualified
2900,3679,39,2026-02-28,官網,New
1466,3679,39,2026-02-28,官網,Qualified
11225,988,3,2026-03-01,官網,New
3126,3078,28,2026-03-01,LINE,New
5479,3405,9,2026-03-01,官網,New
6523,3240,35,2026-03-01,合作通路,New
11207,694,9,2026-03-01,官網,Lost
9026,988,33,2026-03-01,Google Ads,Converted
10412,2186,9,2026-03-01,官網,Converted
561,988,24,2026-03-01,Facebook Ads,Qualified
9077,1686,9,2026-03-01,官網,Converted
5782,988,33,2026-03-01,Google Ads,Qualified
129,1393,15,2026-03-01,Google Ads,Qualified
1140,988,36,2026-03-01,電話,Qualified
8166,3078,37,2026-03-01,Facebook Ads,New
8779,2389,9,2026-03-02,官網,Contacted
8799,223,5,2026-03-02,Google Ads,New
1029,2962,10,2026-03-02,官網,Lost
4629,223,20,2026-03-02,Facebook Ads,Qualified
2063,551,6,2026-03-02,Google Ads,Qualified
9975,572,21,2026-03-02,官網,Qualified
11480,3604,6,2026-03-02,Google Ads,Contacted
8773,1636,32,2026-03-02,Google Ads,Qualified
2569,1540,6,2026-03-02,Google Ads,Qualified
231,1144,35,2026-03-02,合作通路,Converted
2711,3089,9,2026-03-02,官網,Contacted
9497,415,30,2026-03-02,Google Ads,Lost
2801,1430,35,2026-03-02,合作通路,New
9166,430,6,2026-03-02,Google Ads,Qualified
821,752,6,2026-03-02,Google Ads,Lost
9178,859,6,2026-03-02,Google Ads,Lost
1246,223,28,2026-03-02,LINE,Qualified
3510,223,13,2026-03-02,電話,Qualified
5898,415,8,2026-03-02,Referral,Contacted
2847,2893,35,2026-03-02,合作通路,Converted
6490,223,31,2026-03-02,官網,Converted
6604,1308,6,2026-03-02,Google Ads,New
1310,2741,6,2026-03-02,Google Ads,Converted
3825,572,22,2026-03-02,Google Ads,Contacted
2591,3300,6,2026-03-02,Google Ads,Lost
3415,1293,9,2026-03-02,官網,Converted
1394,415,30,2026-03-02,Google Ads,Lost
7835,415,17,2026-03-02,Facebook Ads,Lost
6282,223,25,2026-03-02,LINE,Converted
7471,856,6,2026-03-03,Google Ads,Contacted
8800,2123,11,2026-03-03,Google Ads,Converted
6127,2123,30,2026-03-03,Google Ads,Contacted
379,646,6,2026-03-03,Google Ads,Lost
3074,2123,27,2026-03-03,Google Ads,New
2951,254,6,2026-03-03,Google Ads,Converted
11098,698,6,2026-03-03,Google Ads,Converted
1649,1096,9,2026-03-03,官網,Converted
1982,2601,6,2026-03-03,Google Ads,Contacted
7519,1923,35,2026-03-03,合作通路,Lost
8637,548,6,2026-03-03,Google Ads,Lost
10632,120,1,2026-03-03,Facebook Ads,Converted
4238,1067,9,2026-03-03,官網,Qualified
7057,3686,6,2026-03-03,Google Ads,Converted
1553,3021,6,2026-03-03,Google Ads,Converted
11589,1864,9,2026-03-03,官網,Contacted
5623,2168,6,2026-03-03,Google Ads,Contacted
8989,3513,6,2026-03-03,Google Ads,Converted
11791,3137,6,2026-03-03,Google Ads,Qualified
10544,1107,9,2026-03-03,官網,Converted
8290,2972,30,2026-03-04,Google Ads,New
3304,2136,10,2026-03-04,官網,Converted
775,3497,6,2026-03-04,Google Ads,Qualified
2706,3946,6,2026-03-04,Google Ads,New
2489,2136,36,2026-03-04,電話,Qualified
846,2136,3,2026-03-04,官網,Qualified
10546,2136,3,2026-03-04,官網,New
7732,2972,26,2026-03-04,電話,Contacted
6221,2303,6,2026-03-04,Google Ads,Converted
1295,3709,6,2026-03-04,Google Ads,Contacted
4093,2136,11,2026-03-04,Google Ads,Contacted
11141,932,9,2026-03-04,官網,Contacted
6988,2972,11,2026-03-04,Google Ads,Contacted
6378,3998,6,2026-03-04,Google Ads,Lost
3132,3594,6,2026-03-04,Google Ads,New
5087,3643,9,2026-03-04,官網,Converted
11921,2428,6,2026-03-04,Google Ads,Contacted
7279,1902,2,2026-03-04,合作通路,Lost
9670,3305,9,2026-03-04,官網,Contacted
5476,2972,3,2026-03-04,官網,Converted
1756,3599,6,2026-03-04,Google Ads,Converted
6409,3179,30,2026-03-05,Google Ads,Lost
3202,509,30,2026-03-05,Google Ads,Lost
8528,113,9,2026-03-05,官網,Lost
2097,509,25,2026-03-05,LINE,Converted
8702,3553,6,2026-03-05,Google Ads,Qualified
9602,3552,9,2026-03-05,官網,Converted
11859,1064,35,2026-03-05,合作通路,Converted
9426,85,9,2026-03-05,官網,Lost
6500,2729,9,2026-03-05,官網,Qualified
9234,509,34,2026-03-05,合作通路,New
6126,2272,35,2026-03-05,合作通路,Qualified
10147,1093,9,2026-03-05,官網,Contacted
1737,3179,34,2026-03-05,合作通路,Converted
2291,509,28,2026-03-05,LINE,Contacted
8297,509,28,2026-03-05,LINE,Lost
1166,1081,6,2026-03-05,Google Ads,Contacted
4325,1874,6,2026-03-05,Google Ads,Qualified
5965,3179,11,2026-03-05,Google Ads,Lost
508,2414,6,2026-03-05,Google Ads,Contacted
2254,1759,6,2026-03-05,Google Ads,Converted
2325,747,6,2026-03-05,Google Ads,Converted
3159,2875,6,2026-03-05,Google Ads,Converted
6627,1832,6,2026-03-05,Google Ads,Qualified
8101,3477,6,2026-03-05,Google Ads,Lost
10791,3362,35,2026-03-05,合作通路,Qualified
8918,956,6,2026-03-05,Google Ads,Qualified
1111,369,6,2026-03-05,Google Ads,Converted
7125,3801,3,2026-03-06,官網,New
8035,3210,35,2026-03-06,合作通路,Qualified
6941,3274,6,2026-03-06,Google Ads,New
6216,1769,6,2026-03-06,Google Ads,Lost
5779,2936,6,2026-03-06,Google Ads,Contacted
2553,1326,6,2026-03-06,Google Ads,Contacted
7117,2748,6,2026-03-06,Google Ads,Converted
386,2046,6,2026-03-06,Google Ads,Lost
853,3801,22,2026-03-06,Google Ads,New
3355,2718,22,2026-03-06,Google Ads,New
330,1782,27,2026-03-06,Google Ads,New
63,1278,6,2026-03-06,Google Ads,Converted
9812,3565,6,2026-03-06,Google Ads,Converted
9489,3801,38,2026-03-06,Google Ads,Contacted
4039,2108,29,2026-03-06,LINE,Lost
3607,2508,6,2026-03-06,Google Ads,Qualified
2565,3712,33,2026-03-06,Google Ads,New
8608,2108,27,2026-03-06,Google Ads,Contacted
1721,3801,26,2026-03-06,電話,Lost
5990,2529,6,2026-03-06,Google Ads,Qualified
438,1990,6,2026-03-06,Google Ads,Qualified
5973,1,6,2026-03-06,Google Ads,Converted
3679,1850,6,2026-03-06,Google Ads,Contacted
8220,1782,1,2026-03-06,Facebook Ads,Lost
2218,1782,14,2026-03-06,Google Ads,Lost
6668,2718,1,2026-03-06,Facebook Ads,New
9288,3270,6,2026-03-06,Google Ads,Qualified
2705,64,9,2026-03-06,官網,Qualified
8912,508,9,2026-03-07,官網,Converted
9270,1933,14,2026-03-07,Google Ads,Lost
10673,212,22,2026-03-07,Google Ads,Converted
7513,2348,15,2026-03-07,Google Ads,Contacted
10959,1933,32,2026-03-07,Google Ads,Qualified
8559,949,9,2026-03-07,官網,Converted
4915,2244,17,2026-03-07,Facebook Ads,New
7241,3218,6,2026-03-07,Google Ads,Lost
728,1243,6,2026-03-07,Google Ads,New
5696,212,14,2026-03-07,Google Ads,Qualified
8817,2348,36,2026-03-07,電話,Qualified
8418,2348,25,2026-03-07,LINE,Converted
10095,895,6,2026-03-07,Google Ads,New
3656,1933,22,2026-03-07,Google Ads,Converted
5804,3802,6,2026-03-07,Google Ads,Qualified
10072,679,6,2026-03-07,Google Ads,Contacted
10737,2303,9,2026-03-07,官網,Converted
11987,1730,27,2026-03-07,Google Ads,Qualified
9476,2558,6,2026-03-07,Google Ads,Converted
7734,1283,6,2026-03-07,Google Ads,Contacted
5113,1933,12,2026-03-07,合作通路,New
4940,1782,6,2026-03-07,Google Ads,Contacted
1710,212,20,2026-03-07,Facebook Ads,Converted
4344,3537,6,2026-03-08,Google Ads,New
9814,1888,9,2026-03-08,官網,Converted
4685,3480,9,2026-03-08,官網,Lost
2561,996,35,2026-03-08,合作通路,Qualified
7393,3312,6,2026-03-08,Google Ads,Converted
9389,3649,11,2026-03-08,Google Ads,New
95,1520,9,2026-03-08,官網,New
8908,2744,20,2026-03-08,Facebook Ads,Converted
2269,2744,40,2026-03-08,Facebook Ads,Contacted
2380,898,6,2026-03-08,Google Ads,Converted
990,3600,6,2026-03-08,Google Ads,Qualified
2657,3719,6,2026-03-08,Google Ads,Qualified
10469,81,6,2026-03-08,Google Ads,Contacted
4902,531,11,2026-03-08,Google Ads,Contacted
7643,3649,21,2026-03-08,官網,Qualified
7246,531,39,2026-03-08,官網,Converted
7696,3649,29,2026-03-08,LINE,New
8422,1526,27,2026-03-08,Google Ads,Contacted
6730,1663,6,2026-03-08,Google Ads,Contacted
2972,531,17,2026-03-08,Facebook Ads,Converted
8181,1526,15,2026-03-08,Google Ads,Converted
5546,2744,38,2026-03-08,Google Ads,Converted
10135,1526,39,2026-03-08,官網,Contacted
1529,1687,6,2026-03-08,Google Ads,Contacted
8571,2744,33,2026-03-08,Google Ads,Lost
1906,3649,22,2026-03-08,Google Ads,Qualified
1570,2744,34,2026-03-08,合作通路,Converted
4776,2432,6,2026-03-08,Google Ads,Contacted
6187,3315,35,2026-03-08,合作通路,Contacted
2709,763,15,2026-03-09,Google Ads,Qualified
8340,1639,9,2026-03-09,官網,Contacted
8016,1598,9,2026-03-09,官網,New
1399,763,28,2026-03-09,LINE,Converted
4290,3620,6,2026-03-09,Google Ads,Contacted
6481,3147,36,2026-03-09,電話,Contacted
11192,3147,17,2026-03-09,Facebook Ads,Converted
4550,657,6,2026-03-09,Google Ads,Contacted
9733,1492,11,2026-03-09,Google Ads,New
6017,1492,5,2026-03-09,Google Ads,Contacted
3651,3082,9,2026-03-09,官網,Contacted
3569,2057,9,2026-03-09,官網,Qualified
4026,2181,6,2026-03-09,Google Ads,Qualified
9923,1492,28,2026-03-09,LINE,Contacted
9754,3559,9,2026-03-09,官網,New
10213,3147,5,2026-03-09,Google Ads,Converted
1861,1265,9,2026-03-09,官網,New
1300,1492,24,2026-03-09,Facebook Ads,Qualified
8534,46,35,2026-03-09,合作通路,Contacted
9227,3147,33,2026-03-09,Google Ads,Converted
6854,1291,9,2026-03-10,官網,Contacted
6238,1625,20,2026-03-10,Facebook Ads,Contacted
11131,2150,9,2026-03-10,官網,Contacted
5559,2064,27,2026-03-10,Google Ads,Qualified
9371,1944,9,2026-03-10,官網,Contacted
2902,979,9,2026-03-10,官網,Converted
4853,2740,9,2026-03-10,官網,Contacted
4732,1625,13,2026-03-10,電話,Qualified
3125,3190,1,2026-03-10,Facebook Ads,Contacted
4347,123,6,2026-03-10,Google Ads,Lost
10935,2064,21,2026-03-10,官網,Converted
1925,3479,35,2026-03-10,合作通路,Lost
6008,2064,38,2026-03-10,Google Ads,Contacted
11373,1388,6,2026-03-11,Google Ads,Qualified
5455,820,24,2026-03-11,Facebook Ads,Contacted
2875,260,9,2026-03-11,官網,New
2413,2338,11,2026-03-11,Google Ads,New
1670,1382,6,2026-03-11,Google Ads,Converted
10500,2338,39,2026-03-11,官網,New
8335,672,35,2026-03-11,合作通路,Converted
4883,3376,6,2026-03-11,Google Ads,Contacted
2381,783,6,2026-03-11,Google Ads,Converted
3107,2338,31,2026-03-11,官網,Contacted
3331,820,28,2026-03-11,LINE,New
1960,1400,35,2026-03-11,合作通路,Qualified
4020,1325,40,2026-03-12,Facebook Ads,Contacted
1379,3115,37,2026-03-12,Facebook Ads,Qualified
9063,1078,9,2026-03-12,官網,Converted
8006,758,37,2026-03-12,Facebook Ads,Qualified
5188,3115,37,2026-03-12,Facebook Ads,Contacted
8131,1285,9,2026-03-12,官網,Lost
6625,2205,6,2026-03-12,Google Ads,Lost
1005,2297,6,2026-03-12,Google Ads,Qualified
7560,3186,6,2026-03-12,Google Ads,Contacted
9292,3115,32,2026-03-12,Google Ads,Qualified
9840,1563,6,2026-03-12,Google Ads,Qualified
1342,3104,11,2026-03-12,Google Ads,New
9854,758,25,2026-03-12,LINE,Converted
3514,2617,6,2026-03-12,Google Ads,Lost
9856,3104,11,2026-03-12,Google Ads,Lost
211,3364,32,2026-03-12,Google Ads,New
7858,1325,40,2026-03-12,Facebook Ads,Lost
2146,3011,6,2026-03-12,Google Ads,Qualified
4870,2918,6,2026-03-12,Google Ads,Qualified
969,758,25,2026-03-12,LINE,Contacted
11246,3337,9,2026-03-12,官網,Converted
7932,3827,9,2026-03-12,官網,New
1195,3115,39,2026-03-12,官網,Lost
5238,1099,29,2026-03-13,LINE,Lost
4580,3639,20,2026-03-13,Facebook Ads,New
6955,3974,6,2026-03-13,Google Ads,Converted
8104,2618,39,2026-03-13,官網,Lost
3832,638,6,2026-03-13,Google Ads,Lost
7237,2618,28,2026-03-13,LINE,Lost
9255,1782,9,2026-03-13,官網,Contacted
2542,2570,9,2026-03-13,官網,Converted
3327,1823,6,2026-03-13,Google Ads,New
1684,1562,6,2026-03-13,Google Ads,New
11761,3639,24,2026-03-13,Facebook Ads,Qualified
11343,2618,33,2026-03-13,Google Ads,Qualified
5716,1099,14,2026-03-13,Google Ads,Qualified
11529,1099,32,2026-03-13,Google Ads,Contacted
760,1153,35,2026-03-13,合作通路,Qualified
1408,3097,6,2026-03-13,Google Ads,Lost
5960,3502,6,2026-03-13,Google Ads,Qualified
127,1139,6,2026-03-13,Google Ads,New
8600,3639,20,2026-03-13,Facebook Ads,Lost
5909,734,40,2026-03-13,Facebook Ads,Contacted
11736,1099,31,2026-03-13,官網,Lost
11745,625,6,2026-03-13,Google Ads,Converted
11494,1360,35,2026-03-13,合作通路,Qualified
5723,1718,6,2026-03-13,Google Ads,Qualified
4815,2590,9,2026-03-13,官網,Qualified
4818,3856,6,2026-03-14,Google Ads,Contacted
8931,3726,33,2026-03-14,Google Ads,Contacted
9273,2607,29,2026-03-14,LINE,Converted
6366,2607,36,2026-03-14,電話,Converted
5412,3726,27,2026-03-14,Google Ads,Lost
3319,106,6,2026-03-14,Google Ads,Contacted
1741,742,6,2026-03-14,Google Ads,Qualified
10809,3953,9,2026-03-14,官網,Contacted
2690,2225,33,2026-03-14,Google Ads,New
738,2015,6,2026-03-14,Google Ads,Contacted
1470,692,9,2026-03-14,官網,Qualified
4426,3194,33,2026-03-14,Google Ads,Converted
8370,2413,5,2026-03-14,Google Ads,Lost
10827,2413,15,2026-03-14,Google Ads,Converted
11621,2413,32,2026-03-14,Google Ads,Contacted
5052,224,6,2026-03-14,Google Ads,Qualified
6806,1206,6,2026-03-14,Google Ads,Contacted
11133,2225,10,2026-03-14,官網,Converted
11144,1159,9,2026-03-14,官網,New
4057,3253,6,2026-03-15,Google Ads,New
6349,3381,12,2026-03-15,合作通路,Converted
7663,1380,9,2026-03-15,官網,New
1893,2225,6,2026-03-15,Google Ads,Converted
2540,1066,9,2026-03-15,官網,Qualified
7143,1481,9,2026-03-15,官網,Converted
3819,3953,6,2026-03-15,Google Ads,Converted
1683,3381,20,2026-03-15,Facebook Ads,Lost
6833,3381,30,2026-03-15,Google Ads,Contacted
3375,2349,6,2026-03-15,Google Ads,Qualified
3447,3239,6,2026-03-15,Google Ads,New
10502,3381,15,2026-03-15,Google Ads,Converted
8333,2583,6,2026-03-15,Google Ads,Qualified
6788,2122,6,2026-03-15,Google Ads,Contacted
2096,1252,35,2026-03-15,合作通路,Lost
9888,1452,6,2026-03-15,Google Ads,Lost
4499,3381,27,2026-03-15,Google Ads,Lost
11183,2213,6,2026-03-15,Google Ads,Contacted
10261,526,24,2026-03-16,Facebook Ads,Qualified
9556,1098,6,2026-03-16,Google Ads,Contacted
7414,2746,6,2026-03-16,Google Ads,New
612,1333,6,2026-03-16,Google Ads,New
5103,1122,25,2026-03-16,LINE,New
2892,3228,24,2026-03-16,Facebook Ads,Converted
10367,128,6,2026-03-16,Google Ads,Lost
8139,3060,32,2026-03-16,Google Ads,Qualified
10868,526,1,2026-03-16,Facebook Ads,Contacted
10607,1122,20,2026-03-16,Facebook Ads,Qualified
5262,1614,6,2026-03-16,Google Ads,New
10199,3228,22,2026-03-16,Google Ads,Qualified
6472,3537,6,2026-03-16,Google Ads,Lost
1421,1626,10,2026-03-16,官網,Qualified
8694,188,15,2026-03-16,Google Ads,Contacted
3442,188,32,2026-03-16,Google Ads,New
8686,1626,36,2026-03-16,電話,Qualified
3476,3137,6,2026-03-16,Google Ads,New
451,3417,9,2026-03-16,官網,Lost
2169,526,29,2026-03-16,LINE,Lost
9235,188,1,2026-03-16,Facebook Ads,New
7901,3303,25,2026-03-16,LINE,Converted
1442,3157,38,2026-03-16,Google Ads,Lost
4525,1042,6,2026-03-16,Google Ads,Qualified
4079,2650,9,2026-03-16,官網,Lost
3982,170,6,2026-03-16,Google Ads,Qualified
6382,3228,32,2026-03-16,Google Ads,New
6675,911,5,2026-03-16,Google Ads,Contacted
9540,3303,36,2026-03-16,電話,Qualified
8230,3060,32,2026-03-16,Google Ads,Contacted
7764,1122,31,2026-03-16,官網,Contacted
1648,1072,6,2026-03-16,Google Ads,Contacted
11907,3497,9,2026-03-16,官網,New
2568,3157,14,2026-03-16,Google Ads,Contacted
1209,3060,27,2026-03-16,Google Ads,Qualified
4801,3060,5,2026-03-16,Google Ads,Contacted
1250,3303,28,2026-03-16,LINE,New
861,242,9,2026-03-17,官網,Qualified
7886,1319,6,2026-03-17,Google Ads,Contacted
5805,3868,33,2026-03-17,Google Ads,New
9607,2926,6,2026-03-17,Google Ads,New
10380,2364,9,2026-03-17,官網,Contacted
3179,2262,6,2026-03-17,Google Ads,New
9660,1964,6,2026-03-17,Google Ads,Contacted
6716,3868,3,2026-03-17,官網,Qualified
9298,1768,6,2026-03-17,Google Ads,Contacted
2937,1219,9,2026-03-17,官網,Lost
117,794,6,2026-03-17,Google Ads,New
3496,2478,22,2026-03-17,Google Ads,Contacted
445,2416,6,2026-03-17,Google Ads,Qualified
8265,2786,6,2026-03-17,Google Ads,Contacted
1057,596,9,2026-03-17,官網,New
3276,1870,6,2026-03-17,Google Ads,Qualified
1385,3868,29,2026-03-17,LINE,Converted
7987,3717,9,2026-03-17,官網,Qualified
6156,1370,15,2026-03-18,Google Ads,Contacted
2978,3295,15,2026-03-18,Google Ads,Converted
1703,1370,10,2026-03-18,官網,Qualified
2066,2837,35,2026-03-18,合作通路,Qualified
1406,1370,11,2026-03-18,Google Ads,Qualified
6101,3295,37,2026-03-18,Facebook Ads,New
10742,1155,9,2026-03-18,官網,Converted
8233,3925,6,2026-03-18,Google Ads,Converted
4055,1888,9,2026-03-18,官網,Qualified
9429,1752,21,2026-03-18,官網,Converted
10676,3835,9,2026-03-18,官網,Lost
7261,1752,27,2026-03-18,Google Ads,New
3268,1893,25,2026-03-18,LINE,New
5520,1370,20,2026-03-18,Facebook Ads,New
3131,3835,6,2026-03-18,Google Ads,Converted
7156,968,6,2026-03-18,Google Ads,Converted
10265,2690,6,2026-03-18,Google Ads,Converted
7653,3295,38,2026-03-18,Google Ads,New
3954,1752,5,2026-03-18,Google Ads,Contacted
10284,2226,6,2026-03-18,Google Ads,Lost
10580,2022,6,2026-03-18,Google Ads,New
7302,1893,21,2026-03-18,官網,Lost
1242,3820,9,2026-03-18,官網,Converted
5613,2771,6,2026-03-18,Google Ads,Lost
4824,1893,33,2026-03-18,Google Ads,Converted
4494,1605,6,2026-03-18,Google Ads,Converted
1675,859,35,2026-03-18,合作通路,Qualified
8641,2591,6,2026-03-18,Google Ads,New
1565,1121,6,2026-03-18,Google Ads,New
2984,2570,6,2026-03-18,Google Ads,Converted
8325,1893,13,2026-03-18,電話,Qualified
11092,3971,35,2026-03-18,合作通路,New
4310,663,9,2026-03-18,官網,Contacted
9330,619,6,2026-03-19,Google Ads,New
9853,2933,13,2026-03-19,電話,New
9397,3740,15,2026-03-19,Google Ads,New
6793,2356,33,2026-03-19,Google Ads,Qualified
9163,1684,9,2026-03-19,官網,Contacted
9849,3655,36,2026-03-19,電話,Qualified
2746,388,9,2026-03-19,官網,Contacted
6121,3655,39,2026-03-19,官網,Contacted
1279,2356,26,2026-03-19,電話,Converted
9528,1876,38,2026-03-19,Google Ads,New
7410,258,12,2026-03-19,合作通路,Converted
6470,875,9,2026-03-19,官網,Qualified
74,3084,6,2026-03-19,Google Ads,Qualified
3320,3554,9,2026-03-19,官網,New
3542,1392,6,2026-03-19,Google Ads,New
1674,1502,6,2026-03-19,Google Ads,Contacted
6655,143,40,2026-03-19,Facebook Ads,Contacted
8805,2933,24,2026-03-19,Facebook Ads,Lost
7655,3740,1,2026-03-19,Facebook Ads,New
8981,272,1,2026-03-19,Facebook Ads,New
6645,258,27,2026-03-19,Google Ads,New
1806,659,9,2026-03-19,官網,Converted
11064,321,6,2026-03-19,Google Ads,Contacted
8295,3855,9,2026-03-19,官網,Contacted
3735,258,27,2026-03-19,Google Ads,Lost
10051,2886,6,2026-03-19,Google Ads,Qualified
9787,2356,38,2026-03-19,Google Ads,Converted
5684,3655,22,2026-03-19,Google Ads,Converted
3783,272,15,2026-03-19,Google Ads,Converted
10329,1876,30,2026-03-19,Google Ads,Qualified
2012,2933,13,2026-03-19,電話,Qualified
5731,1845,6,2026-03-19,Google Ads,Lost
3766,143,14,2026-03-19,Google Ads,Lost
8023,975,6,2026-03-19,Google Ads,New
328,272,28,2026-03-19,LINE,Converted
5379,1935,6,2026-03-19,Google Ads,Qualified
4053,2497,6,2026-03-19,Google Ads,Converted
5464,272,10,2026-03-19,官網,New
11544,3655,11,2026-03-19,Google Ads,New
8275,3655,30,2026-03-19,Google Ads,Qualified
1945,2067,35,2026-03-19,合作通路,Qualified
8432,3740,36,2026-03-19,電話,Contacted
3688,3740,33,2026-03-19,Google Ads,Lost
3629,1355,35,2026-03-19,合作通路,New
11848,3457,6,2026-03-19,Google Ads,Contacted
9767,143,20,2026-03-19,Facebook Ads,Converted
6672,3411,6,2026-03-19,Google Ads,Contacted
6721,2356,9,2026-03-20,官網,Converted
7654,1894,6,2026-03-20,Google Ads,Qualified
10216,194,9,2026-03-20,官網,New
8560,553,6,2026-03-20,Google Ads,Contacted
7569,126,6,2026-03-20,Google Ads,Converted
309,3868,6,2026-03-20,Google Ads,Converted
11054,876,6,2026-03-20,Google Ads,Converted
1477,2356,6,2026-03-20,Google Ads,Qualified
5518,312,9,2026-03-20,官網,Contacted
2621,1221,35,2026-03-20,合作通路,Converted
6033,2967,35,2026-03-20,合作通路,Contacted
7888,3160,33,2026-03-20,Google Ads,Qualified
5911,800,3,2026-03-20,官網,Converted
9700,2122,6,2026-03-20,Google Ads,Contacted
678,161,33,2026-03-20,Google Ads,New
9718,3160,27,2026-03-20,Google Ads,Converted
5136,800,33,2026-03-20,Google Ads,Contacted
9430,126,6,2026-03-20,Google Ads,Contacted
3619,1448,6,2026-03-20,Google Ads,Converted
5959,2355,9,2026-03-20,官網,Qualified
5754,1741,9,2026-03-20,官網,New
3614,3795,6,2026-03-20,Google Ads,Qualified
3406,3742,6,2026-03-20,Google Ads,New
11756,2715,30,2026-03-20,Google Ads,New
6208,3160,8,2026-03-20,Referral,Qualified
3020,1842,9,2026-03-21,官網,New
9368,3508,6,2026-03-21,Google Ads,Qualified
8933,1085,17,2026-03-21,Facebook Ads,Lost
6344,2031,6,2026-03-21,Google Ads,Contacted
1743,2780,9,2026-03-21,官網,New
7790,1085,36,2026-03-21,電話,New
7184,715,9,2026-03-21,官網,Contacted
5534,973,35,2026-03-21,合作通路,Contacted
8766,788,6,2026-03-21,Google Ads,Contacted
9108,2275,6,2026-03-21,Google Ads,Qualified
11279,2351,6,2026-03-21,Google Ads,Qualified
7950,1085,14,2026-03-21,Google Ads,Contacted
10425,2021,9,2026-03-21,官網,Converted
8808,3924,9,2026-03-21,官網,Converted
8818,2017,37,2026-03-21,Facebook Ads,Contacted
9727,1294,6,2026-03-21,Google Ads,New
5649,2017,28,2026-03-21,LINE,Converted
9606,1099,9,2026-03-21,官網,Contacted
885,3522,6,2026-03-21,Google Ads,Contacted
1476,1169,29,2026-03-21,LINE,Lost
7662,1085,28,2026-03-21,LINE,Converted
8389,201,12,2026-03-21,合作通路,New
3472,178,9,2026-03-21,官網,Converted
4673,1331,31,2026-03-21,官網,Contacted
5109,3055,9,2026-03-21,官網,Converted
4438,1169,9,2026-03-21,官網,Converted
10360,2524,20,2026-03-22,Facebook Ads,Lost
11875,3817,6,2026-03-22,Google Ads,New
2722,1826,9,2026-03-22,官網,Qualified
10166,2524,5,2026-03-22,Google Ads,Lost
3333,2524,17,2026-03-22,Facebook Ads,Converted
5030,2524,5,2026-03-22,Google Ads,Contacted
271,3902,6,2026-03-22,Google Ads,Contacted
11040,1648,9,2026-03-22,官網,Contacted
1547,3590,6,2026-03-22,Google Ads,Lost
4216,1983,6,2026-03-22,Google Ads,Lost
4633,672,6,2026-03-22,Google Ads,Contacted
1481,392,6,2026-03-22,Google Ads,Contacted
1835,3257,6,2026-03-22,Google Ads,Qualified
1030,3756,6,2026-03-22,Google Ads,Converted
5752,1722,6,2026-03-22,Google Ads,Converted
10302,2858,6,2026-03-22,Google Ads,Converted
1704,2524,30,2026-03-22,Google Ads,New
7890,2524,33,2026-03-22,Google Ads,Lost
10696,3400,6,2026-03-22,Google Ads,Converted
10689,512,6,2026-03-22,Google Ads,Converted
10666,3182,26,2026-03-22,電話,New
2212,3038,6,2026-03-22,Google Ads,Qualified
2141,2989,6,2026-03-22,Google Ads,New
1474,2949,33,2026-03-23,Google Ads,Contacted
9841,840,16,2026-03-23,Google Ads,Lost
4546,3655,6,2026-03-23,Google Ads,Converted
9855,3780,16,2026-03-23,Google Ads,Qualified
4454,879,6,2026-03-23,Google Ads,Qualified
4343,2744,6,2026-03-23,Google Ads,Qualified
5569,832,16,2026-03-23,Google Ads,Converted
10022,2708,15,2026-03-23,Google Ads,Converted
8105,975,6,2026-03-23,Google Ads,Contacted
1829,1452,6,2026-03-23,Google Ads,Contacted
1827,2949,39,2026-03-23,官網,Converted
5796,2753,35,2026-03-23,合作通路,Contacted
11937,1730,35,2026-03-23,合作通路,Lost
1780,2544,16,2026-03-23,Google Ads,Contacted
8011,339,16,2026-03-23,Google Ads,New
7918,2708,5,2026-03-23,Google Ads,New
2089,3025,6,2026-03-23,Google Ads,Contacted
4158,3095,16,2026-03-23,Google Ads,New
7367,2949,30,2026-03-23,Google Ads,Converted
2478,3338,35,2026-03-23,合作通路,Qualified
504,1968,6,2026-03-23,Google Ads,Lost
1308,1873,6,2026-03-23,Google Ads,Converted
4090,2949,39,2026-03-23,官網,Qualified
11824,451,35,2026-03-23,合作通路,Converted
2372,1030,16,2026-03-23,Google Ads,Contacted
2301,1719,6,2026-03-23,Google Ads,New
3784,1049,6,2026-03-24,Google Ads,Lost
2909,684,14,2026-03-24,Google Ads,Converted
2992,3475,6,2026-03-24,Google Ads,Qualified
3874,367,6,2026-03-24,Google Ads,Contacted
8103,1731,33,2026-03-24,Google Ads,Converted
10128,3471,16,2026-03-24,Google Ads,Qualified
8476,425,24,2026-03-24,Facebook Ads,Contacted
9317,560,6,2026-03-24,Google Ads,New
6780,677,13,2026-03-24,電話,Lost
11895,684,8,2026-03-24,Referral,Lost
9251,684,39,2026-03-24,官網,Converted
10384,2649,16,2026-03-24,Google Ads,New
8296,1721,16,2026-03-24,Google Ads,Contacted
7893,290,6,2026-03-24,Google Ads,Converted
10274,203,38,2026-03-24,Google Ads,Converted
1149,526,16,2026-03-24,Google Ads,Contacted
11832,1732,6,2026-03-24,Google Ads,Lost
10841,1755,16,2026-03-24,Google Ads,Qualified
3981,851,16,2026-03-24,Google Ads,Converted
421,1843,35,2026-03-24,合作通路,Qualified
4356,1731,28,2026-03-24,LINE,New
4081,684,24,2026-03-24,Facebook Ads,Lost
6023,1860,16,2026-03-24,Google Ads,Lost
7719,2790,21,2026-03-25,官網,Converted
726,2541,16,2026-03-25,Google Ads,New
2677,2790,37,2026-03-25,Facebook Ads,Contacted
8301,360,35,2026-03-25,合作通路,Contacted
6528,2500,16,2026-03-25,Google Ads,Qualified
6066,2204,35,2026-03-25,合作通路,Qualified
2456,1527,26,2026-03-25,電話,Converted
3532,2870,6,2026-03-25,Google Ads,Lost
6189,2527,5,2026-03-25,Google Ads,Contacted
6262,3059,16,2026-03-25,Google Ads,New
8141,2912,5,2026-03-25,Google Ads,Lost
9209,3997,35,2026-03-25,合作通路,Contacted
5295,779,9,2026-03-25,官網,Contacted
10336,2,35,2026-03-25,合作通路,Lost
11047,2912,39,2026-03-25,官網,Converted
9747,2146,35,2026-03-25,合作通路,Lost
7111,1527,31,2026-03-25,官網,Lost
4648,779,27,2026-03-25,Google Ads,Contacted
7808,2654,16,2026-03-25,Google Ads,Contacted
3002,1628,6,2026-03-25,Google Ads,Contacted
6821,2527,11,2026-03-25,Google Ads,Contacted
11401,1527,26,2026-03-25,電話,Lost
4893,2527,28,2026-03-25,LINE,Qualified
11574,1527,14,2026-03-25,Google Ads,Contacted
6186,3238,6,2026-03-26,Google Ads,Lost
4349,2103,6,2026-03-26,Google Ads,Qualified
2592,1834,6,2026-03-26,Google Ads,Contacted
5889,3147,6,2026-03-26,Google Ads,Qualified
4442,1148,16,2026-03-26,Google Ads,New
7525,3964,37,2026-03-26,Facebook Ads,Contacted
6012,2815,6,2026-03-26,Google Ads,New
11558,3700,6,2026-03-26,Google Ads,Qualified
11470,3210,16,2026-03-26,Google Ads,Contacted
8892,306,16,2026-03-26,Google Ads,Converted
11559,608,5,2026-03-26,Google Ads,Converted
8688,2485,38,2026-03-26,Google Ads,Qualified
7686,608,9,2026-03-26,官網,New
3966,3996,35,2026-03-26,合作通路,New
2805,589,30,2026-03-26,Google Ads,New
6198,2807,16,2026-03-26,Google Ads,Converted
1063,3964,9,2026-03-26,官網,Converted
991,2999,6,2026-03-26,Google Ads,Contacted
6714,2192,6,2026-03-26,Google Ads,Contacted
8395,2912,35,2026-03-26,合作通路,New
9931,1085,6,2026-03-26,Google Ads,Qualified
892,3250,16,2026-03-26,Google Ads,Lost
9359,3165,16,2026-03-26,Google Ads,Lost
2990,3962,16,2026-03-26,Google Ads,Contacted
6351,589,15,2026-03-26,Google Ads,Converted
3546,3964,17,2026-03-26,Facebook Ads,Qualified
11872,3964,33,2026-03-26,Google Ads,Contacted
8592,3964,15,2026-03-26,Google Ads,Qualified
2444,2440,16,2026-03-26,Google Ads,Converted
11668,3175,16,2026-03-26,Google Ads,Contacted
2866,3406,25,2026-03-26,LINE,Qualified
3950,3406,40,2026-03-26,Facebook Ads,Qualified
8346,2485,1,2026-03-26,Facebook Ads,Qualified
1259,608,13,2026-03-26,電話,Converted
3361,704,6,2026-03-27,Google Ads,Qualified
7309,941,35,2026-03-27,合作通路,Qualified
4201,3499,16,2026-03-27,Google Ads,Contacted
9194,3203,6,2026-03-27,Google Ads,New
10428,2922,16,2026-03-27,Google Ads,Qualified
4949,2446,6,2026-03-27,Google Ads,Qualified
9893,2608,6,2026-03-27,Google Ads,New
4617,433,6,2026-03-27,Google Ads,Converted
7690,3434,16,2026-03-28,Google Ads,Converted
720,1039,1,2026-03-28,Facebook Ads,Converted
9431,2658,6,2026-03-28,Google Ads,Qualified
8628,2315,16,2026-03-28,Google Ads,Converted
9382,1052,14,2026-03-28,Google Ads,New
1182,3844,8,2026-03-28,Referral,Qualified
8495,210,22,2026-03-28,Google Ads,Converted
6140,392,6,2026-03-28,Google Ads,Converted
5014,210,20,2026-03-28,Facebook Ads,New
10379,2242,6,2026-03-28,Google Ads,Qualified
6506,2001,6,2026-03-28,Google Ads,Qualified
11053,3844,20,2026-03-28,Facebook Ads,Contacted
6897,3783,6,2026-03-28,Google Ads,Lost
6465,1249,6,2026-03-28,Google Ads,Qualified
11627,3844,2,2026-03-28,合作通路,Qualified
10357,1039,35,2026-03-28,合作通路,New
3562,2739,6,2026-03-28,Google Ads,New
3985,1081,6,2026-03-28,Google Ads,Lost
2378,979,35,2026-03-28,合作通路,Converted
3189,2800,6,2026-03-28,Google Ads,Contacted
2975,1052,33,2026-03-28,Google Ads,New
134,210,8,2026-03-28,Referral,Lost
4705,210,3,2026-03-28,官網,Contacted
2744,1039,26,2026-03-28,電話,Qualified
272,3228,6,2026-03-28,Google Ads,Qualified
8649,31,31,2026-03-29,官網,New
9038,323,16,2026-03-29,Google Ads,Qualified
5437,712,22,2026-03-29,Google Ads,Qualified
9990,2258,6,2026-03-29,Google Ads,New
5440,3873,16,2026-03-29,Google Ads,Converted
5359,3116,16,2026-03-29,Google Ads,Contacted
10589,3932,6,2026-03-29,Google Ads,Contacted
280,2922,6,2026-03-29,Google Ads,Converted
2994,1404,33,2026-03-29,Google Ads,Lost
8882,1404,21,2026-03-29,官網,Qualified
253,3045,16,2026-03-29,Google Ads,New
4049,1739,16,2026-03-29,Google Ads,New
9579,712,39,2026-03-29,官網,Lost
2889,3137,6,2026-03-29,Google Ads,Qualified
10473,2421,6,2026-03-29,Google Ads,New
1298,925,5,2026-03-29,Google Ads,Qualified
6990,1404,15,2026-03-29,Google Ads,Qualified
11633,1404,31,2026-03-29,官網,Converted
187,1571,6,2026-03-29,Google Ads,Contacted
11405,3951,16,2026-03-29,Google Ads,Contacted
2471,31,40,2026-03-29,Facebook Ads,Contacted
9690,183,16,2026-03-29,Google Ads,New
5199,3116,33,2026-03-29,Google Ads,New
1574,2077,16,2026-03-29,Google Ads,Contacted
8670,2541,6,2026-03-29,Google Ads,Contacted
8171,2044,6,2026-03-29,Google Ads,Converted
5776,1404,33,2026-03-29,Google Ads,Lost
1141,1760,6,2026-03-29,Google Ads,New
3952,583,16,2026-03-29,Google Ads,Converted
11863,3883,6,2026-03-29,Google Ads,New
1772,712,9,2026-03-29,官網,Qualified
1749,1404,2,2026-03-29,合作通路,Converted
11553,680,6,2026-03-29,Google Ads,Lost
3305,925,40,2026-03-29,Facebook Ads,New
732,3413,6,2026-03-29,Google Ads,Converted
10162,1404,28,2026-03-29,LINE,Contacted
10126,791,6,2026-03-29,Google Ads,Qualified
10765,2350,6,2026-03-30,Google Ads,Qualified
6513,194,16,2026-03-30,Google Ads,Contacted
6011,553,6,2026-03-30,Google Ads,Qualified
6908,2437,6,2026-03-30,Google Ads,New
9868,1800,22,2026-03-30,Google Ads,Contacted
390,2975,6,2026-03-30,Google Ads,Converted
11170,645,38,2026-03-30,Google Ads,Contacted
2658,3858,16,2026-03-30,Google Ads,New
2927,393,6,2026-03-30,Google Ads,New
4665,2059,16,2026-03-30,Google Ads,Converted
7409,1800,17,2026-03-30,Facebook Ads,New
5207,929,6,2026-03-30,Google Ads,New
11155,1965,16,2026-03-30,Google Ads,New
1852,2683,6,2026-03-30,Google Ads,Qualified
9034,1621,16,2026-03-30,Google Ads,Lost
2327,841,6,2026-03-30,Google Ads,Contacted
10354,1714,6,2026-03-30,Google Ads,Contacted
277,3139,6,2026-03-30,Google Ads,Converted
3299,645,33,2026-03-30,Google Ads,Qualified
3833,41,6,2026-03-30,Google Ads,Qualified
4923,3029,12,2026-03-31,合作通路,Qualified
10263,1831,29,2026-03-31,LINE,Contacted
9684,1826,6,2026-03-31,Google Ads,New
1764,1831,11,2026-03-31,Google Ads,Converted
11035,2910,6,2026-03-31,Google Ads,New
8990,3029,36,2026-03-31,電話,Converted
1251,2453,6,2026-03-31,Google Ads,Qualified
11757,1107,6,2026-03-31,Google Ads,Qualified
8520,327,16,2026-03-31,Google Ads,Qualified
4178,2906,6,2026-03-31,Google Ads,Qualified
7516,375,6,2026-03-31,Google Ads,Contacted
518,586,6,2026-03-31,Google Ads,Qualified
5813,1177,6,2026-03-31,Google Ads,Converted
3818,2420,6,2026-03-31,Google Ads,Contacted
11765,3029,21,2026-03-31,官網,Converted
4251,2598,33,2026-03-31,Google Ads,Converted
2509,2949,16,2026-03-31,Google Ads,New
8635,1831,14,2026-03-31,Google Ads,Lost
11565,547,6,2026-03-31,Google Ads,New
3860,3538,16,2026-03-31,Google Ads,New
7490,1354,6,2026-04-01,Google Ads,New
2150,3778,6,2026-04-01,Google Ads,Contacted
8190,1288,37,2026-04-01,Facebook Ads,Contacted
5583,1372,6,2026-04-01,Google Ads,Qualified
3606,1340,22,2026-04-01,Google Ads,Contacted
8326,552,6,2026-04-01,Google Ads,Converted
3359,2107,6,2026-04-01,Google Ads,Contacted
4831,2520,6,2026-04-01,Google Ads,Qualified
10536,1340,21,2026-04-01,官網,New
3050,1340,27,2026-04-01,Google Ads,New
11185,189,29,2026-04-01,LINE,Lost
5663,60,6,2026-04-01,Google Ads,New
6827,1288,22,2026-04-01,Google Ads,New
9195,3461,16,2026-04-01,Google Ads,Converted
8300,2341,6,2026-04-01,Google Ads,Qualified
5169,7,22,2026-04-01,Google Ads,Lost
1871,102,6,2026-04-01,Google Ads,New
9548,1340,15,2026-04-01,Google Ads,Converted
10505,189,6,2026-04-01,Google Ads,Qualified
2245,3888,16,2026-04-01,Google Ads,Qualified
3962,189,33,2026-04-01,Google Ads,Qualified
2271,7,5,2026-04-01,Google Ads,Converted
2890,1141,16,2026-04-02,Google Ads,Contacted
9525,3947,38,2026-04-02,Google Ads,Qualified
8351,2682,16,2026-04-02,Google Ads,Qualified
10958,3083,24,2026-04-02,Facebook Ads,Lost
1123,288,16,2026-04-02,Google Ads,Converted
924,862,6,2026-04-02,Google Ads,Contacted
907,1147,6,2026-04-02,Google Ads,Converted
297,1184,9,2026-04-02,官網,Qualified
3398,1006,16,2026-04-02,Google Ads,Converted
4908,3083,22,2026-04-02,Google Ads,Contacted
1980,3308,16,2026-04-02,Google Ads,Lost
1273,1184,9,2026-04-02,官網,Lost
11271,2843,26,2026-04-02,電話,New
6694,1100,6,2026-04-02,Google Ads,New
1634,2834,6,2026-04-02,Google Ads,Qualified
5333,1184,38,2026-04-02,Google Ads,Converted
1161,2495,6,2026-04-02,Google Ads,Contacted
8022,93,16,2026-04-02,Google Ads,Lost
6723,1486,6,2026-04-03,Google Ads,Qualified
6978,1027,6,2026-04-03,Google Ads,New
11664,2663,35,2026-04-03,合作通路,Converted
7708,16,2,2026-04-03,合作通路,Converted
10960,2211,16,2026-04-03,Google Ads,Qualified
6514,742,6,2026-04-03,Google Ads,Qualified
7535,2335,16,2026-04-03,Google Ads,Lost
10496,2663,17,2026-04-03,Facebook Ads,New
3206,2923,16,2026-04-03,Google Ads,New
7363,1035,32,2026-04-03,Google Ads,New
121,1562,6,2026-04-03,Google Ads,Converted
8543,3107,6,2026-04-03,Google Ads,New
9847,1018,16,2026-04-03,Google Ads,Lost
2501,797,6,2026-04-03,Google Ads,Lost
477,16,38,2026-04-03,Google Ads,Converted
1936,2907,6,2026-04-03,Google Ads,Converted
2174,1304,16,2026-04-03,Google Ads,Contacted
3277,2961,16,2026-04-03,Google Ads,New
5859,16,15,2026-04-03,Google Ads,Converted
5616,1556,16,2026-04-03,Google Ads,Converted
873,16,20,2026-04-03,Facebook Ads,Qualified
11231,3560,6,2026-04-03,Google Ads,Converted
4224,3091,6,2026-04-03,Google Ads,Qualified
4774,484,6,2026-04-04,Google Ads,Lost
7612,239,17,2026-04-04,Facebook Ads,New
2960,531,6,2026-04-04,Google Ads,New
8341,2874,6,2026-04-04,Google Ads,Contacted
1938,2046,6,2026-04-04,Google Ads,Contacted
1972,969,16,2026-04-04,Google Ads,Qualified
9570,354,6,2026-04-04,Google Ads,Lost
2507,346,16,2026-04-04,Google Ads,Qualified
531,1841,6,2026-04-04,Google Ads,Converted
2918,1353,16,2026-04-04,Google Ads,Lost
6049,199,6,2026-04-04,Google Ads,New
5814,239,14,2026-04-04,Google Ads,Converted
10927,1609,16,2026-04-04,Google Ads,New
619,2862,6,2026-04-04,Google Ads,Contacted
11580,3453,6,2026-04-04,Google Ads,Lost
5703,239,25,2026-04-04,LINE,Contacted
5742,239,25,2026-04-04,LINE,Converted
4521,2697,16,2026-04-04,Google Ads,Converted
4709,2076,6,2026-04-04,Google Ads,Converted
4634,958,16,2026-04-04,Google Ads,Qualified
337,1895,16,2026-04-04,Google Ads,Converted
1338,239,24,2026-04-04,Facebook Ads,Converted
5196,1673,6,2026-04-05,Google Ads,Lost
7559,3388,32,2026-04-05,Google Ads,Contacted
8434,2110,16,2026-04-05,Google Ads,Qualified
94,3409,25,2026-04-05,LINE,Contacted
10248,94,35,2026-04-05,合作通路,Contacted
8396,3900,24,2026-04-05,Facebook Ads,Qualified
2248,3023,16,2026-04-05,Google Ads,Lost
8334,607,21,2026-04-05,官網,Converted
11127,3574,16,2026-04-05,Google Ads,Converted
7195,955,6,2026-04-05,Google Ads,Lost
9168,3409,17,2026-04-05,Facebook Ads,Qualified
9623,3409,33,2026-04-05,Google Ads,Contacted
6791,2274,6,2026-04-05,Google Ads,New
3094,2740,16,2026-04-05,Google Ads,Lost
8784,607,29,2026-04-05,LINE,Converted
9080,3409,22,2026-04-05,Google Ads,Contacted
9978,1264,16,2026-04-05,Google Ads,Qualified
3653,3707,6,2026-04-05,Google Ads,Lost
3634,507,37,2026-04-05,Facebook Ads,Contacted
2650,3409,11,2026-04-05,Google Ads,New
1314,3366,6,2026-04-05,Google Ads,Converted
5821,1182,16,2026-04-05,Google Ads,Contacted
9404,1222,14,2026-04-05,Google Ads,Contacted
9364,3900,22,2026-04-05,Google Ads,Qualified
7257,3356,39,2026-04-05,官網,Contacted
9018,1836,6,2026-04-05,Google Ads,Qualified
6297,3388,37,2026-04-05,Facebook Ads,Contacted
6542,193,6,2026-04-05,Google Ads,New
8591,3605,16,2026-04-05,Google Ads,Contacted
11770,507,15,2026-04-05,Google Ads,Lost
7022,531,6,2026-04-05,Google Ads,Contacted
8439,94,20,2026-04-05,Facebook Ads,Lost
5517,1690,6,2026-04-05,Google Ads,New
4805,916,6,2026-04-05,Google Ads,Contacted
9479,3409,14,2026-04-05,Google Ads,New
6676,1572,16,2026-04-05,Google Ads,Contacted
293,2225,6,2026-04-05,Google Ads,Converted
1262,2673,6,2026-04-06,Google Ads,Converted
3207,1754,16,2026-04-06,Google Ads,New
11577,3775,20,2026-04-06,Facebook Ads,Qualified
1608,2601,6,2026-04-06,Google Ads,Contacted
6055,2349,16,2026-04-06,Google Ads,New
11071,1809,27,2026-04-06,Google Ads,Qualified
8319,594,16,2026-04-06,Google Ads,New
92,555,31,2026-04-06,官網,Converted
8404,555,32,2026-04-06,Google Ads,Converted
2679,3048,5,2026-04-06,Google Ads,Qualified
5204,746,31,2026-04-06,官網,Converted
10595,1139,16,2026-04-06,Google Ads,Contacted
8068,3775,8,2026-04-06,Referral,Lost
114,2492,6,2026-04-06,Google Ads,Converted
8952,3707,6,2026-04-06,Google Ads,New
9051,467,6,2026-04-06,Google Ads,New
2382,3473,16,2026-04-06,Google Ads,Lost
3896,392,6,2026-04-06,Google Ads,Contacted
1185,3048,5,2026-04-06,Google Ads,Converted
3473,746,28,2026-04-06,LINE,Lost
2749,833,6,2026-04-06,Google Ads,Qualified
11520,3252,16,2026-04-06,Google Ads,Contacted
6125,2159,6,2026-04-06,Google Ads,Qualified
7250,2939,6,2026-04-06,Google Ads,Qualified
580,746,27,2026-04-06,Google Ads,Qualified
2349,3775,36,2026-04-06,電話,Qualified
3777,3356,6,2026-04-06,Google Ads,Contacted
7795,3775,1,2026-04-06,Facebook Ads,New
9864,2296,6,2026-04-06,Google Ads,Qualified
1396,3434,6,2026-04-06,Google Ads,Converted
4943,1877,16,2026-04-06,Google Ads,New
2773,2297,6,2026-04-06,Google Ads,Converted
195,1809,8,2026-04-06,Referral,Qualified
6945,555,25,2026-04-06,LINE,Lost
4947,1809,28,2026-04-06,LINE,New
10267,555,11,2026-04-06,Google Ads,Qualified
4570,2598,16,2026-04-06,Google Ads,Qualified
7465,746,33,2026-04-06,Google Ads,Qualified
3523,1012,27,2026-04-06,Google Ads,Qualified
3648,3775,21,2026-04-06,官網,New
8682,679,6,2026-04-06,Google Ads,Qualified
7549,2739,16,2026-04-06,Google Ads,Converted
10430,639,16,2026-04-06,Google Ads,Converted
11557,3467,16,2026-04-07,Google Ads,New
9551,1918,5,2026-04-07,Google Ads,Qualified
8361,3174,6,2026-04-07,Google Ads,Contacted
9704,3644,6,2026-04-07,Google Ads,Contacted
1511,166,6,2026-04-07,Google Ads,Converted
8956,3135,10,2026-04-07,官網,Qualified
9994,147,6,2026-04-07,Google Ads,New
2121,1586,6,2026-04-07,Google Ads,New
1989,3135,21,2026-04-07,官網,Qualified
5247,3900,6,2026-04-07,Google Ads,Converted
8547,2888,6,2026-04-07,Google Ads,Qualified
8603,1622,16,2026-04-07,Google Ads,Lost
9265,1042,6,2026-04-07,Google Ads,Lost
10891,1226,16,2026-04-07,Google Ads,Converted
11388,816,6,2026-04-07,Google Ads,Converted
3785,1959,6,2026-04-07,Google Ads,Converted
8885,1918,6,2026-04-07,Google Ads,Contacted
6022,3474,16,2026-04-07,Google Ads,Lost
9366,3135,30,2026-04-07,Google Ads,New
3920,2678,6,2026-04-07,Google Ads,Qualified
2923,1087,6,2026-04-07,Google Ads,Qualified
11711,232,16,2026-04-07,Google Ads,Lost
8384,1274,16,2026-04-07,Google Ads,Contacted
10846,1298,16,2026-04-07,Google Ads,Lost
2197,1918,11,2026-04-07,Google Ads,Contacted
2500,1918,3,2026-04-07,官網,Contacted
8468,3746,30,2026-04-08,Google Ads,Contacted
6400,479,16,2026-04-08,Google Ads,Contacted
9428,2300,16,2026-04-08,Google Ads,Converted
4917,1761,10,2026-04-08,官網,Qualified
7842,1761,21,2026-04-08,官網,Qualified
8095,1761,32,2026-04-08,Google Ads,Converted
6059,1559,16,2026-04-08,Google Ads,Contacted
6164,1761,33,2026-04-08,Google Ads,Contacted
6352,1761,30,2026-04-08,Google Ads,New
9357,3142,16,2026-04-08,Google Ads,Converted
10764,3746,40,2026-04-08,Facebook Ads,Lost
7371,823,29,2026-04-09,LINE,Qualified
2234,2558,16,2026-04-09,Google Ads,Contacted
836,2342,3,2026-04-09,官網,Contacted
9699,1005,32,2026-04-09,Google Ads,Qualified
6154,2033,13,2026-04-09,電話,Converted
7824,823,1,2026-04-09,Facebook Ads,Contacted
3006,3879,16,2026-04-09,Google Ads,Contacted
2536,1335,16,2026-04-09,Google Ads,Qualified
3283,1210,16,2026-04-09,Google Ads,Lost
9343,180,16,2026-04-09,Google Ads,New
4324,823,11,2026-04-09,Google Ads,Contacted
9172,3020,16,2026-04-09,Google Ads,Qualified
8027,2033,6,2026-04-09,Google Ads,Lost
6985,2312,16,2026-04-10,Google Ads,New
8256,3953,16,2026-04-10,Google Ads,Contacted
7212,2553,17,2026-04-10,Facebook Ads,Converted
10,2216,31,2026-04-10,官網,Qualified
6909,2624,16,2026-04-10,Google Ads,Qualified
5421,2553,22,2026-04-10,Google Ads,Converted
3900,3149,16,2026-04-10,Google Ads,Qualified
11156,1974,14,2026-04-10,Google Ads,Qualified
3639,2216,14,2026-04-10,Google Ads,Qualified
7847,375,16,2026-04-10,Google Ads,Qualified
5670,2216,1,2026-04-10,Facebook Ads,Contacted
10076,1974,27,2026-04-10,Google Ads,Lost
717,3337,16,2026-04-10,Google Ads,Converted
9883,2216,37,2026-04-10,Facebook Ads,New
4341,1867,21,2026-04-11,官網,Qualified
1762,1673,16,2026-04-11,Google Ads,Contacted
5521,2198,16,2026-04-11,Google Ads,Contacted
11506,1339,16,2026-04-11,Google Ads,Contacted
6200,2256,38,2026-04-11,Google Ads,Contacted
2118,2811,28,2026-04-11,LINE,Contacted
4828,974,17,2026-04-11,Facebook Ads,New
7710,333,16,2026-04-11,Google Ads,Converted
7894,2256,21,2026-04-11,官網,New
2881,1867,8,2026-04-11,Referral,Contacted
6744,2216,16,2026-04-11,Google Ads,Qualified
2642,974,5,2026-04-11,Google Ads,Qualified
10567,1868,16,2026-04-11,Google Ads,Contacted
10993,2028,16,2026-04-12,Google Ads,Contacted
4945,341,35,2026-04-12,合作通路,Contacted
2045,2982,16,2026-04-12,Google Ads,Qualified
9455,1308,16,2026-04-12,Google Ads,Qualified
215,341,31,2026-04-12,官網,Lost
5626,1269,16,2026-04-12,Google Ads,Contacted
11063,2265,16,2026-04-12,Google Ads,Qualified
11866,3611,5,2026-04-12,Google Ads,Qualified
9616,112,16,2026-04-12,Google Ads,Contacted
7030,3611,17,2026-04-12,Facebook Ads,Converted
11608,2756,17,2026-04-13,Facebook Ads,New
8136,3289,13,2026-04-13,電話,Converted
9861,182,16,2026-04-13,Google Ads,Lost
10453,3431,16,2026-04-13,Google Ads,New
872,3487,27,2026-04-13,Google Ads,Lost
1039,2756,13,2026-04-13,電話,Converted
3582,3190,16,2026-04-13,Google Ads,New
9969,3487,1,2026-04-13,Facebook Ads,Qualified
10486,2338,16,2026-04-13,Google Ads,Contacted
7896,3975,16,2026-04-13,Google Ads,New
7196,3487,32,2026-04-13,Google Ads,Converted
3402,2756,38,2026-04-13,Google Ads,Contacted
7290,932,16,2026-04-14,Google Ads,Contacted
6120,2154,29,2026-04-14,LINE,Contacted
9899,1035,16,2026-04-14,Google Ads,Lost
8863,246,16,2026-04-14,Google Ads,New
5668,1579,16,2026-04-14,Google Ads,Contacted
1381,515,17,2026-04-14,Facebook Ads,Contacted
1750,515,26,2026-04-14,電話,Converted
5083,720,16,2026-04-14,Google Ads,Converted
10480,515,37,2026-04-14,Facebook Ads,Lost
10342,528,25,2026-04-14,LINE,Contacted
1167,3591,16,2026-04-14,Google Ads,Converted
11150,3176,16,2026-04-14,Google Ads,Qualified
3618,58,16,2026-04-14,Google Ads,Qualified
6819,3853,16,2026-04-14,Google Ads,Converted
4643,698,16,2026-04-14,Google Ads,Converted
6530,3214,16,2026-04-14,Google Ads,Contacted
5638,3148,16,2026-04-14,Google Ads,Qualified
1028,1005,16,2026-04-14,Google Ads,New
2782,3853,16,2026-04-14,Google Ads,Qualified
1008,703,16,2026-04-14,Google Ads,Contacted
11260,528,27,2026-04-14,Google Ads,Qualified
8146,1675,15,2026-04-15,Google Ads,Qualified
11880,1347,16,2026-04-15,Google Ads,Qualified
2189,2887,35,2026-04-15,合作通路,Contacted
633,82,30,2026-04-15,Google Ads,New
11446,1583,16,2026-04-15,Google Ads,Qualified
1010,1675,30,2026-04-15,Google Ads,Converted
9729,1675,22,2026-04-15,Google Ads,New
5636,2887,13,2026-04-15,電話,Qualified
10217,363,28,2026-04-15,LINE,Qualified
10146,2887,9,2026-04-15,官網,Converted
525,1601,16,2026-04-15,Google Ads,Contacted
3041,82,22,2026-04-15,Google Ads,Qualified
9037,2419,5,2026-04-16,Google Ads,New
8357,2419,14,2026-04-16,Google Ads,Converted
1291,2419,33,2026-04-16,Google Ads,New
7704,2419,37,2026-04-16,Facebook Ads,Contacted
2107,1671,16,2026-04-16,Google Ads,Qualified
537,1417,16,2026-04-16,Google Ads,New
1712,401,13,2026-04-16,電話,Qualified
11944,3334,16,2026-04-16,Google Ads,New
4144,189,16,2026-04-17,Google Ads,New
6820,905,31,2026-04-17,官網,Contacted
8842,1412,16,2026-04-17,Google Ads,Qualified
11212,1236,31,2026-04-17,官網,Lost
3898,385,16,2026-04-17,Google Ads,Converted
3166,1236,30,2026-04-17,Google Ads,New
5438,3107,16,2026-04-17,Google Ads,New
11808,1236,39,2026-04-17,官網,Lost
11250,3017,16,2026-04-17,Google Ads,New
10426,1409,16,2026-04-17,Google Ads,Contacted
10829,2656,16,2026-04-17,Google Ads,Converted
4984,3076,16,2026-04-17,Google Ads,Contacted
4621,3818,16,2026-04-17,Google Ads,Converted
6315,1236,14,2026-04-17,Google Ads,Lost
9219,3603,16,2026-04-17,Google Ads,New
11163,1438,16,2026-04-17,Google Ads,Contacted
6376,44,39,2026-04-18,官網,Contacted
524,3532,16,2026-04-18,Google Ads,Converted
6054,1255,33,2026-04-18,Google Ads,Qualified
5954,567,28,2026-04-18,LINE,Lost
3878,2638,19,2026-04-18,Facebook Ads,Contacted
2913,814,1,2026-04-18,Facebook Ads,Lost
4995,44,38,2026-04-18,Google Ads,Qualified
8405,1904,34,2026-04-18,合作通路,Contacted
4262,440,19,2026-04-18,Facebook Ads,Contacted
4578,1904,22,2026-04-18,Google Ads,New
9694,1412,16,2026-04-18,Google Ads,Converted
4929,44,1,2026-04-18,Facebook Ads,Contacted
4523,1609,19,2026-04-18,Facebook Ads,Contacted
3598,1904,32,2026-04-18,Google Ads,Converted
468,2342,19,2026-04-18,Facebook Ads,Converted
10942,2979,29,2026-04-18,LINE,Contacted
1306,1898,19,2026-04-18,Facebook Ads,Converted
2480,814,35,2026-04-18,合作通路,Qualified
128,51,16,2026-04-18,Google Ads,Lost
3431,1904,36,2026-04-18,電話,Converted
9759,44,22,2026-04-18,Google Ads,Contacted
6952,44,11,2026-04-18,Google Ads,Qualified
5112,1164,19,2026-04-18,Facebook Ads,Contacted
10047,2979,40,2026-04-18,Facebook Ads,Contacted
9903,814,26,2026-04-18,電話,Converted
8729,1255,37,2026-04-18,Facebook Ads,Contacted
9985,468,19,2026-04-18,Facebook Ads,New
3393,814,19,2026-04-18,Facebook Ads,New
1803,44,37,2026-04-18,Facebook Ads,New
8475,389,19,2026-04-18,Facebook Ads,Qualified
7227,2102,16,2026-04-18,Google Ads,Qualified
6649,1255,24,2026-04-18,Facebook Ads,New
11976,2376,16,2026-04-18,Google Ads,Contacted
10094,2378,16,2026-04-18,Google Ads,Contacted
7462,1904,37,2026-04-18,Facebook Ads,Contacted
9887,120,19,2026-04-18,Facebook Ads,Contacted
11595,2991,19,2026-04-19,Facebook Ads,Qualified
10677,3240,19,2026-04-19,Facebook Ads,New
575,202,16,2026-04-19,Google Ads,New
9458,3068,19,2026-04-19,Facebook Ads,Lost
11626,3472,38,2026-04-19,Google Ads,Converted
2041,1153,16,2026-04-19,Google Ads,Converted
1343,1147,19,2026-04-19,Facebook Ads,Contacted
1500,1159,16,2026-04-19,Google Ads,New
2512,1389,19,2026-04-19,Facebook Ads,New
7137,1831,19,2026-04-19,Facebook Ads,New
4802,66,38,2026-04-19,Google Ads,Converted
7467,240,16,2026-04-19,Google Ads,Qualified
3750,1251,19,2026-04-19,Facebook Ads,Contacted
3000,740,19,2026-04-19,Facebook Ads,Lost
10608,2835,19,2026-04-19,Facebook Ads,Contacted
6538,2995,19,2026-04-19,Facebook Ads,Qualified
1244,1758,16,2026-04-19,Google Ads,New
3667,104,16,2026-04-19,Google Ads,Lost
2644,66,20,2026-04-19,Facebook Ads,Lost
4109,3548,19,2026-04-19,Facebook Ads,Contacted
3704,1245,16,2026-04-20,Google Ads,Contacted
4501,115,12,2026-04-20,合作通路,Converted
3518,2575,33,2026-04-20,Google Ads,Converted
8782,1658,16,2026-04-20,Google Ads,Converted
4911,2494,19,2026-04-20,Facebook Ads,Qualified
11425,3441,16,2026-04-20,Google Ads,Contacted
11350,3574,16,2026-04-20,Google Ads,Converted
6333,2575,32,2026-04-20,Google Ads,Qualified
8575,3908,16,2026-04-20,Google Ads,Contacted
4256,2575,29,2026-04-20,LINE,New
8825,1408,19,2026-04-20,Facebook Ads,Qualified
6229,3349,9,2026-04-20,官網,Converted
4229,3349,11,2026-04-20,Google Ads,Converted
3178,3684,19,2026-04-20,Facebook Ads,Qualified
5177,2832,19,2026-04-20,Facebook Ads,Qualified
1981,3349,22,2026-04-20,Google Ads,Lost
6160,1967,16,2026-04-20,Google Ads,New
9223,115,32,2026-04-20,Google Ads,New
1917,2263,19,2026-04-20,Facebook Ads,Contacted
8206,115,27,2026-04-20,Google Ads,Qualified
3318,2382,15,2026-04-20,Google Ads,New
5658,3165,16,2026-04-20,Google Ads,New
585,2575,20,2026-04-20,Facebook Ads,Lost
5845,3317,19,2026-04-20,Facebook Ads,Qualified
9922,2467,19,2026-04-20,Facebook Ads,Contacted
9098,3349,38,2026-04-20,Google Ads,Lost
5617,2559,19,2026-04-20,Facebook Ads,New
6989,2382,17,2026-04-20,Facebook Ads,Qualified
6426,3349,17,2026-04-20,Facebook Ads,Contacted
457,115,15,2026-04-20,Google Ads,Contacted
7709,3349,32,2026-04-20,Google Ads,Contacted
3013,3349,14,2026-04-20,Google Ads,Qualified
729,3349,22,2026-04-20,Google Ads,Converted
490,2433,19,2026-04-20,Facebook Ads,Lost
6479,2382,32,2026-04-20,Google Ads,Contacted
6652,161,19,2026-04-20,Facebook Ads,Contacted
7238,3327,19,2026-04-20,Facebook Ads,Contacted
3335,907,19,2026-04-21,Facebook Ads,New
6539,3219,11,2026-04-21,Google Ads,Contacted
931,3219,26,2026-04-21,電話,Lost
8479,1092,20,2026-04-21,Facebook Ads,New
3475,652,16,2026-04-21,Google Ads,Qualified
8943,1433,19,2026-04-21,Facebook Ads,Contacted
768,3290,19,2026-04-21,Facebook Ads,Lost
812,1150,16,2026-04-21,Google Ads,Lost
2217,225,16,2026-04-21,Google Ads,Contacted
8386,331,30,2026-04-21,Google Ads,Converted
10123,154,19,2026-04-21,Facebook Ads,Contacted
11786,900,19,2026-04-21,Facebook Ads,New
11465,1277,29,2026-04-21,LINE,Converted
352,2615,16,2026-04-21,Google Ads,Contacted
10523,364,19,2026-04-21,Facebook Ads,Converted
7621,3998,16,2026-04-21,Google Ads,Qualified
9374,1728,19,2026-04-21,Facebook Ads,Contacted
7783,2854,19,2026-04-21,Facebook Ads,Converted
6027,1859,19,2026-04-21,Facebook Ads,Converted
4396,1086,16,2026-04-21,Google Ads,Contacted
7636,1277,39,2026-04-21,官網,Contacted
1084,701,19,2026-04-21,Facebook Ads,Contacted
1642,2831,16,2026-04-21,Google Ads,Converted
5498,1677,19,2026-04-21,Facebook Ads,Contacted
815,3154,19,2026-04-21,Facebook Ads,New
9096,2344,19,2026-04-21,Facebook Ads,Lost
1196,1155,19,2026-04-21,Facebook Ads,Lost
9568,392,19,2026-04-21,Facebook Ads,Converted
4563,633,19,2026-04-21,Facebook Ads,Contacted
9362,2211,16,2026-04-21,Google Ads,Converted
893,608,16,2026-04-21,Google Ads,Qualified
1127,331,38,2026-04-21,Google Ads,Converted
9057,1519,16,2026-04-21,Google Ads,Qualified
921,1236,19,2026-04-22,Facebook Ads,Converted
8660,3129,19,2026-04-22,Facebook Ads,Converted
2996,332,19,2026-04-22,Facebook Ads,Converted
4042,628,14,2026-04-22,Google Ads,Converted
4529,2827,25,2026-04-22,LINE,Qualified
6650,2807,16,2026-04-22,Google Ads,Qualified
5608,2809,19,2026-04-22,Facebook Ads,Converted
4935,628,11,2026-04-22,Google Ads,Contacted
11528,120,16,2026-04-22,Google Ads,Lost
7097,3795,16,2026-04-22,Google Ads,Qualified
5146,128,19,2026-04-22,Facebook Ads,Contacted
8448,764,16,2026-04-22,Google Ads,Converted
4455,3648,19,2026-04-22,Facebook Ads,New
10653,2273,16,2026-04-22,Google Ads,Converted
5489,628,28,2026-04-22,LINE,Contacted
10194,1342,19,2026-04-22,Facebook Ads,Lost
5741,2160,19,2026-04-22,Facebook Ads,Lost
414,628,25,2026-04-22,LINE,Qualified
8583,3087,19,2026-04-22,Facebook Ads,Contacted
9917,628,5,2026-04-22,Google Ads,Qualified
11563,1231,19,2026-04-22,Facebook Ads,Contacted
796,3535,19,2026-04-22,Facebook Ads,Converted
7360,3782,19,2026-04-22,Facebook Ads,Contacted
7346,2827,27,2026-04-22,Google Ads,Converted
10330,3515,19,2026-04-22,Facebook Ads,New
4941,2827,8,2026-04-22,Referral,Qualified
4657,1704,16,2026-04-22,Google Ads,Contacted
10558,1624,16,2026-04-22,Google Ads,Lost
5528,514,38,2026-04-23,Google Ads,Qualified
868,2436,22,2026-04-23,Google Ads,Lost
9837,1878,19,2026-04-23,Facebook Ads,Lost
11853,1268,19,2026-04-23,Facebook Ads,Converted
7759,3842,19,2026-04-23,Facebook Ads,Contacted
5970,514,6,2026-04-23,Google Ads,Contacted
7911,871,19,2026-04-23,Facebook Ads,Contacted
11460,1109,19,2026-04-23,Facebook Ads,Contacted
6581,1640,19,2026-04-23,Facebook Ads,New
11333,3419,19,2026-04-23,Facebook Ads,Contacted
1103,963,19,2026-04-23,Facebook Ads,Lost
615,1814,19,2026-04-23,Facebook Ads,Contacted
2498,1660,19,2026-04-23,Facebook Ads,Converted
2686,514,15,2026-04-23,Google Ads,Lost
11602,3729,16,2026-04-23,Google Ads,New
9348,643,19,2026-04-23,Facebook Ads,New
9353,619,19,2026-04-23,Facebook Ads,Qualified
2965,1943,16,2026-04-23,Google Ads,Qualified
3573,2396,16,2026-04-23,Google Ads,New
4125,394,35,2026-04-24,合作通路,Lost
6296,140,19,2026-04-24,Facebook Ads,Qualified
7292,394,38,2026-04-24,Google Ads,Contacted
1272,1946,16,2026-04-24,Google Ads,New
8399,1568,16,2026-04-24,Google Ads,Contacted
3575,2624,19,2026-04-24,Facebook Ads,Qualified
6372,394,8,2026-04-24,Referral,Contacted
1356,2569,19,2026-04-24,Facebook Ads,Contacted
81,1314,16,2026-04-24,Google Ads,Lost
10392,3722,32,2026-04-24,Google Ads,New
4767,242,16,2026-04-24,Google Ads,Qualified
10338,394,3,2026-04-24,官網,Contacted
7938,394,36,2026-04-24,電話,Qualified
7154,515,19,2026-04-24,Facebook Ads,Contacted
10688,394,38,2026-04-24,Google Ads,Converted
7958,1687,16,2026-04-24,Google Ads,Qualified
11171,3353,16,2026-04-24,Google Ads,Converted
11997,2589,19,2026-04-24,Facebook Ads,Qualified
453,1577,3,2026-04-24,官網,Converted
11634,117,19,2026-04-24,Facebook Ads,New
8317,3242,19,2026-04-24,Facebook Ads,New
930,1577,27,2026-04-24,Google Ads,Lost
8353,2850,16,2026-04-24,Google Ads,Qualified
1882,814,19,2026-04-24,Facebook Ads,New
5837,3715,19,2026-04-24,Facebook Ads,Qualified
2800,3722,22,2026-04-24,Google Ads,Converted
5164,3722,11,2026-04-24,Google Ads,Qualified
9121,2082,19,2026-04-24,Facebook Ads,New
10838,3453,19,2026-04-24,Facebook Ads,Lost
2255,1318,19,2026-04-24,Facebook Ads,Lost
4715,1577,30,2026-04-24,Google Ads,Qualified
9498,394,21,2026-04-24,官網,Lost
2462,3337,19,2026-04-24,Facebook Ads,Lost
6451,3009,16,2026-04-24,Google Ads,Lost
514,2444,19,2026-04-25,Facebook Ads,Qualified
7100,3342,19,2026-04-25,Facebook Ads,Lost
5918,2187,29,2026-04-25,LINE,Qualified
11779,2923,16,2026-04-25,Google Ads,New
11926,154,19,2026-04-25,Facebook Ads,Contacted
2430,3089,19,2026-04-25,Facebook Ads,Contacted
2193,2895,29,2026-04-25,LINE,Contacted
8663,2895,39,2026-04-25,官網,Converted
2826,1222,16,2026-04-25,Google Ads,New
6588,2895,39,2026-04-25,官網,New
11690,1312,20,2026-04-25,Facebook Ads,Contacted
10627,2328,16,2026-04-25,Google Ads,Contacted
4924,1686,19,2026-04-25,Facebook Ads,Contacted
8038,3464,16,2026-04-25,Google Ads,Lost
8114,1312,29,2026-04-25,LINE,Contacted
3763,2187,32,2026-04-25,Google Ads,New
6413,186,16,2026-04-25,Google Ads,Qualified
5393,126,19,2026-04-25,Facebook Ads,Lost
8844,956,19,2026-04-25,Facebook Ads,New
9939,1326,19,2026-04-25,Facebook Ads,Contacted
6152,2895,32,2026-04-25,Google Ads,New
11102,1605,19,2026-04-25,Facebook Ads,Qualified
7167,3281,16,2026-04-25,Google Ads,Contacted
3956,1822,19,2026-04-25,Facebook Ads,Contacted
11107,1775,35,2026-04-25,合作通路,Qualified
4059,2178,19,2026-04-25,Facebook Ads,Converted
6306,2423,21,2026-04-26,官網,Lost
11787,2781,19,2026-04-26,Facebook Ads,Lost
8728,3534,40,2026-04-26,Facebook Ads,Lost
11321,2195,12,2026-04-26,合作通路,Converted
1169,48,15,2026-04-26,Google Ads,Qualified
6970,3534,11,2026-04-26,Google Ads,Converted
5952,2423,17,2026-04-26,Facebook Ads,Contacted
8388,587,8,2026-04-26,Referral,Converted
1680,3645,24,2026-04-26,Facebook Ads,Contacted
8283,308,19,2026-04-26,Facebook Ads,Contacted
530,1346,19,2026-04-26,Facebook Ads,Qualified
4041,467,19,2026-04-26,Facebook Ads,Converted
8264,3534,15,2026-04-26,Google Ads,Lost
11752,267,16,2026-04-26,Google Ads,Lost
10581,2195,3,2026-04-26,官網,Contacted
2176,1456,16,2026-04-26,Google Ads,Contacted
10088,2195,3,2026-04-26,官網,Qualified
10946,3645,24,2026-04-26,Facebook Ads,Contacted
5944,1493,19,2026-04-26,Facebook Ads,Contacted
1672,1223,19,2026-04-26,Facebook Ads,Converted
787,48,36,2026-04-26,電話,Converted
116,996,19,2026-04-26,Facebook Ads,New
6402,3529,19,2026-04-26,Facebook Ads,Lost
384,3788,19,2026-04-26,Facebook Ads,Lost
11285,2911,19,2026-04-26,Facebook Ads,Contacted
7964,2195,11,2026-04-26,Google Ads,Contacted
6461,48,27,2026-04-26,Google Ads,Contacted
5064,2423,10,2026-04-26,官網,New
8700,587,25,2026-04-26,LINE,Contacted
5743,3216,16,2026-04-26,Google Ads,Converted
240,587,17,2026-04-26,Facebook Ads,Contacted
5765,3462,19,2026-04-26,Facebook Ads,Lost
8913,1686,19,2026-04-26,Facebook Ads,Converted
11440,3534,35,2026-04-26,合作通路,Converted
4812,3170,16,2026-04-26,Google Ads,New
10548,742,19,2026-04-26,Facebook Ads,Converted
8759,2266,22,2026-04-26,Google Ads,Qualified
7627,924,19,2026-04-26,Facebook Ads,Contacted
10511,2423,5,2026-04-26,Google Ads,New
6239,3971,19,2026-04-27,Facebook Ads,Contacted
1319,1666,38,2026-04-27,Google Ads,Qualified
8506,1666,1,2026-04-27,Facebook Ads,Lost
3428,3936,28,2026-04-27,LINE,Contacted
3249,2331,19,2026-04-27,Facebook Ads,Qualified
6772,2778,19,2026-04-27,Facebook Ads,Contacted
10524,1666,21,2026-04-27,官網,Lost
6621,1429,5,2026-04-27,Google Ads,Qualified
11329,2763,16,2026-04-27,Google Ads,Contacted
6309,3936,32,2026-04-27,Google Ads,Lost
9434,1429,14,2026-04-27,Google Ads,New
8960,3825,16,2026-04-27,Google Ads,Contacted
8958,2186,16,2026-04-27,Google Ads,Contacted
11962,2770,16,2026-04-27,Google Ads,Converted
286,1429,39,2026-04-27,官網,Contacted
4712,2111,11,2026-04-27,Google Ads,New
1237,3680,19,2026-04-27,Facebook Ads,Lost
10011,3201,19,2026-04-27,Facebook Ads,Qualified
4654,2097,16,2026-04-27,Google Ads,Contacted
7990,592,16,2026-04-27,Google Ads,Converted
6574,34,19,2026-04-27,Facebook Ads,Contacted
9123,1666,29,2026-04-27,LINE,Contacted
8624,3597,16,2026-04-28,Google Ads,New
1015,50,24,2026-04-28,Facebook Ads,New
4676,2608,19,2026-04-28,Facebook Ads,Converted
284,3642,38,2026-04-28,Google Ads,New
9167,2752,16,2026-04-28,Google Ads,Converted
9891,3705,31,2026-04-28,官網,Converted
692,3447,21,2026-04-28,官網,Converted
281,394,19,2026-04-28,Facebook Ads,New
6754,3912,38,2026-04-28,Google Ads,Lost
8610,2699,19,2026-04-28,Facebook Ads,Qualified
8091,1183,16,2026-04-28,Google Ads,Contacted
6040,1597,19,2026-04-28,Facebook Ads,Converted
3370,3642,24,2026-04-28,Facebook Ads,Lost
8725,28,19,2026-04-28,Facebook Ads,New
9596,2749,33,2026-04-28,Google Ads,Contacted
1380,50,36,2026-04-28,電話,Contacted
11789,3642,21,2026-04-28,官網,New
2537,3447,1,2026-04-28,Facebook Ads,Contacted
2425,2749,14,2026-04-28,Google Ads,New
4095,50,8,2026-04-28,Referral,Converted
1049,85,19,2026-04-28,Facebook Ads,Lost
7391,50,20,2026-04-28,Facebook Ads,New
1473,2373,19,2026-04-28,Facebook Ads,Lost
4555,3447,11,2026-04-28,Google Ads,Qualified
11646,3236,38,2026-04-29,Google Ads,Converted
2280,3770,38,2026-04-29,Google Ads,Converted
1058,2733,33,2026-04-29,Google Ads,Qualified
9478,3230,19,2026-04-29,Facebook Ads,Converted
2861,1571,19,2026-04-29,Facebook Ads,Converted
7538,1747,37,2026-04-29,Facebook Ads,Qualified
7332,2704,16,2026-04-29,Google Ads,Converted
3198,863,19,2026-04-29,Facebook Ads,Lost
2075,1920,19,2026-04-29,Facebook Ads,New
7276,409,19,2026-04-29,Facebook Ads,Lost
2819,2733,15,2026-04-29,Google Ads,Qualified
307,283,30,2026-04-29,Google Ads,Qualified
7036,1299,16,2026-04-29,Google Ads,Contacted
6684,1747,14,2026-04-29,Google Ads,Lost
1042,2733,35,2026-04-29,合作通路,Contacted
11969,2593,27,2026-04-29,Google Ads,New
11867,2733,38,2026-04-29,Google Ads,Converted
2198,1255,19,2026-04-29,Facebook Ads,Converted
7072,3770,21,2026-04-29,官網,New
5869,1747,6,2026-04-29,Google Ads,Converted
6769,815,19,2026-04-29,Facebook Ads,Qualified
6199,3770,22,2026-04-29,Google Ads,Contacted
8666,2733,25,2026-04-29,LINE,Qualified
4045,2733,3,2026-04-29,官網,Qualified
4545,3236,33,2026-04-29,Google Ads,Contacted
11339,2754,16,2026-04-29,Google Ads,Converted
9628,2842,19,2026-04-29,Facebook Ads,Converted
9303,621,16,2026-04-29,Google Ads,Qualified
6236,3453,16,2026-04-29,Google Ads,Contacted
1159,159,19,2026-04-29,Facebook Ads,Contacted
6404,2197,19,2026-04-29,Facebook Ads,Converted
6491,1747,12,2026-04-29,合作通路,New
2952,283,24,2026-04-29,Facebook Ads,Lost
9582,2733,32,2026-04-29,Google Ads,New
3963,1747,15,2026-04-29,Google Ads,Contacted
10989,11,19,2026-04-30,Facebook Ads,Qualified
9971,1003,13,2026-04-30,電話,Contacted
8540,1250,19,2026-04-30,Facebook Ads,Contacted
1430,3543,19,2026-04-30,Facebook Ads,Lost
3204,528,16,2026-04-30,Google Ads,New
7961,3443,19,2026-04-30,Facebook Ads,Lost
2622,3170,19,2026-04-30,Facebook Ads,Qualified
8221,628,19,2026-04-30,Facebook Ads,Converted
3515,1346,16,2026-04-30,Google Ads,Converted
4668,926,16,2026-04-30,Google Ads,Lost
1469,353,19,2026-04-30,Facebook Ads,Converted
10817,1495,19,2026-04-30,Facebook Ads,Converted
269,1003,37,2026-04-30,Facebook Ads,Converted
89,3971,19,2026-04-30,Facebook Ads,Contacted
736,2896,19,2026-04-30,Facebook Ads,Converted
4175,2961,19,2026-04-30,Facebook Ads,New
9022,378,19,2026-04-30,Facebook Ads,Converted
3251,1003,32,2026-04-30,Google Ads,Qualified
10965,3313,19,2026-04-30,Facebook Ads,Contacted
11331,682,16,2026-04-30,Google Ads,Lost
7692,1603,19,2026-04-30,Facebook Ads,Converted
1011,2126,40,2026-05-01,Facebook Ads,Contacted
7673,2989,19,2026-05-01,Facebook Ads,Qualified
1027,2660,16,2026-05-01,Google Ads,Qualified
5306,1995,32,2026-05-01,Google Ads,Converted
1963,3002,16,2026-05-01,Google Ads,New
3407,408,16,2026-05-01,Google Ads,Lost
7528,2126,32,2026-05-01,Google Ads,New
1437,1596,14,2026-05-01,Google Ads,Converted
2662,3186,19,2026-05-01,Facebook Ads,New
10610,2599,19,2026-05-01,Facebook Ads,Qualified
5102,1995,25,2026-05-01,LINE,New
3545,3626,19,2026-05-01,Facebook Ads,Contacted
1453,1594,19,2026-05-01,Facebook Ads,Converted
3111,1995,20,2026-05-01,Facebook Ads,Converted
1376,3090,19,2026-05-01,Facebook Ads,Qualified
9796,2983,25,2026-05-01,LINE,Converted
7776,2950,15,2026-05-01,Google Ads,New
6035,2950,20,2026-05-01,Facebook Ads,Contacted
10909,2750,16,2026-05-01,Google Ads,Contacted
1146,1120,19,2026-05-01,Facebook Ads,Lost
4620,3620,16,2026-05-01,Google Ads,Contacted
7834,3650,19,2026-05-01,Facebook Ads,Qualified
2582,3760,19,2026-05-01,Facebook Ads,New
8720,1596,30,2026-05-01,Google Ads,Converted
1673,2475,19,2026-05-01,Facebook Ads,Qualified
9730,2126,5,2026-05-01,Google Ads,New
10409,1995,28,2026-05-01,LINE,Qualified
1158,2218,19,2026-05-01,Facebook Ads,Lost
5854,1816,19,2026-05-01,Facebook Ads,Qualified
3226,19,19,2026-05-01,Facebook Ads,Contacted
863,2950,32,2026-05-01,Google Ads,Qualified
1686,2523,16,2026-05-01,Google Ads,Contacted
7016,910,19,2026-05-01,Facebook Ads,Converted
11780,1596,29,2026-05-01,LINE,Converted
2354,2919,19,2026-05-01,Facebook Ads,New
10802,1887,16,2026-05-01,Google Ads,Lost
10808,1596,33,2026-05-01,Google Ads,Contacted
7928,2561,19,2026-05-01,Facebook Ads,Contacted
1638,1596,17,2026-05-01,Facebook Ads,Converted
4314,3212,19,2026-05-01,Facebook Ads,Converted
10648,3096,16,2026-05-01,Google Ads,Lost
4516,2250,3,2026-05-02,官網,Lost
1515,498,22,2026-05-02,Google Ads,Lost
8715,2378,19,2026-05-02,Facebook Ads,Contacted
6875,107,16,2026-05-02,Google Ads,Converted
9534,3472,16,2026-05-02,Google Ads,Converted
7966,498,15,2026-05-02,Google Ads,Qualified
1715,498,13,2026-05-02,電話,Lost
2545,1336,38,2026-05-02,Google Ads,Qualified
11852,1679,19,2026-05-02,Facebook Ads,Qualified
1760,2250,32,2026-05-02,Google Ads,Converted
10814,340,16,2026-05-02,Google Ads,New
6594,2698,16,2026-05-02,Google Ads,Converted
1729,2250,6,2026-05-02,Google Ads,Qualified
1392,2250,38,2026-05-02,Google Ads,Contacted
11103,498,9,2026-05-02,官網,New
10930,2593,19,2026-05-02,Facebook Ads,New
10006,2856,19,2026-05-02,Facebook Ads,New
4819,1749,19,2026-05-02,Facebook Ads,Contacted
7840,3572,19,2026-05-02,Facebook Ads,Lost
5711,2250,17,2026-05-02,Facebook Ads,Lost
6699,498,6,2026-05-02,Google Ads,Qualified
7056,498,5,2026-05-02,Google Ads,Contacted
5298,2250,28,2026-05-02,LINE,Converted
10443,3145,16,2026-05-02,Google Ads,New
6380,854,19,2026-05-02,Facebook Ads,Contacted
5260,3205,19,2026-05-02,Facebook Ads,New
2615,1336,10,2026-05-02,官網,Qualified
7069,2250,17,2026-05-02,Facebook Ads,Converted
4787,2407,19,2026-05-03,Facebook Ads,Lost
10278,3919,16,2026-05-03,Google Ads,New
2772,1794,27,2026-05-03,Google Ads,Qualified
7308,1794,14,2026-05-03,Google Ads,Qualified
5284,3604,19,2026-05-03,Facebook Ads,Contacted
9062,804,16,2026-05-03,Google Ads,Contacted
9322,490,19,2026-05-03,Facebook Ads,Contacted
9996,317,16,2026-05-03,Google Ads,Converted
11258,2316,33,2026-05-03,Google Ads,Qualified
4799,2316,5,2026-05-03,Google Ads,Converted
2958,3794,16,2026-05-03,Google Ads,Converted
10915,1648,16,2026-05-03,Google Ads,New
5248,228,19,2026-05-03,Facebook Ads,New
6683,230,19,2026-05-03,Facebook Ads,New
7871,3139,16,2026-05-03,Google Ads,Qualified
10663,3637,19,2026-05-03,Facebook Ads,Contacted
10259,2262,19,2026-05-03,Facebook Ads,Converted
2619,1706,16,2026-05-03,Google Ads,New
4716,500,10,2026-05-03,官網,Qualified
11560,331,16,2026-05-03,Google Ads,Qualified
4618,1648,19,2026-05-03,Facebook Ads,Contacted
10914,3015,19,2026-05-03,Facebook Ads,Lost
9267,1794,14,2026-05-03,Google Ads,Converted
9350,1681,16,2026-05-04,Google Ads,Contacted
10572,2949,16,2026-05-04,Google Ads,Contacted
1629,1972,38,2026-05-04,Google Ads,Contacted
4065,2996,19,2026-05-04,Facebook Ads,Contacted
1494,1972,38,2026-05-04,Google Ads,Qualified
10362,557,19,2026-05-04,Facebook Ads,New
4287,1713,19,2026-05-04,Facebook Ads,Contacted
2032,1972,25,2026-05-04,LINE,Contacted
5182,428,16,2026-05-04,Google Ads,New
9228,1686,19,2026-05-04,Facebook Ads,Lost
3425,397,16,2026-05-04,Google Ads,Lost
2541,533,29,2026-05-04,LINE,New
1478,654,2,2026-05-04,合作通路,Qualified
205,654,28,2026-05-04,LINE,Converted
11214,1972,39,2026-05-04,官網,Converted
3722,2025,16,2026-05-04,Google Ads,Contacted
680,1595,19,2026-05-04,Facebook Ads,Lost
1858,533,11,2026-05-04,Google Ads,Lost
2477,1821,5,2026-05-04,Google Ads,Contacted
11661,2255,16,2026-05-04,Google Ads,Contacted
8756,1775,16,2026-05-04,Google Ads,New
4470,600,19,2026-05-04,Facebook Ads,New
2488,3887,19,2026-05-04,Facebook Ads,Lost
7251,3976,16,2026-05-05,Google Ads,Contacted
7178,2897,9,2026-05-05,官網,New
5550,2100,5,2026-05-05,Google Ads,Lost
8743,3678,21,2026-05-05,官網,Converted
9527,1507,19,2026-05-05,Facebook Ads,Lost
2196,2897,34,2026-05-05,合作通路,Contacted
10724,998,19,2026-05-05,Facebook Ads,Qualified
3829,733,16,2026-05-05,Google Ads,Converted
3493,694,19,2026-05-05,Facebook Ads,New
1150,632,19,2026-05-05,Facebook Ads,Contacted
10389,2870,19,2026-05-05,Facebook Ads,Qualified
9390,2897,32,2026-05-05,Google Ads,Qualified
3116,835,19,2026-05-05,Facebook Ads,Contacted
2264,2100,21,2026-05-05,官網,New
10843,3045,19,2026-05-05,Facebook Ads,Lost
7758,1404,19,2026-05-05,Facebook Ads,Contacted
4756,3495,19,2026-05-05,Facebook Ads,Contacted
9743,1298,16,2026-05-05,Google Ads,Converted
6370,596,16,2026-05-05,Google Ads,New
1051,245,19,2026-05-05,Facebook Ads,Qualified
10810,2897,12,2026-05-05,合作通路,Qualified
3760,1695,16,2026-05-05,Google Ads,New
7751,3678,17,2026-05-05,Facebook Ads,New
10618,1500,19,2026-05-05,Facebook Ads,Contacted
2076,2281,19,2026-05-05,Facebook Ads,Contacted
1410,1577,19,2026-05-06,Facebook Ads,Contacted
10747,2930,19,2026-05-06,Facebook Ads,New
11966,3346,34,2026-05-06,合作通路,Contacted
8049,3284,19,2026-05-06,Facebook Ads,Contacted
6265,3929,16,2026-05-06,Google Ads,Qualified
3429,107,19,2026-05-06,Facebook Ads,Converted
11936,3346,22,2026-05-06,Google Ads,Qualified
1849,3053,19,2026-05-06,Facebook Ads,Lost
1152,408,16,2026-05-06,Google Ads,Contacted
8716,116,16,2026-05-06,Google Ads,Contacted
8294,3346,22,2026-05-06,Google Ads,New
4972,646,18,2026-05-06,LINE,Contacted
7927,210,16,2026-05-06,Google Ads,New
5538,587,19,2026-05-06,Facebook Ads,Qualified
11758,1210,16,2026-05-06,Google Ads,Lost
11632,3828,18,2026-05-06,LINE,Lost
11008,1680,19,2026-05-06,Facebook Ads,New
11920,2194,16,2026-05-06,Google Ads,Contacted
8,1370,19,2026-05-06,Facebook Ads,Qualified
10983,966,19,2026-05-06,Facebook Ads,New
8719,2611,19,2026-05-06,Facebook Ads,Contacted
6144,2060,19,2026-05-06,Facebook Ads,Qualified
10588,814,18,2026-05-06,LINE,Lost
2758,1324,19,2026-05-06,Facebook Ads,Lost
10931,2436,19,2026-05-06,Facebook Ads,Qualified
1323,760,19,2026-05-06,Facebook Ads,Converted
151,2164,18,2026-05-06,LINE,Qualified
11015,814,19,2026-05-06,Facebook Ads,New
7473,3516,19,2026-05-07,Facebook Ads,Converted
8813,833,16,2026-05-07,Google Ads,New
7304,1837,19,2026-05-07,Facebook Ads,Qualified
10537,2291,8,2026-05-07,Referral,New
949,2340,19,2026-05-07,Facebook Ads,Contacted
4398,1930,38,2026-05-07,Google Ads,Lost
3885,1840,19,2026-05-07,Facebook Ads,Contacted
3584,2999,16,2026-05-07,Google Ads,Qualified
8806,2221,16,2026-05-07,Google Ads,Qualified
7300,626,20,2026-05-07,Facebook Ads,Lost
9493,2291,37,2026-05-07,Facebook Ads,Contacted
2237,1972,18,2026-05-07,LINE,Contacted
1003,3742,19,2026-05-07,Facebook Ads,Contacted
6835,3903,18,2026-05-07,LINE,Contacted
166,2994,16,2026-05-07,Google Ads,Lost
3521,626,40,2026-05-07,Facebook Ads,Qualified
4860,1849,19,2026-05-07,Facebook Ads,Lost
8866,2291,24,2026-05-07,Facebook Ads,New
6942,1089,19,2026-05-07,Facebook Ads,Converted
7075,1930,30,2026-05-07,Google Ads,Converted
8677,1110,26,2026-05-07,電話,Lost
1409,3005,36,2026-05-07,電話,Converted
7298,1930,11,2026-05-07,Google Ads,Converted
9929,1993,16,2026-05-07,Google Ads,Qualified
11590,2291,24,2026-05-07,Facebook Ads,Qualified
5817,1110,5,2026-05-07,Google Ads,Lost
10576,2011,18,2026-05-07,LINE,Converted
7884,239,19,2026-05-07,Facebook Ads,Qualified
8078,1930,36,2026-05-07,電話,Contacted
1145,2291,27,2026-05-07,Google Ads,Lost
60,626,10,2026-05-07,官網,Converted
9290,2291,40,2026-05-07,Facebook Ads,New
1738,1482,22,2026-05-08,Google Ads,Contacted
3211,669,17,2026-05-08,Facebook Ads,Converted
7669,2739,19,2026-05-08,Facebook Ads,Qualified
7595,669,5,2026-05-08,Google Ads,Converted
9386,2418,19,2026-05-08,Facebook Ads,Contacted
9860,3585,17,2026-05-08,Facebook Ads,Contacted
4743,3804,39,2026-05-08,官網,New
10961,1307,10,2026-05-08,官網,New
2006,3136,2,2026-05-08,合作通路,Qualified
1228,3585,27,2026-05-08,Google Ads,Lost
8366,3275,2,2026-05-08,合作通路,Converted
4457,2808,24,2026-05-08,Facebook Ads,New
4932,181,8,2026-05-08,Referral,Lost
9285,2037,16,2026-05-08,Google Ads,Lost
1578,1307,20,2026-05-08,Facebook Ads,Qualified
3990,2492,19,2026-05-08,Facebook Ads,Contacted
11154,3585,3,2026-05-08,官網,Qualified
193,2443,18,2026-05-08,LINE,Lost
474,74,19,2026-05-08,Facebook Ads,Qualified
5193,2808,9,2026-05-08,官網,Qualified
22,3585,26,2026-05-08,電話,Contacted
5513,561,19,2026-05-08,Facebook Ads,Lost
1107,286,33,2026-05-08,Google Ads,Contacted
11253,2532,18,2026-05-08,LINE,New
7573,1307,26,2026-05-08,電話,Lost
3275,2819,16,2026-05-08,Google Ads,Lost
6038,3838,19,2026-05-08,Facebook Ads,New
944,1255,16,2026-05-08,Google Ads,Contacted
11073,3275,37,2026-05-08,Facebook Ads,Contacted
428,122,19,2026-05-08,Facebook Ads,Contacted
2455,3804,36,2026-05-08,電話,Lost
6957,2037,32,2026-05-08,Google Ads,New
4385,176,19,2026-05-08,Facebook Ads,New
1045,2256,19,2026-05-08,Facebook Ads,Converted
11655,3164,19,2026-05-08,Facebook Ads,New
13,1775,16,2026-05-08,Google Ads,Lost
2981,1482,21,2026-05-08,官網,Lost
11611,3943,18,2026-05-08,LINE,Converted
11477,1482,28,2026-05-08,LINE,Lost
5829,3275,37,2026-05-08,Facebook Ads,New
5671,2240,16,2026-05-08,Google Ads,Qualified
5849,1482,10,2026-05-08,官網,Converted
10667,1482,15,2026-05-08,Google Ads,Contacted
9822,181,1,2026-05-08,Facebook Ads,Lost
4810,3030,16,2026-05-08,Google Ads,Converted
10391,3677,19,2026-05-08,Facebook Ads,Qualified
10887,3585,13,2026-05-08,電話,Contacted
10695,1827,19,2026-05-09,Facebook Ads,New
11843,1749,19,2026-05-09,Facebook Ads,Lost
3284,3228,19,2026-05-09,Facebook Ads,Lost
8699,1504,11,2026-05-09,Google Ads,Contacted
11722,1657,19,2026-05-09,Facebook Ads,Contacted
3628,1751,19,2026-05-09,Facebook Ads,Contacted
11116,1244,19,2026-05-09,Facebook Ads,New
11956,3302,16,2026-05-09,Google Ads,Converted
11130,3303,16,2026-05-09,Google Ads,Qualified
3741,65,18,2026-05-09,LINE,Qualified
192,2073,18,2026-05-09,LINE,Contacted
6949,2845,19,2026-05-09,Facebook Ads,Contacted
8587,3765,19,2026-05-09,Facebook Ads,Converted
2476,811,19,2026-05-09,Facebook Ads,Qualified
6259,2633,16,2026-05-09,Google Ads,Converted
8997,1504,17,2026-05-09,Facebook Ads,Contacted
3803,1627,6,2026-05-09,Google Ads,Qualified
2120,2179,19,2026-05-09,Facebook Ads,Contacted
8286,2046,16,2026-05-09,Google Ads,Contacted
905,1627,3,2026-05-09,官網,Converted
6967,2457,16,2026-05-09,Google Ads,New
5770,2643,18,2026-05-09,LINE,New
10385,1042,18,2026-05-09,LINE,Qualified
2611,1005,16,2026-05-09,Google Ads,Lost
555,3970,19,2026-05-09,Facebook Ads,Lost
4950,2751,16,2026-05-09,Google Ads,Lost
184,2037,19,2026-05-09,Facebook Ads,Qualified
8705,271,27,2026-05-10,Google Ads,New
5989,2977,29,2026-05-10,LINE,Converted
4165,271,28,2026-05-10,LINE,Contacted
1970,2736,15,2026-05-10,Google Ads,Lost
7436,2786,18,2026-05-10,LINE,Contacted
762,540,10,2026-05-10,官網,Lost
2667,540,26,2026-05-10,電話,Qualified
5400,935,19,2026-05-10,Facebook Ads,Lost
5255,2110,16,2026-05-10,Google Ads,Lost
2896,1858,19,2026-05-10,Facebook Ads,Qualified
10748,3002,19,2026-05-10,Facebook Ads,Contacted
8329,2889,19,2026-05-10,Facebook Ads,Contacted
5153,2396,18,2026-05-10,LINE,Lost
2675,3837,19,2026-05-10,Facebook Ads,Contacted
4112,2957,30,2026-05-10,Google Ads,Lost
3103,978,18,2026-05-10,LINE,New
2080,271,9,2026-05-10,官網,New
5216,540,28,2026-05-10,LINE,New
11643,2977,21,2026-05-10,官網,New
6603,2977,37,2026-05-10,Facebook Ads,Contacted
3987,769,38,2026-05-11,Google Ads,New
1156,3656,1,2026-05-11,Facebook Ads,Contacted
10188,1527,19,2026-05-11,Facebook Ads,Contacted
1121,3656,19,2026-05-11,Facebook Ads,New
1422,2738,30,2026-05-11,Google Ads,Converted
1357,34,18,2026-05-11,LINE,Contacted
3312,769,29,2026-05-11,LINE,New
4192,3462,19,2026-05-11,Facebook Ads,New
228,2738,33,2026-05-11,Google Ads,Qualified
1351,3804,19,2026-05-11,Facebook Ads,Contacted
9765,2484,19,2026-05-11,Facebook Ads,Qualified
1484,769,15,2026-05-11,Google Ads,Contacted
105,2919,18,2026-05-11,LINE,Converted
2108,716,18,2026-05-11,LINE,Qualified
10411,1112,35,2026-05-11,合作通路,Converted
3942,2026,18,2026-05-11,LINE,Converted
5310,2821,18,2026-05-11,LINE,Converted
1747,2738,15,2026-05-11,Google Ads,New
3076,2874,19,2026-05-11,Facebook Ads,Qualified
1733,1112,32,2026-05-11,Google Ads,New
5228,3252,19,2026-05-11,Facebook Ads,Contacted
9957,2738,1,2026-05-11,Facebook Ads,Qualified
10529,460,18,2026-05-11,LINE,Contacted
7172,1843,19,2026-05-11,Facebook Ads,Qualified
10647,3617,19,2026-05-11,Facebook Ads,Qualified
11979,2738,11,2026-05-11,Google Ads,Qualified
8745,1112,30,2026-05-11,Google Ads,New
2482,3422,19,2026-05-11,Facebook Ads,Contacted
8749,580,5,2026-05-12,Google Ads,Contacted
6131,2530,33,2026-05-12,Google Ads,New
2671,580,20,2026-05-12,Facebook Ads,Lost
5543,1474,19,2026-05-12,Facebook Ads,Lost
3453,2537,29,2026-05-12,LINE,New
5718,2713,14,2026-05-12,Google Ads,Lost
4002,2713,6,2026-05-12,Google Ads,Converted
6100,1792,19,2026-05-12,Facebook Ads,Contacted
3845,2713,17,2026-05-12,Facebook Ads,Converted
5967,1603,18,2026-05-12,LINE,Lost
7613,2789,18,2026-05-12,LINE,New
221,3759,29,2026-05-12,LINE,Converted
265,2312,19,2026-05-12,Facebook Ads,Contacted
10493,1979,40,2026-05-12,Facebook Ads,New
9835,3759,5,2026-05-12,Google Ads,Lost
8250,2537,6,2026-05-12,Google Ads,Contacted
5853,2530,16,2026-05-12,Google Ads,New
11328,2530,5,2026-05-12,Google Ads,Qualified
4769,2713,24,2026-05-12,Facebook Ads,Lost
4505,1554,30,2026-05-12,Google Ads,New
3263,2530,3,2026-05-12,官網,New
5309,1783,19,2026-05-12,Facebook Ads,Qualified
4316,580,17,2026-05-12,Facebook Ads,New
2532,2537,6,2026-05-12,Google Ads,Contacted
6734,1979,37,2026-05-12,Facebook Ads,Lost
10454,3812,18,2026-05-12,LINE,Contacted
8538,1377,19,2026-05-12,Facebook Ads,Contacted
2396,580,37,2026-05-12,Facebook Ads,New
199,864,19,2026-05-12,Facebook Ads,Lost
2997,3390,17,2026-05-13,Facebook Ads,Lost
5710,1006,18,2026-05-13,LINE,Qualified
8823,3247,5,2026-05-13,Google Ads,Converted
2321,2086,18,2026-05-13,LINE,Converted
7497,3651,38,2026-05-13,Google Ads,Contacted
11238,2565,19,2026-05-13,Facebook Ads,New
5226,3247,13,2026-05-13,電話,Qualified
2312,2285,19,2026-05-13,Facebook Ads,Qualified
3315,3390,40,2026-05-13,Facebook Ads,New
2873,652,18,2026-05-13,LINE,Contacted
11242,2039,19,2026-05-13,Facebook Ads,Contacted
1734,3390,21,2026-05-13,官網,Contacted
626,3651,37,2026-05-13,Facebook Ads,Contacted
5390,3247,16,2026-05-13,Google Ads,Converted
5209,868,19,2026-05-13,Facebook Ads,Qualified
3706,3006,19,2026-05-13,Facebook Ads,Qualified
11199,3651,11,2026-05-13,Google Ads,Lost
11502,3870,19,2026-05-13,Facebook Ads,Contacted
10756,1466,20,2026-05-13,Facebook Ads,New
11847,1508,18,2026-05-13,LINE,New
10297,104,19,2026-05-13,Facebook Ads,Contacted
2219,580,19,2026-05-13,Facebook Ads,Qualified
2571,3390,33,2026-05-13,Google Ads,Converted
6222,2173,31,2026-05-14,官網,Qualified
954,2974,18,2026-05-14,LINE,New
11796,3091,19,2026-05-14,Facebook Ads,Lost
2332,2173,13,2026-05-14,電話,Lost
4603,2296,18,2026-05-14,LINE,New
2117,2173,21,2026-05-14,官網,Contacted
3082,587,19,2026-05-14,Facebook Ads,New
9297,3863,19,2026-05-14,Facebook Ads,New
7566,3323,18,2026-05-14,LINE,Lost
2129,1870,19,2026-05-14,Facebook Ads,Converted
1611,1006,19,2026-05-14,Facebook Ads,Converted
10818,2511,24,2026-05-14,Facebook Ads,Contacted
8197,2173,29,2026-05-14,LINE,Lost
646,606,19,2026-05-14,Facebook Ads,Converted
3392,573,18,2026-05-14,LINE,Converted
9912,2622,18,2026-05-14,LINE,Lost
3341,2690,19,2026-05-14,Facebook Ads,Contacted
10345,671,18,2026-05-14,LINE,Qualified
4672,2856,19,2026-05-14,Facebook Ads,Lost
8090,1930,19,2026-05-14,Facebook Ads,Converted
5877,2835,19,2026-05-14,Facebook Ads,Qualified
7455,652,19,2026-05-14,Facebook Ads,Contacted
6433,1599,19,2026-05-15,Facebook Ads,Converted
6786,556,19,2026-05-15,Facebook Ads,New
11403,1686,19,2026-05-15,Facebook Ads,Qualified
7051,3068,19,2026-05-15,Facebook Ads,Contacted
4696,2622,19,2026-05-15,Facebook Ads,Qualified
6766,812,18,2026-05-15,LINE,Contacted
3505,897,18,2026-05-16,LINE,Lost
6853,2622,18,2026-05-16,LINE,Converted
10159,1138,18,2026-05-16,LINE,Qualified
6245,3671,2,2026-05-16,合作通路,Lost
368,2077,18,2026-05-16,LINE,Contacted
10875,2735,18,2026-05-16,LINE,Qualified
1270,1472,14,2026-05-16,Google Ads,New
9955,3671,17,2026-05-16,Facebook Ads,Converted
923,665,18,2026-05-17,LINE,Converted
7943,2080,18,2026-05-17,LINE,Converted
11474,603,21,2026-05-17,官網,New
10298,2307,37,2026-05-17,Facebook Ads,Qualified
9071,603,19,2026-05-17,Facebook Ads,New
7124,3111,19,2026-05-17,Facebook Ads,New
2285,1170,26,2026-05-17,電話,Qualified
1183,2090,20,2026-05-17,Facebook Ads,Converted
229,2861,18,2026-05-17,LINE,New
4471,2811,18,2026-05-17,LINE,Contacted
2202,1170,5,2026-05-17,Google Ads,Contacted
4230,674,22,2026-05-17,Google Ads,Contacted
9687,3111,14,2026-05-17,Google Ads,Qualified
4607,2354,16,2026-05-17,Google Ads,Contacted
10073,603,20,2026-05-17,Facebook Ads,Lost
6223,1170,22,2026-05-17,Google Ads,Qualified
3868,1170,29,2026-05-17,LINE,Contacted
6571,2307,25,2026-05-17,LINE,New
3494,1170,19,2026-05-17,Facebook Ads,Contacted
5477,1170,10,2026-05-17,官網,Converted
6673,2307,27,2026-05-17,Google Ads,Lost
10340,1170,16,2026-05-17,Google Ads,Qualified
9354,1170,22,2026-05-17,Google Ads,Converted
8249,1502,18,2026-05-17,LINE,Contacted
10975,603,1,2026-05-17,Facebook Ads,New
6319,2090,20,2026-05-17,Facebook Ads,New
9380,3111,14,2026-05-17,Google Ads,New
10671,765,18,2026-05-17,LINE,Converted
11917,1170,19,2026-05-17,Facebook Ads,Contacted
3433,3571,2,2026-05-18,合作通路,New
6938,1427,9,2026-05-18,官網,New
4880,1427,6,2026-05-18,Google Ads,New
11450,3571,16,2026-05-18,Google Ads,Contacted
7162,84,3,2026-05-18,官網,Converted
10228,3571,35,2026-05-18,合作通路,Converted
7284,84,28,2026-05-18,LINE,Contacted
4220,3571,27,2026-05-18,Google Ads,Contacted
7385,2992,24,2026-05-19,Facebook Ads,Contacted
5827,329,20,2026-05-19,Facebook Ads,Contacted
7819,1863,18,2026-05-19,LINE,Contacted
6879,1480,9,2026-05-19,官網,Converted
4998,2992,10,2026-05-19,官網,Converted
10638,2992,1,2026-05-19,Facebook Ads,Lost
5688,919,18,2026-05-19,LINE,Lost
2602,1480,13,2026-05-19,電話,Converted
2599,3378,14,2026-05-19,Google Ads,Lost
6899,2992,10,2026-05-19,官網,Qualified
5573,1480,6,2026-05-19,Google Ads,Qualified
10372,198,18,2026-05-19,LINE,Converted
9947,2992,8,2026-05-19,Referral,Qualified
1253,329,5,2026-05-19,Google Ads,New
2971,1480,33,2026-05-19,Google Ads,New
8237,1480,24,2026-05-19,Facebook Ads,Contacted
5296,1480,5,2026-05-19,Google Ads,New
10669,3123,24,2026-05-20,Facebook Ads,New
7820,131,25,2026-05-20,LINE,Converted
4721,3123,37,2026-05-20,Facebook Ads,Contacted
7660,2951,20,2026-05-20,Facebook Ads,Converted
321,131,32,2026-05-20,Google Ads,Lost
8612,1695,18,2026-05-20,LINE,Qualified
2776,2171,21,2026-05-20,官網,Qualified
11797,384,40,2026-05-20,Facebook Ads,Converted
6896,47,18,2026-05-20,LINE,New
320,2951,27,2026-05-20,Google Ads,Converted
10557,3123,5,2026-05-20,Google Ads,Qualified
11783,384,31,2026-05-20,官網,Contacted
270,2171,14,2026-05-20,Google Ads,Contacted
3175,2171,38,2026-05-20,Google Ads,New
8155,384,35,2026-05-20,合作通路,Converted
6665,202,18,2026-05-21,LINE,Qualified
10953,1593,40,2026-05-21,Facebook Ads,Contacted
11057,266,12,2026-05-21,合作通路,Lost
5707,1614,18,2026-05-21,LINE,Contacted
10301,929,18,2026-05-21,LINE,New
7189,266,30,2026-05-21,Google Ads,Contacted
6647,2222,18,2026-05-22,LINE,New
10624,2592,18,2026-05-22,LINE,New
569,2206,18,2026-05-22,LINE,Contacted
122,453,18,2026-05-23,LINE,Contacted
8544,564,29,2026-05-23,LINE,Contacted
9984,1754,18,2026-05-23,LINE,Contacted
5951,1451,26,2026-05-24,電話,New
3346,585,31,2026-05-24,官網,New
2728,1185,40,2026-05-24,Facebook Ads,Converted
5791,1185,27,2026-05-24,Google Ads,New
404,3944,6,2026-05-24,Google Ads,Qualified
8856,2362,5,2026-05-24,Google Ads,Qualified
5987,585,25,2026-05-24,LINE,Converted
2270,3944,30,2026-05-24,Google Ads,Converted
9833,1451,17,2026-05-24,Facebook Ads,Qualified
1359,585,14,2026-05-24,Google Ads,New
11512,1185,12,2026-05-24,合作通路,Converted
5467,3159,9,2026-05-24,官網,New
8055,3159,6,2026-05-24,Google Ads,New
173,1185,30,2026-05-24,Google Ads,New
4338,1747,18,2026-05-24,LINE,New
9645,585,33,2026-05-24,Google Ads,Converted
5084,585,40,2026-05-24,Facebook Ads,Contacted
2942,3944,12,2026-05-24,合作通路,Converted
4813,585,15,2026-05-24,Google Ads,Contacted
11576,3159,17,2026-05-24,Facebook Ads,Qualified
3751,3049,18,2026-05-24,LINE,New
5019,3944,25,2026-05-24,LINE,Converted
770,1451,6,2026-05-24,Google Ads,New
8562,66,18,2026-05-25,LINE,Contacted
3011,2155,32,2026-05-25,Google Ads,New
11266,1412,18,2026-05-25,LINE,Converted
2426,3027,18,2026-05-25,LINE,Lost
9162,2155,20,2026-05-25,Facebook Ads,Qualified
315,2390,16,2026-05-25,Google Ads,Lost
6648,330,18,2026-05-25,LINE,Qualified
1666,2155,16,2026-05-25,Google Ads,Contacted
9869,4000,18,2026-05-25,LINE,New
10364,2155,19,2026-05-25,Facebook Ads,Converted
2210,1242,18,2026-05-25,LINE,Contacted
4637,2155,10,2026-05-25,官網,Converted
910,2390,33,2026-05-25,Google Ads,Contacted
8876,2390,5,2026-05-25,Google Ads,Contacted
9640,2390,15,2026-05-25,Google Ads,Contacted
8462,996,18,2026-05-25,LINE,Contacted
10499,2706,14,2026-05-26,Google Ads,Converted
6007,2706,30,2026-05-26,Google Ads,Converted
2580,2706,20,2026-05-26,Facebook Ads,New
5901,2706,20,2026-05-26,Facebook Ads,Converted
2310,1777,37,2026-05-26,Facebook Ads,Converted
5622,2145,18,2026-05-26,LINE,Lost
7942,1777,20,2026-05-26,Facebook Ads,Qualified
10893,2706,16,2026-05-26,Google Ads,Converted
1118,1777,19,2026-05-26,Facebook Ads,Lost
4817,2258,18,2026-05-26,LINE,Contacted
3337,3526,18,2026-05-26,LINE,Lost
3368,3026,27,2026-05-27,Google Ads,Converted
7735,1746,38,2026-05-27,Google Ads,Contacted
8868,1694,25,2026-05-27,LINE,Lost
2358,1694,13,2026-05-27,電話,Contacted
5245,3243,31,2026-05-27,官網,Converted
9191,2020,18,2026-05-27,LINE,Qualified
7116,425,18,2026-05-27,LINE,Converted
1046,1694,28,2026-05-27,LINE,New
5430,3026,31,2026-05-27,官網,Converted
9575,1564,33,2026-05-27,Google Ads,Lost
9066,3026,11,2026-05-27,Google Ads,Qualified
4881,1694,22,2026-05-27,Google Ads,New
2484,3026,26,2026-05-27,電話,Contacted
1361,3006,18,2026-05-27,LINE,Converted
2559,3243,38,2026-05-27,Google Ads,Contacted
5609,1564,34,2026-05-27,合作通路,Lost
4788,3347,18,2026-05-27,LINE,Contacted
8111,1694,30,2026-05-27,Google Ads,Converted
10982,1258,36,2026-05-28,電話,Converted
4530,1470,22,2026-05-28,Google Ads,Lost
1866,3512,4,2026-05-28,LINE,New
8209,1025,14,2026-05-28,Google Ads,Contacted
9832,1564,18,2026-05-28,LINE,Lost
10381,1025,35,2026-05-28,合作通路,Converted
3588,1697,2,2026-05-28,合作通路,Lost
3450,1697,39,2026-05-28,官網,Qualified
5006,1258,38,2026-05-28,Google Ads,Contacted
6634,1470,32,2026-05-28,Google Ads,Qualified
4449,1697,8,2026-05-28,Referral,Qualified
917,1025,14,2026-05-28,Google Ads,Converted
4222,1258,28,2026-05-28,LINE,Contacted
11198,1697,10,2026-05-28,官網,New
8948,297,4,2026-05-28,LINE,Contacted
8269,1276,28,2026-05-29,LINE,Contacted
11072,3001,18,2026-05-29,LINE,Lost
11728,2125,1,2026-05-29,Facebook Ads,Contacted
4258,2125,34,2026-05-29,合作通路,Qualified
7053,2487,4,2026-05-29,LINE,Qualified
7112,3520,4,2026-05-29,LINE,Contacted
10023,2367,18,2026-05-29,LINE,Lost
1263,2125,10,2026-05-29,官網,Converted
7252,1221,18,2026-05-29,LINE,Qualified
8615,2125,40,2026-05-29,Facebook Ads,New
8523,255,17,2026-05-29,Facebook Ads,Converted
3776,1644,4,2026-05-29,LINE,Converted
672,2681,18,2026-05-29,LINE,Contacted
10617,107,4,2026-05-29,LINE,Converted
8328,43,18,2026-05-29,LINE,Converted
5069,1544,4,2026-05-29,LINE,Converted
10970,255,22,2026-05-29,Google Ads,New
6920,2772,3,2026-05-29,官網,Qualified
3522,1276,11,2026-05-29,Google Ads,Qualified
7092,3388,4,2026-05-29,LINE,Converted
5786,965,18,2026-05-29,LINE,Converted
3934,2125,40,2026-05-29,Facebook Ads,Contacted
1606,2772,30,2026-05-29,Google Ads,Converted
3533,255,10,2026-05-29,官網,New
7133,1857,29,2026-05-29,LINE,Contacted
898,609,18,2026-05-30,LINE,New
3869,233,29,2026-05-30,LINE,Contacted
8071,233,21,2026-05-30,官網,Contacted
11890,3792,33,2026-05-30,Google Ads,Lost
329,3792,3,2026-05-30,官網,New
759,2652,18,2026-05-30,LINE,Converted
5755,1516,18,2026-05-30,LINE,Lost
8568,2958,18,2026-05-30,LINE,Contacted
1274,2540,39,2026-05-30,官網,Converted
1954,3792,1,2026-05-30,Facebook Ads,Lost
11039,711,4,2026-05-30,LINE,Converted
1687,2600,4,2026-05-30,LINE,New
8484,1664,4,2026-05-30,LINE,Lost
5406,877,18,2026-05-30,LINE,Converted
807,2060,4,2026-05-30,LINE,Lost
9027,233,25,2026-05-30,LINE,Converted
3840,2680,24,2026-05-31,Facebook Ads,Lost
2538,2680,26,2026-05-31,電話,Converted
8478,2966,20,2026-05-31,Facebook Ads,Qualified
11699,2064,18,2026-05-31,LINE,Qualified
786,3874,18,2026-05-31,LINE,Lost
4360,2966,22,2026-05-31,Google Ads,Contacted
1679,2966,17,2026-05-31,Facebook Ads,New
4916,2908,4,2026-05-31,LINE,Contacted
4900,3591,18,2026-05-31,LINE,Lost
7235,2680,8,2026-05-31,Referral,Converted
6272,241,4,2026-05-31,LINE,New
6042,1807,5,2026-06-01,Google Ads,Qualified
7955,1378,18,2026-06-01,LINE,Lost
4435,2779,38,2026-06-01,Google Ads,Qualified
10390,3651,18,2026-06-01,LINE,Lost
10948,3826,4,2026-06-01,LINE,Converted
2023,1648,4,2026-06-01,LINE,Qualified
1784,3418,20,2026-06-01,Facebook Ads,Qualified
6283,1828,2,2026-06-01,合作通路,Converted
6489,1828,3,2026-06-01,官網,Qualified
10938,1828,22,2026-06-01,Google Ads,Contacted
3007,1950,18,2026-06-01,LINE,Converted
2111,3418,26,2026-06-01,電話,Lost
11617,3329,10,2026-06-01,官網,Contacted
11694,1057,4,2026-06-01,LINE,Lost
6425,3329,21,2026-06-01,官網,Contacted
9682,1807,15,2026-06-01,Google Ads,New
1671,1807,33,2026-06-01,Google Ads,Contacted
10178,3329,21,2026-06-01,官網,Converted
8144,3418,33,2026-06-01,Google Ads,New
8847,3021,4,2026-06-01,LINE,New
1023,1358,4,2026-06-02,LINE,Qualified
5579,3941,18,2026-06-02,LINE,Lost
6508,1569,4,2026-06-02,LINE,Qualified
1977,3588,27,2026-06-02,Google Ads,Lost
6733,3446,4,2026-06-02,LINE,Converted
5966,3472,18,2026-06-02,LINE,Contacted
1180,3588,32,2026-06-02,Google Ads,Contacted
5628,3588,8,2026-06-02,Referral,Qualified
1717,3588,13,2026-06-02,電話,Lost
113,3915,4,2026-06-02,LINE,Converted
8993,3607,8,2026-06-03,Referral,Qualified
10151,3088,19,2026-06-03,Facebook Ads,New
2357,1398,18,2026-06-03,LINE,Qualified
6346,3088,38,2026-06-03,Google Ads,Qualified
797,3836,4,2026-06-03,LINE,Converted
11469,473,22,2026-06-03,Google Ads,Contacted
4430,2163,6,2026-06-03,Google Ads,Converted
6518,473,1,2026-06-03,Facebook Ads,Converted
10999,3088,27,2026-06-03,Google Ads,Contacted
3986,1264,4,2026-06-03,LINE,Lost
10196,3011,4,2026-06-03,LINE,Lost
7049,473,22,2026-06-03,Google Ads,New
9637,3473,4,2026-06-03,LINE,Qualified
2290,2163,22,2026-06-03,Google Ads,Lost
8224,90,18,2026-06-03,LINE,Contacted
9473,3088,19,2026-06-03,Facebook Ads,Converted
10138,2163,20,2026-06-03,Facebook Ads,Lost
4854,3607,8,2026-06-03,Referral,Contacted
11439,2510,19,2026-06-04,Facebook Ads,Contacted
8542,3382,29,2026-06-04,LINE,Contacted
11239,2510,11,2026-06-04,Google Ads,Contacted
6995,454,4,2026-06-04,LINE,Contacted
10041,2749,4,2026-06-04,LINE,Qualified
9069,3382,15,2026-06-04,Google Ads,Lost
4298,2510,17,2026-06-04,Facebook Ads,New
9226,976,4,2026-06-04,LINE,New
8372,2152,21,2026-06-04,官網,Contacted
3929,2510,24,2026-06-04,Facebook Ads,Qualified
1635,155,4,2026-06-04,LINE,Lost
11254,2530,18,2026-06-04,LINE,New
11165,2510,10,2026-06-04,官網,Qualified
7254,585,18,2026-06-04,LINE,Lost
7977,921,4,2026-06-04,LINE,Contacted
8832,2152,3,2026-06-04,官網,Lost
246,2663,4,2026-06-04,LINE,New
7351,3382,10,2026-06-04,官網,New
10127,3382,30,2026-06-04,Google Ads,New
11834,3002,4,2026-06-04,LINE,Contacted
6845,1674,18,2026-06-04,LINE,Lost
4124,3459,18,2026-06-05,LINE,Qualified
3147,287,18,2026-06-05,LINE,Qualified
4246,2679,4,2026-06-05,LINE,Contacted
3839,42,4,2026-06-05,LINE,Contacted
3772,1461,18,2026-06-05,LINE,Lost
7629,794,18,2026-06-05,LINE,Lost
7970,1196,18,2026-06-05,LINE,Contacted
9485,2864,18,2026-06-05,LINE,Lost
4581,304,4,2026-06-05,LINE,Contacted
10828,3312,4,2026-06-05,LINE,New
11043,3302,4,2026-06-05,LINE,Contacted
1312,2176,18,2026-06-05,LINE,Lost
685,955,4,2026-06-05,LINE,Converted
5194,1196,4,2026-06-05,LINE,Qualified
7492,2881,33,2026-06-05,Google Ads,Converted
2168,2881,5,2026-06-05,Google Ads,Converted
11915,1645,4,2026-06-05,LINE,New
275,2881,30,2026-06-05,Google Ads,Qualified
854,2479,18,2026-06-05,LINE,Lost
2727,1984,13,2026-06-06,電話,Contacted
1706,3371,5,2026-06-06,Google Ads,Converted
7114,496,22,2026-06-06,Google Ads,Contacted
7480,3638,34,2026-06-06,合作通路,Contacted
8709,3371,13,2026-06-06,電話,Contacted
11650,2969,6,2026-06-06,Google Ads,New
11645,1984,27,2026-06-06,Google Ads,Converted
5469,1145,16,2026-06-06,Google Ads,Contacted
1839,2969,4,2026-06-06,LINE,Converted
4268,3371,13,2026-06-06,電話,New
9770,3371,22,2026-06-06,Google Ads,Qualified
5509,1145,27,2026-06-06,Google Ads,Qualified
220,3638,16,2026-06-06,Google Ads,Qualified
7474,3638,30,2026-06-06,Google Ads,Converted
4513,3371,38,2026-06-06,Google Ads,Contacted
8491,2776,6,2026-06-06,Google Ads,Qualified
11742,496,21,2026-06-06,官網,Contacted
4456,3371,13,2026-06-06,電話,New
5567,1145,24,2026-06-06,Facebook Ads,New
9507,2776,38,2026-06-06,Google Ads,Qualified
5544,496,6,2026-06-06,Google Ads,Lost
7788,957,4,2026-06-06,LINE,Lost
2871,2962,18,2026-06-06,LINE,New
3018,1145,33,2026-06-06,Google Ads,Converted
5488,2776,29,2026-06-06,LINE,New
3637,2964,4,2026-06-06,LINE,Qualified
3631,1145,1,2026-06-06,Facebook Ads,Converted
834,1984,17,2026-06-06,Facebook Ads,New
5001,2776,33,2026-06-06,Google Ads,Qualified
4441,1145,19,2026-06-06,Facebook Ads,New
7271,3371,10,2026-06-06,官網,Qualified
4094,1489,4,2026-06-06,LINE,New
11536,2969,16,2026-06-06,Google Ads,Lost
1241,3371,19,2026-06-06,Facebook Ads,Contacted
11578,2351,4,2026-06-07,LINE,New
11759,3933,18,2026-06-07,LINE,Lost
10348,2400,4,2026-06-07,LINE,Contacted
8902,903,18,2026-06-07,LINE,Lost
7037,1002,27,2026-06-07,Google Ads,Lost
3752,3653,18,2026-06-07,LINE,Qualified
1235,1002,20,2026-06-07,Facebook Ads,Qualified
9218,1746,18,2026-06-07,LINE,Contacted
6533,1967,4,2026-06-07,LINE,New
11259,2314,18,2026-06-08,LINE,Converted
10937,662,18,2026-06-08,LINE,Lost
6138,1328,4,2026-06-08,LINE,Qualified
9863,2729,4,2026-06-08,LINE,Contacted
4117,1968,4,2026-06-09,LINE,Contacted
6274,666,32,2026-06-09,Google Ads,Lost
3837,1621,4,2026-06-09,LINE,Converted
8064,2787,17,2026-06-09,Facebook Ads,Qualified
4891,3969,10,2026-06-09,官網,New
10899,3969,5,2026-06-09,Google Ads,Converted
8483,3637,4,2026-06-09,LINE,Contacted
7145,759,4,2026-06-09,LINE,Converted
6664,3969,1,2026-06-09,Facebook Ads,Qualified
7405,666,37,2026-06-09,Facebook Ads,Qualified
7767,666,14,2026-06-09,Google Ads,Converted
2510,3732,18,2026-06-09,LINE,Contacted
5198,2787,13,2026-06-09,電話,New
4434,7,4,2026-06-09,LINE,Contacted
957,2787,30,2026-06-09,Google Ads,Converted
5836,3969,12,2026-06-09,合作通路,Contacted
6043,347,21,2026-06-10,官網,Converted
2950,2978,4,2026-06-10,LINE,Lost
6892,3347,18,2026-06-10,LINE,Contacted
2003,1622,18,2026-06-10,LINE,Contacted
708,2952,6,2026-06-10,Google Ads,Qualified
1171,1911,28,2026-06-10,LINE,New
2570,3137,4,2026-06-10,LINE,Converted
1663,3164,4,2026-06-10,LINE,Qualified
11391,347,15,2026-06-10,Google Ads,New
1668,3462,4,2026-06-10,LINE,Contacted
6418,3989,4,2026-06-10,LINE,Qualified
4451,1911,3,2026-06-10,官網,Qualified
10109,6,10,2026-06-10,官網,Contacted
1956,1603,4,2026-06-10,LINE,New
2682,1911,16,2026-06-10,Google Ads,Converted
8875,3052,4,2026-06-10,LINE,New
10879,1911,38,2026-06-10,Google Ads,Contacted
5969,3264,4,2026-06-10,LINE,Lost
11182,1703,18,2026-06-11,LINE,Converted
5408,110,21,2026-06-11,官網,Converted
9761,3384,4,2026-06-11,LINE,Converted
4985,3808,32,2026-06-11,Google Ads,New
4850,3808,5,2026-06-11,Google Ads,Converted
8464,110,6,2026-06-11,Google Ads,New
749,2210,18,2026-06-11,LINE,Converted
10037,3574,18,2026-06-11,LINE,Lost
1520,1694,4,2026-06-11,LINE,Qualified
1605,110,38,2026-06-11,Google Ads,Converted
11292,3808,10,2026-06-11,官網,Qualified
4234,3153,18,2026-06-11,LINE,Qualified
4466,3757,33,2026-06-11,Google Ads,New
7658,3757,29,2026-06-11,LINE,Contacted
7187,110,36,2026-06-11,電話,Contacted
7199,1350,4,2026-06-11,LINE,Contacted
1054,3757,6,2026-06-11,Google Ads,Lost
11898,479,18,2026-06-11,LINE,Contacted
8096,3598,18,2026-06-11,LINE,Converted
2464,110,25,2026-06-11,LINE,Contacted
8355,3808,22,2026-06-11,Google Ads,Converted
11788,110,25,2026-06-11,LINE,Lost
11861,2564,18,2026-06-11,LINE,Qualified
10307,560,18,2026-06-12,LINE,New
7725,1895,18,2026-06-12,LINE,Converted
6815,72,11,2026-06-12,Google Ads,Contacted
10657,72,21,2026-06-12,官網,Qualified
946,402,15,2026-06-12,Google Ads,Converted
1416,1465,4,2026-06-12,LINE,New
7567,2574,4,2026-06-12,LINE,Lost
3010,402,39,2026-06-12,官網,Converted
1184,2057,4,2026-06-12,LINE,Lost
9797,2608,4,2026-06-12,LINE,Contacted
7225,2322,18,2026-06-12,LINE,Converted
5833,72,6,2026-06-12,Google Ads,Lost
5313,1072,4,2026-06-13,LINE,New
5565,1072,4,2026-06-13,LINE,Converted
5705,1415,4,2026-06-13,LINE,Lost
119,678,18,2026-06-13,LINE,Contacted
7242,2819,18,2026-06-13,LINE,Lost
2101,1026,4,2026-06-13,LINE,New
1368,2835,18,2026-06-13,LINE,Lost
2206,663,4,2026-06-13,LINE,Contacted
9571,305,33,2026-06-13,Google Ads,Qualified
3742,2238,6,2026-06-14,Google Ads,Converted
11799,2238,5,2026-06-14,Google Ads,New
7999,160,18,2026-06-14,LINE,Contacted
7108,810,27,2026-06-14,Google Ads,Qualified
2407,810,37,2026-06-14,Facebook Ads,Contacted
10414,1524,14,2026-06-14,Google Ads,Contacted
4413,1524,29,2026-06-14,LINE,Qualified
11674,3048,18,2026-06-14,LINE,Contacted
7949,3506,4,2026-06-14,LINE,Qualified
3596,810,20,2026-06-14,Facebook Ads,New
4461,1524,33,2026-06-14,Google Ads,Contacted
559,1524,1,2026-06-14,Facebook Ads,Contacted
521,1524,36,2026-06-14,電話,Qualified
11631,3351,4,2026-06-14,LINE,Converted
5679,1524,31,2026-06-14,官網,Lost
6388,483,1,2026-06-15,Facebook Ads,Contacted
11665,483,9,2026-06-15,官網,Contacted
11370,3025,4,2026-06-15,LINE,Converted
7787,2737,8,2026-06-15,Referral,Converted
11651,745,37,2026-06-15,Facebook Ads,Contacted
6557,2199,37,2026-06-15,Facebook Ads,Qualified
6318,483,25,2026-06-15,LINE,Contacted
183,1843,4,2026-06-15,LINE,New
1867,2737,39,2026-06-15,官網,Qualified
3325,2737,9,2026-06-15,官網,New
10527,2737,36,2026-06-15,電話,Converted
4518,3809,18,2026-06-15,LINE,New
6877,745,22,2026-06-15,Google Ads,Lost
10215,1615,18,2026-06-15,LINE,Converted
7711,483,15,2026-06-15,Google Ads,Qualified
11023,462,18,2026-06-15,LINE,Qualified
7205,3139,4,2026-06-15,LINE,Contacted
10059,2737,32,2026-06-15,Google Ads,New
10165,237,4,2026-06-15,LINE,Qualified
725,745,25,2026-06-15,LINE,Qualified
10053,3408,18,2026-06-15,LINE,Converted
7230,745,3,2026-06-15,官網,Lost
10780,483,22,2026-06-15,Google Ads,New
5040,2450,4,2026-06-15,LINE,New
8202,745,3,2026-06-15,官網,Contacted
9519,2199,32,2026-06-15,Google Ads,Lost
204,2305,18,2026-06-15,LINE,Lost
380,2737,14,2026-06-15,Google Ads,Qualified
9518,487,31,2026-06-16,官網,Converted
9675,250,33,2026-06-16,Google Ads,New
3053,1692,27,2026-06-16,Google Ads,New
11900,368,5,2026-06-16,Google Ads,New
9421,1952,4,2026-06-16,LINE,Qualified
3366,146,20,2026-06-16,Facebook Ads,Contacted
2750,250,20,2026-06-16,Facebook Ads,New
9475,3528,4,2026-06-16,LINE,Lost
822,3681,15,2026-06-16,Google Ads,New
2524,1075,37,2026-06-16,Facebook Ads,Contacted
2760,3681,13,2026-06-16,電話,New
11176,1692,32,2026-06-16,Google Ads,Contacted
10187,1075,16,2026-06-16,Google Ads,New
1189,3681,14,2026-06-16,Google Ads,Converted
4097,368,15,2026-06-16,Google Ads,Lost
11507,1692,19,2026-06-16,Facebook Ads,New
7539,250,33,2026-06-16,Google Ads,Qualified
10122,1075,27,2026-06-16,Google Ads,Converted
4161,487,30,2026-06-16,Google Ads,New
6831,2303,4,2026-06-16,LINE,New
7495,487,16,2026-06-16,Google Ads,Contacted
6147,146,30,2026-06-16,Google Ads,Qualified
7004,3681,9,2026-06-16,官網,Converted
9750,2605,4,2026-06-16,LINE,Converted
10488,2858,4,2026-06-16,LINE,Contacted
7220,2571,18,2026-06-16,LINE,Lost
7510,1013,4,2026-06-16,LINE,Qualified
2241,250,35,2026-06-16,合作通路,Contacted
9742,1692,15,2026-06-16,Google Ads,Qualified
4299,3681,21,2026-06-16,官網,New
8791,1877,18,2026-06-16,LINE,Converted
1819,1692,28,2026-06-16,LINE,New
1420,707,4,2026-06-16,LINE,New
8130,1075,40,2026-06-16,Facebook Ads,Contacted
5434,3681,13,2026-06-16,電話,New
1318,1790,1,2026-06-17,Facebook Ads,Converted
10402,1000,14,2026-06-17,Google Ads,Qualified
11375,2148,4,2026-06-17,LINE,Converted
3642,2878,18,2026-06-17,LINE,Converted
651,1790,38,2026-06-17,Google Ads,Converted
198,223,18,2026-06-17,LINE,Lost
2721,450,18,2026-06-17,LINE,Contacted
3137,1000,1,2026-06-17,Facebook Ads,Qualified
11312,1790,30,2026-06-17,Google Ads,Contacted
8188,3331,4,2026-06-17,LINE,Qualified
7060,1606,18,2026-06-17,LINE,Converted
507,1718,18,2026-06-17,LINE,Lost
10785,3180,31,2026-06-17,官網,Converted
3441,1790,8,2026-06-17,Referral,Qualified
10413,3180,40,2026-06-17,Facebook Ads,Converted
803,1131,25,2026-06-18,LINE,New
11421,2720,24,2026-06-18,Facebook Ads,New
3292,1105,19,2026-06-18,Facebook Ads,Qualified
405,1105,10,2026-06-18,官網,Lost
542,1131,28,2026-06-18,LINE,Contacted
10880,3209,4,2026-06-18,LINE,Contacted
7695,1501,4,2026-06-18,LINE,Contacted
4551,1200,4,2026-06-18,LINE,Contacted
10283,3915,4,2026-06-18,LINE,Lost
54,1090,18,2026-06-18,LINE,Contacted
5051,3763,22,2026-06-18,Google Ads,Converted
1398,1105,27,2026-06-18,Google Ads,New
8938,2350,18,2026-06-18,LINE,New
6343,1131,20,2026-06-18,Facebook Ads,Converted
10013,3352,4,2026-06-19,LINE,Converted
9161,1867,18,2026-06-19,LINE,New
5395,219,31,2026-06-19,官網,New
7012,1068,6,2026-06-19,Google Ads,Contacted
9900,2841,39,2026-06-19,官網,Lost
5930,161,18,2026-06-19,LINE,Contacted
6439,2734,5,2026-06-19,Google Ads,Contacted
9862,2734,30,2026-06-19,Google Ads,Contacted
11332,2223,26,2026-06-19,電話,Contacted
7500,219,29,2026-06-19,LINE,Lost
10815,2841,24,2026-06-19,Facebook Ads,Converted
2495,2634,30,2026-06-19,Google Ads,Converted
10924,1068,15,2026-06-19,Google Ads,Lost
480,2841,30,2026-06-19,Google Ads,New
7684,219,11,2026-06-19,Google Ads,Lost
1247,2841,5,2026-06-19,Google Ads,Qualified
7594,1652,18,2026-06-19,LINE,Lost
409,649,18,2026-06-19,LINE,Contacted
10255,1954,4,2026-06-19,LINE,Contacted
11592,1200,18,2026-06-19,LINE,Lost
10200,1068,40,2026-06-19,Facebook Ads,New
8849,1068,21,2026-06-19,官網,Converted
3666,2134,21,2026-06-20,官網,Qualified
595,2395,18,2026-06-20,LINE,Qualified
7706,3056,15,2026-06-20,Google Ads,Qualified
5404,3056,27,2026-06-20,Google Ads,Contacted
2821,2770,4,2026-06-20,LINE,Lost
4896,8,38,2026-06-20,Google Ads,Contacted
2854,2720,4,2026-06-20,LINE,Converted
4996,2934,18,2026-06-20,LINE,Lost
11018,1830,4,2026-06-20,LINE,Contacted
9905,1012,4,2026-06-20,LINE,Qualified
513,2777,4,2026-06-20,LINE,Lost
3280,2134,35,2026-06-20,合作通路,New
10400,8,30,2026-06-20,Google Ads,Lost
454,908,18,2026-06-20,LINE,Qualified
8193,2985,8,2026-06-21,Referral,Lost
3886,712,4,2026-06-21,LINE,Qualified
7874,1398,18,2026-06-21,LINE,Qualified
938,694,18,2026-06-21,LINE,Converted
6098,1518,16,2026-06-21,Google Ads,Qualified
10981,3661,24,2026-06-21,Facebook Ads,New
2252,2917,18,2026-06-21,LINE,Converted
10683,1518,27,2026-06-21,Google Ads,New
6921,540,4,2026-06-21,LINE,Qualified
3976,1185,18,2026-06-21,LINE,Qualified
578,3701,4,2026-06-21,LINE,Contacted
4084,3661,1,2026-06-21,Facebook Ads,Converted
8639,2985,28,2026-06-21,LINE,Converted
8446,2098,24,2026-06-21,Facebook Ads,Converted
402,1692,18,2026-06-21,LINE,Converted
5999,1518,11,2026-06-21,Google Ads,Qualified
8231,1518,22,2026-06-21,Google Ads,Converted
2736,2098,9,2026-06-21,官網,New
6841,3475,4,2026-06-21,LINE,Contacted
3723,428,4,2026-06-21,LINE,New
4436,3661,14,2026-06-21,Google Ads,Contacted
3289,2714,18,2026-06-22,LINE,Converted
1782,3273,18,2026-06-22,LINE,Qualified
6240,1182,18,2026-06-22,LINE,Contacted
3905,399,16,2026-06-22,Google Ads,Lost
5184,3053,4,2026-06-22,LINE,Qualified
1786,3291,18,2026-06-22,LINE,Contacted
8692,399,29,2026-06-22,LINE,Lost
1534,399,27,2026-06-22,Google Ads,Contacted
1333,399,40,2026-06-22,Facebook Ads,New
716,1151,4,2026-06-22,LINE,Qualified
2543,2873,16,2026-06-22,Google Ads,Converted
6241,728,4,2026-06-23,LINE,Contacted
9072,3161,1,2026-06-23,Facebook Ads,Contacted
170,2557,36,2026-06-23,電話,Converted
4342,2557,39,2026-06-23,官網,Contacted
614,136,38,2026-06-23,Google Ads,Qualified
632,3535,18,2026-06-23,LINE,Contacted
9881,3161,3,2026-06-23,官網,Qualified
8048,3161,15,2026-06-23,Google Ads,Contacted
5244,1943,18,2026-06-23,LINE,Contacted
2514,136,30,2026-06-23,Google Ads,New
6469,3902,4,2026-06-23,LINE,Converted
9578,2557,1,2026-06-23,Facebook Ads,New
2043,3161,30,2026-06-23,Google Ads,New
4017,136,19,2026-06-23,Facebook Ads,Qualified
1373,136,16,2026-06-23,Google Ads,Contacted
7845,3161,6,2026-06-23,Google Ads,New
9991,2304,34,2026-06-23,合作通路,Contacted
6852,1047,4,2026-06-23,LINE,Qualified
7577,136,36,2026-06-23,電話,Converted
6172,136,28,2026-06-23,LINE,New
6999,3161,37,2026-06-23,Facebook Ads,Lost
2086,136,30,2026-06-23,Google Ads,Qualified
3768,2557,21,2026-06-23,官網,Qualified
10656,2423,4,2026-06-23,LINE,Contacted
7582,136,33,2026-06-23,Google Ads,Qualified
3142,3667,4,2026-06-23,LINE,Converted
3502,3161,6,2026-06-23,Google Ads,Qualified
2566,1237,14,2026-06-24,Google Ads,Converted
826,701,4,2026-06-24,LINE,Contacted
9193,3177,4,2026-06-24,LINE,Lost
6091,1237,3,2026-06-24,官網,Lost
5897,1437,4,2026-06-24,LINE,Converted
2755,1361,4,2026-06-24,LINE,Contacted
6561,335,40,2026-06-24,Facebook Ads,New
976,153,27,2026-06-24,Google Ads,Lost
4559,1522,4,2026-06-24,LINE,Contacted
11914,2511,4,2026-06-24,LINE,New
8839,597,4,2026-06-24,LINE,Contacted
6599,1700,4,2026-06-24,LINE,Converted
1071,3269,14,2026-06-24,Google Ads,Contacted
10464,357,18,2026-06-24,LINE,Lost
274,2349,18,2026-06-24,LINE,Converted
1773,982,18,2026-06-24,LINE,New
10997,2106,4,2026-06-24,LINE,Lost
4294,1379,18,2026-06-24,LINE,New
3157,3117,4,2026-06-24,LINE,Lost
9233,2714,4,2026-06-24,LINE,Converted
11854,3796,2,2026-06-25,合作通路,Contacted
7945,2760,33,2026-06-25,Google Ads,Lost
2829,648,21,2026-06-25,官網,New
3201,3796,32,2026-06-25,Google Ads,Contacted
3362,648,27,2026-06-25,Google Ads,Contacted
6374,2111,18,2026-06-25,LINE,Converted
5912,2058,4,2026-06-25,LINE,Converted
219,3796,20,2026-06-25,Facebook Ads,Qualified
8597,3733,32,2026-06-25,Google Ads,Qualified
3192,648,18,2026-06-25,LINE,Lost
11582,648,27,2026-06-25,Google Ads,Contacted
4720,2640,4,2026-06-25,LINE,Qualified
10133,648,28,2026-06-25,LINE,Contacted
118,2459,22,2026-06-25,Google Ads,Contacted
2963,3796,8,2026-06-25,Referral,Qualified
3260,2506,18,2026-06-26,LINE,New
8359,3391,39,2026-06-26,官網,Contacted
2813,2139,29,2026-06-26,LINE,Contacted
2013,129,18,2026-06-26,LINE,New
10028,3102,18,2026-06-26,LINE,Converted
6837,3921,37,2026-06-26,Facebook Ads,Contacted
10341,530,5,2026-06-26,Google Ads,Contacted
10435,3750,18,2026-06-26,LINE,Contacted
5415,3391,39,2026-06-26,官網,New
5445,3921,38,2026-06-26,Google Ads,Qualified
5820,3391,30,2026-06-26,Google Ads,Qualified
7602,3391,17,2026-06-26,Facebook Ads,Qualified
7446,2139,31,2026-06-26,官網,Qualified
1676,3921,14,2026-06-26,Google Ads,Lost
4747,2572,22,2026-06-26,Google Ads,Converted
8530,2572,20,2026-06-26,Facebook Ads,New
3141,3921,37,2026-06-26,Facebook Ads,Qualified
6492,530,14,2026-06-26,Google Ads,Converted
3699,1482,4,2026-06-26,LINE,Qualified
10642,1744,18,2026-06-26,LINE,New
6800,2572,32,2026-06-26,Google Ads,Qualified
10783,1586,4,2026-06-26,LINE,Qualified
201,530,20,2026-06-26,Facebook Ads,Contacted
10143,3313,4,2026-06-27,LINE,Contacted
5409,1076,10,2026-06-27,官網,Converted
2356,1076,5,2026-06-27,Google Ads,Lost
8696,1076,28,2026-06-27,LINE,Qualified
6310,3959,6,2026-06-27,Google Ads,Qualified
10055,2000,32,2026-06-27,Google Ads,Qualified
10604,1277,18,2026-06-27,LINE,Contacted
396,1672,4,2026-06-27,LINE,Converted
10913,1076,22,2026-06-27,Google Ads,New
11358,179,4,2026-06-27,LINE,Qualified
9884,2791,4,2026-06-27,LINE,Lost
8482,2000,27,2026-06-27,Google Ads,Lost
2473,1795,18,2026-06-27,LINE,Qualified
1600,1910,18,2026-06-27,LINE,Lost
3167,1000,4,2026-06-27,LINE,Converted
10457,1076,27,2026-06-27,Google Ads,New
6446,2000,32,2026-06-27,Google Ads,Lost
2748,3959,26,2026-06-27,電話,Contacted
1919,1275,33,2026-06-28,Google Ads,Contacted
7228,3127,5,2026-06-28,Google Ads,Contacted
9099,1602,4,2026-06-28,LINE,New
5512,2869,4,2026-06-28,LINE,Converted
4453,1275,16,2026-06-28,Google Ads,Qualified
3376,2486,9,2026-06-28,官網,Lost
9701,3127,9,2026-06-28,官網,Contacted
9381,3127,15,2026-06-28,Google Ads,Contacted
460,2486,5,2026-06-28,Google Ads,Qualified
3088,1275,15,2026-06-28,Google Ads,New
4432,1275,32,2026-06-28,Google Ads,Converted
6428,2486,9,2026-06-28,官網,Contacted
5339,807,18,2026-06-28,LINE,Contacted
10933,3482,22,2026-06-28,Google Ads,New
1037,3127,8,2026-06-28,Referral,Converted
2596,1275,9,2026-06-28,官網,New
6789,2486,16,2026-06-28,Google Ads,Contacted
6715,1275,16,2026-06-28,Google Ads,Contacted
11533,123,18,2026-06-28,LINE,Contacted
1790,2667,30,2026-06-28,Google Ads,New
9157,2929,4,2026-06-28,LINE,Converted
11978,3881,4,2026-06-28,LINE,Qualified
9347,2667,1,2026-06-28,Facebook Ads,Qualified
616,106,4,2026-06-28,LINE,Converted
814,844,4,2026-06-28,LINE,Qualified
11492,2667,14,2026-06-28,Google Ads,Qualified
6918,2670,18,2026-06-28,LINE,Qualified
7306,2880,18,2026-06-28,LINE,New
5683,3407,4,2026-06-28,LINE,New
6232,3998,18,2026-06-28,LINE,Converted
3660,1082,18,2026-06-29,LINE,Converted
7463,3681,18,2026-06-29,LINE,Converted
8871,530,4,2026-06-29,LINE,New
7045,1976,4,2026-06-29,LINE,Contacted
8251,3927,4,2026-06-29,LINE,Qualified
9613,3211,18,2026-06-29,LINE,Contacted
10578,169,18,2026-06-30,LINE,Contacted
8148,2827,4,2026-06-30,LINE,Lost
44,1040,18,2026-06-30,LINE,Lost
11583,1386,18,2026-06-30,LINE,Contacted
6862,3337,18,2026-06-30,LINE,Converted
11454,2387,33,2026-06-30,Google Ads,Contacted
4886,768,19,2026-06-30,Facebook Ads,New
860,3816,13,2026-06-30,電話,Converted
4602,2387,9,2026-06-30,官網,Contacted
9532,2618,4,2026-06-30,LINE,New
6859,3127,18,2026-06-30,LINE,Contacted
3462,3816,17,2026-06-30,Facebook Ads,Contacted
1019,2052,4,2026-06-30,LINE,Contacted
8531,689,18,2026-06-30,LINE,Lost
9710,2387,32,2026-06-30,Google Ads,Converted
11138,2060,18,2026-06-30,LINE,Qualified
2802,3816,18,2026-06-30,LINE,Qualified
5090,768,5,2026-06-30,Google Ads,Converted
11257,2387,15,2026-06-30,Google Ads,Converted
8215,768,33,2026-06-30,Google Ads,New
4750,3816,6,2026-06-30,Google Ads,Contacted
9045,1497,11,2026-07-01,Google Ads,Contacted
4018,3577,18,2026-07-01,LINE,Lost
9904,310,25,2026-07-01,LINE,Converted
1468,623,3,2026-07-01,官網,Converted
6818,2505,4,2026-07-01,LINE,Contacted
2572,3418,18,2026-07-01,LINE,Converted
7729,2869,4,2026-07-01,LINE,Qualified
606,1108,11,2026-07-01,Google Ads,New
9504,1182,4,2026-07-01,LINE,Qualified
7744,1497,14,2026-07-01,Google Ads,Qualified
10790,1108,37,2026-07-01,Facebook Ads,New
7059,989,18,2026-07-01,LINE,Converted
7370,3638,18,2026-07-01,LINE,Qualified
7498,623,16,2026-07-01,Google Ads,Qualified
5008,623,16,2026-07-01,Google Ads,New
11058,2851,4,2026-07-01,LINE,New
11596,1108,6,2026-07-01,Google Ads,Converted
11911,3378,4,2026-07-01,LINE,Qualified
1855,1094,4,2026-07-01,LINE,Qualified
8128,1579,4,2026-07-01,LINE,Qualified
6355,174,4,2026-07-01,LINE,Lost
2624,3913,18,2026-07-02,LINE,Converted
9135,2129,9,2026-07-02,官網,Converted
1869,407,5,2026-07-02,Google Ads,New
5490,118,4,2026-07-02,LINE,Qualified
3395,1726,18,2026-07-02,LINE,Qualified
5148,2599,18,2026-07-02,LINE,Converted
3009,2129,29,2026-07-02,LINE,Contacted
4734,2575,4,2026-07-02,LINE,Lost
9211,2608,18,2026-07-02,LINE,Lost
7307,3167,16,2026-07-02,Google Ads,Converted
10309,2556,18,2026-07-02,LINE,Converted
2114,399,18,2026-07-02,LINE,Lost
6707,333,4,2026-07-02,LINE,Converted
4223,3391,18,2026-07-02,LINE,Lost
7974,1339,18,2026-07-02,LINE,Qualified
10575,483,18,2026-07-03,LINE,Contacted
6644,2337,18,2026-07-03,LINE,New
11698,1145,4,2026-07-03,LINE,Contacted
11371,1987,4,2026-07-03,LINE,Lost
11016,2770,4,2026-07-03,LINE,Converted
3903,934,4,2026-07-03,LINE,New
5794,2197,4,2026-07-03,LINE,New
11438,3310,4,2026-07-03,LINE,Lost
7398,335,18,2026-07-03,LINE,Qualified
6893,124,4,2026-07-03,LINE,Qualified
4745,819,40,2026-07-04,Facebook Ads,Lost
11380,819,22,2026-07-04,Google Ads,Converted
56,863,4,2026-07-04,LINE,Qualified
7234,1442,32,2026-07-04,Google Ads,Contacted
7151,1848,9,2026-07-04,官網,New
3780,1038,18,2026-07-04,LINE,Contacted
7726,1357,26,2026-07-04,電話,Lost
10111,1357,27,2026-07-04,Google Ads,New
3609,79,4,2026-07-04,LINE,Lost
1640,3146,4,2026-07-04,LINE,Lost
7722,2253,4,2026-07-04,LINE,Qualified
964,1848,33,2026-07-04,Google Ads,Qualified
7043,1848,20,2026-07-04,Facebook Ads,Qualified
10070,2946,18,2026-07-04,LINE,New
1352,3050,25,2026-07-04,LINE,Converted
906,3717,18,2026-07-04,LINE,Converted
5891,535,31,2026-07-04,官網,Contacted
2018,1161,18,2026-07-04,LINE,New
2352,1242,18,2026-07-04,LINE,Converted
10859,1848,6,2026-07-04,Google Ads,Converted
5819,694,4,2026-07-04,LINE,Converted
5730,2325,4,2026-07-04,LINE,Converted
11224,841,4,2026-07-04,LINE,New
2522,1442,5,2026-07-04,Google Ads,Converted
5465,535,27,2026-07-04,Google Ads,Contacted
7659,535,11,2026-07-04,Google Ads,Qualified
4956,1442,1,2026-07-04,Facebook Ads,New
1767,1848,1,2026-07-04,Facebook Ads,Lost
5322,1204,14,2026-07-05,Google Ads,Contacted
1142,1204,37,2026-07-05,Facebook Ads,Contacted
746,1872,18,2026-07-05,LINE,Qualified
8681,372,15,2026-07-05,Google Ads,New
3687,518,4,2026-07-05,LINE,Contacted
9001,1616,18,2026-07-05,LINE,Converted
7176,1590,11,2026-07-05,Google Ads,Lost
5803,2686,27,2026-07-05,Google Ads,Contacted
4292,2686,38,2026-07-05,Google Ads,Lost
4486,1434,1,2026-07-05,Facebook Ads,New
11087,2544,18,2026-07-05,LINE,New
8450,1434,35,2026-07-05,合作通路,New
10326,1590,27,2026-07-05,Google Ads,Lost
8471,1434,40,2026-07-05,Facebook Ads,New
4145,651,4,2026-07-05,LINE,Contacted
7604,3617,18,2026-07-05,LINE,Qualified
11960,281,18,2026-07-05,LINE,Converted
4803,133,18,2026-07-05,LINE,New
6316,8,4,2026-07-06,LINE,Converted
10507,1202,34,2026-07-06,合作通路,Contacted
2589,3069,27,2026-07-06,Google Ads,Qualified
8701,230,4,2026-07-06,LINE,Lost
10312,3437,14,2026-07-06,Google Ads,New
11555,1202,28,2026-07-06,LINE,New
5334,373,14,2026-07-06,Google Ads,New
8013,3437,20,2026-07-06,Facebook Ads,Lost
2277,3437,1,2026-07-06,Facebook Ads,Contacted
10071,552,4,2026-07-06,LINE,Converted
2383,2832,4,2026-07-06,LINE,Lost
6577,837,4,2026-07-06,LINE,Converted
99,373,15,2026-07-06,Google Ads,Lost
10337,1934,27,2026-07-07,Google Ads,Contacted
2324,1934,14,2026-07-07,Google Ads,Contacted
7362,1934,34,2026-07-07,合作通路,New
11524,3062,38,2026-07-07,Google Ads,New
11537,3062,18,2026-07-07,LINE,Qualified
11481,1765,12,2026-07-07,合作通路,Converted
10651,1725,4,2026-07-07,LINE,Lost
1249,3288,4,2026-07-07,LINE,Qualified
10652,2132,6,2026-07-07,Google Ads,Contacted
10996,2132,37,2026-07-07,Facebook Ads,Converted
8509,992,4,2026-07-07,LINE,Qualified
9180,3062,15,2026-07-07,Google Ads,New
1061,3062,19,2026-07-07,Facebook Ads,Converted
11061,3062,1,2026-07-07,Facebook Ads,New
1216,3062,40,2026-07-07,Facebook Ads,New
11050,1934,17,2026-07-07,Facebook Ads,New
5560,1765,20,2026-07-07,Facebook Ads,Qualified
8669,2072,27,2026-07-08,Google Ads,Converted
808,3411,4,2026-07-08,LINE,Converted
11435,2072,6,2026-07-08,Google Ads,Lost
832,2072,34,2026-07-08,合作通路,Converted
3133,3635,4,2026-07-08,LINE,Converted
8567,2732,4,2026-07-08,LINE,Lost
11828,3831,4,2026-07-08,LINE,Lost
11430,3158,11,2026-07-09,Google Ads,New
2843,3068,4,2026-07-09,LINE,Converted
4758,1230,9,2026-07-09,官網,Qualified
7570,1230,39,2026-07-09,官網,Contacted
5942,3158,40,2026-07-09,Facebook Ads,Converted
3257,1230,24,2026-07-09,Facebook Ads,Qualified
8004,1470,4,2026-07-09,LINE,Lost
9165,3535,7,2026-07-10,Google Ads,Converted
10210,618,20,2026-07-10,Facebook Ads,New
5983,1184,7,2026-07-10,Google Ads,Converted
2208,3326,16,2026-07-10,Google Ads,Contacted
2056,950,29,2026-07-10,LINE,New
10569,1200,4,2026-07-10,LINE,Qualified
3238,1200,7,2026-07-10,Google Ads,Converted
1186,819,4,2026-07-10,LINE,Converted
11604,618,6,2026-07-10,Google Ads,Qualified
9499,3910,7,2026-07-10,Google Ads,New
135,888,7,2026-07-10,Google Ads,Lost
10825,208,24,2026-07-10,Facebook Ads,Lost
5100,618,39,2026-07-10,官網,Converted
11488,950,33,2026-07-10,Google Ads,Converted
989,950,27,2026-07-10,Google Ads,New
6184,562,7,2026-07-10,Google Ads,New
4586,1034,7,2026-07-10,Google Ads,New
179,2093,4,2026-07-10,LINE,Contacted
8203,2528,4,2026-07-10,LINE,New
2626,1192,7,2026-07-10,Google Ads,New
997,3885,4,2026-07-10,LINE,Qualified
11413,950,38,2026-07-10,Google Ads,Contacted
2152,950,17,2026-07-10,Facebook Ads,New
6392,950,3,2026-07-10,官網,Contacted
4816,1149,4,2026-07-10,LINE,Contacted
3744,950,13,2026-07-10,電話,Contacted
8762,1574,29,2026-07-11,LINE,Contacted
4444,2445,33,2026-07-11,Google Ads,Converted
10644,1943,7,2026-07-11,Google Ads,Converted
2739,3497,7,2026-07-11,Google Ads,New
9282,1037,7,2026-07-11,Google Ads,Contacted
3440,1970,4,2026-07-11,LINE,Contacted
9573,1574,13,2026-07-11,電話,New
10977,1812,7,2026-07-11,Google Ads,Qualified
8944,2786,4,2026-07-11,LINE,Qualified
8248,1574,36,2026-07-11,電話,Converted
6582,3613,7,2026-07-11,Google Ads,Lost
6487,2826,7,2026-07-11,Google Ads,Converted
10221,2445,24,2026-07-11,Facebook Ads,Lost
1522,725,4,2026-07-11,LINE,Qualified
2955,423,4,2026-07-11,LINE,Converted
1456,3626,4,2026-07-11,LINE,Contacted
9048,1574,25,2026-07-11,LINE,Converted
1656,786,4,2026-07-11,LINE,Contacted
6289,2110,7,2026-07-11,Google Ads,Converted
10600,1574,11,2026-07-11,Google Ads,Converted
11117,2445,4,2026-07-11,LINE,Converted
7450,1810,5,2026-07-12,Google Ads,Qualified
7141,1262,7,2026-07-12,Google Ads,Converted
1371,2123,7,2026-07-12,Google Ads,New
1383,2779,7,2026-07-12,Google Ads,Contacted
7041,3328,9,2026-07-12,官網,Qualified
9271,2027,14,2026-07-12,Google Ads,Contacted
5039,2971,1,2026-07-12,Facebook Ads,Qualified
9648,2027,32,2026-07-12,Google Ads,Contacted
9800,3407,4,2026-07-12,LINE,Converted
10979,1810,11,2026-07-12,Google Ads,Converted
11009,1810,29,2026-07-12,LINE,Contacted
8815,3986,20,2026-07-12,Facebook Ads,Lost
4322,1849,4,2026-07-12,LINE,Qualified
9212,1675,7,2026-07-12,Google Ads,Contacted
4433,2027,11,2026-07-12,Google Ads,New
10897,3986,13,2026-07-12,電話,Qualified
9198,1043,7,2026-07-12,Google Ads,Lost
5062,1256,4,2026-07-12,LINE,New
11376,3986,34,2026-07-12,合作通路,Converted
4528,3031,18,2026-07-12,LINE,Converted
8487,2027,38,2026-07-12,Google Ads,New
675,3031,3,2026-07-12,官網,Lost
11347,1313,7,2026-07-12,Google Ads,New
2122,2653,30,2026-07-12,Google Ads,Converted
11689,2971,10,2026-07-12,官網,Lost
2221,3031,24,2026-07-12,Facebook Ads,New
9289,2027,33,2026-07-12,Google Ads,Qualified
11287,1401,7,2026-07-12,Google Ads,Converted
6609,2057,4,2026-07-12,LINE,Lost
7579,3216,4,2026-07-12,LINE,Contacted
11812,2197,7,2026-07-12,Google Ads,New
3883,216,7,2026-07-12,Google Ads,Converted
9000,3043,4,2026-07-12,LINE,New
7897,1810,24,2026-07-12,Facebook Ads,New
6706,3031,6,2026-07-12,Google Ads,New
51,771,7,2026-07-12,Google Ads,New
3042,737,7,2026-07-12,Google Ads,Lost
9410,2653,30,2026-07-12,Google Ads,Converted
130,3986,30,2026-07-12,Google Ads,Lost
7797,918,4,2026-07-12,LINE,New
9383,3986,25,2026-07-12,LINE,Qualified
6633,2971,29,2026-07-12,LINE,Qualified
11614,2961,7,2026-07-12,Google Ads,Contacted
6463,3280,7,2026-07-12,Google Ads,Lost
11550,3590,7,2026-07-13,Google Ads,Qualified
209,444,15,2026-07-13,Google Ads,Lost
11657,970,7,2026-07-13,Google Ads,Qualified
972,1300,4,2026-07-13,LINE,New
3887,1888,4,2026-07-13,LINE,Contacted
3967,3994,14,2026-07-13,Google Ads,Qualified
9056,1566,7,2026-07-13,Google Ads,New
2345,1405,7,2026-07-13,Google Ads,New
4250,2615,7,2026-07-13,Google Ads,New
4701,634,27,2026-07-13,Google Ads,New
2287,2679,7,2026-07-13,Google Ads,New
9827,634,11,2026-07-13,Google Ads,Converted
2279,3994,20,2026-07-13,Facebook Ads,Contacted
7311,2110,7,2026-07-13,Google Ads,Contacted
8527,444,21,2026-07-13,官網,Lost
3027,3947,7,2026-07-13,Google Ads,New
3068,1937,7,2026-07-13,Google Ads,Qualified
1221,2275,7,2026-07-13,Google Ads,Converted
1217,3994,38,2026-07-13,Google Ads,Contacted
1198,1630,7,2026-07-13,Google Ads,Qualified
6050,3328,4,2026-07-13,LINE,Contacted
5893,1065,30,2026-07-13,Google Ads,Contacted
8161,3430,7,2026-07-13,Google Ads,New
2123,2940,7,2026-07-13,Google Ads,Contacted
8312,634,27,2026-07-13,Google Ads,New
5403,2894,7,2026-07-13,Google Ads,Converted
1024,1875,7,2026-07-13,Google Ads,Lost
2715,444,15,2026-07-13,Google Ads,Qualified
243,2238,4,2026-07-13,LINE,New
2516,2445,4,2026-07-14,LINE,Qualified
2939,2232,7,2026-07-14,Google Ads,New
837,3082,4,2026-07-14,LINE,Contacted
3927,1914,12,2026-07-14,合作通路,New
1025,763,7,2026-07-14,Google Ads,Qualified
34,3479,7,2026-07-14,Google Ads,Lost
5061,3437,4,2026-07-14,LINE,New
9647,1914,9,2026-07-14,官網,New
3484,3284,4,2026-07-14,LINE,Converted
11945,2591,4,2026-07-14,LINE,Qualified
3710,3492,7,2026-07-14,Google Ads,Converted
2007,1914,34,2026-07-14,合作通路,Lost
11091,635,7,2026-07-14,Google Ads,New
472,3016,7,2026-07-15,Google Ads,Qualified
10246,1635,7,2026-07-15,Google Ads,New
2734,842,7,2026-07-15,Google Ads,Qualified
5607,3354,19,2026-07-15,Facebook Ads,Converted
6787,863,7,2026-07-15,Google Ads,Converted
9326,3091,7,2026-07-15,Google Ads,Qualified
5799,3729,7,2026-07-15,Google Ads,Qualified
9143,3234,7,2026-07-15,Google Ads,Lost
7581,3354,29,2026-07-15,LINE,Qualified
5336,2569,7,2026-07-15,Google Ads,Contacted
6656,3354,3,2026-07-15,官網,Contacted
2787,836,7,2026-07-15,Google Ads,New
3705,2417,7,2026-07-15,Google Ads,Contacted
3882,2035,1,2026-07-16,Facebook Ads,Lost
10713,1313,7,2026-07-16,Google Ads,New
4547,2035,15,2026-07-16,Google Ads,New
10866,2026,7,2026-07-16,Google Ads,New
10440,780,37,2026-07-16,Facebook Ads,Converted
4490,2035,25,2026-07-16,LINE,Contacted
7219,3818,7,2026-07-16,Google Ads,Qualified
2804,3023,7,2026-07-16,Google Ads,Contacted
8400,1233,7,2026-07-16,Google Ads,Lost
10363,1118,7,2026-07-16,Google Ads,New
10562,1725,7,2026-07-16,Google Ads,New
523,93,7,2026-07-16,Google Ads,Contacted
4107,3521,7,2026-07-16,Google Ads,Converted
1624,2678,7,2026-07-16,Google Ads,New
2989,2035,31,2026-07-16,官網,Contacted
7320,1695,7,2026-07-16,Google Ads,Contacted
10889,2035,6,2026-07-16,Google Ads,Converted
10625,1150,7,2026-07-17,Google Ads,Qualified
6287,2429,19,2026-07-17,Facebook Ads,Lost
10682,3859,7,2026-07-17,Google Ads,Contacted
6615,2429,38,2026-07-17,Google Ads,Lost
6379,3854,7,2026-07-17,Google Ads,Converted
1556,1665,22,2026-07-17,Google Ads,Contacted
6359,3727,7,2026-07-17,Google Ads,Contacted
4245,2104,3,2026-07-17,官網,Contacted
10419,2104,3,2026-07-17,官網,Lost
7229,888,7,2026-07-17,Google Ads,New
7502,2429,16,2026-07-17,Google Ads,Converted
11562,2104,27,2026-07-17,Google Ads,Converted
7818,741,7,2026-07-17,Google Ads,Qualified
3899,2429,32,2026-07-17,Google Ads,New
3591,2729,7,2026-07-17,Google Ads,Lost
3516,2423,7,2026-07-17,Google Ads,Converted
2593,1315,32,2026-07-17,Google Ads,Lost
11822,2429,29,2026-07-17,LINE,Converted
4564,1665,39,2026-07-17,官網,Contacted
2789,2779,7,2026-07-17,Google Ads,Converted
4445,2429,3,2026-07-17,官網,New
6032,2104,37,2026-07-17,Facebook Ads,Contacted
5976,903,7,2026-07-17,Google Ads,Qualified
3417,1735,10,2026-07-18,官網,Contacted
9960,947,40,2026-07-18,Facebook Ads,Qualified
6416,446,3,2026-07-18,官網,Contacted
6431,947,31,2026-07-18,官網,New
9327,3042,1,2026-07-18,Facebook Ads,Converted
6504,3042,15,2026-07-18,Google Ads,Converted
5675,3489,7,2026-07-18,Google Ads,New
9896,697,38,2026-07-18,Google Ads,Qualified
6535,1735,38,2026-07-18,Google Ads,Contacted
1091,3049,7,2026-07-18,Google Ads,New
3222,446,17,2026-07-18,Facebook Ads,New
5554,3042,28,2026-07-18,LINE,Contacted
9189,270,7,2026-07-18,Google Ads,Converted
5180,3222,18,2026-07-18,LINE,Lost
3067,1735,15,2026-07-18,Google Ads,Contacted
7034,947,36,2026-07-18,電話,Contacted
9550,87,7,2026-07-18,Google Ads,Converted
1434,2153,29,2026-07-18,LINE,Contacted
11990,3174,7,2026-07-18,Google Ads,Contacted
9618,1194,7,2026-07-18,Google Ads,Contacted
5852,566,7,2026-07-18,Google Ads,Lost
7619,882,7,2026-07-18,Google Ads,Qualified
11564,2153,21,2026-07-18,官網,Converted
7678,2656,7,2026-07-18,Google Ads,Lost
9102,1735,35,2026-07-18,合作通路,Contacted
4849,3042,2,2026-07-18,合作通路,New
9425,1680,7,2026-07-18,Google Ads,Converted
6079,3042,32,2026-07-18,Google Ads,Contacted
1227,3222,33,2026-07-18,Google Ads,Converted
10804,3321,7,2026-07-19,Google Ads,Qualified
8671,2043,7,2026-07-19,Google Ads,New
3732,1626,7,2026-07-19,Google Ads,Converted
11877,3196,6,2026-07-19,Google Ads,Qualified
11206,3196,4,2026-07-19,LINE,Lost
4407,3448,7,2026-07-19,Google Ads,Qualified
9023,3196,11,2026-07-19,Google Ads,New
8138,1092,7,2026-07-19,Google Ads,Lost
8435,3923,7,2026-07-19,Google Ads,Lost
8133,1623,7,2026-07-19,Google Ads,Contacted
3197,3605,7,2026-07-19,Google Ads,Converted
2556,734,7,2026-07-19,Google Ads,Qualified
3200,1220,33,2026-07-19,Google Ads,Converted
3193,182,7,2026-07-19,Google Ads,Contacted
1257,1220,22,2026-07-19,Google Ads,New
6295,1560,19,2026-07-19,Facebook Ads,Converted
465,2372,7,2026-07-19,Google Ads,Converted
11707,1495,7,2026-07-19,Google Ads,Lost
2986,1481,7,2026-07-19,Google Ads,Contacted
8455,329,7,2026-07-19,Google Ads,Contacted
4858,3369,7,2026-07-19,Google Ads,Qualified
11531,2722,7,2026-07-20,Google Ads,Contacted
8754,2483,17,2026-07-20,Facebook Ads,Lost
7985,1211,21,2026-07-20,官網,New
2637,1888,7,2026-07-20,Google Ads,Qualified
2347,2804,24,2026-07-20,Facebook Ads,Contacted
10113,211,24,2026-07-20,Facebook Ads,New
4046,1211,21,2026-07-20,官網,New
7023,1360,7,2026-07-20,Google Ads,Converted
9726,1783,7,2026-07-20,Google Ads,Converted
10772,2804,24,2026-07-20,Facebook Ads,New
3931,758,7,2026-07-20,Google Ads,Converted
5962,2916,7,2026-07-20,Google Ads,Contacted
6327,685,7,2026-07-20,Google Ads,Contacted
1739,2359,37,2026-07-20,Facebook Ads,Lost
3485,2483,36,2026-07-20,電話,Qualified
8774,1211,3,2026-07-20,官網,Lost
412,992,7,2026-07-20,Google Ads,New
8314,1211,28,2026-07-20,LINE,Lost
4907,2737,7,2026-07-20,Google Ads,Converted
8988,1533,7,2026-07-20,Google Ads,Qualified
10693,1739,7,2026-07-20,Google Ads,Qualified
3295,1683,7,2026-07-20,Google Ads,Qualified
1507,1211,25,2026-07-20,LINE,Qualified
5945,2777,7,2026-07-20,Google Ads,Contacted
8207,481,5,2026-07-21,Google Ads,Qualified
9691,3771,7,2026-07-21,Google Ads,Contacted
7951,553,7,2026-07-21,Google Ads,Lost
9466,3141,7,2026-07-21,Google Ads,Qualified
9365,3660,14,2026-07-21,Google Ads,Lost
7681,1315,7,2026-07-21,Google Ads,New
11605,1349,33,2026-07-21,Google Ads,Qualified
10886,481,24,2026-07-21,Facebook Ads,Contacted
5314,2032,7,2026-07-21,Google Ads,Contacted
7488,3309,7,2026-07-21,Google Ads,New
2731,3660,1,2026-07-21,Facebook Ads,Qualified
5480,481,14,2026-07-21,Google Ads,Contacted
2275,1269,7,2026-07-21,Google Ads,Converted
4933,3149,7,2026-07-21,Google Ads,Contacted
4606,1349,18,2026-07-21,LINE,Converted
3875,481,39,2026-07-21,官網,Contacted
6150,3654,7,2026-07-22,Google Ads,New
248,2514,7,2026-07-22,Google Ads,Qualified
845,3864,26,2026-07-22,電話,Lost
7872,2002,15,2026-07-22,Google Ads,Contacted
1701,1121,7,2026-07-22,Google Ads,Qualified
2092,1265,7,2026-07-22,Google Ads,Qualified
314,3026,7,2026-07-22,Google Ads,Qualified
4128,270,7,2026-07-22,Google Ads,New
53,2556,7,2026-07-22,Google Ads,New
6765,2295,35,2026-07-22,合作通路,Qualified
752,3964,7,2026-07-22,Google Ads,Contacted
9119,3992,7,2026-07-22,Google Ads,Lost
1102,387,7,2026-07-22,Google Ads,Contacted
3297,2002,20,2026-07-22,Facebook Ads,Contacted
6495,3804,7,2026-07-22,Google Ads,Qualified
4537,3864,21,2026-07-22,官網,Qualified
1828,438,7,2026-07-22,Google Ads,Contacted
5902,2002,32,2026-07-22,Google Ads,Contacted
8398,1773,34,2026-07-23,合作通路,New
11013,1162,7,2026-07-23,Google Ads,Converted
5353,1773,14,2026-07-23,Google Ads,Converted
10972,2966,7,2026-07-23,Google Ads,Lost
8063,1094,7,2026-07-23,Google Ads,Lost
2985,1773,32,2026-07-23,Google Ads,Qualified
9126,1175,7,2026-07-23,Google Ads,Qualified
5589,1773,4,2026-07-23,LINE,Qualified
6082,572,7,2026-07-23,Google Ads,Converted
10823,3113,7,2026-07-23,Google Ads,Converted
6834,1773,4,2026-07-23,LINE,Qualified
4167,1773,40,2026-07-23,Facebook Ads,Contacted
7716,2086,7,2026-07-23,Google Ads,New
2326,3275,7,2026-07-23,Google Ads,Contacted
9677,740,7,2026-07-23,Google Ads,New
5318,2713,7,2026-07-23,Google Ads,Converted
4011,1044,39,2026-07-24,官網,Qualified
8393,826,7,2026-07-24,Google Ads,New
2131,1044,17,2026-07-24,Facebook Ads,Lost
6399,1074,21,2026-07-24,官網,Qualified
6006,1112,7,2026-07-24,Google Ads,Qualified
6680,1074,32,2026-07-24,Google Ads,Qualified
6737,2378,7,2026-07-24,Google Ads,Converted
6740,1179,7,2026-07-24,Google Ads,New
9295,1615,7,2026-07-24,Google Ads,New
10533,3458,7,2026-07-24,Google Ads,Qualified
6874,1074,8,2026-07-24,Referral,Converted
5835,2521,6,2026-07-24,Google Ads,Qualified
3600,2521,29,2026-07-24,LINE,Contacted
456,2521,30,2026-07-24,Google Ads,Converted
7939,1074,37,2026-07-24,Facebook Ads,Contacted
7646,1074,24,2026-07-24,Facebook Ads,Lost
5745,1044,17,2026-07-24,Facebook Ads,New
10223,3089,7,2026-07-24,Google Ads,Converted
3697,422,7,2026-07-24,Google Ads,Converted
3915,3417,7,2026-07-25,Google Ads,New
5466,3514,30,2026-07-25,Google Ads,Converted
6206,804,7,2026-07-25,Google Ads,Converted
4159,3492,7,2026-07-25,Google Ads,Contacted
5023,1488,7,2026-07-25,Google Ads,Lost
6516,3907,40,2026-07-25,Facebook Ads,Qualified
2,2900,7,2026-07-25,Google Ads,Lost
2021,3985,7,2026-07-25,Google Ads,Lost
5968,3271,38,2026-07-25,Google Ads,New
3974,3907,31,2026-07-25,官網,Converted
7408,2135,7,2026-07-25,Google Ads,New
8742,3271,3,2026-07-25,官網,Contacted
141,3885,7,2026-07-25,Google Ads,Qualified
2684,3514,33,2026-07-25,Google Ads,Lost
7816,3907,30,2026-07-25,Google Ads,Lost
5158,3514,2,2026-07-25,合作通路,Qualified
6598,3907,27,2026-07-25,Google Ads,New
8291,3205,7,2026-07-25,Google Ads,Converted
8697,652,7,2026-07-26,Google Ads,Contacted
377,1209,16,2026-07-26,Google Ads,Converted
9998,606,7,2026-07-26,Google Ads,New
1696,2079,13,2026-07-26,電話,Contacted
6281,2079,6,2026-07-26,Google Ads,Converted
367,129,7,2026-07-26,Google Ads,Converted
1449,3078,7,2026-07-26,Google Ads,Converted
7094,1209,5,2026-07-26,Google Ads,New
7289,3304,7,2026-07-26,Google Ads,Converted
10313,953,7,2026-07-26,Google Ads,New
4264,1209,33,2026-07-26,Google Ads,Converted
509,2564,7,2026-07-26,Google Ads,Contacted
4185,1014,5,2026-07-26,Google Ads,Lost
7831,2079,22,2026-07-26,Google Ads,Contacted
7873,2738,7,2026-07-26,Google Ads,Contacted
568,1209,21,2026-07-26,官網,Contacted
3624,1209,19,2026-07-26,Facebook Ads,Lost
3610,3729,7,2026-07-26,Google Ads,Converted
8310,45,30,2026-07-26,Google Ads,Converted
9781,2079,37,2026-07-26,Facebook Ads,Contacted
5468,2079,16,2026-07-26,Google Ads,Qualified
670,2079,14,2026-07-26,Google Ads,Lost
9562,2079,38,2026-07-26,Google Ads,Lost
2735,2449,7,2026-07-27,Google Ads,Lost
4842,271,7,2026-07-27,Google Ads,Qualified
4969,3326,7,2026-07-27,Google Ads,Contacted
11173,1035,7,2026-07-27,Google Ads,Qualified
4326,875,7,2026-07-27,Google Ads,Converted
2886,3175,7,2026-07-27,Google Ads,Contacted
242,3093,7,2026-07-27,Google Ads,Contacted
9805,1912,25,2026-07-28,LINE,Contacted
3957,1186,4,2026-07-28,LINE,Lost
7200,2720,7,2026-07-28,Google Ads,Contacted
1845,51,7,2026-07-28,Google Ads,Lost
11307,2091,7,2026-07-28,Google Ads,New
8503,3530,14,2026-07-28,Google Ads,New
11189,1912,14,2026-07-28,Google Ads,Lost
3365,2484,7,2026-07-28,Google Ads,Contacted
6797,1339,7,2026-07-28,Google Ads,New
5335,285,7,2026-07-28,Google Ads,Contacted
8835,2298,7,2026-07-28,Google Ads,New
9467,3530,4,2026-07-28,LINE,Qualified
8755,1211,7,2026-07-28,Google Ads,Converted
6087,3530,2,2026-07-28,合作通路,New
5986,3530,15,2026-07-28,Google Ads,New
5522,1912,25,2026-07-28,LINE,Lost
3529,1893,7,2026-07-28,Google Ads,Qualified
10472,3530,16,2026-07-28,Google Ads,New
2452,2870,7,2026-07-28,Google Ads,New
10547,3604,7,2026-07-28,Google Ads,Lost
5928,2993,29,2026-07-29,LINE,Converted
9111,3011,7,2026-07-29,Google Ads,Contacted
11938,2812,3,2026-07-29,官網,Qualified
2849,18,25,2026-07-29,LINE,Qualified
11525,2812,25,2026-07-29,LINE,New
11961,3591,7,2026-07-29,Google Ads,Contacted
6177,18,25,2026-07-29,LINE,New
9555,2812,20,2026-07-29,Facebook Ads,Lost
8087,3931,7,2026-07-29,Google Ads,Qualified
7657,1286,31,2026-07-29,官網,Qualified
10947,18,13,2026-07-29,電話,Converted
4887,18,37,2026-07-29,Facebook Ads,Converted
11603,2493,7,2026-07-29,Google Ads,Converted
6870,3289,7,2026-07-29,Google Ads,Qualified
11423,393,7,2026-07-29,Google Ads,Qualified
5888,2993,4,2026-07-29,LINE,Converted
6474,625,7,2026-07-29,Google Ads,Converted
2472,614,7,2026-07-29,Google Ads,Lost
10098,1187,31,2026-07-30,官網,Contacted
7558,2156,30,2026-07-30,Google Ads,Lost
11228,3118,7,2026-07-30,Google Ads,Lost
1080,1737,7,2026-07-30,Google Ads,Contacted
4350,1187,20,2026-07-30,Facebook Ads,Qualified
2299,1187,5,2026-07-30,Google Ads,New
11835,1187,32,2026-07-30,Google Ads,Contacted
8183,2156,38,2026-07-30,Google Ads,Lost
8946,3694,19,2026-07-30,Facebook Ads,New
5341,3694,6,2026-07-30,Google Ads,Lost
5110,2459,7,2026-07-30,Google Ads,New
1859,2156,16,2026-07-30,Google Ads,New
11475,1187,24,2026-07-30,Facebook Ads,Converted
4739,3285,33,2026-07-30,Google Ads,Contacted
2844,2471,7,2026-07-30,Google Ads,Contacted
571,3694,30,2026-07-30,Google Ads,Qualified
10992,2156,28,2026-07-30,LINE,Converted
7333,356,7,2026-07-30,Google Ads,New
4684,2156,14,2026-07-30,Google Ads,Converted
4885,656,5,2026-07-31,Google Ads,Lost
9764,1968,7,2026-07-31,Google Ads,Converted
2554,1988,7,2026-07-31,Google Ads,Qualified
1667,575,22,2026-07-31,Google Ads,Converted
8088,2399,1,2026-07-31,Facebook Ads,New
4312,1370,7,2026-07-31,Google Ads,Qualified
11353,3040,27,2026-07-31,Google Ads,Converted
5553,2181,7,2026-07-31,Google Ads,Contacted
2872,2274,7,2026-07-31,Google Ads,Contacted
9999,575,33,2026-07-31,Google Ads,Contacted
11315,2118,7,2026-07-31,Google Ads,Converted
9120,3040,16,2026-07-31,Google Ads,Qualified
9301,656,27,2026-07-31,Google Ads,Contacted
11346,1005,7,2026-07-31,Google Ads,New
8797,656,26,2026-07-31,電話,Qualified
218,3040,1,2026-07-31,Facebook Ads,Qualified
5388,2967,7,2026-07-31,Google Ads,Converted
10176,3040,13,2026-07-31,電話,Lost
1239,84,7,2026-07-31,Google Ads,Qualified
4808,1917,7,2026-07-31,Google Ads,Contacted
7551,1388,7,2026-07-31,Google Ads,New
7674,575,32,2026-07-31,Google Ads,New
7984,1546,40,2026-08-01,Facebook Ads,Qualified
5268,2606,11,2026-08-01,Google Ads,Contacted
11491,3953,7,2026-08-01,Google Ads,Contacted
3477,1819,7,2026-08-01,Google Ads,New
11993,1109,7,2026-08-01,Google Ads,Qualified
9471,2606,11,2026-08-01,Google Ads,Converted
9049,3940,7,2026-08-01,Google Ads,Qualified
8145,1578,7,2026-08-01,Google Ads,Converted
35,3179,7,2026-08-01,Google Ads,Converted
2863,894,7,2026-08-01,Google Ads,Qualified
10836,209,7,2026-08-01,Google Ads,New
8767,1546,35,2026-08-01,合作通路,Converted
3281,2606,34,2026-08-01,合作通路,New
4448,2049,6,2026-08-02,Google Ads,Contacted
5020,601,16,2026-08-02,Google Ads,Converted
3113,2071,31,2026-08-02,官網,Contacted
5843,2049,38,2026-08-02,Google Ads,Qualified
7180,9,30,2026-08-02,Google Ads,Contacted
9349,2071,20,2026-08-02,Facebook Ads,Converted
4986,2049,17,2026-08-02,Facebook Ads,New
653,1367,36,2026-08-02,電話,Contacted
4740,1367,28,2026-08-02,LINE,Lost
6477,601,30,2026-08-02,Google Ads,Converted
7827,2114,7,2026-08-02,Google Ads,New
4354,3769,7,2026-08-02,Google Ads,Lost
10565,601,39,2026-08-02,官網,Contacted
4464,2049,5,2026-08-02,Google Ads,Lost
3806,3585,7,2026-08-02,Google Ads,Qualified
870,781,7,2026-08-02,Google Ads,Lost
4121,1367,14,2026-08-02,Google Ads,New
9130,1408,7,2026-08-02,Google Ads,New
6885,145,7,2026-08-02,Google Ads,Qualified
8244,1367,3,2026-08-02,官網,Contacted
3677,2049,17,2026-08-02,Facebook Ads,New
8616,1042,7,2026-08-02,Google Ads,New
11999,2104,7,2026-08-02,Google Ads,Converted
7272,1546,7,2026-08-03,Google Ads,New
7350,3255,7,2026-08-03,Google Ads,Contacted
2628,3849,24,2026-08-03,Facebook Ads,Contacted
7785,293,7,2026-08-03,Google Ads,Contacted
11363,3505,2,2026-08-03,合作通路,Converted
5988,3505,4,2026-08-03,LINE,New
6871,431,30,2026-08-03,Google Ads,Contacted
6991,3291,7,2026-08-03,Google Ads,Qualified
11283,2871,7,2026-08-03,Google Ads,Contacted
5874,3505,16,2026-08-03,Google Ads,Qualified
7341,3523,7,2026-08-03,Google Ads,Converted
4989,3849,1,2026-08-03,Facebook Ads,Lost
6543,3370,7,2026-08-03,Google Ads,Converted
4678,1788,7,2026-08-03,Google Ads,Contacted
10560,3135,7,2026-08-03,Google Ads,New
5142,2701,5,2026-08-03,Google Ads,Converted
361,3509,33,2026-08-03,Google Ads,Qualified
10583,3509,11,2026-08-03,Google Ads,New
6927,3849,33,2026-08-03,Google Ads,Contacted
3812,2701,11,2026-08-03,Google Ads,New
11151,431,15,2026-08-03,Google Ads,New
4155,431,27,2026-08-03,Google Ads,Contacted
599,431,22,2026-08-03,Google Ads,Contacted
2153,3509,31,2026-08-03,官網,Converted
10700,3509,37,2026-08-03,Facebook Ads,Qualified
1774,1204,7,2026-08-03,Google Ads,Qualified
8467,3849,21,2026-08-03,官網,Lost
6052,3739,7,2026-08-03,Google Ads,Contacted
11534,2701,5,2026-08-03,Google Ads,Contacted
9406,2676,3,2026-08-04,官網,New
9930,2346,18,2026-08-04,LINE,New
4636,96,7,2026-08-04,Google Ads,Contacted
8900,2026,7,2026-08-04,Google Ads,New
1551,775,7,2026-08-04,Google Ads,Converted
999,2483,7,2026-08-04,Google Ads,New
9262,2346,30,2026-08-04,Google Ads,Qualified
790,1571,7,2026-08-04,Google Ads,New
10483,2397,9,2026-08-04,官網,Converted
462,2397,20,2026-08-04,Facebook Ads,Lost
1689,2676,28,2026-08-04,LINE,Contacted
3748,2676,3,2026-08-04,官網,Contacted
10703,2397,17,2026-08-04,Facebook Ads,Qualified
4922,2676,1,2026-08-04,Facebook Ads,Converted
6356,2402,7,2026-08-04,Google Ads,Contacted
7263,2676,29,2026-08-04,LINE,Converted
721,2274,7,2026-08-04,Google Ads,Lost
10888,2676,14,2026-08-04,Google Ads,New
10361,2346,19,2026-08-04,Facebook Ads,Converted
66,940,32,2026-08-05,Google Ads,New
8775,1548,7,2026-08-05,Google Ads,Qualified
2647,571,7,2026-08-05,Google Ads,Lost
1202,3580,15,2026-08-05,Google Ads,Contacted
2836,1770,4,2026-08-05,LINE,Converted
4330,940,6,2026-08-05,Google Ads,Lost
6886,2788,4,2026-08-05,LINE,Contacted
4346,3580,37,2026-08-05,Facebook Ads,Qualified
8659,940,17,2026-08-05,Facebook Ads,Lost
6447,2448,7,2026-08-05,Google Ads,Lost
4584,2788,9,2026-08-05,官網,Contacted
4792,2965,7,2026-08-05,Google Ads,Contacted
2884,3580,38,2026-08-05,Google Ads,Contacted
6998,1770,18,2026-08-05,LINE,Lost
10323,3412,7,2026-08-05,Google Ads,New
5883,2788,37,2026-08-05,Facebook Ads,New
4204,474,7,2026-08-05,Google Ads,Lost
2980,2611,7,2026-08-05,Google Ads,Converted
8337,927,7,2026-08-05,Google Ads,Converted
9552,3546,7,2026-08-05,Google Ads,Contacted
7221,2928,7,2026-08-05,Google Ads,Qualified
1854,2788,16,2026-08-05,Google Ads,New
4775,3519,8,2026-08-05,Referral,Lost
11122,1053,22,2026-08-05,Google Ads,Converted
6454,3476,10,2026-08-06,官網,Lost
10697,2652,7,2026-08-06,Google Ads,New
5389,2381,25,2026-08-06,LINE,Qualified
2988,1124,30,2026-08-06,Google Ads,New
11012,1978,29,2026-08-06,LINE,Qualified
2673,2381,31,2026-08-06,官網,Qualified
2631,1978,20,2026-08-06,Facebook Ads,New
8179,3706,39,2026-08-06,官網,Contacted
5444,1162,7,2026-08-06,Google Ads,Contacted
7748,386,1,2026-08-06,Facebook Ads,New
10602,386,22,2026-08-06,Google Ads,Converted
5719,1978,38,2026-08-06,Google Ads,New
1907,1813,7,2026-08-06,Google Ads,Contacted
8172,1978,6,2026-08-06,Google Ads,Qualified
9845,3706,5,2026-08-06,Google Ads,Contacted
5950,3476,6,2026-08-06,Google Ads,Lost
5009,1978,22,2026-08-06,Google Ads,Lost
1013,2933,7,2026-08-06,Google Ads,Qualified
7000,2381,28,2026-08-06,LINE,Qualified
10455,1978,6,2026-08-06,Google Ads,New
8706,1124,30,2026-08-06,Google Ads,Lost
359,3798,7,2026-08-06,Google Ads,New
7130,3020,7,2026-08-06,Google Ads,Lost
1479,3706,6,2026-08-06,Google Ads,Qualified
6092,2381,9,2026-08-06,官網,Qualified
9192,1124,15,2026-08-06,Google Ads,New
6110,1224,7,2026-08-06,Google Ads,Contacted
8085,1978,24,2026-08-06,Facebook Ads,Contacted
2655,3476,9,2026-08-06,官網,Contacted
1053,3071,7,2026-08-06,Google Ads,Contacted
2242,889,39,2026-08-06,官網,Contacted
11412,386,3,2026-08-06,官網,Qualified
2895,2566,17,2026-08-07,Facebook Ads,Contacted
10628,24,32,2026-08-07,Google Ads,Contacted
7666,24,14,2026-08-07,Google Ads,Lost
673,24,38,2026-08-07,Google Ads,Converted
486,2566,18,2026-08-07,LINE,Lost
10767,1272,36,2026-08-07,電話,Converted
5097,1272,16,2026-08-07,Google Ads,Contacted
10636,855,7,2026-08-07,Google Ads,New
4967,2183,7,2026-08-07,Google Ads,Qualified
9586,177,6,2026-08-07,Google Ads,Contacted
6212,2323,5,2026-08-07,Google Ads,New
6790,881,32,2026-08-07,Google Ads,New
203,1426,17,2026-08-07,Facebook Ads,Contacted
3077,3344,7,2026-08-07,Google Ads,Contacted
5526,177,39,2026-08-07,官網,Converted
4567,2566,27,2026-08-07,Google Ads,New
9973,820,7,2026-08-07,Google Ads,Contacted
6849,1426,12,2026-08-07,合作通路,Contacted
5922,1098,7,2026-08-07,Google Ads,Qualified
4791,177,5,2026-08-07,Google Ads,Contacted
10415,2583,7,2026-08-07,Google Ads,Lost
9705,24,37,2026-08-07,Facebook Ads,Qualified
325,61,7,2026-08-07,Google Ads,Lost
9815,1524,7,2026-08-07,Google Ads,Converted
5763,1536,7,2026-08-08,Google Ads,New
1801,2110,7,2026-08-08,Google Ads,New
7882,3126,11,2026-08-08,Google Ads,New
1997,2155,7,2026-08-08,Google Ads,Contacted
11200,474,7,2026-08-08,Google Ads,Lost
3847,616,7,2026-08-08,Google Ads,Qualified
11325,3181,7,2026-08-08,Google Ads,Lost
439,1362,24,2026-08-08,Facebook Ads,Qualified
4841,2,7,2026-08-08,Google Ads,Qualified
7095,3126,37,2026-08-08,Facebook Ads,Lost
7506,2459,7,2026-08-08,Google Ads,New
1085,3028,7,2026-08-08,Google Ads,Qualified
2054,2939,7,2026-08-08,Google Ads,Converted
9447,2923,7,2026-08-08,Google Ads,Contacted
2335,793,5,2026-08-08,Google Ads,New
11567,793,15,2026-08-08,Google Ads,Contacted
2428,2094,7,2026-08-09,Google Ads,Lost
6410,1451,7,2026-08-09,Google Ads,Contacted
8020,103,18,2026-08-09,LINE,Contacted
6534,103,15,2026-08-09,Google Ads,Qualified
5129,190,37,2026-08-09,Facebook Ads,New
3921,2810,7,2026-08-09,Google Ads,Contacted
7061,3922,7,2026-08-09,Google Ads,Lost
536,1754,7,2026-08-09,Google Ads,Converted
1699,2075,7,2026-08-09,Google Ads,Contacted
9201,3638,7,2026-08-09,Google Ads,Contacted
10290,103,26,2026-08-09,電話,Lost
5111,3066,7,2026-08-09,Google Ads,Converted
5045,103,28,2026-08-09,LINE,Qualified
11175,322,7,2026-08-09,Google Ads,Lost
4096,103,11,2026-08-09,Google Ads,Contacted
7607,103,22,2026-08-09,Google Ads,Contacted
249,2147,7,2026-08-09,Google Ads,New
5793,122,7,2026-08-09,Google Ads,Contacted
11407,2765,22,2026-08-09,Google Ads,Qualified
5407,1730,7,2026-08-09,Google Ads,Converted
8053,757,7,2026-08-09,Google Ads,Contacted
8494,1598,7,2026-08-09,Google Ads,New
5186,334,7,2026-08-09,Google Ads,Contacted
5714,478,7,2026-08-09,Google Ads,Contacted
8675,103,13,2026-08-09,電話,Converted
2483,1020,7,2026-08-09,Google Ads,New
8151,1691,32,2026-08-09,Google Ads,Qualified
11785,103,29,2026-08-09,LINE,Converted
3060,462,7,2026-08-09,Google Ads,New
413,1331,7,2026-08-10,Google Ads,New
11737,1710,28,2026-08-10,LINE,Qualified
4526,2526,21,2026-08-10,官網,Lost
5460,3605,7,2026-08-10,Google Ads,New
4683,3363,7,2026-08-10,Google Ads,New
6560,2926,7,2026-08-10,Google Ads,Converted
5536,2526,5,2026-08-10,Google Ads,Lost
8461,2615,7,2026-08-10,Google Ads,Contacted
9763,3735,7,2026-08-10,Google Ads,Converted
4625,115,7,2026-08-10,Google Ads,Lost
9530,3712,7,2026-08-10,Google Ads,Contacted
4422,3560,7,2026-08-10,Google Ads,New
11142,2314,7,2026-08-10,Google Ads,Contacted
2528,375,7,2026-08-10,Google Ads,Converted
1816,3648,7,2026-08-10,Google Ads,Lost
4541,1710,17,2026-08-10,Facebook Ads,Qualified
55,480,12,2026-08-11,合作通路,Converted
5135,177,7,2026-08-11,Google Ads,Converted
3455,1681,7,2026-08-11,Google Ads,Converted
5993,2844,11,2026-08-11,Google Ads,New
8410,2227,33,2026-08-11,Google Ads,Converted
2759,2227,31,2026-08-11,官網,Converted
744,865,30,2026-08-11,Google Ads,Qualified
4437,2227,37,2026-08-11,Facebook Ads,Contacted
2435,231,7,2026-08-11,Google Ads,New
9523,1071,7,2026-08-11,Google Ads,Contacted
6748,865,38,2026-08-11,Google Ads,Contacted
1389,3375,7,2026-08-11,Google Ads,Contacted
3381,480,37,2026-08-11,Facebook Ads,New
2770,262,24,2026-08-11,Facebook Ads,Contacted
1135,2227,24,2026-08-11,Facebook Ads,Converted
489,423,7,2026-08-11,Google Ads,Contacted
8347,2227,6,2026-08-11,Google Ads,Qualified
11906,2227,2,2026-08-11,合作通路,Contacted
6113,865,4,2026-08-11,LINE,Contacted
9626,1260,8,2026-08-11,Referral,Converted
7245,262,14,2026-08-11,Google Ads,New
3092,2812,7,2026-08-11,Google Ads,New
11556,2844,25,2026-08-11,LINE,Qualified
9751,2759,37,2026-08-12,Facebook Ads,New
4671,3286,37,2026-08-12,Facebook Ads,New
10861,2227,7,2026-08-12,Google Ads,Converted
11318,3286,34,2026-08-12,合作通路,Lost
1560,2759,18,2026-08-12,LINE,Contacted
776,2759,26,2026-08-12,電話,Converted
11256,3597,7,2026-08-12,Google Ads,Contacted
5252,691,7,2026-08-12,Google Ads,Converted
2914,403,7,2026-08-12,Google Ads,Contacted
11958,3036,7,2026-08-12,Google Ads,Qualified
11685,2783,7,2026-08-12,Google Ads,Contacted
5211,2131,7,2026-08-12,Google Ads,Contacted
7458,3286,33,2026-08-12,Google Ads,Contacted
4946,2951,7,2026-08-12,Google Ads,Converted
11431,2759,22,2026-08-12,Google Ads,Converted
11006,437,7,2026-08-12,Google Ads,Contacted
1441,2552,7,2026-08-12,Google Ads,Contacted
4421,2759,38,2026-08-12,Google Ads,Lost
3345,3286,11,2026-08-12,Google Ads,New
9185,3286,24,2026-08-12,Facebook Ads,Contacted
844,2315,7,2026-08-12,Google Ads,New
3127,843,29,2026-08-13,LINE,Converted
11338,3630,17,2026-08-13,Facebook Ads,Contacted
1513,2923,7,2026-08-13,Google Ads,Qualified
9784,2850,7,2026-08-13,Google Ads,Lost
11739,2627,31,2026-08-13,官網,Lost
4847,1877,7,2026-08-13,Google Ads,Contacted
1545,3437,7,2026-08-13,Google Ads,Lost
446,2952,7,2026-08-13,Google Ads,New
5279,1605,7,2026-08-13,Google Ads,Converted
8924,3630,6,2026-08-13,Google Ads,Converted
7576,3596,17,2026-08-13,Facebook Ads,Contacted
4395,2579,7,2026-08-13,Google Ads,Contacted
4510,2989,7,2026-08-13,Google Ads,New
4681,3673,27,2026-08-13,Google Ads,New
8517,2718,7,2026-08-13,Google Ads,Qualified
9427,3596,14,2026-08-13,Google Ads,Lost
8738,3630,38,2026-08-13,Google Ads,Contacted
6071,651,7,2026-08-13,Google Ads,Converted
6960,1465,7,2026-08-13,Google Ads,New
2031,843,22,2026-08-13,Google Ads,Contacted
2929,3673,1,2026-08-13,Facebook Ads,Contacted
3291,843,13,2026-08-13,電話,Qualified
6863,2316,7,2026-08-13,Google Ads,New
6858,3673,27,2026-08-13,Google Ads,Converted
689,3596,9,2026-08-13,官網,Converted
7364,3596,16,2026-08-13,Google Ads,Contacted
8576,3596,38,2026-08-13,Google Ads,Contacted
3838,3673,5,2026-08-13,Google Ads,Contacted
1935,14,29,2026-08-13,LINE,Converted
2055,2627,16,2026-08-13,Google Ads,Contacted
4100,3630,15,2026-08-13,Google Ads,Qualified
10745,3072,34,2026-08-14,合作通路,Converted
9768,3072,2,2026-08-14,合作通路,Contacted
9299,613,7,2026-08-14,Google Ads,Converted
2504,1013,7,2026-08-14,Google Ads,New
3242,3064,21,2026-08-14,官網,Lost
9657,14,7,2026-08-14,Google Ads,Converted
1976,2627,7,2026-08-14,Google Ads,Lost
3056,1738,7,2026-08-14,Google Ads,Lost
1502,3199,11,2026-08-14,Google Ads,New
6840,950,7,2026-08-14,Google Ads,New
9594,3064,33,2026-08-14,Google Ads,Qualified
6963,3630,7,2026-08-14,Google Ads,Converted
5005,3064,19,2026-08-14,Facebook Ads,Converted
7054,3064,11,2026-08-14,Google Ads,Qualified
9591,3199,30,2026-08-14,Google Ads,Qualified
4387,764,7,2026-08-14,Google Ads,Contacted
2766,453,7,2026-08-14,Google Ads,Qualified
1120,3072,5,2026-08-14,Google Ads,New
576,634,7,2026-08-14,Google Ads,Converted
3282,858,22,2026-08-15,Google Ads,Contacted
5682,858,30,2026-08-15,Google Ads,Converted
5507,1348,30,2026-08-15,Google Ads,Contacted
6340,858,14,2026-08-15,Google Ads,Contacted
9585,857,7,2026-08-15,Google Ads,Qualified
4181,2384,33,2026-08-15,Google Ads,Lost
5659,3864,7,2026-08-15,Google Ads,Contacted
3578,380,30,2026-08-15,Google Ads,New
5881,380,22,2026-08-15,Google Ads,New
6432,1226,7,2026-08-15,Google Ads,New
7103,3580,7,2026-08-15,Google Ads,New
2977,1348,16,2026-08-15,Google Ads,Contacted
6729,560,7,2026-08-15,Google Ads,Contacted
4641,1702,7,2026-08-15,Google Ads,New
3080,795,7,2026-08-15,Google Ads,New
7358,340,7,2026-08-15,Google Ads,Converted
7691,858,38,2026-08-15,Google Ads,Contacted
2803,3673,7,2026-08-15,Google Ads,Converted
4302,301,7,2026-08-15,Google Ads,Lost
1014,2384,39,2026-08-15,官網,Converted
4270,1254,7,2026-08-15,Google Ads,Contacted
5342,1605,7,2026-08-15,Google Ads,Lost
200,3861,9,2026-08-16,官網,Converted
8345,1216,7,2026-08-16,Google Ads,Converted
2639,464,7,2026-08-16,Google Ads,New
8617,1558,7,2026-08-16,Google Ads,Qualified
8065,2816,7,2026-08-16,Google Ads,Converted
6824,2622,7,2026-08-16,Google Ads,New
1122,915,7,2026-08-16,Google Ads,Qualified
9755,3861,40,2026-08-16,Facebook Ads,Contacted
3854,2447,7,2026-08-16,Google Ads,Lost
479,1360,7,2026-08-16,Google Ads,New
241,2566,7,2026-08-16,Google Ads,New
9979,435,7,2026-08-16,Google Ads,Contacted
6427,1814,7,2026-08-16,Google Ads,Lost
2695,279,7,2026-08-16,Google Ads,Contacted
4029,3861,1,2026-08-16,Facebook Ads,New
5345,3191,7,2026-08-16,Google Ads,Qualified
9603,1467,17,2026-08-17,Facebook Ads,Contacted
4649,1467,19,2026-08-17,Facebook Ads,Contacted
11909,1467,21,2026-08-17,官網,Contacted
6626,565,17,2026-08-17,Facebook Ads,New
4979,1467,15,2026-08-17,Google Ads,Lost
3541,565,22,2026-08-17,Google Ads,Lost
7129,565,10,2026-08-17,官網,Qualified
5072,1467,1,2026-08-17,Facebook Ads,Qualified
1117,1467,38,2026-08-17,Google Ads,Contacted
5563,1467,27,2026-08-17,Google Ads,Converted
6778,1808,34,2026-08-18,合作通路,Qualified
6521,2924,40,2026-08-18,Facebook Ads,Lost
5529,2357,21,2026-08-18,官網,Qualified
2769,2357,30,2026-08-18,Google Ads,Contacted
1860,2924,1,2026-08-18,Facebook Ads,Qualified
1846,2357,40,2026-08-18,Facebook Ads,Lost
6881,2357,9,2026-08-18,官網,Qualified
9139,1808,11,2026-08-18,Google Ads,New
10718,1808,22,2026-08-18,Google Ads,Contacted
2213,162,15,2026-08-19,Google Ads,Converted
5495,162,11,2026-08-19,Google Ads,Contacted
2374,162,21,2026-08-19,官網,Lost
6935,1207,7,2026-08-19,Google Ads,New
11518,162,26,2026-08-19,電話,Qualified
6406,162,19,2026-08-19,Facebook Ads,Lost
9300,162,38,2026-08-19,Google Ads,Contacted
8117,162,1,2026-08-19,Facebook Ads,Qualified
718,1736,7,2026-08-20,Google Ads,Converted
450,2769,38,2026-08-20,Google Ads,Contacted
8318,2769,1,2026-08-20,Facebook Ads,Contacted
7501,2769,32,2026-08-20,Google Ads,Qualified
6536,1736,27,2026-08-20,Google Ads,Converted
2386,1736,36,2026-08-20,電話,Contacted
1510,22,2,2026-08-20,合作通路,Converted
1040,3525,10,2026-08-20,官網,Lost
2344,2769,37,2026-08-20,Facebook Ads,Lost
9547,3525,26,2026-08-20,電話,New
8732,1736,1,2026-08-20,Facebook Ads,Contacted
10757,3768,22,2026-08-20,Google Ads,Contacted
5308,2008,33,2026-08-21,Google Ads,Qualified
64,2008,37,2026-08-21,Facebook Ads,Converted
7671,2008,9,2026-08-21,官網,Qualified
8646,948,34,2026-08-21,合作通路,Converted
9874,948,22,2026-08-21,Google Ads,Qualified
7253,948,27,2026-08-21,Google Ads,Contacted
5396,948,33,2026-08-21,Google Ads,Contacted
8368,2008,35,2026-08-21,合作通路,Qualified
8764,948,18,2026-08-21,LINE,Contacted
9484,2008,6,2026-08-21,Google Ads,Contacted
10155,948,6,2026-08-21,Google Ads,New
1752,948,40,2026-08-21,Facebook Ads,Contacted
8316,2709,14,2026-08-21,Google Ads,Lost
11677,2008,14,2026-08-21,Google Ads,Contacted
11532,2709,38,2026-08-21,Google Ads,Contacted
1147,197,6,2026-08-21,Google Ads,New
3848,948,25,2026-08-21,LINE,Contacted
10631,2040,32,2026-08-22,Google Ads,Contacted
2835,2191,33,2026-08-22,Google Ads,Contacted
9533,2191,37,2026-08-22,Facebook Ads,Contacted
6564,2040,25,2026-08-22,LINE,Contacted
8218,2191,10,2026-08-22,官網,Contacted
11729,1989,5,2026-08-22,Google Ads,Contacted
6455,1989,18,2026-08-22,LINE,Contacted
1277,2040,27,2026-08-22,Google Ads,Lost
899,2191,15,2026-08-22,Google Ads,Converted
1973,2191,27,2026-08-22,Google Ads,Lost
6279,2040,16,2026-08-22,Google Ads,New
3668,2191,17,2026-08-22,Facebook Ads,Qualified
10824,1989,5,2026-08-22,Google Ads,Qualified
5760,2903,10,2026-08-23,官網,Converted
7018,2543,38,2026-08-23,Google Ads,Qualified
11972,2543,10,2026-08-23,官網,Qualified
8127,2543,5,2026-08-23,Google Ads,Contacted
407,2903,33,2026-08-23,Google Ads,Qualified
1584,2903,30,2026-08-23,Google Ads,Contacted
7165,2128,31,2026-08-23,官網,New
3344,2903,17,2026-08-23,Facebook Ads,New
9024,2128,14,2026-08-23,Google Ads,Contacted
1885,2903,17,2026-08-23,Facebook Ads,New
5494,2903,27,2026-08-23,Google Ads,Converted
8429,569,14,2026-08-25,Google Ads,Converted
4503,569,14,2026-08-25,Google Ads,Qualified
7721,2742,32,2026-08-25,Google Ads,Converted
3254,2742,5,2026-08-25,Google Ads,New
1448,1287,16,2026-08-25,Google Ads,Contacted
10264,2742,7,2026-08-25,Google Ads,Contacted
6958,1287,29,2026-08-25,LINE,Qualified
4753,2742,29,2026-08-25,LINE,Contacted
4263,1287,3,2026-08-25,官網,Qualified
6805,569,21,2026-08-25,官網,Contacted
10719,2742,15,2026-08-25,Google Ads,New
3693,2742,9,2026-08-25,官網,Qualified
6248,2742,6,2026-08-25,Google Ads,Converted
9302,3007,30,2026-08-26,Google Ads,New
7715,2162,38,2026-08-27,Google Ads,Lost
5690,3540,20,2026-08-27,Facebook Ads,New
5686,2162,2,2026-08-27,合作通路,Contacted
681,2162,6,2026-08-27,Google Ads,Lost
8572,3562,33,2026-08-27,Google Ads,Qualified
4315,2162,7,2026-08-27,Google Ads,Converted
5057,2162,21,2026-08-27,官網,Qualified
7741,2162,12,2026-08-27,合作通路,Converted
8518,3540,4,2026-08-27,LINE,New
10741,3307,17,2026-08-27,Facebook Ads,Contacted
5070,3540,15,2026-08-27,Google Ads,New
5189,3540,7,2026-08-27,Google Ads,Qualified
3474,259,24,2026-08-28,Facebook Ads,Qualified
7286,259,30,2026-08-28,Google Ads,Contacted
6364,259,11,2026-08-28,Google Ads,New
7011,2007,27,2026-08-28,Google Ads,Qualified
11149,259,16,2026-08-28,Google Ads,New
10955,3799,19,2026-08-29,Facebook Ads,Converted
841,3799,15,2026-08-29,Google Ads,New
8380,2728,3,2026-08-29,官網,New
397,2728,16,2026-08-29,Google Ads,Converted
2184,2728,14,2026-08-29,Google Ads,New
78,215,38,2026-08-30,Google Ads,Lost
9225,1376,18,2026-08-30,LINE,Qualified
2232,2247,39,2026-08-30,官網,Converted
7122,3631,5,2026-08-30,Google Ads,New
3369,1376,22,2026-08-30,Google Ads,Converted
5140,215,4,2026-08-30,LINE,Contacted
4467,3672,5,2026-08-30,Google Ads,Qualified
4051,1847,4,2026-08-30,LINE,Qualified
7617,3672,10,2026-08-30,官網,New
7757,215,27,2026-08-30,Google Ads,Qualified
9014,3672,39,2026-08-30,官網,Lost
2164,2247,16,2026-08-30,Google Ads,Contacted
1836,3631,29,2026-08-30,LINE,Converted
6041,3672,36,2026-08-30,電話,Contacted
3316,3631,29,2026-08-30,LINE,Contacted
4823,3631,33,2026-08-30,Google Ads,Lost
4213,215,32,2026-08-30,Google Ads,Converted
11355,3672,6,2026-08-30,Google Ads,Qualified
2187,1847,19,2026-08-30,Facebook Ads,New
7399,1376,24,2026-08-30,Facebook Ads,Qualified
9875,1376,12,2026-08-30,合作通路,Converted
4679,2247,24,2026-08-30,Facebook Ads,Converted
7609,1454,8,2026-08-31,Referral,Contacted
4301,1197,38,2026-08-31,Google Ads,Qualified
10270,681,34,2026-08-31,合作通路,Lost
2136,1197,19,2026-08-31,Facebook Ads,Contacted
9208,1454,24,2026-08-31,Facebook Ads,Qualified
7186,3225,4,2026-09-01,LINE,Qualified
8771,370,27,2026-09-01,Google Ads,Qualified
10024,80,15,2026-09-01,Google Ads,Converted
7453,80,27,2026-09-01,Google Ads,Converted
10762,80,3,2026-09-01,官網,Qualified
8854,3184,24,2026-09-01,Facebook Ads,New
2979,80,24,2026-09-01,Facebook Ads,Contacted
7879,3184,20,2026-09-01,Facebook Ads,Lost
7899,370,27,2026-09-01,Google Ads,New
5384,80,15,2026-09-01,Google Ads,Converted
3517,3184,38,2026-09-01,Google Ads,Qualified
5029,3823,31,2026-09-02,官網,Qualified
784,2431,37,2026-09-02,Facebook Ads,Lost
7568,2758,13,2026-09-02,電話,Converted
7769,2758,5,2026-09-02,Google Ads,New
3134,861,32,2026-09-02,Google Ads,Lost
789,2257,11,2026-09-02,Google Ads,Contacted
10350,2257,11,2026-09-02,Google Ads,Contacted
7285,2257,22,2026-09-02,Google Ads,Contacted
9387,2257,18,2026-09-02,LINE,Qualified
871,2257,33,2026-09-02,Google Ads,Contacted
5895,3823,11,2026-09-02,Google Ads,Contacted
11152,3454,28,2026-09-03,LINE,Converted
8986,1261,24,2026-09-03,Facebook Ads,Converted
1921,3454,24,2026-09-03,Facebook Ads,Converted
3146,1261,37,2026-09-03,Facebook Ads,Contacted
165,3454,38,2026-09-03,Google Ads,Qualified
7836,1839,11,2026-09-03,Google Ads,Lost
11306,1839,39,2026-09-03,官網,Converted
2754,1839,37,2026-09-03,Facebook Ads,Contacted
3150,3454,34,2026-09-03,合作通路,Converted
11794,670,22,2026-09-04,Google Ads,Lost
6180,205,10,2026-09-04,官網,Converted
2882,205,16,2026-09-04,Google Ads,Contacted
8877,1789,38,2026-09-04,Google Ads,Contacted
8680,3749,26,2026-09-04,電話,Contacted
11269,1119,4,2026-09-04,LINE,Contacted
263,522,26,2026-09-04,電話,Contacted
7168,522,11,2026-09-04,Google Ads,Contacted
3669,205,15,2026-09-04,Google Ads,Qualified
5094,670,5,2026-09-04,Google Ads,New
11864,3749,7,2026-09-04,Google Ads,Lost
3880,1119,40,2026-09-04,Facebook Ads,Converted
5726,670,20,2026-09-04,Facebook Ads,Converted
10090,670,40,2026-09-04,Facebook Ads,New
5219,1789,40,2026-09-04,Facebook Ads,Contacted
1853,205,16,2026-09-04,Google Ads,Contacted
8156,1789,22,2026-09-04,Google Ads,New
742,419,14,2026-09-05,Google Ads,Qualified
7048,173,15,2026-09-05,Google Ads,New
6761,1820,14,2026-09-05,Google Ads,Contacted
7064,419,9,2026-09-05,官網,Qualified
9422,419,32,2026-09-05,Google Ads,Lost
10416,144,6,2026-09-05,Google Ads,Converted
3488,803,39,2026-09-05,官網,New
4153,803,31,2026-09-05,官網,New
6771,144,5,2026-09-05,Google Ads,Contacted
6638,173,36,2026-09-05,電話,Converted
3745,173,15,2026-09-05,Google Ads,Converted
1902,173,15,2026-09-05,Google Ads,Contacted
8862,803,6,2026-09-05,Google Ads,New
36,173,6,2026-09-05,Google Ads,New
10603,521,29,2026-09-06,LINE,New
4146,3133,20,2026-09-07,Facebook Ads,New
6971,3133,22,2026-09-07,Google Ads,Qualified
11468,3714,24,2026-09-07,Facebook Ads,Converted
7394,1506,32,2026-09-07,Google Ads,Converted
8564,3282,19,2026-09-07,Facebook Ads,New
9649,3714,36,2026-09-07,電話,Qualified
11459,3133,18,2026-09-07,LINE,Converted
10089,3282,2,2026-09-07,合作通路,New
15,1506,22,2026-09-07,Google Ads,New
7537,1506,35,2026-09-07,合作通路,Lost
9488,3714,22,2026-09-07,Google Ads,Lost
11619,3282,4,2026-09-07,LINE,Qualified
2468,226,39,2026-09-08,官網,Converted
8278,3622,3,2026-09-08,官網,Contacted
7703,226,20,2026-09-08,Facebook Ads,Qualified
6785,3622,1,2026-09-08,Facebook Ads,Qualified
3454,226,33,2026-09-08,Google Ads,Contacted
667,226,27,2026-09-08,Google Ads,New
8620,3622,17,2026-09-08,Facebook Ads,Contacted
2306,3622,33,2026-09-08,Google Ads,Contacted
8983,1444,20,2026-09-08,Facebook Ads,Contacted
7003,1444,16,2026-09-08,Google Ads,Contacted
7981,1444,22,2026-09-08,Google Ads,New
4010,3622,13,2026-09-08,電話,New
2692,3258,12,2026-09-09,合作通路,New
9792,2489,30,2026-09-09,Google Ads,Contacted
8899,2489,38,2026-09-09,Google Ads,Contacted
2042,1295,25,2026-09-09,LINE,Qualified
1315,2489,34,2026-09-09,合作通路,Qualified
11701,1547,5,2026-09-09,Google Ads,New
5738,1295,27,2026-09-09,Google Ads,Lost
9775,62,35,2026-09-09,合作通路,New
1986,743,38,2026-09-09,Google Ads,New
10940,3258,15,2026-09-09,Google Ads,Converted
900,62,38,2026-09-09,Google Ads,Lost
8734,1295,34,2026-09-09,合作通路,Contacted
8425,743,5,2026-09-09,Google Ads,New
10929,743,25,2026-09-09,LINE,Contacted
3951,1547,15,2026-09-09,Google Ads,Contacted
4219,1295,24,2026-09-09,Facebook Ads,New
1347,1295,37,2026-09-09,Facebook Ads,Converted
1770,602,33,2026-09-10,Google Ads,Converted
11955,3415,16,2026-09-10,Google Ads,Contacted
1757,3415,7,2026-09-10,Google Ads,New
7427,3220,38,2026-09-10,Google Ads,Converted
3084,3415,36,2026-09-10,電話,Contacted
5933,1811,27,2026-09-10,Google Ads,Lost
6034,1059,40,2026-09-10,Facebook Ads,New
8229,1059,36,2026-09-10,電話,Lost
7369,3220,22,2026-09-10,Google Ads,Qualified
4485,3415,22,2026-09-10,Google Ads,Qualified
7210,1059,35,2026-09-10,合作通路,Contacted
649,3415,35,2026-09-10,合作通路,New
11971,1059,38,2026-09-10,Google Ads,Qualified
850,3220,12,2026-09-10,合作通路,Converted
6509,3415,16,2026-09-10,Google Ads,New
7082,3220,2,2026-09-10,合作通路,New
369,3415,22,2026-09-10,Google Ads,Qualified
11652,602,36,2026-09-10,電話,Converted
8017,3220,11,2026-09-10,Google Ads,New
541,959,7,2026-09-11,Google Ads,Converted
1618,959,29,2026-09-11,LINE,Converted
493,959,14,2026-09-11,Google Ads,Qualified
11124,959,20,2026-09-11,Facebook Ads,Lost
4307,2188,11,2026-09-11,Google Ads,Converted
8577,1483,29,2026-09-11,LINE,Converted
2205,2188,1,2026-09-11,Facebook Ads,Qualified
2494,1483,33,2026-09-11,Google Ads,Converted
1953,359,12,2026-09-12,合作通路,Qualified
11384,359,24,2026-09-12,Facebook Ads,Converted
6003,359,19,2026-09-12,Facebook Ads,Qualified
7633,1682,10,2026-09-12,官網,Converted
4233,1682,37,2026-09-12,Facebook Ads,Converted
2200,1682,33,2026-09-12,Google Ads,Contacted
6251,359,11,2026-09-12,Google Ads,Converted
9913,825,38,2026-09-13,Google Ads,Qualified
3135,294,22,2026-09-13,Google Ads,Lost
4147,294,5,2026-09-13,Google Ads,Contacted
40,294,21,2026-09-13,官網,Converted
11005,165,39,2026-09-13,官網,Converted
11289,165,21,2026-09-13,官網,Lost
494,825,22,2026-09-13,Google Ads,Contacted
10172,165,26,2026-09-13,電話,Converted
1488,165,24,2026-09-13,Facebook Ads,Contacted
2833,3730,5,2026-09-14,Google Ads,Converted
10163,3730,11,2026-09-14,Google Ads,Qualified
1996,3730,29,2026-09-14,LINE,Lost
2557,1986,30,2026-09-14,Google Ads,New
6698,2980,37,2026-09-14,Facebook Ads,Contacted
755,1986,26,2026-09-14,電話,Contacted
2497,2980,25,2026-09-14,LINE,New
1678,3730,33,2026-09-14,Google Ads,Lost
11417,1720,4,2026-09-15,LINE,Converted
8594,1720,18,2026-09-15,LINE,Qualified
6742,1720,5,2026-09-15,Google Ads,Converted
257,56,4,2026-09-16,LINE,Contacted
10034,3813,18,2026-09-16,LINE,New
10406,56,17,2026-09-16,Facebook Ads,Qualified
5374,56,9,2026-09-16,官網,Contacted
4859,3813,4,2026-09-16,LINE,Qualified
5304,337,18,2026-09-17,LINE,Contacted
2163,2867,37,2026-09-17,Facebook Ads,Lost
6964,3466,20,2026-09-17,Facebook Ads,Contacted
8168,983,24,2026-09-17,Facebook Ads,Qualified
1432,983,30,2026-09-17,Google Ads,Contacted
7903,2867,27,2026-09-17,Google Ads,New
3501,983,14,2026-09-17,Google Ads,Lost
7267,532,22,2026-09-17,Google Ads,Converted
11383,337,28,2026-09-17,LINE,Qualified
6185,1305,15,2026-09-17,Google Ads,Converted
3823,2867,6,2026-09-17,Google Ads,New
4999,983,6,2026-09-17,Google Ads,Converted
9333,3466,21,2026-09-17,官網,Converted
9728,2867,22,2026-09-17,Google Ads,New
7131,1305,14,2026-09-17,Google Ads,Lost
8884,532,10,2026-09-17,官網,Converted
1599,3466,38,2026-09-17,Google Ads,Qualified
6953,901,34,2026-09-18,合作通路,Converted
10393,3773,20,2026-09-18,Facebook Ads,Lost
2038,901,17,2026-09-18,Facebook Ads,Qualified
1302,3773,4,2026-09-18,LINE,New
2549,3773,3,2026-09-18,官網,Contacted
7848,3773,30,2026-09-18,Google Ads,Qualified
9901,3773,15,2026-09-18,Google Ads,Qualified
1348,3452,37,2026-09-18,Facebook Ads,Qualified
6203,901,4,2026-09-18,LINE,Converted
4130,3452,15,2026-09-18,Google Ads,Qualified
7144,901,27,2026-09-18,Google Ads,Contacted
5,901,17,2026-09-18,Facebook Ads,Qualified
68,1573,6,2026-09-19,Google Ads,New
8123,1573,5,2026-09-19,Google Ads,Lost
7774,1573,10,2026-09-19,官網,Lost
10239,3725,16,2026-09-19,Google Ads,Qualified
7973,3968,17,2026-09-19,Facebook Ads,Contacted
6149,1573,28,2026-09-19,LINE,Lost
8186,1573,26,2026-09-19,電話,Qualified
6060,3725,16,2026-09-19,Google Ads,Converted
11896,3725,14,2026-09-19,Google Ads,Contacted
11394,3725,28,2026-09-19,LINE,Converted
11213,3968,29,2026-09-19,LINE,Qualified
9946,1573,27,2026-09-19,Google Ads,Qualified
6902,1573,22,2026-09-19,Google Ads,New
1073,3725,39,2026-09-19,官網,Qualified
6204,2287,20,2026-09-20,Facebook Ads,Qualified
1214,1468,35,2026-09-20,合作通路,New
3465,1861,22,2026-09-20,Google Ads,Qualified
2073,3876,22,2026-09-20,Google Ads,New
780,2287,20,2026-09-20,Facebook Ads,Contacted
3590,1468,22,2026-09-20,Google Ads,Contacted
829,2157,1,2026-09-20,Facebook Ads,Lost
979,1468,30,2026-09-20,Google Ads,Lost
7920,3876,3,2026-09-20,官網,Converted
6134,2287,38,2026-09-20,Google Ads,Lost
7074,3876,38,2026-09-20,Google Ads,Lost
9968,2157,5,2026-09-20,Google Ads,New
2865,2287,21,2026-09-20,官網,New
2784,1861,35,2026-09-20,合作通路,New
2303,1861,30,2026-09-20,Google Ads,Contacted
10233,3876,16,2026-09-20,Google Ads,Qualified
4682,2157,27,2026-09-20,Google Ads,Contacted
6984,2380,16,2026-09-20,Google Ads,Qualified
6436,3876,25,2026-09-20,LINE,Converted
5907,2287,34,2026-09-20,合作通路,New
4988,2157,12,2026-09-20,合作通路,Qualified
1222,3876,17,2026-09-20,Facebook Ads,Lost
11541,1861,16,2026-09-20,Google Ads,New
5914,1861,3,2026-09-20,官網,New
2124,822,3,2026-09-21,官網,Contacted
7505,2863,32,2026-09-21,Google Ads,Qualified
10003,2595,17,2026-09-21,Facebook Ads,Lost
11336,3718,25,2026-09-21,LINE,Contacted
7485,3014,33,2026-09-21,Google Ads,Converted
7255,2863,10,2026-09-21,官網,Contacted
7869,3718,37,2026-09-21,Facebook Ads,Qualified
5695,1344,1,2026-09-21,Facebook Ads,Converted
4622,822,2,2026-09-21,合作通路,Qualified
5471,3718,24,2026-09-21,Facebook Ads,Contacted
4515,822,32,2026-09-21,Google Ads,New
11320,822,7,2026-09-21,Google Ads,New
1771,1344,11,2026-09-21,Google Ads,Qualified
11876,3718,4,2026-09-21,LINE,Converted
8343,2595,22,2026-09-21,Google Ads,Contacted
10317,3718,11,2026-09-21,Google Ads,Lost
11513,2863,16,2026-09-21,Google Ads,Converted
2297,1846,40,2026-09-22,Facebook Ads,Converted
238,244,15,2026-09-22,Google Ads,New
3711,3426,15,2026-09-22,Google Ads,Contacted
4450,244,1,2026-09-22,Facebook Ads,Lost
2099,1327,6,2026-09-22,Google Ads,Qualified
4378,1846,16,2026-09-22,Google Ads,Lost
2138,824,1,2026-09-22,Facebook Ads,Lost
2552,1846,5,2026-09-22,Google Ads,Qualified
2257,1846,30,2026-09-22,Google Ads,New
7007,824,32,2026-09-22,Google Ads,New
11949,824,32,2026-09-22,Google Ads,Lost
10555,3426,1,2026-09-22,Facebook Ads,Contacted
3353,1327,18,2026-09-22,LINE,Lost
6612,2427,2,2026-09-23,合作通路,New
11821,744,4,2026-09-23,LINE,New
11123,494,37,2026-09-23,Facebook Ads,Contacted
6547,3690,25,2026-09-23,LINE,Qualified
8402,3690,4,2026-09-23,LINE,Contacted
8069,744,34,2026-09-23,合作通路,Contacted
5370,744,17,2026-09-23,Facebook Ads,Converted
2525,744,6,2026-09-23,Google Ads,Contacted
8741,744,12,2026-09-23,合作通路,Qualified
11305,744,15,2026-09-23,Google Ads,Qualified
10816,744,25,2026-09-23,LINE,Qualified
9997,3690,18,2026-09-23,LINE,Lost
600,2427,39,2026-09-23,官網,Qualified
5376,744,35,2026-09-23,合作通路,Converted
399,3821,1,2026-09-25,Facebook Ads,Contacted
7826,543,16,2026-09-26,Google Ads,Converted
10287,559,21,2026-09-26,官網,Lost
701,543,32,2026-09-26,Google Ads,Contacted
9356,302,35,2026-09-26,合作通路,Converted
5212,543,40,2026-09-26,Facebook Ads,Contacted
8652,302,3,2026-09-26,官網,Contacted
10452,302,7,2026-09-26,Google Ads,New
2195,559,5,2026-09-26,Google Ads,Lost
5556,2358,31,2026-09-27,官網,Converted
6073,886,17,2026-09-27,Facebook Ads,Contacted
916,886,21,2026-09-27,官網,New
6747,886,24,2026-09-27,Facebook Ads,Converted
7737,2358,18,2026-09-27,LINE,Contacted
7001,2358,39,2026-09-27,官網,Qualified
8382,886,17,2026-09-27,Facebook Ads,Contacted
9838,2358,27,2026-09-27,Google Ads,Qualified
11803,886,33,2026-09-27,Google Ads,Qualified
10774,2677,22,2026-09-28,Google Ads,Converted
6782,2677,11,2026-09-28,Google Ads,Contacted
3923,2243,9,2026-09-29,官網,Qualified
5541,2243,5,2026-09-29,Google Ads,Converted
2633,2243,15,2026-09-29,Google Ads,Converted
5067,611,11,2026-09-29,Google Ads,Lost
9207,1384,30,2026-09-30,Google Ads,Qualified
2632,1384,24,2026-09-30,Facebook Ads,Lost
4328,3942,23,2026-09-30,Facebook Ads,Lost
4092,2560,8,2026-09-30,Referral,Contacted
406,1271,18,2026-09-30,LINE,Lost
2315,1245,23,2026-09-30,Facebook Ads,Contacted
10545,1384,18,2026-09-30,LINE,Converted
395,3819,8,2026-09-30,Referral,Contacted
10778,3819,1,2026-09-30,Facebook Ads,Contacted
11455,531,23,2026-09-30,Facebook Ads,Qualified
31,3819,28,2026-09-30,LINE,Lost
9131,3819,27,2026-09-30,Google Ads,New
1292,2499,5,2026-09-30,Google Ads,Qualified
7140,850,5,2026-09-30,Google Ads,Converted
8751,2499,28,2026-09-30,LINE,Qualified
9773,2560,17,2026-09-30,Facebook Ads,Lost
10408,1384,36,2026-09-30,電話,Contacted
5422,3612,14,2026-09-30,Google Ads,Lost
9852,1455,23,2026-09-30,Facebook Ads,New
2432,1384,6,2026-09-30,Google Ads,Qualified
24,3646,37,2026-09-30,Facebook Ads,New
5366,1811,23,2026-09-30,Facebook Ads,New
3654,1271,17,2026-09-30,Facebook Ads,Lost
4566,2499,18,2026-09-30,LINE,Contacted
7024,3819,35,2026-09-30,合作通路,Converted
9714,2560,40,2026-09-30,Facebook Ads,Converted
6368,3646,17,2026-09-30,Facebook Ads,Converted
8820,2560,8,2026-09-30,Referral,Converted
8438,3646,15,2026-09-30,Google Ads,Converted
11065,850,15,2026-09-30,Google Ads,Qualified
9232,63,5,2026-10-01,Google Ads,Converted
476,484,23,2026-10-01,Facebook Ads,Contacted
813,63,5,2026-10-01,Google Ads,Qualified
4419,2029,8,2026-10-01,Referral,Qualified
1419,1653,34,2026-10-01,合作通路,Contacted
4446,1804,23,2026-10-01,Facebook Ads,Qualified
7770,2029,31,2026-10-01,官網,Contacted
7598,269,15,2026-10-01,Google Ads,Contacted
8497,1863,23,2026-10-01,Facebook Ads,Converted
3468,2029,29,2026-10-01,LINE,Qualified
664,63,40,2026-10-01,Facebook Ads,Contacted
1979,269,19,2026-10-01,Facebook Ads,Qualified
5201,2029,14,2026-10-01,Google Ads,Qualified
8074,2029,24,2026-10-01,Facebook Ads,Lost
4257,1680,23,2026-10-01,Facebook Ads,Qualified
11641,3847,23,2026-10-01,Facebook Ads,Converted
10149,63,16,2026-10-01,Google Ads,Contacted
7789,3249,15,2026-10-01,Google Ads,Contacted
2930,3249,33,2026-10-01,Google Ads,Lost
7701,2489,23,2026-10-01,Facebook Ads,Qualified
2783,1740,23,2026-10-01,Facebook Ads,New
2912,63,15,2026-10-01,Google Ads,Contacted
3940,2029,3,2026-10-01,官網,New
11372,269,27,2026-10-01,Google Ads,Qualified
4762,747,23,2026-10-01,Facebook Ads,Contacted
4579,2452,23,2026-10-01,Facebook Ads,Contacted
1548,1653,32,2026-10-01,Google Ads,New
6336,63,1,2026-10-01,Facebook Ads,Lost
10541,3249,5,2026-10-01,Google Ads,Contacted
1617,1732,23,2026-10-01,Facebook Ads,New
4763,688,1,2026-10-02,Facebook Ads,Qualified
3408,1218,23,2026-10-02,Facebook Ads,New
1864,3162,32,2026-10-02,Google Ads,Qualified
9676,1607,25,2026-10-02,LINE,Lost
7469,1945,28,2026-10-02,LINE,Qualified
4242,688,33,2026-10-02,Google Ads,Lost
1465,1359,23,2026-10-02,Facebook Ads,New
772,1945,16,2026-10-02,Google Ads,Lost
4725,3162,40,2026-10-02,Facebook Ads,Converted
11500,938,23,2026-10-02,Facebook Ads,Qualified
10614,3162,37,2026-10-02,Facebook Ads,Converted
3846,3162,29,2026-10-02,LINE,Qualified
7853,1945,35,2026-10-02,合作通路,Converted
9154,1607,30,2026-10-02,Google Ads,Contacted
5017,1607,39,2026-10-02,官網,Converted
5884,2680,23,2026-10-02,Facebook Ads,Contacted
306,758,23,2026-10-02,Facebook Ads,New
948,130,18,2026-10-03,LINE,Lost
8054,2513,24,2026-10-03,Facebook Ads,Lost
6395,664,23,2026-10-03,Facebook Ads,New
9460,130,8,2026-10-03,Referral,Converted
3038,741,23,2026-10-03,Facebook Ads,Contacted
11511,1650,39,2026-10-03,官網,New
10477,3882,14,2026-10-03,Google Ads,Lost
11918,1812,23,2026-10-03,Facebook Ads,Contacted
2214,130,7,2026-10-03,Google Ads,Contacted
8465,149,23,2026-10-03,Facebook Ads,Lost
6767,3095,23,2026-10-03,Facebook Ads,New
6421,2135,23,2026-10-03,Facebook Ads,Contacted
10273,1632,23,2026-10-03,Facebook Ads,Contacted
1728,1151,23,2026-10-03,Facebook Ads,Contacted
2907,3248,23,2026-10-03,Facebook Ads,Lost
6777,2513,1,2026-10-03,Facebook Ads,Qualified
9124,130,18,2026-10-03,LINE,Qualified
8040,2852,23,2026-10-03,Facebook Ads,Qualified
3527,2498,23,2026-10-03,Facebook Ads,Contacted
6267,1757,23,2026-10-03,Facebook Ads,Lost
8812,1650,33,2026-10-03,Google Ads,New
7712,3882,37,2026-10-03,Facebook Ads,Qualified
2340,2513,3,2026-10-03,官網,Qualified
6264,1625,23,2026-10-03,Facebook Ads,Contacted
10649,1085,23,2026-10-03,Facebook Ads,New
4474,2513,37,2026-10-03,Facebook Ads,New
1110,3013,17,2026-10-04,Facebook Ads,Contacted
7383,3706,23,2026-10-04,Facebook Ads,Qualified
10131,163,23,2026-10-04,Facebook Ads,New
9453,3683,26,2026-10-04,電話,New
11706,3013,20,2026-10-04,Facebook Ads,Converted
10458,1776,37,2026-10-04,Facebook Ads,Converted
9398,1776,11,2026-10-04,Google Ads,Converted
2186,3683,7,2026-10-04,Google Ads,Qualified
11830,3013,39,2026-10-04,官網,Contacted
855,1776,22,2026-10-04,Google Ads,Qualified
5873,3013,20,2026-10-04,Facebook Ads,Converted
1137,1776,16,2026-10-04,Google Ads,Converted
10235,2674,6,2026-10-04,Google Ads,Contacted
7866,58,23,2026-10-04,Facebook Ads,Lost
7885,1776,5,2026-10-04,Google Ads,Contacted
6143,3013,5,2026-10-04,Google Ads,Qualified
1915,723,34,2026-10-05,合作通路,Converted
6228,2431,23,2026-10-05,Facebook Ads,Lost
6013,2841,23,2026-10-05,Facebook Ads,Lost
1233,723,22,2026-10-05,Google Ads,New
918,723,7,2026-10-05,Google Ads,Qualified
11932,723,25,2026-10-05,LINE,New
4077,723,21,2026-10-05,官網,Qualified
9241,3518,8,2026-10-05,Referral,Converted
5352,3945,23,2026-10-05,Facebook Ads,Converted
8551,3518,18,2026-10-05,LINE,New
4764,723,27,2026-10-05,Google Ads,Contacted
4280,420,33,2026-10-06,Google Ads,New
4037,1402,23,2026-10-06,Facebook Ads,Converted
4034,2610,23,2026-10-06,Facebook Ads,Qualified
9050,420,30,2026-10-06,Google Ads,Contacted
9758,352,23,2026-10-06,Facebook Ads,Qualified
5075,2141,23,2026-10-06,Facebook Ads,Lost
2530,2254,23,2026-10-06,Facebook Ads,Lost
10686,1469,14,2026-10-06,Google Ads,Converted
7120,1469,25,2026-10-06,LINE,Converted
3396,163,23,2026-10-06,Facebook Ads,Lost
6118,392,23,2026-10-06,Facebook Ads,New
4427,420,40,2026-10-06,Facebook Ads,New
4760,3177,23,2026-10-06,Facebook Ads,Qualified
3570,420,16,2026-10-06,Google Ads,Lost
5265,71,23,2026-10-06,Facebook Ads,Contacted
7479,420,19,2026-10-06,Facebook Ads,Contacted
4248,420,5,2026-10-06,Google Ads,Contacted
1099,1469,9,2026-10-06,官網,Converted
11811,1469,7,2026-10-06,Google Ads,Converted
10704,3765,23,2026-10-06,Facebook Ads,Qualified
9029,154,23,2026-10-06,Facebook Ads,Qualified
10115,1469,38,2026-10-06,Google Ads,Converted
4405,2969,23,2026-10-07,Facebook Ads,Contacted
2964,1941,23,2026-10-07,Facebook Ads,Lost
2244,599,23,2026-10-07,Facebook Ads,Qualified
9296,3501,18,2026-10-07,LINE,New
4176,2376,23,2026-10-07,Facebook Ads,Contacted
2681,3501,27,2026-10-07,Google Ads,Contacted
7512,447,23,2026-10-07,Facebook Ads,Lost
6095,2251,22,2026-10-07,Google Ads,Contacted
11080,3501,6,2026-10-07,Google Ads,New
3574,661,23,2026-10-07,Facebook Ads,Qualified
2666,3501,14,2026-10-07,Google Ads,New
9277,2251,14,2026-10-07,Google Ads,Lost
5166,2248,23,2026-10-07,Facebook Ads,Converted
848,1650,23,2026-10-08,Facebook Ads,New
7152,3245,5,2026-10-08,Google Ads,New
2084,1439,18,2026-10-08,LINE,Contacted
8857,1439,40,2026-10-08,Facebook Ads,Lost
9059,3299,40,2026-10-08,Facebook Ads,Qualified
6124,1301,23,2026-10-08,Facebook Ads,Converted
6435,756,9,2026-10-08,官網,Converted
7499,1439,22,2026-10-08,Google Ads,Contacted
447,1340,23,2026-10-08,Facebook Ads,Contacted
1105,1422,23,2026-10-08,Facebook Ads,Contacted
6912,2680,23,2026-10-08,Facebook Ads,New
8822,1810,23,2026-10-08,Facebook Ads,Lost
10447,3299,33,2026-10-08,Google Ads,Converted
3608,3299,14,2026-10-08,Google Ads,Lost
11658,1179,23,2026-10-08,Facebook Ads,Converted
10311,2823,23,2026-10-08,Facebook Ads,Converted
5570,562,23,2026-10-08,Facebook Ads,Converted
3689,1439,13,2026-10-08,電話,Converted
4851,1010,23,2026-10-08,Facebook Ads,Contacted
11428,756,29,2026-10-08,LINE,Converted
9972,368,23,2026-10-08,Facebook Ads,Qualified
9842,1414,23,2026-10-09,Facebook Ads,New
11850,1277,23,2026-10-09,Facebook Ads,Lost
2702,2112,23,2026-10-09,Facebook Ads,New
661,3187,37,2026-10-09,Facebook Ads,Qualified
6519,2264,23,2026-10-09,Facebook Ads,New
6389,214,14,2026-10-09,Google Ads,Qualified
5870,214,36,2026-10-09,電話,Converted
5712,214,7,2026-10-09,Google Ads,New
8915,2915,38,2026-10-09,Google Ads,Lost
6549,2712,26,2026-10-09,電話,Contacted
5281,193,23,2026-10-09,Facebook Ads,Contacted
8303,214,31,2026-10-09,官網,Converted
5876,3187,27,2026-10-09,Google Ads,Converted
4553,2712,17,2026-10-09,Facebook Ads,Qualified
4855,2915,20,2026-10-09,Facebook Ads,Contacted
7575,2394,15,2026-10-09,Google Ads,Converted
2074,2712,19,2026-10-09,Facebook Ads,Contacted
3730,3805,12,2026-10-10,合作通路,Contacted
6166,3805,11,2026-10-10,Google Ads,New
11825,1117,6,2026-10-10,Google Ads,Converted
11740,1117,14,2026-10-10,Google Ads,Qualified
7585,3805,32,2026-10-10,Google Ads,Contacted
9916,1117,7,2026-10-10,Google Ads,Converted
1831,968,23,2026-10-10,Facebook Ads,Qualified
3130,1117,16,2026-10-10,Google Ads,Qualified
9252,3805,20,2026-10-10,Facebook Ads,Contacted
10986,3805,40,2026-10-10,Facebook Ads,Contacted
11871,885,23,2026-10-11,Facebook Ads,Converted
2701,3377,30,2026-10-11,Google Ads,New
582,579,23,2026-10-11,Facebook Ads,Contacted
1585,1567,23,2026-10-11,Facebook Ads,Qualified
7357,3888,23,2026-10-11,Facebook Ads,Converted
11662,3062,23,2026-10-11,Facebook Ads,New
11988,3246,17,2026-10-11,Facebook Ads,Contacted
4991,460,23,2026-10-11,Facebook Ads,New
10805,2692,23,2026-10-11,Facebook Ads,Lost
3432,3554,23,2026-10-11,Facebook Ads,Lost
10781,3377,7,2026-10-11,Google Ads,Converted
9486,3377,28,2026-10-11,LINE,Contacted
2409,2590,23,2026-10-11,Facebook Ads,Contacted
7803,1795,23,2026-10-11,Facebook Ads,Lost
5486,2134,23,2026-10-11,Facebook Ads,New
5423,1538,23,2026-10-11,Facebook Ads,Qualified
2048,3246,31,2026-10-11,官網,Lost
8184,2249,23,2026-10-11,Facebook Ads,New
3288,1651,6,2026-10-11,Google Ads,Contacted
9088,3685,23,2026-10-12,Facebook Ads,New
7368,2688,25,2026-10-12,LINE,Qualified
8113,2681,23,2026-10-12,Facebook Ads,New
8021,2860,30,2026-10-12,Google Ads,Contacted
464,828,36,2026-10-12,電話,Qualified
470,1553,7,2026-10-12,Google Ads,New
10119,2688,38,2026-10-12,Google Ads,Contacted
1467,217,23,2026-10-12,Facebook Ads,New
11472,2860,40,2026-10-12,Facebook Ads,New
8711,1553,6,2026-10-12,Google Ads,Contacted
5381,2688,40,2026-10-12,Facebook Ads,New
11642,2860,6,2026-10-12,Google Ads,Lost
1173,828,20,2026-10-12,Facebook Ads,Converted
5571,3541,23,2026-10-12,Facebook Ads,Contacted
5459,1527,23,2026-10-13,Facebook Ads,Converted
3403,203,23,2026-10-13,Facebook Ads,Contacted
2125,902,23,2026-10-13,Facebook Ads,Qualified
70,2534,23,2026-10-13,Facebook Ads,New
8621,3353,23,2026-10-13,Facebook Ads,Converted
10662,2144,39,2026-10-13,官網,Contacted
77,2144,9,2026-10-13,官網,Contacted
9379,256,19,2026-10-13,Facebook Ads,New
1334,2631,23,2026-10-13,Facebook Ads,Qualified
6526,1699,23,2026-10-13,Facebook Ads,New
5031,256,14,2026-10-13,Google Ads,Lost
2661,2144,11,2026-10-13,Google Ads,Contacted
7929,3432,9,2026-10-13,官網,Contacted
3655,3432,15,2026-10-13,Google Ads,Contacted
2014,256,26,2026-10-13,電話,Lost
4060,149,23,2026-10-13,Facebook Ads,Contacted
4718,791,23,2026-10-13,Facebook Ads,Lost
2837,3482,23,2026-10-14,Facebook Ads,Converted
1799,2101,38,2026-10-14,Google Ads,Contacted
11805,2127,23,2026-10-14,Facebook Ads,Converted
6285,1306,22,2026-10-14,Google Ads,Converted
3758,2101,8,2026-10-14,Referral,Converted
2763,1306,20,2026-10-14,Facebook Ads,Contacted
9559,1612,24,2026-10-14,Facebook Ads,Converted
6266,1612,30,2026-10-14,Google Ads,Lost
6326,2101,22,2026-10-14,Google Ads,Contacted
11022,3952,39,2026-10-14,官網,New
2790,1522,23,2026-10-14,Facebook Ads,Contacted
2233,3952,18,2026-10-14,LINE,Contacted
10103,3227,23,2026-10-14,Facebook Ads,New
11303,1612,32,2026-10-14,Google Ads,New
5591,2101,10,2026-10-14,官網,Lost
6148,1306,11,2026-10-14,Google Ads,New
4700,3052,23,2026-10-15,Facebook Ads,Qualified
7315,1892,13,2026-10-15,電話,Lost
6749,2822,23,2026-10-15,Facebook Ads,Converted
10101,327,23,2026-10-15,Facebook Ads,Qualified
5402,141,7,2026-10-15,Google Ads,Contacted
676,1235,23,2026-10-15,Facebook Ads,Converted
500,2029,23,2026-10-15,Facebook Ads,Lost
10444,2860,23,2026-10-15,Facebook Ads,Contacted
10179,141,28,2026-10-15,LINE,Qualified
1325,1352,23,2026-10-15,Facebook Ads,Qualified
1181,1892,7,2026-10-15,Google Ads,Contacted
3632,213,17,2026-10-15,Facebook Ads,Converted
9391,1892,7,2026-10-15,Google Ads,Converted
2713,141,37,2026-10-15,Facebook Ads,New
3715,215,23,2026-10-15,Facebook Ads,Contacted
5558,3949,1,2026-10-16,Facebook Ads,Contacted
11775,1256,23,2026-10-16,Facebook Ads,New
7997,390,22,2026-10-16,Google Ads,Lost
3237,3949,40,2026-10-16,Facebook Ads,Qualified
1407,204,16,2026-10-16,Google Ads,Converted
11205,2455,18,2026-10-16,LINE,New
6826,3949,6,2026-10-16,Google Ads,Contacted
9137,204,29,2026-10-16,LINE,Lost
10463,1978,23,2026-10-16,Facebook Ads,Contacted
7486,3949,24,2026-10-16,Facebook Ads,Lost
2147,3949,11,2026-10-16,Google Ads,Converted
3051,3949,22,2026-10-16,Google Ads,Contacted
3507,2875,23,2026-10-16,Facebook Ads,Converted
10375,2055,23,2026-10-16,Facebook Ads,Contacted
2437,2685,33,2026-10-16,Google Ads,Lost
8413,2685,37,2026-10-16,Facebook Ads,Contacted
8421,2455,25,2026-10-16,LINE,Qualified
3444,819,23,2026-10-16,Facebook Ads,Qualified
2110,2195,23,2026-10-16,Facebook Ads,Contacted
4086,3949,13,2026-10-16,電話,Lost
4120,390,31,2026-10-16,官網,Contacted
10552,2519,33,2026-10-17,Google Ads,Contacted
6337,261,17,2026-10-17,Facebook Ads,New
6207,3296,27,2026-10-17,Google Ads,Qualified
2609,1425,31,2026-10-17,官網,Qualified
9834,589,23,2026-10-17,Facebook Ads,New
7562,261,29,2026-10-17,LINE,New
8320,1425,30,2026-10-17,Google Ads,Qualified
519,3299,23,2026-10-17,Facebook Ads,Contacted
3326,261,1,2026-10-17,Facebook Ads,Qualified
10266,3296,39,2026-10-17,官網,Converted
6135,1425,15,2026-10-17,Google Ads,Converted
5269,3296,16,2026-10-17,Google Ads,New
1593,261,5,2026-10-17,Google Ads,Lost
502,3296,32,2026-10-17,Google Ads,New
1335,2447,23,2026-10-17,Facebook Ads,Lost
10032,368,23,2026-10-18,Facebook Ads,Converted
1278,1185,23,2026-10-18,Facebook Ads,Contacted
5917,3517,23,2026-10-18,Facebook Ads,Converted
1844,1897,28,2026-10-18,LINE,Contacted
3914,3674,23,2026-10-18,Facebook Ads,New
6637,1897,18,2026-10-18,LINE,Contacted
6710,1897,18,2026-10-18,LINE,Qualified
469,1981,40,2026-10-18,Facebook Ads,Qualified
2140,1897,16,2026-10-18,Google Ads,Lost
7296,1335,23,2026-10-18,Facebook Ads,Contacted
10715,3331,23,2026-10-18,Facebook Ads,Lost
6415,1981,22,2026-10-18,Google Ads,Converted
8486,1528,9,2026-10-18,官網,Lost
10405,2433,23,2026-10-18,Facebook Ads,New
7904,1897,6,2026-10-18,Google Ads,Converted
2737,2792,23,2026-10-18,Facebook Ads,Qualified
481,1897,20,2026-10-18,Facebook Ads,Lost
10039,1897,25,2026-10-18,LINE,Qualified
11902,1845,23,2026-10-18,Facebook Ads,Qualified
11790,3544,20,2026-10-19,Facebook Ads,Qualified
155,3432,23,2026-10-19,Facebook Ads,New
4279,3544,5,2026-10-19,Google Ads,Qualified
12000,3544,10,2026-10-19,官網,New
10249,3795,23,2026-10-19,Facebook Ads,Qualified
1055,1359,23,2026-10-19,Facebook Ads,Contacted
6016,3544,1,2026-10-19,Facebook Ads,Lost
8428,1125,23,2026-10-19,Facebook Ads,Lost
10450,3823,23,2026-10-19,Facebook Ads,Contacted
9529,924,23,2026-10-19,Facebook Ads,Lost
1229,3141,23,2026-10-19,Facebook Ads,Contacted
7226,3611,23,2026-10-19,Facebook Ads,Converted
1955,754,23,2026-10-20,Facebook Ads,Lost
4609,2252,7,2026-10-20,Google Ads,Converted
5826,76,37,2026-10-20,Facebook Ads,Lost
10296,2512,23,2026-10-20,Facebook Ads,Contacted
11140,2809,23,2026-10-20,Facebook Ads,Converted
5124,76,11,2026-10-20,Google Ads,New
11464,76,8,2026-10-20,Referral,Converted
5850,2252,30,2026-10-20,Google Ads,Qualified
4463,3879,23,2026-10-20,Facebook Ads,Qualified
7028,2178,23,2026-10-20,Facebook Ads,New
6452,3525,23,2026-10-20,Facebook Ads,Contacted
985,2252,1,2026-10-20,Facebook Ads,Converted
1012,2967,23,2026-10-20,Facebook Ads,Qualified
6348,934,23,2026-10-20,Facebook Ads,Converted
171,2140,29,2026-10-20,LINE,Contacted
1719,98,23,2026-10-20,Facebook Ads,New
532,3528,23,2026-10-21,Facebook Ads,Contacted
11368,3038,23,2026-10-21,Facebook Ads,Lost
2953,3132,31,2026-10-21,官網,Converted
1787,3132,20,2026-10-21,Facebook Ads,New
9239,3510,30,2026-10-21,Google Ads,Qualified
4070,3283,16,2026-10-21,Google Ads,Lost
9083,3510,8,2026-10-21,Referral,New
10481,3132,27,2026-10-21,Google Ads,Converted
706,1641,23,2026-10-21,Facebook Ads,Lost
6867,2716,33,2026-10-21,Google Ads,Qualified
11924,3347,23,2026-10-21,Facebook Ads,Lost
11179,3132,20,2026-10-21,Facebook Ads,Contacted
10211,359,23,2026-10-21,Facebook Ads,Qualified
3503,3045,23,2026-10-21,Facebook Ads,Contacted
8504,1919,23,2026-10-21,Facebook Ads,New
3302,3450,23,2026-10-21,Facebook Ads,Lost
9424,3510,33,2026-10-21,Google Ads,Lost
3220,3132,1,2026-10-21,Facebook Ads,Converted
1104,2716,4,2026-10-21,LINE,Converted
8267,3283,29,2026-10-21,LINE,Qualified
11229,2716,27,2026-10-21,Google Ads,Qualified
2441,3318,32,2026-10-22,Google Ads,Contacted
1525,3318,11,2026-10-22,Google Ads,Qualified
9136,3279,32,2026-10-22,Google Ads,New
6661,3318,25,2026-10-22,LINE,Contacted
2079,2706,23,2026-10-22,Facebook Ads,Converted
1639,2046,23,2026-10-22,Facebook Ads,Contacted
8152,3318,6,2026-10-22,Google Ads,Qualified
2870,17,37,2026-10-22,Facebook Ads,Qualified
7849,3318,5,2026-10-22,Google Ads,Contacted
4032,17,27,2026-10-22,Google Ads,New
1207,3318,24,2026-10-22,Facebook Ads,Lost
11157,3279,7,2026-10-22,Google Ads,Contacted
2440,593,17,2026-10-22,Facebook Ads,Contacted
6590,3279,35,2026-10-22,合作通路,Converted
1224,3318,7,2026-10-22,Google Ads,Converted
932,3318,16,2026-10-22,Google Ads,Contacted
1594,3279,5,2026-10-22,Google Ads,Contacted
10969,593,29,2026-10-22,LINE,Qualified
8338,17,11,2026-10-22,Google Ads,Contacted
10746,17,25,2026-10-22,LINE,Lost
5789,1603,23,2026-10-23,Facebook Ads,Converted
1231,805,18,2026-10-23,LINE,Converted
10582,3760,23,2026-10-23,Facebook Ads,Converted
7794,2646,20,2026-10-23,Facebook Ads,Qualified
1200,2646,5,2026-10-23,Google Ads,New
11543,2646,6,2026-10-23,Google Ads,Qualified
11845,3839,23,2026-10-23,Facebook Ads,Contacted
10456,805,11,2026-10-23,Google Ads,Converted
2433,1285,23,2026-10-23,Facebook Ads,Converted
11708,1463,23,2026-10-23,Facebook Ads,Converted
2806,1672,23,2026-10-23,Facebook Ads,Converted
2486,3616,23,2026-10-23,Facebook Ads,New
10878,1539,32,2026-10-24,Google Ads,Contacted
6505,3609,38,2026-10-24,Google Ads,Lost
8910,2571,23,2026-10-24,Facebook Ads,Qualified
9778,1420,23,2026-10-24,Facebook Ads,Contacted
5205,1904,23,2026-10-24,Facebook Ads,Lost
2999,3609,14,2026-10-24,Google Ads,Contacted
9190,3609,6,2026-10-24,Google Ads,Lost
9713,1539,27,2026-10-24,Google Ads,Contacted
133,1539,5,2026-10-24,Google Ads,New
7634,1492,23,2026-10-24,Facebook Ads,Converted
7316,3183,23,2026-10-24,Facebook Ads,Lost
11683,3609,30,2026-10-24,Google Ads,New
2416,3569,7,2026-10-25,Google Ads,Converted
6823,1004,23,2026-10-25,Facebook Ads,Contacted
7543,3533,36,2026-10-25,電話,Qualified
811,548,23,2026-10-25,Facebook Ads,Lost
2017,3569,37,2026-10-25,Facebook Ads,Qualified
5443,3533,5,2026-10-25,Google Ads,New
8777,1915,23,2026-10-25,Facebook Ads,Qualified
1913,2847,23,2026-10-25,Facebook Ads,New
8094,984,23,2026-10-25,Facebook Ads,Converted
8387,1956,23,2026-10-25,Facebook Ads,Converted
7720,166,23,2026-10-25,Facebook Ads,Contacted
8067,3256,11,2026-10-26,Google Ads,Qualified
140,850,23,2026-10-26,Facebook Ads,Contacted
11426,3256,37,2026-10-26,Facebook Ads,New
2388,138,12,2026-10-26,合作通路,Qualified
8260,536,35,2026-10-26,合作通路,Contacted
7209,3256,33,2026-10-26,Google Ads,Qualified
8736,3376,23,2026-10-26,Facebook Ads,Contacted
10050,2364,23,2026-10-26,Facebook Ads,New
7177,1470,23,2026-10-26,Facebook Ads,New
4981,648,23,2026-10-26,Facebook Ads,Lost
5934,770,23,2026-10-26,Facebook Ads,New
3971,3502,23,2026-10-26,Facebook Ads,Qualified
2166,77,23,2026-10-26,Facebook Ads,Converted
2397,3256,17,2026-10-26,Facebook Ads,Lost
11744,94,23,2026-10-26,Facebook Ads,New
7456,2481,23,2026-10-26,Facebook Ads,Converted
2201,3791,23,2026-10-26,Facebook Ads,Lost
2144,536,10,2026-10-26,官網,Lost
5766,536,1,2026-10-26,Facebook Ads,Lost
1425,1346,23,2026-10-26,Facebook Ads,New
7542,536,13,2026-10-26,電話,New
4068,1379,23,2026-10-26,Facebook Ads,Lost
9013,2470,38,2026-10-26,Google Ads,Contacted
1428,536,7,2026-10-26,Google Ads,New
9762,138,26,2026-10-26,電話,New
5744,3446,23,2026-10-26,Facebook Ads,New
533,1302,23,2026-10-26,Facebook Ads,New
5202,1655,23,2026-10-26,Facebook Ads,Qualified
6141,3256,11,2026-10-26,Google Ads,Qualified
206,1160,15,2026-10-27,Google Ads,Contacted
262,185,23,2026-10-27,Facebook Ads,Contacted
4472,3582,23,2026-10-27,Facebook Ads,Contacted
7912,1160,3,2026-10-27,官網,Converted
4901,1160,15,2026-10-27,Google Ads,Contacted
7544,2348,23,2026-10-27,Facebook Ads,Qualified
9118,3755,23,2026-10-27,Facebook Ads,Lost
1062,3062,23,2026-10-27,Facebook Ads,New
6779,375,23,2026-10-27,Facebook Ads,Contacted
3328,1317,30,2026-10-28,Google Ads,Contacted
7667,1317,20,2026-10-28,Facebook Ads,Qualified
9563,2582,24,2026-10-28,Facebook Ads,Contacted
11992,1317,17,2026-10-28,Facebook Ads,Contacted
5287,2458,23,2026-10-28,Facebook Ads,New
466,846,33,2026-10-28,Google Ads,Lost
2792,2314,23,2026-10-28,Facebook Ads,Qualified
8412,1394,23,2026-10-28,Facebook Ads,Qualified
6746,2234,23,2026-10-28,Facebook Ads,Contacted
11356,846,5,2026-10-28,Google Ads,Contacted
662,348,23,2026-10-28,Facebook Ads,New
1589,1317,21,2026-10-28,官網,Qualified
6136,846,38,2026-10-28,Google Ads,New
6759,3588,23,2026-10-28,Facebook Ads,Lost
1777,2124,24,2026-10-28,Facebook Ads,Converted
1798,846,38,2026-10-28,Google Ads,Qualified
227,1657,23,2026-10-28,Facebook Ads,Lost
1879,1317,14,2026-10-28,Google Ads,Qualified
381,2582,5,2026-10-28,Google Ads,Qualified
1210,21,23,2026-10-28,Facebook Ads,Contacted
5574,2582,20,2026-10-28,Facebook Ads,New
9941,2588,7,2026-10-29,Google Ads,Lost
7345,164,30,2026-10-29,Google Ads,Contacted
4172,2001,23,2026-10-29,Facebook Ads,Lost
5839,2588,12,2026-10-29,合作通路,Qualified
3097,1519,23,2026-10-29,Facebook Ads,Contacted
9468,2588,18,2026-10-29,LINE,Qualified
4590,164,1,2026-10-29,Facebook Ads,New
5427,3508,23,2026-10-29,Facebook Ads,Contacted
3925,1431,23,2026-10-30,Facebook Ads,Lost
4443,150,40,2026-10-30,Facebook Ads,Contacted
2822,1322,40,2026-10-30,Facebook Ads,Lost
10286,829,5,2026-10-30,Google Ads,Converted
712,2665,12,2026-10-30,合作通路,Qualified
8930,515,23,2026-10-30,Facebook Ads,Contacted
1032,2167,12,2026-10-30,合作通路,Converted
4727,150,4,2026-10-30,LINE,Qualified
7779,150,18,2026-10-30,LINE,New
4766,747,23,2026-10-30,Facebook Ads,New
343,2665,17,2026-10-30,Facebook Ads,Qualified
9806,2167,35,2026-10-30,合作通路,New
3554,2665,30,2026-10-30,Google Ads,Converted
7387,150,38,2026-10-30,Google Ads,Qualified
1665,259,23,2026-10-30,Facebook Ads,Qualified
8644,1881,27,2026-10-30,Google Ads,Contacted
7925,1881,7,2026-10-30,Google Ads,Qualified
226,150,27,2026-10-30,Google Ads,Converted
11451,1499,17,2026-10-31,Facebook Ads,Contacted
11447,2839,18,2026-10-31,LINE,Converted
11020,1499,7,2026-10-31,Google Ads,Lost
10304,807,23,2026-10-31,Facebook Ads,Lost
6444,1499,15,2026-10-31,Google Ads,Converted
9615,3363,23,2026-10-31,Facebook Ads,New
11055,2750,23,2026-10-31,Facebook Ads,Contacted
5578,657,23,2026-10-31,Facebook Ads,Qualified
1755,1829,23,2026-10-31,Facebook Ads,New
7596,1294,23,2026-10-31,Facebook Ads,Qualified
8804,3758,23,2026-10-31,Facebook Ads,Contacted
11548,2839,7,2026-10-31,Google Ads,Contacted
3953,671,23,2026-10-31,Facebook Ads,Qualified
7813,2839,5,2026-10-31,Google Ads,Converted
9928,2078,23,2026-10-31,Facebook Ads,Converted
8581,1499,27,2026-10-31,Google Ads,Qualified
3949,2839,17,2026-10-31,Facebook Ads,Lost
11081,1777,23,2026-10-31,Facebook Ads,Qualified
3513,468,23,2026-11-01,Facebook Ads,Lost
2718,1499,23,2026-11-01,Facebook Ads,Contacted
8102,3168,23,2026-11-01,Facebook Ads,Contacted
8258,2265,23,2026-11-01,Facebook Ads,Contacted
4711,336,3,2026-11-01,官網,Converted
2134,3004,32,2026-11-01,Google Ads,Contacted
5594,3730,23,2026-11-01,Facebook Ads,Qualified
7404,336,33,2026-11-01,Google Ads,Converted
6373,336,4,2026-11-01,LINE,Contacted
9346,1657,23,2026-11-01,Facebook Ads,Converted
11400,336,32,2026-11-01,Google Ads,Lost
3445,3472,23,2026-11-01,Facebook Ads,Converted
391,933,23,2026-11-01,Facebook Ads,Converted
11433,477,23,2026-11-02,Facebook Ads,Qualified
132,3852,40,2026-11-02,Facebook Ads,Lost
3650,1016,23,2026-11-02,Facebook Ads,Converted
1349,300,23,2026-11-02,Facebook Ads,Lost
2461,372,23,2026-11-02,Facebook Ads,New
4269,3624,6,2026-11-02,Google Ads,Converted
11637,2647,28,2026-11-02,LINE,New
4036,2678,23,2026-11-02,Facebook Ads,Contacted
539,95,34,2026-11-02,合作通路,New
7475,2647,33,2026-11-02,Google Ads,Contacted
7599,861,23,2026-11-02,Facebook Ads,New
10577,1143,23,2026-11-02,Facebook Ads,Lost
4690,295,23,2026-11-02,Facebook Ads,Contacted
1124,95,6,2026-11-02,Google Ads,Lost
1089,395,23,2026-11-02,Facebook Ads,New
9826,3624,35,2026-11-02,合作通路,Lost
6168,118,23,2026-11-02,Facebook Ads,Converted
8556,95,24,2026-11-02,Facebook Ads,New
5324,665,23,2026-11-02,Facebook Ads,Lost
9281,3852,3,2026-11-02,官網,Contacted
5905,3624,38,2026-11-02,Google Ads,Contacted
5864,2647,3,2026-11-02,官網,Converted
2028,3105,23,2026-11-02,Facebook Ads,Qualified
3439,95,4,2026-11-02,LINE,Contacted
9041,3624,26,2026-11-02,電話,Qualified
2799,3513,23,2026-11-02,Facebook Ads,New
2499,3341,23,2026-11-02,Facebook Ads,New
6494,134,40,2026-11-03,Facebook Ads,New
6111,3232,23,2026-11-03,Facebook Ads,Contacted
1716,2896,23,2026-11-03,Facebook Ads,Contacted
9809,470,23,2026-11-03,Facebook Ads,Lost
8613,1011,23,2026-11-03,Facebook Ads,New
10848,134,19,2026-11-03,Facebook Ads,New
3727,3781,13,2026-11-03,電話,Contacted
2577,2295,23,2026-11-03,Facebook Ads,New
11793,3642,23,2026-11-03,Facebook Ads,Contacted
3300,3634,6,2026-11-03,Google Ads,Lost
1366,220,5,2026-11-03,Google Ads,Lost
10129,2182,12,2026-11-03,合作通路,Qualified
3861,220,6,2026-11-03,Google Ads,Contacted
7900,220,19,2026-11-03,Facebook Ads,Qualified
1900,220,9,2026-11-03,官網,Contacted
10080,1775,23,2026-11-03,Facebook Ads,Converted
10009,2182,2,2026-11-03,合作通路,Lost
3816,3634,25,2026-11-03,LINE,Contacted
9584,3634,5,2026-11-03,Google Ads,New
8191,906,19,2026-11-03,Facebook Ads,Contacted
3726,3634,4,2026-11-03,LINE,Converted
11100,2123,23,2026-11-03,Facebook Ads,Lost
5798,111,23,2026-11-03,Facebook Ads,Converted
499,3349,23,2026-11-03,Facebook Ads,Converted
9771,3634,9,2026-11-03,官網,Lost
10404,134,22,2026-11-03,Google Ads,New
9392,3684,23,2026-11-03,Facebook Ads,Lost
50,134,22,2026-11-03,Google Ads,New
11215,134,16,2026-11-03,Google Ads,Contacted
8041,1258,23,2026-11-03,Facebook Ads,Qualified
10733,3587,2,2026-11-03,合作通路,Contacted
5689,3490,26,2026-11-04,電話,Contacted
11916,828,23,2026-11-04,Facebook Ads,New
11056,338,37,2026-11-04,Facebook Ads,Lost
2691,3336,32,2026-11-04,Google Ads,Lost
9651,3490,14,2026-11-04,Google Ads,Contacted
8496,849,23,2026-11-04,Facebook Ads,New
7388,1550,23,2026-11-04,Facebook Ads,New
11389,360,23,2026-11-04,Facebook Ads,Converted
9338,1275,23,2026-11-04,Facebook Ads,Converted
7906,2303,23,2026-11-04,Facebook Ads,Contacted
11344,590,19,2026-11-04,Facebook Ads,Converted
5580,590,21,2026-11-04,官網,Converted
3811,590,24,2026-11-04,Facebook Ads,Converted
6300,590,10,2026-11-04,官網,Qualified
9477,209,23,2026-11-04,Facebook Ads,New
10081,590,36,2026-11-04,電話,Converted
6104,3490,18,2026-11-04,LINE,Converted
7295,3336,17,2026-11-04,Facebook Ads,Contacted
1682,1597,23,2026-11-04,Facebook Ads,Contacted
10057,2293,34,2026-11-05,合作通路,Lost
583,3960,30,2026-11-05,Google Ads,Qualified
5812,2982,23,2026-11-05,Facebook Ads,Contacted
8282,201,23,2026-11-05,Facebook Ads,Contacted
7971,613,23,2026-11-05,Facebook Ads,Converted
1592,3959,23,2026-11-05,Facebook Ads,New
869,1815,16,2026-11-05,Google Ads,Converted
1445,2283,19,2026-11-05,Facebook Ads,Contacted
5749,2245,23,2026-11-05,Facebook Ads,Lost
2204,1815,39,2026-11-05,官網,Contacted
2774,2293,11,2026-11-05,Google Ads,Contacted
8238,2283,35,2026-11-05,合作通路,Converted
7877,2283,20,2026-11-05,Facebook Ads,Converted
3793,2283,12,2026-11-05,合作通路,Qualified
11062,1815,38,2026-11-05,Google Ads,Qualified
6299,3960,31,2026-11-05,官網,Contacted
2928,772,23,2026-11-05,Facebook Ads,Converted
8459,1815,7,2026-11-05,Google Ads,Contacted
5562,1787,23,2026-11-05,Facebook Ads,Qualified
2342,3779,38,2026-11-06,Google Ads,Converted
656,175,5,2026-11-06,Google Ads,Qualified
8154,730,7,2026-11-06,Google Ads,New
11874,319,28,2026-11-06,LINE,Qualified
1328,1786,35,2026-11-06,合作通路,Contacted
5275,2190,11,2026-11-06,Google Ads,Lost
10903,1786,35,2026-11-06,合作通路,Contacted
8266,730,15,2026-11-06,Google Ads,Contacted
8998,150,23,2026-11-06,Facebook Ads,Contacted
4744,1085,23,2026-11-06,Facebook Ads,Qualified
727,319,26,2026-11-06,電話,New
10075,365,23,2026-11-06,Facebook Ads,Contacted
709,730,27,2026-11-06,Google Ads,Contacted
10793,175,6,2026-11-06,Google Ads,Lost
9409,2630,22,2026-11-06,Google Ads,Contacted
7197,2955,5,2026-11-06,Google Ads,Contacted
11804,3524,23,2026-11-06,Facebook Ads,Converted
59,3779,39,2026-11-06,官網,Converted
11197,175,16,2026-11-06,Google Ads,Contacted
8456,3720,26,2026-11-06,電話,Converted
11449,730,15,2026-11-06,Google Ads,Qualified
6657,2955,27,2026-11-06,Google Ads,Contacted
9402,3720,14,2026-11-06,Google Ads,New
7908,2190,6,2026-11-06,Google Ads,Converted
4401,1786,5,2026-11-06,Google Ads,Contacted
1197,3288,23,2026-11-07,Facebook Ads,Lost
8829,3503,33,2026-11-07,Google Ads,Converted
10282,778,33,2026-11-07,Google Ads,Converted
9245,1292,30,2026-11-07,Google Ads,New
1865,1615,23,2026-11-07,Facebook Ads,Converted
10950,1017,23,2026-11-07,Facebook Ads,Converted
5241,2190,23,2026-11-07,Facebook Ads,New
2370,1292,1,2026-11-07,Facebook Ads,Contacted
1287,778,38,2026-11-07,Google Ads,Contacted
7440,1292,5,2026-11-07,Google Ads,Converted
2526,3843,14,2026-11-07,Google Ads,Qualified
9043,1206,23,2026-11-07,Facebook Ads,Lost
9581,3503,27,2026-11-07,Google Ads,Contacted
8722,3843,1,2026-11-07,Facebook Ads,Lost
5104,1292,8,2026-11-07,Referral,Contacted
3509,778,16,2026-11-07,Google Ads,Lost
11186,1511,23,2026-11-07,Facebook Ads,Converted
4309,278,6,2026-11-08,Google Ads,Converted
9480,3811,5,2026-11-08,Google Ads,New
933,1668,23,2026-11-08,Facebook Ads,Contacted
4171,278,17,2026-11-08,Facebook Ads,Qualified
9914,3811,28,2026-11-08,LINE,Lost
9590,3811,35,2026-11-08,合作通路,New
1964,278,33,2026-11-08,Google Ads,Lost
11178,1017,23,2026-11-08,Facebook Ads,Converted
505,278,24,2026-11-08,Facebook Ads,New
2810,1134,31,2026-11-08,官網,Contacted
9977,3811,11,2026-11-08,Google Ads,Contacted
9769,1847,23,2026-11-08,Facebook Ads,Contacted
4025,278,29,2026-11-08,LINE,Converted
5397,278,38,2026-11-08,Google Ads,Contacted
4863,1134,38,2026-11-08,Google Ads,Contacted
639,278,27,2026-11-08,Google Ads,Contacted
1172,376,23,2026-11-08,Facebook Ads,Lost
11973,1134,33,2026-11-08,Google Ads,Qualified
779,12,31,2026-11-09,官網,New
1890,1021,23,2026-11-09,Facebook Ads,Converted
8175,12,20,2026-11-09,Facebook Ads,Converted
3385,1966,15,2026-11-09,Google Ads,Contacted
8226,1021,32,2026-11-09,Google Ads,Qualified
4779,1021,40,2026-11-09,Facebook Ads,New
6758,1021,25,2026-11-09,LINE,Converted
6115,1966,27,2026-11-09,Google Ads,Qualified
3382,2463,21,2026-11-10,官網,Lost
3804,1890,23,2026-11-10,Facebook Ads,Converted
3790,1890,23,2026-11-10,Facebook Ads,Qualified
2049,1973,32,2026-11-10,Google Ads,Contacted
4631,1973,5,2026-11-10,Google Ads,Lost
2406,1890,28,2026-11-10,LINE,Converted
1901,2005,32,2026-11-10,Google Ads,Lost
4151,2463,5,2026-11-10,Google Ads,Contacted
9712,2005,16,2026-11-10,Google Ads,Lost
189,1973,32,2026-11-10,Google Ads,Converted
11951,2005,23,2026-11-10,Facebook Ads,Contacted
2883,2463,22,2026-11-10,Google Ads,Converted
4963,1453,14,2026-11-11,Google Ads,New
11526,1453,2,2026-11-11,合作通路,Contacted
6210,1453,39,2026-11-11,官網,Converted
5485,1453,24,2026-11-11,Facebook Ads,Contacted
4833,2620,20,2026-11-11,Facebook Ads,Contacted
11364,2620,33,2026-11-11,Google Ads,Contacted
3469,2573,16,2026-11-12,Google Ads,Contacted
6174,1101,16,2026-11-12,Google Ads,Qualified
7859,1101,5,2026-11-12,Google Ads,New
7203,2573,30,2026-11-12,Google Ads,Lost
3323,1734,9,2026-11-12,官網,Converted
9320,1101,31,2026-11-12,官網,Converted
1322,1734,17,2026-11-12,Facebook Ads,Converted
1897,2525,28,2026-11-12,LINE,Contacted
5093,1734,16,2026-11-12,Google Ads,Lost
5664,2525,25,2026-11-12,LINE,Qualified
7511,2573,16,2026-11-12,Google Ads,Converted
10229,2573,22,2026-11-12,Google Ads,Lost
2302,1101,25,2026-11-12,LINE,Contacted
8830,1734,27,2026-11-12,Google Ads,Qualified
1225,2047,3,2026-11-13,官網,Qualified
4024,1791,6,2026-11-13,Google Ads,Converted
1264,2047,11,2026-11-13,Google Ads,Contacted
3638,2849,39,2026-11-13,官網,New
9907,1058,16,2026-11-13,Google Ads,New
5461,299,6,2026-11-13,Google Ads,Lost
6146,2047,17,2026-11-13,Facebook Ads,Contacted
10819,2849,22,2026-11-13,Google Ads,Lost
6005,1058,17,2026-11-13,Facebook Ads,Contacted
1847,1058,5,2026-11-13,Google Ads,Qualified
4627,1791,8,2026-11-13,Referral,Contacted
4106,3592,29,2026-11-14,LINE,Qualified
5808,909,23,2026-11-14,Facebook Ads,New
11826,3592,14,2026-11-14,Google Ads,New
308,3592,10,2026-11-14,官網,New
9472,909,24,2026-11-14,Facebook Ads,Qualified
11994,909,39,2026-11-14,官網,Lost
2415,3416,30,2026-11-15,Google Ads,Converted
8336,3316,11,2026-11-15,Google Ads,Contacted
10792,3143,8,2026-11-15,Referral,Converted
10609,3143,1,2026-11-15,Facebook Ads,Lost
10027,3416,18,2026-11-15,LINE,Lost
5365,3511,30,2026-11-16,Google Ads,Qualified
9068,3511,30,2026-11-16,Google Ads,Lost
1280,3935,30,2026-11-17,Google Ads,New
57,459,38,2026-11-17,Google Ads,Qualified
471,3906,15,2026-11-17,Google Ads,Contacted
4305,3935,6,2026-11-17,Google Ads,Lost
9708,1056,34,2026-11-19,合作通路,Lost
4899,3463,38,2026-11-19,Google Ads,New
8024,3358,3,2026-11-19,官網,Converted
5642,1056,6,2026-11-19,Google Ads,Converted
10753,3463,25,2026-11-19,LINE,Converted
4664,3463,6,2026-11-19,Google Ads,Qualified
4759,3358,11,2026-11-19,Google Ads,Contacted
1974,1056,30,2026-11-19,Google Ads,Converted
1957,3188,20,2026-11-19,Facebook Ads,New
7781,1056,11,2026-11-19,Google Ads,Qualified
7778,3188,6,2026-11-19,Google Ads,New
4272,3358,7,2026-11-19,Google Ads,Contacted
2828,1056,38,2026-11-19,Google Ads,New
660,3463,25,2026-11-19,LINE,Contacted
6044,1056,17,2026-11-19,Facebook Ads,Lost
6617,3734,22,2026-11-20,Google Ads,Contacted
10945,1617,8,2026-11-20,Referral,Converted
6814,2879,6,2026-11-20,Google Ads,Contacted
10038,3734,14,2026-11-20,Google Ads,Lost
2305,718,4,2026-11-20,LINE,Converted
5762,2879,4,2026-11-20,LINE,Lost
5748,1617,23,2026-11-20,Facebook Ads,New
6194,2879,7,2026-11-20,Google Ads,Contacted
1736,1617,19,2026-11-20,Facebook Ads,Lost
11584,381,31,2026-11-21,官網,New
10275,3058,4,2026-11-21,LINE,Lost
8075,2138,16,2026-11-21,Google Ads,Contacted
6270,1908,20,2026-11-21,Facebook Ads,Contacted
4288,2138,25,2026-11-21,LINE,Qualified
7934,381,8,2026-11-21,Referral,Contacted
2903,3058,15,2026-11-21,Google Ads,Contacted
10672,1097,40,2026-11-22,Facebook Ads,Converted
4217,1097,39,2026-11-22,官網,New
11241,1927,40,2026-11-23,Facebook Ads,New
7740,2116,38,2026-11-23,Google Ads,Qualified
5964,2116,9,2026-11-23,官網,Qualified
5953,1926,35,2026-11-23,合作通路,Qualified
6611,1926,19,2026-11-23,Facebook Ads,New
1653,1927,27,2026-11-23,Google Ads,Contacted
6196,1927,17,2026-11-23,Facebook Ads,Contacted
8323,1927,22,2026-11-23,Google Ads,Lost
8851,1926,4,2026-11-23,LINE,Converted
137,1927,30,2026-11-23,Google Ads,Converted
11143,1926,40,2026-11-23,Facebook Ads,Lost
2263,1926,18,2026-11-23,LINE,Qualified
10534,2133,13,2026-11-24,電話,Converted
11840,2133,17,2026-11-24,Facebook Ads,Lost
9740,2766,20,2026-11-24,Facebook Ads,Contacted
1238,3469,11,2026-11-24,Google Ads,Qualified
4560,2133,23,2026-11-24,Facebook Ads,New
8563,3469,29,2026-11-24,LINE,New
11891,2133,29,2026-11-24,LINE,New
10701,2766,22,2026-11-24,Google Ads,Qualified
5242,2766,3,2026-11-24,官網,Converted
5948,1793,15,2026-11-24,Google Ads,Contacted
9689,2766,33,2026-11-24,Google Ads,Lost
7552,2766,3,2026-11-24,官網,Converted
1016,2133,4,2026-11-24,LINE,Converted
1758,2766,11,2026-11-24,Google Ads,New
3897,2766,26,2026-11-24,電話,Converted
4487,1793,15,2026-11-24,Google Ads,Contacted
4321,3469,36,2026-11-24,電話,Contacted
7828,2766,8,2026-11-24,Referral,Qualified
9205,3298,4,2026-11-24,LINE,Contacted
5038,3469,7,2026-11-24,Google Ads,New
11169,2115,11,2026-11-25,Google Ads,Contacted
442,2115,23,2026-11-25,Facebook Ads,Converted
4937,2115,18,2026-11-25,LINE,Converted
10971,2115,33,2026-11-25,Google Ads,Lost
6704,2115,14,2026-11-25,Google Ads,Contacted
75,2115,24,2026-11-25,Facebook Ads,Contacted
11406,2960,36,2026-11-26,電話,Contacted
6517,2960,16,2026-11-26,Google Ads,Contacted
3551,2960,6,2026-11-26,Google Ads,Qualified
7592,1473,16,2026-11-26,Google Ads,Qualified
5740,1473,11,2026-11-26,Google Ads,Lost
6983,1473,4,2026-11-26,LINE,Converted
951,2960,12,2026-11-26,合作通路,Contacted
9206,2960,38,2026-11-26,Google Ads,Contacted
10906,2960,3,2026-11-26,官網,Contacted
6755,345,15,2026-11-27,Google Ads,Contacted
2811,2401,27,2026-11-27,Google Ads,New
2820,3619,37,2026-11-27,Facebook Ads,Lost
10105,2401,24,2026-11-27,Facebook Ads,Qualified
11297,3619,11,2026-11-27,Google Ads,Contacted
5660,2406,20,2026-11-27,Facebook Ads,New
3779,838,29,2026-11-27,LINE,Converted
10061,2406,27,2026-11-27,Google Ads,Contacted
115,2401,20,2026-11-27,Facebook Ads,Qualified
5974,2406,16,2026-11-27,Google Ads,Converted
10281,1116,3,2026-11-27,官網,New
11473,838,23,2026-11-27,Facebook Ads,Lost
4414,838,20,2026-11-27,Facebook Ads,Contacted
4335,2406,33,2026-11-27,Google Ads,Converted
4939,1116,2,2026-11-27,合作通路,Qualified
6057,3619,11,2026-11-27,Google Ads,Qualified
8525,2406,32,2026-11-27,Google Ads,Contacted
1815,1198,38,2026-11-28,Google Ads,Lost
2034,3904,23,2026-11-28,Facebook Ads,Contacted
4662,344,12,2026-11-28,合作通路,New
2719,3904,16,2026-11-28,Google Ads,Contacted
8602,3904,31,2026-11-28,官網,Contacted
8604,1198,17,2026-11-28,Facebook Ads,Lost
8349,2725,11,2026-11-28,Google Ads,Converted
6982,344,32,2026-11-28,Google Ads,Converted
1426,344,7,2026-11-28,Google Ads,New
1495,344,12,2026-11-28,合作通路,Qualified
6959,1198,24,2026-11-28,Facebook Ads,New
740,1214,33,2026-11-29,Google Ads,New
966,1214,37,2026-11-29,Facebook Ads,Qualified
9890,1214,14,2026-11-29,Google Ads,Qualified
3498,3687,19,2026-11-30,Facebook Ads,Contacted
11112,3687,22,2026-11-30,Google Ads,Qualified
11268,3687,22,2026-11-30,Google Ads,Qualified
9500,3687,40,2026-11-30,Facebook Ads,Lost
4640,3687,6,2026-11-30,Google Ads,Converted
3691,2053,6,2026-11-30,Google Ads,New
8252,2053,23,2026-11-30,Facebook Ads,Contacted
5410,3687,32,2026-11-30,Google Ads,Lost
5927,264,9,2026-11-30,官網,New
6367,2053,37,2026-11-30,Facebook Ads,Contacted
10365,3491,15,2026-12-01,Google Ads,Contacted
3862,3491,28,2026-12-01,LINE,Converted
6467,3491,32,2026-12-01,Google Ads,Converted
3334,3297,22,2026-12-01,Google Ads,Converted
244,3297,37,2026-12-01,Facebook Ads,Contacted
9698,3491,1,2026-12-01,Facebook Ads,Lost
2794,236,27,2026-12-01,Google Ads,Converted
557,3491,5,2026-12-01,Google Ads,Converted
4278,3491,8,2026-12-01,Referral,Converted
4605,3491,1,2026-12-01,Facebook Ads,New
5924,3297,20,2026-12-01,Facebook Ads,Lost
2395,3297,19,2026-12-01,Facebook Ads,Contacted
10207,2062,35,2026-12-01,合作通路,Lost
8557,3297,13,2026-12-01,電話,Converted
5555,3297,16,2026-12-01,Google Ads,Contacted
9951,3857,30,2026-12-02,Google Ads,Qualified
1549,1142,39,2026-12-02,官網,Qualified
6163,3857,27,2026-12-02,Google Ads,New
2573,1656,10,2026-12-02,官網,Qualified
6246,1142,28,2026-12-02,LINE,Converted
1307,1656,31,2026-12-02,官網,Converted
7121,3633,18,2026-12-03,LINE,Qualified
7639,3633,13,2026-12-03,電話,Contacted
11967,2666,19,2026-12-03,Facebook Ads,Contacted
3386,1662,19,2026-12-03,Facebook Ads,Contacted
8906,2666,28,2026-12-03,LINE,New
3864,1750,27,2026-12-03,Google Ads,New
9341,2666,29,2026-12-03,LINE,New
9836,3633,15,2026-12-03,Google Ads,Qualified
8315,1750,33,2026-12-03,Google Ads,Contacted
10484,3633,27,2026-12-03,Google Ads,Contacted
6301,1750,9,2026-12-03,官網,Qualified
10231,1750,30,2026-12-03,Google Ads,New
5382,1662,30,2026-12-03,Google Ads,New
9961,554,36,2026-12-04,電話,Contacted
800,554,4,2026-12-04,LINE,New
2897,1091,32,2026-12-04,Google Ads,Contacted
365,1091,7,2026-12-04,Google Ads,New
7773,554,27,2026-12-04,Google Ads,Contacted
3549,1091,14,2026-12-04,Google Ads,New
6736,1091,25,2026-12-04,LINE,Contacted
2399,554,20,2026-12-04,Facebook Ads,Contacted
6757,554,16,2026-12-04,Google Ads,Lost
5867,1091,1,2026-12-04,Facebook Ads,New
2584,554,34,2026-12-04,合作通路,Contacted
3269,2568,20,2026-12-05,Facebook Ads,Qualified
3683,2019,9,2026-12-05,官網,Converted
1912,798,19,2026-12-05,Facebook Ads,Converted
8030,1535,6,2026-12-05,Google Ads,New
1916,3092,31,2026-12-05,官網,Lost
544,1784,29,2026-12-05,LINE,Lost
7077,2019,25,2026-12-05,LINE,Converted
5401,2019,27,2026-12-05,Google Ads,New
10445,2612,27,2026-12-05,Google Ads,New
10985,485,14,2026-12-05,Google Ads,Contacted
6620,485,31,2026-12-05,官網,Qualified
8883,798,39,2026-12-05,官網,Converted
1595,2612,31,2026-12-05,官網,Converted
8859,485,25,2026-12-05,LINE,Lost
6532,1784,18,2026-12-05,LINE,Qualified
4961,798,32,2026-12-05,Google Ads,New
3171,2612,20,2026-12-05,Facebook Ads,Lost
7164,798,24,2026-12-05,Facebook Ads,New
665,1784,38,2026-12-05,Google Ads,New
7860,1535,22,2026-12-05,Google Ads,Contacted
11579,3073,24,2026-12-06,Facebook Ads,Contacted
9663,961,27,2026-12-06,Google Ads,Converted
30,3073,39,2026-12-06,官網,Lost
4157,3172,32,2026-12-06,Google Ads,Qualified
3796,3172,29,2026-12-06,LINE,Converted
8708,3983,30,2026-12-06,Google Ads,Lost
4789,3983,30,2026-12-06,Google Ads,New
7931,3073,6,2026-12-06,Google Ads,Qualified
8552,1341,38,2026-12-06,Google Ads,New
7109,3073,19,2026-12-06,Facebook Ads,Qualified
7008,3172,15,2026-12-06,Google Ads,Converted
4742,3948,5,2026-12-06,Google Ads,Converted
2815,3990,25,2026-12-06,LINE,Qualified
889,3990,38,2026-12-06,Google Ads,Contacted
1793,3983,30,2026-12-06,Google Ads,Converted
4304,3983,36,2026-12-06,電話,Qualified
8634,3073,3,2026-12-06,官網,Qualified
6237,3897,20,2026-12-07,Facebook Ads,Contacted
4921,3584,7,2026-12-07,Google Ads,Qualified
7600,482,14,2026-12-07,Google Ads,Converted
3099,482,15,2026-12-07,Google Ads,Qualified
6956,482,37,2026-12-07,Facebook Ads,New
4468,482,17,2026-12-07,Facebook Ads,Lost
7430,1866,29,2026-12-07,LINE,Converted
6802,3897,5,2026-12-07,Google Ads,Qualified
10236,1866,36,2026-12-07,電話,Qualified
7313,1866,14,2026-12-07,Google Ads,Contacted
707,3584,10,2026-12-07,官網,Lost
3881,1866,30,2026-12-07,Google Ads,New
6058,26,30,2026-12-08,Google Ads,Contacted
7086,2925,15,2026-12-08,Google Ads,Converted
8768,26,5,2026-12-08,Google Ads,Contacted
2969,3995,7,2026-12-08,Google Ads,Contacted
4179,2925,10,2026-12-08,官網,New
9808,3995,28,2026-12-08,LINE,Qualified
8129,3995,19,2026-12-08,Facebook Ads,Lost
1625,2925,17,2026-12-08,Facebook Ads,Contacted
11676,280,40,2026-12-08,Facebook Ads,New
9719,2925,17,2026-12-08,Facebook Ads,New
1894,1281,22,2026-12-09,Google Ads,Contacted
3435,1281,31,2026-12-09,官網,Qualified
217,1281,10,2026-12-09,官網,Converted
2974,2586,1,2026-12-09,Facebook Ads,Converted
8549,2586,33,2026-12-09,Google Ads,New
11395,2586,35,2026-12-09,合作通路,Converted
7851,1281,14,2026-12-09,Google Ads,New
3029,2981,29,2026-12-09,LINE,Qualified
1004,2981,1,2026-12-09,Facebook Ads,Lost
10492,1281,15,2026-12-09,Google Ads,New
2785,3138,16,2026-12-09,Google Ads,Converted
9963,3138,11,2026-12-09,Google Ads,Contacted
8480,3138,7,2026-12-09,Google Ads,Converted
3739,2472,1,2026-12-09,Facebook Ads,Qualified
3550,3138,25,2026-12-09,LINE,Contacted
10849,3138,7,2026-12-09,Google Ads,Qualified
2858,2472,39,2026-12-09,官網,Contacted
4862,2329,6,2026-12-09,Google Ads,Qualified
8979,3241,20,2026-12-10,Facebook Ads,Contacted
7424,1395,3,2026-12-10,官網,Lost
3153,3241,24,2026-12-10,Facebook Ads,Contacted
3022,1395,21,2026-12-10,官網,Converted
10388,1395,23,2026-12-10,Facebook Ads,Contacted
5937,227,24,2026-12-10,Facebook Ads,New
7248,1395,16,2026-12-10,Google Ads,Converted
4757,1395,15,2026-12-10,Google Ads,Lost
3870,1395,38,2026-12-10,Google Ads,Contacted
1367,1395,31,2026-12-10,官網,Qualified
7020,3241,1,2026-12-10,Facebook Ads,Contacted
2519,1779,24,2026-12-11,Facebook Ads,New
1590,3267,31,2026-12-11,官網,Qualified
5289,3267,38,2026-12-11,Google Ads,Converted
2857,3937,40,2026-12-11,Facebook Ads,Qualified
4089,3937,16,2026-12-11,Google Ads,Lost
3636,3937,11,2026-12-11,Google Ads,Contacted
9399,3937,11,2026-12-11,Google Ads,Contacted
6929,3840,24,2026-12-11,Facebook Ads,Contacted
5125,1779,18,2026-12-11,LINE,Lost
11227,839,24,2026-12-11,Facebook Ads,Qualified
1552,3937,12,2026-12-11,合作通路,Converted
9636,3555,22,2026-12-11,Google Ads,Lost
3626,839,27,2026-12-11,Google Ads,New
6979,3555,9,2026-12-11,官網,Converted
11029,3937,16,2026-12-11,Google Ads,Lost
10884,132,12,2026-12-11,合作通路,Converted
495,3267,11,2026-12-11,Google Ads,Contacted
2398,3267,15,2026-12-11,Google Ads,Qualified
7642,839,8,2026-12-11,Referral,New
3158,1779,13,2026-12-11,電話,New
3181,839,5,2026-12-11,Google Ads,Qualified
3747,3840,29,2026-12-11,LINE,Qualified
8748,1779,5,2026-12-11,Google Ads,Qualified
5358,132,23,2026-12-11,Facebook Ads,New
6263,3267,17,2026-12-11,Facebook Ads,New
33,3840,13,2026-12-11,電話,Lost
4728,1779,16,2026-12-11,Google Ads,Qualified
4447,839,22,2026-12-11,Google Ads,Converted
3129,132,7,2026-12-11,Google Ads,Converted
3802,2277,7,2026-12-12,Google Ads,Lost
10420,620,25,2026-12-12,LINE,Converted
11679,2200,32,2026-12-12,Google Ads,Lost
5003,2200,16,2026-12-12,Google Ads,New
8721,2277,10,2026-12-12,官網,Qualified
5831,2200,23,2026-12-12,Facebook Ads,Contacted
10386,620,22,2026-12-12,Google Ads,Converted
2893,3748,9,2026-12-13,官網,Converted
5122,3103,4,2026-12-13,LINE,Converted
3087,2892,3,2026-12-13,官網,Qualified
8965,3748,32,2026-12-13,Google Ads,Contacted
10170,2177,11,2026-12-13,Google Ads,Qualified
9246,2710,4,2026-12-13,LINE,Contacted
7652,3748,26,2026-12-13,電話,Contacted
3460,3103,20,2026-12-13,Facebook Ads,Lost
9920,2892,21,2026-12-13,官網,Contacted
9850,2710,30,2026-12-13,Google Ads,Converted
10732,3748,16,2026-12-13,Google Ads,Contacted
213,2177,20,2026-12-13,Facebook Ads,Contacted
1948,3748,26,2026-12-13,電話,Qualified
9033,3103,37,2026-12-13,Facebook Ads,Contacted
2908,3905,40,2026-12-14,Facebook Ads,Contacted
5050,2577,30,2026-12-14,Google Ads,New
4237,3905,13,2026-12-14,電話,Qualified
10837,1157,25,2026-12-14,LINE,Converted
4659,1157,22,2026-12-14,Google Ads,Lost
7664,3905,30,2026-12-14,Google Ads,Contacted
11007,2775,20,2026-12-14,Facebook Ads,New
10277,3905,28,2026-12-14,LINE,Qualified
761,3905,17,2026-12-14,Facebook Ads,New
7002,2775,22,2026-12-14,Google Ads,New
8426,2775,14,2026-12-14,Google Ads,New
9919,1157,15,2026-12-14,Google Ads,Qualified
9611,1157,24,2026-12-14,Facebook Ads,Converted
1060,1157,20,2026-12-14,Facebook Ads,Contacted
552,2775,16,2026-12-14,Google Ads,Converted
5788,2775,6,2026-12-14,Google Ads,Converted
2009,3905,13,2026-12-14,電話,Contacted
7265,2577,6,2026-12-14,Google Ads,New
6350,2775,31,2026-12-14,官網,Converted
8786,2577,11,2026-12-14,Google Ads,Converted
9948,2707,27,2026-12-15,Google Ads,New
2607,488,39,2026-12-15,官網,Converted
11881,488,30,2026-12-15,Google Ads,Converted
2053,488,17,2026-12-15,Facebook Ads,Lost
1920,488,3,2026-12-15,官網,Contacted
11340,2410,33,2026-12-16,Google Ads,Contacted
3136,2689,28,2026-12-16,LINE,Converted
10175,3204,22,2026-12-16,Google Ads,Qualified
9748,1007,14,2026-12-16,Google Ads,Converted
3842,3531,15,2026-12-16,Google Ads,Converted
9009,3531,30,2026-12-16,Google Ads,New
10033,1007,19,2026-12-16,Facebook Ads,Contacted
5178,1007,38,2026-12-16,Google Ads,Converted
546,3745,37,2026-12-16,Facebook Ads,Converted
3670,2689,34,2026-12-16,合作通路,Converted
8668,1229,17,2026-12-17,Facebook Ads,New
5699,1229,23,2026-12-17,Facebook Ads,Qualified
11946,1129,6,2026-12-17,Google Ads,Qualified
10956,831,16,2026-12-17,Google Ads,Converted
5481,3978,6,2026-12-17,Google Ads,Converted
4240,3978,8,2026-12-17,Referral,Contacted
6280,3978,22,2026-12-17,Google Ads,New
10851,1229,30,2026-12-17,Google Ads,Qualified
7855,1129,30,2026-12-17,Google Ads,Contacted
273,3978,19,2026-12-17,Facebook Ads,Contacted
5173,2334,15,2026-12-17,Google Ads,Converted
7395,3978,14,2026-12-17,Google Ads,Converted
11184,831,36,2026-12-17,電話,Converted
5261,1608,22,2026-12-19,Google Ads,Lost
2899,1608,3,2026-12-19,官網,Qualified
6711,1608,38,2026-12-19,Google Ads,New
5872,449,40,2026-12-19,Facebook Ads,Lost
232,1608,30,2026-12-19,Google Ads,Contacted
5220,449,13,2026-12-19,電話,Converted
436,591,24,2026-12-19,Facebook Ads,Converted
4930,3542,4,2026-12-19,LINE,New
4955,449,34,2026-12-19,合作通路,Converted
643,1608,22,2026-12-19,Google Ads,Qualified
7135,449,11,2026-12-19,Google Ads,Converted
10645,3542,40,2026-12-19,Facebook Ads,Qualified
5899,449,7,2026-12-19,Google Ads,New
10944,3144,10,2026-12-20,官網,New
7618,3682,1,2026-12-20,Facebook Ads,New
737,3065,33,2026-12-20,Google Ads,Contacted
9561,2986,16,2026-12-20,Google Ads,Contacted
2211,3144,1,2026-12-20,Facebook Ads,Contacted
10460,2641,32,2026-12-20,Google Ads,Contacted
8855,1403,11,2026-12-20,Google Ads,New
11931,3682,24,2026-12-20,Facebook Ads,Contacted
4597,1095,1,2026-12-20,Facebook Ads,Contacted
6293,1095,7,2026-12-20,Google Ads,New
2190,2986,29,2026-12-20,LINE,New
11404,3065,3,2026-12-20,官網,Qualified
4004,1403,17,2026-12-20,Facebook Ads,Qualified
4469,3682,7,2026-12-20,Google Ads,New
3397,2641,6,2026-12-20,Google Ads,Contacted
3615,1095,37,2026-12-20,Facebook Ads,Converted
8470,3065,15,2026-12-20,Google Ads,New
3999,2986,32,2026-12-20,Google Ads,Contacted
10074,3144,14,2026-12-20,Google Ads,Contacted
5939,2986,40,2026-12-20,Facebook Ads,Qualified
10201,2641,30,2026-12-20,Google Ads,Converted
2973,1833,35,2026-12-21,合作通路,Qualified
7541,1225,22,2026-12-21,Google Ads,Contacted
7381,1225,21,2026-12-21,官網,New
11490,2943,11,2026-12-21,Google Ads,New
9638,1225,15,2026-12-21,Google Ads,Converted
6994,1833,38,2026-12-21,Google Ads,Converted
11995,1225,23,2026-12-21,Facebook Ads,Qualified
2687,2943,5,2026-12-21,Google Ads,Converted
4054,3766,32,2026-12-22,Google Ads,Qualified
1874,3696,16,2026-12-22,Google Ads,Converted
3633,3895,11,2026-12-22,Google Ads,Qualified
4554,3766,19,2026-12-22,Facebook Ads,Contacted
3497,432,16,2026-12-22,Google Ads,Qualified
2154,207,6,2026-12-22,Google Ads,New
1751,207,32,2026-12-22,Google Ads,Qualified
71,432,9,2026-12-22,官網,Lost
5025,3696,4,2026-12-22,LINE,Converted
9175,432,27,2026-12-22,Google Ads,Qualified
10650,3895,24,2026-12-22,Facebook Ads,Converted
1109,3766,24,2026-12-22,Facebook Ads,Contacted
5095,3895,39,2026-12-22,官網,Qualified
303,1799,32,2026-12-22,Google Ads,Qualified
10845,432,5,2026-12-22,Google Ads,Contacted
3196,3766,30,2026-12-22,Google Ads,Contacted
5068,207,8,2026-12-22,Referral,Lost
10995,3895,19,2026-12-22,Facebook Ads,Lost
919,1799,2,2026-12-22,合作通路,Lost
8750,3895,38,2026-12-22,Google Ads,Contacted
9465,432,6,2026-12-22,Google Ads,Contacted
658,3766,37,2026-12-22,Facebook Ads,Converted
3070,1799,29,2026-12-22,LINE,Qualified
3199,432,5,2026-12-22,Google Ads,New
1355,249,11,2026-12-24,Google Ads,New
9501,729,30,2026-12-24,Google Ads,Contacted
2192,2626,18,2026-12-24,LINE,New
3601,416,26,2026-12-24,電話,Lost
97,249,30,2026-12-24,Google Ads,New
4439,416,23,2026-12-24,Facebook Ads,New
1075,3807,23,2026-12-24,Facebook Ads,New
7863,2626,15,2026-12-24,Google Ads,New
5176,416,6,2026-12-24,Google Ads,Converted
8026,119,3,2026-12-24,官網,Converted
5530,119,14,2026-12-24,Google Ads,Contacted
5419,729,30,2026-12-24,Google Ads,Qualified
11497,416,39,2026-12-24,官網,Lost
7792,416,40,2026-12-24,Facebook Ads,Converted
9695,767,21,2026-12-25,官網,Converted
11820,2228,14,2026-12-25,Google Ads,Converted
6567,767,24,2026-12-25,Facebook Ads,Contacted
4905,3439,4,2026-12-25,LINE,Contacted
5532,767,5,2026-12-25,Google Ads,Qualified
9173,362,15,2026-12-25,Google Ads,Contacted
806,2228,1,2026-12-25,Facebook Ads,Lost
2278,3439,30,2026-12-25,Google Ads,Contacted
2102,362,32,2026-12-25,Google Ads,Converted
11640,3439,33,2026-12-25,Google Ads,Lost
10300,3439,16,2026-12-25,Google Ads,Qualified
11444,2228,21,2026-12-25,官網,Lost
8678,767,31,2026-12-25,官網,Lost
9725,767,26,2026-12-25,電話,Lost
1139,767,11,2026-12-25,Google Ads,Qualified
1931,2228,25,2026-12-25,LINE,Converted
10331,263,31,2026-12-26,官網,Contacted
11314,263,7,2026-12-26,Google Ads,New
5551,263,27,2026-12-26,Google Ads,Lost
7491,2036,5,2026-12-26,Google Ads,Contacted
11036,2567,7,2026-12-26,Google Ads,New
1559,3099,16,2026-12-26,Google Ads,New
7067,2503,39,2026-12-26,官網,New
4755,2764,16,2026-12-26,Google Ads,Contacted
1194,3099,28,2026-12-26,LINE,Lost
11014,2764,27,2026-12-26,Google Ads,Contacted
8636,3099,6,2026-12-26,Google Ads,Qualified
847,2503,38,2026-12-26,Google Ads,Lost
7396,2503,13,2026-12-26,電話,Lost
10183,2764,33,2026-12-26,Google Ads,Contacted
679,1279,7,2026-12-26,Google Ads,Qualified
9061,2036,4,2026-12-26,LINE,Lost
2911,1279,40,2026-12-26,Facebook Ads,Qualified
3419,263,40,2026-12-26,Facebook Ads,Converted
2926,2567,18,2026-12-26,LINE,New
250,2036,16,2026-12-26,Google Ads,Qualified
2654,766,39,2026-12-26,官網,Lost
913,2503,28,2026-12-26,LINE,Converted
8934,3488,29,2026-12-27,LINE,Converted
1554,1971,19,2026-12-27,Facebook Ads,Contacted
1487,1971,33,2026-12-27,Google Ads,New
7153,2241,7,2026-12-27,Google Ads,New
1610,3244,32,2026-12-27,Google Ads,Contacted
9401,1971,24,2026-12-27,Facebook Ads,New
6476,1971,4,2026-12-27,LINE,Converted
11104,3488,37,2026-12-27,Facebook Ads,Qualified
1951,3488,38,2026-12-27,Google Ads,Qualified
5151,3438,14,2026-12-27,Google Ads,Contacted
9711,1971,22,2026-12-27,Google Ads,Lost
11721,1971,5,2026-12-27,Google Ads,New
6304,3488,9,2026-12-27,官網,Qualified
4806,3438,32,2026-12-27,Google Ads,New
2630,3244,33,2026-12-27,Google Ads,Qualified
8228,1971,5,2026-12-27,Google Ads,Converted
3904,1971,27,2026-12-27,Google Ads,Qualified
11807,3244,31,2026-12-27,官網,Contacted
9646,3438,29,2026-12-27,LINE,New
6720,3438,14,2026-12-27,Google Ads,New
9403,3954,25,2026-12-28,LINE,Converted
9494,993,17,2026-12-28,Facebook Ads,Lost
5037,993,28,2026-12-28,LINE,Converted
9866,3954,15,2026-12-28,Google Ads,New
7718,3954,4,2026-12-28,LINE,Converted
5071,3954,32,2026-12-28,Google Ads,Contacted
5130,3561,16,2026-12-28,Google Ads,New
12,3561,7,2026-12-28,Google Ads,New
1020,993,15,2026-12-28,Google Ads,Contacted
10160,3954,16,2026-12-28,Google Ads,New
9544,3121,11,2026-12-28,Google Ads,Lost
2155,3121,38,2026-12-28,Google Ads,Contacted
10407,993,27,2026-12-28,Google Ads,Converted
7524,3121,1,2026-12-28,Facebook Ads,Lost
3594,3121,25,2026-12-28,LINE,Converted
4906,3561,17,2026-12-28,Facebook Ads,Lost
1641,3121,32,2026-12-28,Google Ads,Qualified
398,993,21,2026-12-28,官網,Lost
10035,993,29,2026-12-28,LINE,Contacted
364,3121,32,2026-12-28,Google Ads,Lost
7583,3561,15,2026-12-28,Google Ads,Lost
185,2282,27,2026-12-29,Google Ads,Converted
3019,3206,38,2026-12-29,Google Ads,Contacted
1518,2282,18,2026-12-29,LINE,New
8132,3206,28,2026-12-29,LINE,Converted
3872,2282,22,2026-12-29,Google Ads,Qualified
8352,3206,39,2026-12-29,官網,Contacted
2648,3893,30,2026-12-29,Google Ads,Qualified
1768,2282,11,2026-12-29,Google Ads,Lost
5056,3206,29,2026-12-29,LINE,New
4261,3893,5,2026-12-29,Google Ads,Contacted
3452,3893,29,2026-12-29,LINE,Converted
4189,3206,24,2026-12-29,Facebook Ads,Lost
6686,1330,15,2026-12-30,Google Ads,New
7742,2268,17,2026-12-30,Facebook Ads,Contacted
5635,2268,22,2026-12-30,Google Ads,Converted
2585,809,36,2026-12-30,電話,Contacted
10130,2268,24,2026-12-30,Facebook Ads,Lost
6962,2268,33,2026-12-30,Google Ads,Contacted
8893,809,23,2026-12-30,Facebook Ads,Qualified
5582,809,37,2026-12-30,Facebook Ads,Qualified
7743,2268,1,2026-12-30,Facebook Ads,Qualified
9091,55,21,2026-12-31,官網,Converted
8704,55,40,2026-12-31,Facebook Ads,Contacted
5603,55,5,2026-12-31,Google Ads,Qualified
11535,3254,33,2026-12-31,Google Ads,Qualified
696,3254,28,2026-12-31,LINE,New
4368,3254,21,2026-12-31,官網,Qualified
955,55,3,2026-12-31,官網,Contacted
8121,3254,14,2026-12-31,Google Ads,Qualified
1143,3254,29,2026-12-31,LINE,Contacted
8042,55,27,2026-12-31,Google Ads,Converted
