rental_id,customer_id,machine_id,start_date,end_date,monthly_fee,status
2027,364,358,2024-02-28,2024-03-28,2895,Completed
2636,2995,288,2024-03-02,2024-04-02,3404,Completed
2272,2130,337,2024-03-29,2024-09-29,3071,Completed
513,2538,260,2024-03-31,2024-09-30,3189,Completed
2926,1474,102,2024-04-21,2024-05-21,2541,Cancelled
2809,375,69,2024-04-23,2024-07-23,2856,Completed
615,1013,172,2024-04-25,2024-10-25,2720,Completed
2336,285,340,2024-04-26,2024-10-26,2676,Completed
3050,2579,209,2024-04-28,2025-04-28,3578,Completed
697,1932,121,2024-05-02,2024-11-02,3185,Completed
1835,2982,161,2024-05-08,2025-11-08,4261,Completed
1810,2600,396,2024-05-13,2024-08-13,2071,Completed
1875,693,321,2024-05-15,2024-06-15,2966,Completed
1844,3701,354,2024-05-19,2024-06-19,2850,Completed
1250,1977,225,2024-05-29,2024-08-29,4695,Completed
2654,1270,347,2024-06-08,2024-09-08,2986,Completed
1269,2276,322,2024-06-22,2024-12-22,4054,Completed
387,2102,296,2024-06-23,2024-09-23,2948,Completed
1789,2988,16,2024-06-25,2024-09-25,3535,Completed
1526,3355,354,2024-06-26,2024-08-26,3718,Completed
2343,2508,69,2024-06-26,2024-08-26,3668,Completed
765,3262,256,2024-06-27,2024-08-27,2491,Completed
3381,422,113,2024-07-02,2025-01-02,2774,Completed
3233,835,343,2024-07-05,2024-10-05,2609,Completed
2618,3889,225,2024-07-06,2024-08-06,4191,Completed
2982,2339,392,2024-07-12,2024-10-12,4445,Completed
2805,1360,264,2024-07-15,2024-08-15,2413,Completed
53,563,11,2024-07-16,2025-01-16,3315,Completed
3019,1709,150,2024-07-21,2024-08-21,4393,Completed
1541,2444,317,2024-07-23,2025-01-23,4122,Completed
2476,166,317,2024-07-25,2026-01-25,3615,Completed
783,1366,72,2024-08-01,2024-10-01,2771,Completed
2909,1964,360,2024-08-03,2024-09-03,2408,Completed
2306,1436,139,2024-08-14,2025-02-14,3980,Completed
2602,3424,86,2024-08-14,2024-10-14,4066,Completed
1802,128,367,2024-08-16,2025-08-16,2781,Completed
3017,1196,119,2024-08-18,2024-10-18,2938,Completed
840,2961,318,2024-08-23,2026-08-23,3015,Completed
3462,105,392,2024-08-23,2024-09-23,3606,Completed
3425,3765,168,2024-08-25,2025-02-25,3225,Completed
3317,128,160,2024-08-27,2024-11-27,3891,Completed
2865,2633,325,2024-08-27,2024-09-27,2355,Completed
3452,1769,172,2024-08-27,2024-09-27,3396,Completed
2517,918,358,2024-08-31,2026-08-31,2640,Completed
2993,3417,118,2024-09-02,2024-12-02,3264,Completed
2474,3567,237,2024-09-04,2024-12-04,4162,Completed
1421,1852,208,2024-09-05,2024-12-05,4655,Completed
790,2493,112,2024-09-06,2024-11-06,3532,Completed
2625,404,49,2024-09-07,2025-03-07,2815,Completed
2755,1940,317,2024-09-09,2025-03-09,3930,Completed
655,453,272,2024-09-10,2024-11-10,3104,Completed
3096,3446,329,2024-09-12,2025-03-12,4464,Completed
1243,3087,258,2024-09-12,2024-10-12,3327,Completed
3169,2335,329,2024-09-13,2025-03-13,4501,Completed
37,748,250,2024-09-13,2025-03-13,2457,Completed
1137,1474,347,2024-09-13,2026-03-13,2882,Completed
135,3885,128,2024-09-17,2024-12-17,2714,Completed
956,668,61,2024-09-20,2026-03-20,4854,Completed
3357,149,184,2024-09-21,2024-12-21,2757,Completed
970,41,347,2024-09-25,2025-09-25,2476,Completed
3002,2207,386,2024-09-25,2024-11-25,2566,Completed
1845,3946,100,2024-10-02,2025-01-02,2568,Completed
1771,1940,195,2024-10-02,2025-10-02,4081,Completed
1219,474,202,2024-10-06,2024-12-06,3596,Completed
272,1137,40,2024-10-08,2025-01-08,4111,Completed
1693,3716,324,2024-10-11,2025-10-11,4259,Completed
2605,1083,272,2024-10-11,2024-12-11,2382,Completed
2718,1994,8,2024-10-13,2025-01-13,2916,Completed
3477,2280,1,2024-10-14,2024-11-14,3530,Completed
1383,321,197,2024-10-15,2025-01-15,3916,Completed
1013,1803,16,2024-10-17,2024-11-17,3454,Completed
2706,460,113,2024-10-19,2024-12-19,2438,Completed
328,187,333,2024-10-22,2025-01-22,2674,Completed
2417,1084,263,2024-10-23,2025-01-23,3777,Cancelled
1880,149,179,2024-10-27,2025-10-27,2797,Completed
2315,1888,139,2024-10-31,2025-01-31,4989,Completed
726,90,95,2024-11-01,2025-05-01,4612,Completed
131,493,346,2024-11-05,2026-11-05,2685,Completed
1258,2193,4,2024-11-07,2026-11-07,2925,Completed
1115,1359,202,2024-11-07,2025-02-07,3011,Completed
3111,1191,378,2024-11-08,2025-01-08,2678,Completed
1385,1637,368,2024-11-10,2025-01-10,2037,Completed
1555,356,100,2024-11-13,2026-05-13,2797,Completed
770,3767,119,2024-11-17,2025-01-17,2153,Completed
2372,2932,392,2024-11-18,2025-05-18,4274,Completed
1174,682,13,2024-11-19,2025-02-19,2240,Completed
2244,1705,73,2024-11-23,2025-11-23,3711,Completed
2118,1869,71,2024-11-24,2025-11-24,4498,Completed
1337,847,53,2024-11-24,2025-02-24,2948,Completed
2010,615,31,2024-11-25,2025-01-25,2765,Cancelled
519,246,294,2024-11-26,2025-11-26,3540,Cancelled
303,1696,290,2024-11-27,2025-11-27,3472,Completed
2091,293,197,2024-11-29,2024-12-29,3503,Completed
1561,1864,1,2024-11-29,2025-01-29,3545,Completed
1415,1373,238,2024-11-30,2026-05-30,3559,Completed
935,1257,374,2024-12-01,2025-01-01,4256,Completed
2005,935,386,2024-12-03,2025-02-03,2112,Completed
2195,3333,389,2024-12-04,2025-02-04,4615,Completed
3449,594,338,2024-12-04,2025-06-04,4295,Completed
1571,3101,304,2024-12-07,2025-02-07,2864,Completed
661,2389,54,2024-12-10,2025-12-10,2299,Completed
2121,3783,225,2024-12-11,2025-03-11,4718,Completed
181,2691,214,2024-12-11,2025-06-11,3770,Completed
1205,1050,264,2024-12-12,2025-12-12,2963,Completed
124,1077,150,2024-12-12,2025-12-12,4536,Completed
2302,1257,337,2024-12-14,2025-06-14,2089,Completed
2782,1240,240,2024-12-19,2025-12-19,3105,Completed
1378,2946,113,2024-12-21,2025-03-21,2132,Completed
1063,2143,302,2024-12-22,2025-01-22,2976,Cancelled
3484,2774,396,2024-12-25,2025-02-25,2475,Completed
1828,2886,119,2024-12-25,2025-06-25,3081,Completed
2088,2372,287,2024-12-28,2026-12-28,2597,Completed
102,2778,100,2024-12-29,2025-03-29,3294,Completed
1604,937,221,2024-12-29,2026-12-29,4520,Completed
208,3479,365,2025-01-01,2025-03-01,2461,Completed
154,1797,214,2025-01-01,2025-02-01,3372,Completed
3031,3098,118,2025-01-01,2025-04-01,2835,Completed
2286,1257,388,2025-01-01,2025-07-01,3060,Completed
3073,2853,189,2025-01-02,2026-01-02,2319,Completed
1017,1241,269,2025-01-02,2025-04-02,4751,Completed
1647,3433,55,2025-01-03,2026-01-03,2338,Completed
743,413,231,2025-01-04,2025-07-04,3558,Completed
511,3711,219,2025-01-05,2025-03-05,3159,Completed
2369,2845,273,2025-01-05,2025-02-05,2524,Completed
3103,700,324,2025-01-05,2025-04-05,3787,Completed
385,404,76,2025-01-06,2025-07-06,4136,Completed
2959,2447,171,2025-01-07,2026-01-07,4126,Completed
2742,2213,6,2025-01-08,2025-07-08,3245,Completed
2251,356,283,2025-01-08,2025-02-08,4280,Cancelled
3125,2473,225,2025-01-10,2025-02-10,3669,Cancelled
1384,1343,294,2025-01-10,2025-07-10,3752,Completed
2370,2205,128,2025-01-10,2026-01-10,2629,Completed
1035,1669,367,2025-01-10,2025-07-10,2419,Cancelled
3334,1084,8,2025-01-11,2025-07-11,2580,Cancelled
941,1397,172,2025-01-11,2025-07-11,2578,Completed
2512,1769,231,2025-01-13,2025-04-13,3643,Completed
3377,3293,230,2025-01-16,2026-01-16,2935,Completed
1860,1709,283,2025-01-16,2025-07-16,4764,Completed
1062,3420,219,2025-01-17,2026-01-17,3306,Completed
1151,3446,354,2025-01-21,2025-03-21,2582,Completed
3159,1822,317,2025-01-21,2026-01-21,3683,Completed
283,1637,118,2025-01-22,2025-03-22,3025,Completed
363,2192,220,2025-01-24,2025-03-24,2422,Completed
2665,794,396,2025-01-26,2025-07-26,2903,Completed
3199,364,8,2025-01-26,2026-01-26,2690,Completed
211,1679,293,2025-01-26,2026-07-26,3145,Completed
842,3302,329,2025-01-26,2026-01-26,3806,Completed
2906,736,379,2025-01-27,2025-07-27,2657,Completed
2081,3761,307,2025-01-28,2025-04-28,3468,Completed
1350,724,121,2025-01-29,2025-04-29,2381,Completed
250,1769,220,2025-01-31,2025-02-28,3078,Completed
1188,1754,114,2025-02-01,2025-05-01,2517,Completed
1948,330,202,2025-02-01,2025-08-01,3410,Completed
1549,3695,367,2025-02-01,2025-08-01,3184,Completed
679,3731,46,2025-02-04,2025-04-04,4749,Completed
1472,1647,324,2025-02-05,2025-08-05,4715,Cancelled
2103,3212,255,2025-02-06,2025-08-06,3404,Completed
2483,102,374,2025-02-10,2025-04-10,4496,Completed
3374,1383,272,2025-02-13,2025-03-13,2826,Completed
898,1959,288,2025-02-13,2025-03-13,3316,Completed
3040,2632,198,2025-02-15,2025-04-15,3156,Cancelled
305,1440,173,2025-02-15,2025-05-15,2885,Completed
176,1571,14,2025-02-15,2027-02-15,3145,Active
443,563,302,2025-02-16,2025-03-16,3383,Completed
555,3737,72,2025-02-17,2025-08-17,3079,Completed
27,2854,256,2025-02-19,2025-03-19,3067,Completed
754,2968,300,2025-02-19,2025-08-19,3412,Completed
2966,789,254,2025-02-20,2025-03-20,4222,Completed
1274,3848,229,2025-02-20,2025-08-20,2863,Cancelled
830,733,31,2025-02-21,2025-03-21,3232,Completed
732,3070,46,2025-02-22,2025-03-22,3763,Cancelled
116,1017,325,2025-02-22,2025-04-22,2811,Completed
1319,1247,6,2025-02-23,2025-04-23,3189,Completed
1316,229,256,2025-02-23,2025-05-23,3056,Completed
2022,1195,213,2025-02-25,2026-02-25,4320,Completed
175,2774,254,2025-02-26,2027-02-26,3766,Active
2099,2865,358,2025-02-26,2025-03-26,3025,Cancelled
2139,937,29,2025-02-27,2025-05-27,2783,Completed
3022,2939,373,2025-02-27,2026-02-27,3432,Completed
1574,3369,287,2025-02-28,2025-04-28,3065,Completed
1038,1461,311,2025-02-28,2026-02-28,4505,Completed
339,1987,110,2025-03-01,2025-06-01,3546,Completed
2616,903,177,2025-03-01,2025-09-01,4566,Completed
2891,455,61,2025-03-01,2025-04-01,4630,Completed
315,2328,79,2025-03-03,2026-09-03,3543,Completed
2894,3727,280,2025-03-03,2025-06-03,3379,Completed
184,3290,24,2025-03-04,2025-04-04,3719,Cancelled
2112,1464,205,2025-03-04,2025-06-04,2619,Completed
1471,3087,225,2025-03-04,2025-04-04,4766,Completed
1031,476,254,2025-03-04,2025-04-04,4348,Completed
2455,3903,360,2025-03-04,2025-05-04,3295,Completed
42,2559,174,2025-03-04,2025-04-04,2538,Completed
2165,3,209,2025-03-04,2026-03-04,2737,Completed
6,1096,177,2025-03-05,2025-04-05,3927,Completed
2770,3829,373,2025-03-05,2025-05-05,2888,Completed
976,3217,373,2025-03-06,2025-09-06,2729,Cancelled
2352,2995,326,2025-03-06,2026-09-06,4699,Completed
2881,3666,11,2025-03-07,2027-03-07,2708,Active
3081,969,231,2025-03-07,2025-05-07,3594,Completed
3133,2565,238,2025-03-07,2025-06-07,2875,Completed
397,3924,227,2025-03-08,2026-09-08,2743,Completed
938,1167,384,2025-03-10,2025-09-10,2511,Completed
287,699,49,2025-03-10,2026-09-10,2695,Completed
282,3185,209,2025-03-11,2025-09-11,2598,Completed
1951,1521,225,2025-03-11,2025-09-11,4170,Completed
1511,3333,392,2025-03-13,2025-06-13,3816,Completed
1934,1253,269,2025-03-13,2026-03-13,3613,Completed
1504,1901,206,2025-03-14,2026-03-14,3601,Completed
353,641,168,2025-03-15,2025-04-15,3016,Completed
848,1417,322,2025-03-15,2025-04-15,4069,Completed
777,1297,332,2025-03-15,2025-06-15,3810,Completed
3407,2453,242,2025-03-17,2025-09-17,2700,Completed
2564,410,182,2025-03-20,2026-09-20,3261,Completed
932,3513,190,2025-03-22,2025-09-22,3355,Completed
1803,736,103,2025-03-23,2025-09-23,4123,Completed
672,3909,118,2025-03-23,2026-09-23,3275,Completed
2764,2845,112,2025-03-24,2025-09-24,2605,Completed
3457,2602,202,2025-03-24,2025-09-24,3620,Completed
1144,2159,263,2025-03-25,2025-05-25,3676,Completed
1506,2996,347,2025-03-27,2026-09-27,2601,Completed
705,1637,102,2025-03-28,2025-06-28,2867,Completed
531,2876,165,2025-03-29,2025-05-29,2635,Completed
1340,3098,215,2025-03-29,2025-06-29,3873,Completed
650,1009,105,2025-03-29,2025-06-29,2597,Completed
841,3325,231,2025-03-30,2025-09-30,4753,Completed
200,2791,220,2025-03-30,2025-06-30,2791,Completed
2104,2235,236,2025-03-31,2025-05-31,4499,Completed
712,1067,392,2025-03-31,2026-03-31,4716,Completed
1092,578,182,2025-04-02,2025-05-02,2871,Completed
814,3637,129,2025-04-03,2025-07-03,3593,Completed
415,1705,305,2025-04-04,2025-10-04,3346,Completed
3213,2508,302,2025-04-06,2026-04-06,3244,Completed
1018,3926,168,2025-04-07,2025-06-07,2693,Completed
2973,964,136,2025-04-07,2025-07-07,3594,Completed
3434,700,227,2025-04-09,2025-10-09,2555,Completed
2025,183,253,2025-04-10,2025-07-10,2993,Completed
2179,1641,295,2025-04-10,2025-10-10,3029,Completed
901,1997,5,2025-04-10,2026-04-10,2928,Completed
488,191,161,2025-04-12,2026-04-12,3920,Completed
1513,2095,350,2025-04-12,2027-04-12,2967,Active
691,497,379,2025-04-12,2025-10-12,3040,Completed
249,973,84,2025-04-13,2026-04-13,2567,Completed
2803,3885,358,2025-04-13,2025-07-13,2460,Completed
1149,2143,375,2025-04-13,2026-10-13,2718,Cancelled
2171,2031,162,2025-04-13,2025-10-13,2917,Completed
1041,3637,319,2025-04-13,2025-06-13,3423,Cancelled
918,2221,114,2025-04-13,2026-10-13,2604,Completed
1971,3727,326,2025-04-15,2025-05-15,4065,Completed
2329,474,59,2025-04-15,2025-06-15,3556,Completed
2878,19,259,2025-04-15,2025-07-15,3081,Completed
317,2932,98,2025-04-16,2025-06-16,4003,Cancelled
1220,28,255,2025-04-16,2025-07-16,3599,Completed
2720,1802,202,2025-04-18,2026-04-18,3458,Completed
185,503,189,2025-04-19,2025-10-19,2705,Cancelled
1181,2281,49,2025-04-20,2025-10-20,3082,Cancelled
2515,2164,60,2025-04-20,2026-04-20,3628,Completed
424,1920,113,2025-04-21,2025-07-21,2553,Completed
3005,2360,332,2025-04-22,2025-06-22,3539,Completed
1112,166,361,2025-04-23,2025-06-23,4689,Completed
1505,2264,391,2025-04-23,2025-05-23,2717,Completed
1922,1041,106,2025-04-24,2025-06-24,3396,Completed
1014,853,76,2025-04-24,2025-10-24,4169,Completed
1816,1302,385,2025-04-24,2026-04-24,4062,Completed
321,1931,389,2025-04-25,2025-10-25,3550,Completed
2661,2069,220,2025-04-27,2025-05-27,2066,Completed
1160,1888,305,2025-04-27,2026-04-27,3910,Completed
3363,2311,255,2025-04-29,2026-10-29,3229,Completed
499,1759,173,2025-04-30,2026-04-30,2322,Completed
352,2920,110,2025-04-30,2025-10-30,3370,Completed
3106,1604,171,2025-04-30,2026-04-30,3240,Completed
2944,1350,319,2025-04-30,2025-05-30,3559,Completed
2710,3375,219,2025-04-30,2025-05-30,2885,Completed
3195,1541,384,2025-05-01,2025-07-01,2312,Completed
1084,624,241,2025-05-01,2025-06-01,2499,Completed
2685,1647,351,2025-05-02,2025-08-02,2815,Completed
524,2807,258,2025-05-02,2026-11-02,3916,Completed
2599,3795,240,2025-05-03,2025-08-03,2998,Completed
2102,964,106,2025-05-04,2025-06-04,3024,Completed
2689,2009,378,2025-05-04,2025-11-04,3017,Completed
1102,2146,351,2025-05-05,2025-11-05,2497,Completed
834,751,197,2025-05-06,2025-06-06,4446,Completed
1126,2232,231,2025-05-06,2025-07-06,3534,Completed
2556,2055,161,2025-05-07,2025-08-07,4332,Completed
1279,2473,309,2025-05-07,2026-05-07,4274,Completed
2229,2088,332,2025-05-08,2025-06-08,4147,Completed
2542,1440,115,2025-05-08,2026-05-08,3129,Completed
3208,1767,244,2025-05-08,2025-08-08,4235,Completed
933,3474,53,2025-05-09,2025-11-09,2943,Completed
2735,1308,354,2025-05-10,2025-11-10,3725,Completed
2094,705,61,2025-05-11,2025-08-11,3738,Completed
1408,1571,137,2025-05-13,2025-08-13,2819,Completed
36,2301,196,2025-05-14,2025-07-14,4562,Completed
2248,3417,167,2025-05-15,2025-06-15,4999,Completed
1840,3046,246,2025-05-18,2025-11-18,2930,Completed
625,560,206,2025-05-19,2025-11-19,3518,Completed
1164,672,29,2025-05-19,2025-06-19,2985,Completed
1091,3982,183,2025-05-20,2025-11-20,2643,Completed
3249,490,264,2025-05-21,2025-11-21,3086,Completed
1635,285,377,2025-05-21,2026-05-21,2977,Completed
167,503,302,2025-05-21,2025-08-21,2516,Completed
2731,2361,14,2025-05-21,2026-05-21,3487,Completed
1033,2757,60,2025-05-21,2026-11-21,3966,Completed
232,1364,160,2025-05-21,2025-07-21,3787,Completed
2133,1390,323,2025-05-21,2025-06-21,4316,Completed
696,1688,195,2025-05-22,2025-08-22,3865,Completed
495,3395,290,2025-05-22,2026-05-22,3070,Cancelled
1321,3394,8,2025-05-22,2025-08-22,2686,Completed
373,3724,167,2025-05-22,2025-11-22,4466,Completed
3236,3479,20,2025-05-22,2026-11-22,4501,Completed
2828,2475,128,2025-05-23,2026-05-23,2616,Completed
3391,2531,288,2025-05-24,2025-11-24,2485,Completed
2646,2383,167,2025-05-24,2025-11-24,3506,Completed
2579,1561,191,2025-05-25,2025-08-25,3477,Completed
3309,964,98,2025-05-26,2026-05-26,4377,Completed
1268,2159,29,2025-05-26,2025-07-26,3499,Completed
2658,3309,260,2025-05-27,2025-06-27,3561,Completed
320,3030,396,2025-05-27,2025-08-27,2842,Completed
2820,1519,118,2025-05-27,2026-11-27,3191,Completed
2377,3156,358,2025-05-28,2025-11-28,3220,Completed
1712,3421,239,2025-05-29,2025-06-29,2521,Completed
1086,3375,100,2025-05-29,2026-05-29,2512,Completed
2469,274,13,2025-05-30,2025-11-30,2849,Completed
2297,1350,100,2025-05-31,2025-07-31,3018,Completed
223,2730,228,2025-06-01,2025-09-01,3907,Cancelled
3252,561,267,2025-06-02,2025-07-02,3335,Completed
1294,1461,326,2025-06-02,2025-12-02,3400,Completed
2194,1561,227,2025-06-02,2026-06-02,2318,Completed
1613,3975,48,2025-06-03,2025-07-03,2492,Completed
1487,951,296,2025-06-04,2025-12-04,2412,Completed
670,2570,220,2025-06-05,2025-12-05,2341,Completed
1818,2542,215,2025-06-06,2025-08-06,3717,Completed
275,2490,391,2025-06-07,2025-08-07,2608,Completed
2545,716,254,2025-06-07,2026-12-07,3555,Completed
372,2302,246,2025-06-08,2026-06-08,3159,Completed
1714,833,308,2025-06-09,2025-07-09,4863,Completed
2904,1441,86,2025-06-09,2026-12-09,4251,Completed
401,2558,84,2025-06-11,2025-08-11,3030,Completed
530,525,42,2025-06-11,2026-06-11,2909,Completed
3039,2730,350,2025-06-11,2025-08-11,3062,Completed
1829,3218,41,2025-06-12,2025-07-12,3490,Completed
2668,2800,235,2025-06-12,2025-07-12,3407,Completed
3278,1812,11,2025-06-12,2025-07-12,2703,Completed
195,2940,122,2025-06-12,2025-07-12,2524,Completed
2220,2272,174,2025-06-13,2025-12-13,3155,Completed
3295,238,240,2025-06-15,2025-07-15,3427,Completed
811,2939,236,2025-06-16,2025-08-16,3605,Completed
1957,339,276,2025-06-16,2025-09-16,2862,Completed
1548,3041,280,2025-06-18,2025-08-18,3237,Completed
365,624,365,2025-06-18,2025-08-18,2803,Cancelled
2356,3610,385,2025-06-18,2025-09-18,4469,Completed
2796,919,185,2025-06-18,2025-09-18,4542,Completed
550,1824,231,2025-06-18,2026-06-18,4011,Cancelled
514,1410,358,2025-06-18,2025-09-18,3471,Completed
367,3644,33,2025-06-19,2025-09-19,3753,Completed
2635,1713,150,2025-06-19,2025-12-19,4256,Completed
2565,895,317,2025-06-19,2025-07-19,3819,Completed
95,2614,311,2025-06-19,2025-12-19,4774,Completed
2255,700,128,2025-06-20,2026-06-20,2996,Completed
1849,3359,356,2025-06-20,2027-06-20,2362,Active
2156,1597,215,2025-06-21,2027-06-21,4771,Active
1113,3553,250,2025-06-21,2025-12-21,3193,Completed
2050,251,69,2025-06-21,2025-12-21,3433,Completed
2949,2475,27,2025-06-22,2025-09-22,2519,Completed
1178,2886,61,2025-06-23,2026-06-23,4665,Completed
1458,821,323,2025-06-23,2025-12-23,4289,Completed
536,685,172,2025-06-24,2026-06-24,2545,Completed
1037,2819,184,2025-06-24,2025-07-24,2761,Cancelled
288,2161,375,2025-06-24,2025-09-24,3269,Completed
1573,3368,352,2025-06-24,2026-06-24,2215,Completed
3333,3202,335,2025-06-24,2025-09-24,3232,Completed
2749,1391,5,2025-06-25,2025-07-25,2952,Completed
2034,3030,382,2025-06-25,2026-06-25,3461,Completed
1307,1631,321,2025-06-25,2026-12-25,2385,Completed
2064,477,239,2025-06-27,2025-08-27,3056,Completed
2438,2947,288,2025-06-27,2025-07-27,2783,Completed
1969,1113,311,2025-06-27,2026-12-27,3686,Completed
1043,714,325,2025-06-28,2025-07-28,2953,Cancelled
1980,1040,71,2025-06-29,2026-06-29,3283,Completed
2629,1388,388,2025-06-30,2025-08-30,3432,Completed
322,3583,188,2025-06-30,2025-09-30,2322,Cancelled
3018,1400,100,2025-07-02,2026-07-02,3456,Cancelled
622,1120,42,2025-07-02,2025-10-02,3143,Completed
434,3955,346,2025-07-06,2026-07-06,2555,Completed
1233,919,16,2025-07-07,2025-08-07,3229,Completed
76,2946,18,2025-07-07,2025-10-07,2371,Completed
851,2682,192,2025-07-07,2025-09-07,2300,Cancelled
3315,3084,196,2025-07-10,2025-10-10,4122,Completed
822,1210,181,2025-07-10,2025-10-10,4766,Completed
61,3891,145,2025-07-10,2026-01-10,4958,Completed
2897,711,215,2025-07-12,2025-10-12,3747,Completed
2671,3370,5,2025-07-12,2026-01-12,2614,Completed
952,968,400,2025-07-13,2025-09-13,3316,Completed
326,3273,373,2025-07-13,2025-10-13,2539,Completed
3136,160,98,2025-07-14,2027-01-14,4003,Active
2001,2642,138,2025-07-15,2026-01-15,4694,Completed
1997,1522,367,2025-07-16,2026-01-16,3052,Cancelled
2148,3119,5,2025-07-16,2025-10-16,3216,Completed
2202,38,30,2025-07-16,2025-08-16,3035,Cancelled
1114,3032,140,2025-07-16,2025-08-16,2563,Completed
1838,1701,237,2025-07-16,2026-07-16,3551,Completed
1788,1077,377,2025-07-16,2025-09-16,2494,Completed
621,2850,351,2025-07-17,2025-10-17,2852,Completed
2321,1041,110,2025-07-18,2026-01-18,3769,Completed
1282,2740,367,2025-07-18,2025-08-18,2270,Completed
1684,194,236,2025-07-18,2026-01-18,4655,Completed
2129,1334,311,2025-07-18,2027-07-18,4873,Active
1306,2398,143,2025-07-19,2025-08-19,3243,Completed
1538,346,161,2025-07-20,2025-08-20,4998,Completed
456,453,154,2025-07-21,2026-01-21,2308,Completed
3013,3958,168,2025-07-22,2026-01-22,3635,Completed
554,51,238,2025-07-23,2025-08-23,2761,Completed
1322,468,270,2025-07-24,2027-01-24,4285,Active
2243,2864,367,2025-07-24,2025-09-24,3172,Cancelled
889,1244,172,2025-07-24,2026-07-24,2578,Completed
2149,727,361,2025-07-24,2025-08-24,3923,Completed
267,3744,216,2025-07-25,2025-09-25,3561,Completed
1120,3635,113,2025-07-25,2025-10-25,2806,Completed
2528,887,332,2025-07-25,2025-09-25,3418,Completed
900,2435,288,2025-07-25,2025-09-25,2798,Completed
2164,2264,377,2025-07-26,2025-10-26,2454,Completed
3459,2602,96,2025-07-27,2025-09-27,3415,Completed
224,2605,52,2025-07-28,2025-08-28,3485,Completed
1503,2276,3,2025-07-29,2026-01-29,4752,Completed
535,36,38,2025-07-30,2026-07-30,3054,Completed
438,2798,122,2025-07-30,2025-08-30,2445,Completed
949,1354,240,2025-07-31,2025-09-30,3119,Cancelled
1797,2762,319,2025-07-31,2025-08-31,3706,Completed
2687,504,309,2025-08-01,2025-11-01,4350,Completed
1142,3824,13,2025-08-01,2026-02-01,2526,Completed
1783,934,235,2025-08-01,2025-10-01,3549,Completed
199,864,137,2025-08-01,2025-11-01,2739,Completed
2615,353,369,2025-08-02,2026-02-02,2528,Completed
3361,3566,121,2025-08-02,2026-08-02,2724,Completed
1933,3570,231,2025-08-03,2025-10-03,3672,Completed
1585,1206,384,2025-08-04,2026-08-04,2398,Completed
2432,960,140,2025-08-04,2025-10-04,2038,Completed
297,3475,226,2025-08-04,2026-02-04,3137,Cancelled
2006,3043,172,2025-08-04,2026-02-04,3778,Completed
3036,2426,121,2025-08-04,2026-08-04,2992,Completed
44,2048,162,2025-08-05,2025-10-05,2346,Completed
2927,2502,240,2025-08-06,2025-11-06,3201,Completed
2084,1166,321,2025-08-06,2026-08-06,2807,Cancelled
390,3992,47,2025-08-07,2025-11-07,3641,Completed
3476,3898,129,2025-08-07,2026-02-07,2776,Completed
206,1758,210,2025-08-07,2026-08-07,3065,Completed
1329,2929,55,2025-08-08,2027-02-08,2330,Active
632,1213,77,2025-08-09,2026-02-09,4334,Cancelled
2362,2001,11,2025-08-09,2026-02-09,2506,Completed
3149,3910,122,2025-08-09,2027-02-09,2597,Active
374,453,267,2025-08-10,2026-08-10,4122,Completed
2247,2605,221,2025-08-10,2025-09-10,4714,Completed
836,3081,38,2025-08-10,2025-11-10,3467,Completed
3154,2662,238,2025-08-11,2025-10-11,3498,Cancelled
1110,1332,214,2025-08-11,2027-02-11,2671,Active
1439,1864,254,2025-08-11,2027-02-11,3741,Active
2774,1009,191,2025-08-11,2026-02-11,2581,Completed
437,1046,72,2025-08-13,2026-02-13,3582,Cancelled
1830,2176,382,2025-08-13,2026-02-13,3910,Cancelled
2698,28,189,2025-08-14,2027-08-14,2364,Active
1765,2748,399,2025-08-15,2025-11-15,3943,Completed
512,155,21,2025-08-17,2026-02-17,3163,Completed
553,854,373,2025-08-17,2025-11-17,3506,Completed
1921,2344,18,2025-08-18,2025-11-18,3148,Completed
1390,2959,181,2025-08-20,2026-08-20,3545,Cancelled
846,1192,122,2025-08-20,2026-02-20,2591,Completed
1325,4,241,2025-08-20,2025-09-20,2285,Completed
11,467,267,2025-08-20,2025-09-20,4085,Completed
862,1366,21,2025-08-20,2027-02-20,2697,Active
217,3911,188,2025-08-21,2026-02-21,3055,Completed
1364,3583,367,2025-08-21,2025-11-21,2602,Completed
1338,2763,212,2025-08-21,2026-08-21,4619,Completed
983,2800,41,2025-08-21,2025-11-21,2814,Completed
269,1496,32,2025-08-22,2025-11-22,2940,Completed
1981,711,17,2025-08-22,2025-10-22,4032,Completed
2162,2110,300,2025-08-22,2025-09-22,3314,Completed
879,91,292,2025-08-23,2026-02-23,3712,Completed
2585,750,117,2025-08-24,2027-02-24,2130,Active
2465,3789,296,2025-08-24,2026-02-24,2509,Completed
704,3499,345,2025-08-24,2025-09-24,3677,Completed
457,3068,260,2025-08-25,2025-10-25,2735,Completed
3224,1602,391,2025-08-25,2026-02-25,2162,Completed
1330,1630,11,2025-08-25,2026-08-25,3102,Completed
614,1932,15,2025-08-26,2025-10-26,3317,Cancelled
1040,3045,60,2025-08-26,2025-10-26,3807,Cancelled
1431,2622,308,2025-08-26,2025-11-26,3746,Completed
1262,1604,154,2025-08-28,2025-11-28,3224,Completed
916,685,292,2025-08-28,2026-02-28,2998,Completed
2040,493,369,2025-08-29,2025-09-29,3798,Completed
2663,3809,283,2025-08-29,2025-10-29,4906,Completed
3499,2149,360,2025-08-30,2026-08-30,2572,Completed
137,3929,97,2025-08-31,2026-02-28,3046,Completed
1094,435,141,2025-09-01,2025-10-01,2251,Completed
1313,243,89,2025-09-01,2026-09-01,2903,Completed
1437,2450,322,2025-09-01,2026-03-01,3406,Completed
1601,2361,386,2025-09-01,2027-03-01,2230,Active
462,547,69,2025-09-02,2025-12-02,3551,Completed
1993,137,182,2025-09-02,2026-09-02,2831,Completed
194,3626,177,2025-09-02,2025-10-02,3710,Cancelled
2548,1714,64,2025-09-04,2025-10-04,3684,Completed
3485,2248,216,2025-09-04,2026-03-04,2786,Completed
235,1355,119,2025-09-05,2025-11-05,2313,Completed
3474,3082,259,2025-09-05,2025-11-05,2927,Completed
2522,90,49,2025-09-06,2025-11-06,2338,Cancelled
108,2318,3,2025-09-07,2025-12-07,4306,Completed
407,1920,63,2025-09-07,2025-12-07,2509,Completed
323,2800,205,2025-09-07,2025-11-07,2897,Completed
591,3892,310,2025-09-08,2026-03-08,3763,Completed
3157,2402,287,2025-09-08,2026-03-08,3313,Completed
2288,360,168,2025-09-08,2026-03-08,2939,Completed
3059,3041,340,2025-09-09,2025-10-09,3184,Completed
1947,1041,159,2025-09-10,2026-09-10,3756,Completed
1099,2786,189,2025-09-10,2025-10-10,2890,Completed
1664,3963,30,2025-09-10,2025-11-10,2691,Completed
3297,3508,105,2025-09-11,2025-11-11,2104,Cancelled
584,992,140,2025-09-11,2025-12-11,2831,Completed
281,3459,383,2025-09-12,2026-03-12,2858,Completed
2392,3846,384,2025-09-13,2025-11-13,3177,Completed
1992,3591,354,2025-09-13,2026-03-13,3283,Completed
1868,1600,226,2025-09-13,2025-11-13,3212,Completed
143,2696,241,2025-09-13,2026-09-13,2650,Cancelled
1234,2798,240,2025-09-14,2025-12-14,2589,Completed
2601,549,212,2025-09-15,2025-11-15,3766,Completed
3060,1463,258,2025-09-15,2025-12-15,3444,Cancelled
2387,989,118,2025-09-15,2025-12-15,3767,Cancelled
2883,1001,246,2025-09-16,2025-10-16,2576,Cancelled
1391,1944,400,2025-09-17,2025-12-17,4677,Completed
2141,2554,192,2025-09-18,2025-10-18,2069,Completed
2918,962,296,2025-09-18,2025-12-18,2937,Completed
522,1501,242,2025-09-18,2025-11-18,2702,Completed
1955,3664,288,2025-09-19,2026-09-19,3093,Completed
1454,1249,180,2025-09-19,2027-09-19,3382,Active
3245,342,11,2025-09-19,2026-09-19,3223,Completed
45,3548,398,2025-09-20,2026-03-20,3535,Completed
2502,2721,385,2025-09-20,2026-03-20,3594,Completed
489,2301,315,2025-09-20,2026-09-20,3189,Completed
2169,3192,27,2025-09-20,2026-03-20,3041,Completed
146,1163,20,2025-09-21,2025-11-21,4759,Completed
1022,1485,212,2025-09-21,2025-12-21,4797,Completed
2157,1915,267,2025-09-22,2026-03-22,3311,Completed
1615,475,173,2025-09-23,2026-09-23,2408,Completed
2746,1580,250,2025-09-23,2026-03-23,2526,Completed
335,3003,196,2025-09-24,2027-03-24,4559,Active
350,2599,76,2025-09-24,2027-03-24,3699,Active
3443,2558,308,2025-09-24,2025-11-24,4282,Cancelled
1764,1309,290,2025-09-25,2027-09-25,2745,Active
1883,2059,346,2025-09-25,2027-03-25,2715,Active
2594,307,328,2025-09-25,2026-03-25,2337,Completed
2095,2997,16,2025-09-25,2025-12-25,3149,Completed
432,460,159,2025-09-25,2026-09-25,3526,Completed
2962,715,319,2025-09-25,2026-09-25,3721,Completed
2948,891,192,2025-09-26,2025-12-26,2607,Completed
971,740,190,2025-09-26,2027-09-26,2869,Active
619,513,267,2025-09-27,2025-11-27,4251,Completed
1493,3594,216,2025-09-27,2025-10-27,2741,Completed
3409,742,214,2025-09-28,2025-12-28,2760,Completed
595,636,55,2025-09-28,2025-10-28,2811,Completed
2360,3357,151,2025-09-28,2026-03-28,2453,Completed
878,2215,177,2025-09-28,2026-03-28,3585,Completed
779,2110,182,2025-09-28,2025-10-28,3187,Completed
1550,1640,219,2025-09-28,2025-11-28,3440,Completed
2560,900,133,2025-09-29,2026-03-29,2893,Cancelled
628,3309,399,2025-09-29,2026-09-29,3448,Cancelled
837,3146,98,2025-09-30,2025-12-30,3691,Completed
523,1706,133,2025-10-01,2026-01-01,2578,Completed
549,834,319,2025-10-01,2025-11-01,3437,Completed
166,3120,42,2025-10-01,2026-10-01,3400,Completed
831,235,143,2025-10-01,2026-10-01,3014,Cancelled
1770,2757,244,2025-10-01,2026-04-01,4183,Completed
23,770,42,2025-10-02,2026-01-02,3133,Completed
1145,761,112,2025-10-03,2026-01-03,2552,Completed
2130,885,322,2025-10-03,2025-12-03,4647,Completed
1284,3392,202,2025-10-03,2026-10-03,3706,Completed
1191,3145,384,2025-10-03,2026-01-03,2482,Completed
2811,2034,198,2025-10-03,2026-04-03,2968,Completed
3225,2409,48,2025-10-05,2025-12-05,2859,Completed
2976,3636,173,2025-10-06,2026-10-06,3470,Completed
2250,1194,246,2025-10-06,2026-04-06,2740,Completed
2911,2010,90,2025-10-07,2026-04-07,2323,Completed
1488,2337,208,2025-10-07,2025-11-07,3507,Completed
477,1061,46,2025-10-08,2026-01-08,3771,Completed
973,1947,306,2025-10-08,2026-10-08,2534,Completed
2252,191,241,2025-10-08,2027-04-08,2587,Active
3455,1949,143,2025-10-08,2027-10-08,3085,Active
3100,2507,182,2025-10-08,2025-12-08,3196,Completed
3341,1954,33,2025-10-08,2025-11-08,2628,Completed
487,1140,121,2025-10-09,2026-01-09,2886,Completed
937,1550,384,2025-10-10,2026-04-10,2329,Completed
586,3422,297,2025-10-10,2026-04-10,4642,Completed
264,1999,209,2025-10-11,2027-10-11,2987,Active
966,3250,212,2025-10-11,2026-01-11,3230,Completed
1427,2899,66,2025-10-12,2026-10-12,2983,Completed
3277,3278,143,2025-10-12,2026-04-12,3195,Completed
1925,61,333,2025-10-13,2025-12-13,3707,Completed
931,1556,302,2025-10-14,2027-04-14,2545,Active
1377,2220,40,2025-10-14,2025-12-14,4590,Completed
1097,3776,172,2025-10-15,2026-01-15,3653,Completed
2366,39,220,2025-10-15,2025-11-15,3148,Completed
812,1493,367,2025-10-16,2025-12-16,2985,Completed
3020,1386,389,2025-10-16,2025-12-16,3634,Completed
2798,1318,50,2025-10-16,2025-11-16,3344,Completed
2181,3395,335,2025-10-16,2026-01-16,3499,Completed
1814,3273,41,2025-10-17,2027-04-17,2604,Active
2795,3250,198,2025-10-18,2025-12-18,2422,Completed
2043,2942,209,2025-10-20,2026-01-20,2965,Completed
498,1817,231,2025-10-20,2026-04-20,4116,Completed
565,1716,307,2025-10-21,2025-12-21,2869,Completed
1468,2602,51,2025-10-21,2025-12-21,2031,Completed
3152,1196,116,2025-10-21,2027-04-21,3011,Active
2581,1267,311,2025-10-21,2026-01-21,4765,Completed
2613,1983,10,2025-10-22,2026-01-22,3986,Completed
1009,2194,50,2025-10-23,2026-04-23,3747,Completed
1731,3055,290,2025-10-23,2026-04-23,3359,Completed
2851,1328,129,2025-10-23,2027-04-23,2918,Active
641,1680,246,2025-10-24,2027-04-24,2521,Active
1888,2855,204,2025-10-24,2025-12-24,2085,Completed
3180,3084,392,2025-10-24,2026-04-24,3904,Completed
3099,3825,113,2025-10-24,2026-10-24,2653,Completed
1053,685,59,2025-10-26,2027-10-26,2685,Active
299,1154,7,2025-10-26,2025-11-26,3736,Completed
2261,2809,138,2025-10-26,2026-04-26,3274,Completed
1409,2561,106,2025-10-27,2026-01-27,2774,Completed
1264,67,108,2025-10-27,2026-01-27,4524,Completed
2097,2633,116,2025-10-27,2026-04-27,3199,Completed
2283,3118,340,2025-10-27,2026-01-27,2896,Completed
1620,939,358,2025-10-28,2026-01-28,2558,Completed
2403,3234,42,2025-10-28,2026-10-28,3339,Completed
682,2817,321,2025-10-28,2026-04-28,2544,Completed
2701,1253,59,2025-10-28,2026-04-28,3800,Completed
683,1016,351,2025-10-28,2025-12-28,3056,Completed
1132,3032,342,2025-10-28,2026-04-28,3218,Completed
1552,2731,56,2025-10-28,2025-11-28,3049,Cancelled
265,3899,201,2025-10-29,2025-12-29,3484,Cancelled
75,2613,268,2025-10-30,2026-10-30,3760,Completed
2105,2042,160,2025-10-30,2025-12-30,4223,Completed
2723,3433,102,2025-10-30,2026-10-30,2370,Completed
2433,1964,253,2025-10-30,2026-01-30,2938,Completed
3155,1233,382,2025-10-30,2025-11-30,4631,Completed
1886,1137,40,2025-10-30,2026-10-30,4740,Completed
1939,102,289,2025-10-30,2026-10-30,3578,Completed
1943,1637,172,2025-10-31,2026-10-31,2784,Completed
2046,739,44,2025-10-31,2025-11-30,2536,Completed
2822,1199,315,2025-10-31,2026-01-31,3161,Completed
2554,251,268,2025-10-31,2026-01-31,4379,Cancelled
904,505,51,2025-11-01,2026-02-01,2057,Completed
1581,3477,122,2025-11-01,2026-05-01,3021,Completed
210,2797,129,2025-11-01,2026-01-01,2835,Cancelled
2708,301,367,2025-11-01,2026-11-01,2728,Cancelled
515,785,137,2025-11-01,2026-05-01,3038,Completed
2964,3855,164,2025-11-02,2026-01-02,3185,Cancelled
3165,3620,244,2025-11-02,2026-01-02,4468,Completed
1397,3889,290,2025-11-04,2026-02-04,2457,Completed
196,1485,86,2025-11-04,2025-12-04,3991,Completed
2888,3713,378,2025-11-04,2026-02-04,3254,Completed
1954,1342,164,2025-11-06,2026-05-06,2679,Completed
1388,2825,322,2025-11-06,2025-12-06,4628,Completed
1200,107,30,2025-11-06,2026-02-06,3462,Completed
2397,1531,252,2025-11-06,2026-02-06,4005,Completed
610,1854,378,2025-11-06,2025-12-06,3692,Completed
1119,3178,13,2025-11-07,2026-01-07,2673,Cancelled
888,754,191,2025-11-07,2026-05-07,3559,Completed
1087,2967,350,2025-11-08,2025-12-08,2450,Completed
1005,1016,301,2025-11-08,2025-12-08,3758,Cancelled
2453,1017,86,2025-11-08,2026-05-08,3943,Completed
2632,956,98,2025-11-08,2025-12-08,4179,Completed
573,3041,260,2025-11-09,2027-05-09,3058,Active
479,3421,385,2025-11-09,2025-12-09,3379,Completed
2018,3885,22,2025-11-09,2026-05-09,3281,Completed
123,879,82,2025-11-09,2025-12-09,2454,Completed
2587,685,289,2025-11-10,2026-11-10,3560,Completed
2677,2341,272,2025-11-10,2026-01-10,2323,Completed
2305,3903,256,2025-11-10,2025-12-10,2587,Completed
2299,2462,83,2025-11-11,2026-11-11,4137,Completed
2347,3105,54,2025-11-11,2026-01-11,2968,Completed
1861,3473,122,2025-11-11,2027-05-11,2029,Active
205,1924,129,2025-11-12,2027-05-12,3344,Active
118,2344,263,2025-11-12,2027-05-12,3158,Active
3122,1377,173,2025-11-12,2026-01-12,2707,Completed
1600,3508,360,2025-11-12,2026-05-12,2336,Completed
2331,2258,95,2025-11-13,2026-05-13,3386,Completed
1887,187,124,2025-11-13,2026-05-13,3366,Completed
2262,1055,20,2025-11-13,2027-11-13,4903,Active
274,1521,118,2025-11-13,2025-12-13,3615,Completed
1180,2693,60,2025-11-13,2026-02-13,4154,Completed
411,2870,242,2025-11-14,2027-05-14,2786,Active
3285,2301,26,2025-11-15,2026-01-15,3560,Completed
204,96,210,2025-11-16,2027-05-16,3546,Active
188,871,185,2025-11-16,2025-12-16,4462,Completed
2205,3973,84,2025-11-17,2025-12-17,3593,Completed
1743,452,160,2025-11-18,2026-05-18,4225,Completed
366,1017,54,2025-11-18,2026-01-18,2633,Completed
1309,2871,338,2025-11-18,2026-05-18,3645,Completed
929,1251,202,2025-11-18,2026-05-18,2657,Completed
643,997,242,2025-11-18,2026-05-18,2244,Completed
1370,902,283,2025-11-19,2026-05-19,4206,Cancelled
359,3370,338,2025-11-19,2026-05-19,3978,Completed
396,104,205,2025-11-19,2025-12-19,3434,Completed
1259,3597,102,2025-11-20,2025-12-20,2506,Completed
230,1644,371,2025-11-20,2026-01-20,3537,Completed
3339,1541,343,2025-11-21,2026-01-21,3023,Completed
843,1543,87,2025-11-21,2025-12-21,3731,Completed
2185,3721,97,2025-11-21,2026-05-21,2932,Completed
2274,3330,368,2025-11-21,2025-12-21,2726,Completed
1361,1829,164,2025-11-22,2026-05-22,2913,Completed
1866,2682,79,2025-11-22,2026-05-22,3610,Completed
93,1022,399,2025-11-22,2025-12-22,3432,Completed
2837,3953,335,2025-11-22,2027-05-22,3628,Active
426,1159,119,2025-11-23,2025-12-23,2665,Completed
2188,2786,210,2025-11-23,2025-12-23,2795,Completed
180,1486,383,2025-11-23,2026-01-23,2864,Completed
1127,3473,21,2025-11-23,2026-02-23,3483,Completed
907,3441,17,2025-11-23,2026-05-23,4021,Completed
3416,1447,105,2025-11-23,2026-01-23,3046,Completed
880,714,319,2025-11-23,2026-05-23,2888,Completed
1406,1161,280,2025-11-23,2026-05-23,4253,Completed
3148,342,303,2025-11-25,2026-05-25,3454,Completed
2534,1987,218,2025-11-25,2026-02-25,3717,Completed
2212,1712,161,2025-11-25,2026-05-25,4664,Completed
1843,1623,70,2025-11-26,2026-11-26,2678,Completed
3144,3884,196,2025-11-26,2026-05-26,4665,Completed
1399,2366,181,2025-11-27,2026-05-27,4524,Completed
1776,707,52,2025-11-27,2025-12-27,4713,Completed
1935,108,29,2025-11-27,2027-05-27,2629,Active
3432,3043,175,2025-11-28,2027-11-28,2929,Active
719,3970,171,2025-11-28,2026-02-28,3644,Completed
1171,1029,294,2025-11-28,2027-05-28,4423,Active
1706,2135,95,2025-11-29,2026-05-29,3530,Completed
710,1192,398,2025-11-29,2027-05-29,4345,Active
2077,3431,30,2025-11-30,2026-11-30,3574,Completed
2,3508,230,2025-11-30,2026-11-30,2594,Completed
91,3460,396,2025-11-30,2026-01-30,2775,Completed
1074,268,236,2025-11-30,2027-05-30,3261,Active
1270,111,268,2025-11-30,2025-12-30,3982,Completed
681,1632,395,2025-12-01,2026-02-01,4114,Completed
94,3462,329,2025-12-01,2026-01-01,3868,Completed
3429,672,206,2025-12-01,2026-02-01,3674,Completed
1308,3736,51,2025-12-02,2026-06-02,3078,Cancelled
3090,1827,145,2025-12-02,2026-01-02,4332,Completed
1617,2395,176,2025-12-02,2026-12-02,2762,Completed
3302,1049,118,2025-12-02,2026-03-02,3608,Completed
737,3268,351,2025-12-02,2026-06-02,2611,Cancelled
990,1618,149,2025-12-03,2026-06-03,3743,Completed
3166,2501,335,2025-12-03,2026-12-03,3304,Cancelled
2052,1805,143,2025-12-03,2026-06-03,3491,Completed
156,2279,125,2025-12-03,2026-03-03,3551,Completed
2085,376,73,2025-12-03,2026-02-03,2862,Completed
1317,2596,255,2025-12-04,2026-06-04,3726,Completed
3061,2290,379,2025-12-04,2026-03-04,2871,Completed
2233,1313,209,2025-12-05,2026-06-05,3020,Completed
2513,1950,207,2025-12-07,2027-06-07,2917,Active
107,996,212,2025-12-07,2026-01-07,3627,Completed
384,1155,26,2025-12-08,2026-02-08,4636,Completed
674,2850,268,2025-12-08,2026-06-08,4652,Completed
34,3386,89,2025-12-08,2026-02-08,2103,Completed
1275,3441,26,2025-12-09,2026-01-09,4425,Completed
1568,1929,83,2025-12-09,2026-03-09,4289,Completed
239,3420,228,2025-12-09,2026-02-09,4687,Completed
1060,1824,22,2025-12-09,2026-12-09,3282,Completed
3318,3680,350,2025-12-10,2026-06-10,2974,Completed
701,1569,122,2025-12-10,2026-06-10,2858,Completed
2877,1638,53,2025-12-11,2026-01-11,2382,Completed
1438,2344,272,2025-12-12,2026-06-12,2518,Completed
2061,29,185,2025-12-13,2026-01-13,4312,Completed
356,1970,97,2025-12-14,2026-12-14,2635,Completed
1753,2055,376,2025-12-14,2026-03-14,3920,Completed
2459,117,371,2025-12-14,2026-01-14,2952,Completed
3265,3079,100,2025-12-14,2026-01-14,3665,Completed
791,3305,194,2025-12-15,2026-02-15,2758,Completed
2626,2853,326,2025-12-16,2026-03-16,4159,Completed
711,3914,201,2025-12-16,2026-02-16,3061,Completed
2330,3192,315,2025-12-17,2026-06-17,2067,Completed
1661,990,149,2025-12-17,2026-03-17,2892,Completed
757,3761,270,2025-12-17,2026-03-17,3936,Completed
3119,1923,250,2025-12-17,2026-06-17,2196,Completed
789,396,138,2025-12-18,2026-02-18,3612,Completed
806,3141,338,2025-12-18,2026-06-18,4329,Completed
3189,237,20,2025-12-19,2027-06-19,3576,Active
582,774,124,2025-12-19,2026-03-19,3551,Completed
1989,3854,326,2025-12-19,2026-12-19,3901,Completed
798,2783,221,2025-12-20,2026-06-20,4244,Completed
3406,3803,198,2025-12-20,2026-03-20,2976,Completed
960,1372,321,2025-12-20,2026-06-20,2498,Completed
1851,731,283,2025-12-20,2026-01-20,3791,Completed
3500,1032,365,2025-12-20,2026-06-20,2825,Completed
3129,2609,174,2025-12-20,2026-06-20,3605,Completed
532,1530,112,2025-12-21,2026-03-21,2983,Completed
648,1093,327,2025-12-21,2027-12-21,2417,Active
1078,389,400,2025-12-21,2026-01-21,3818,Completed
3068,673,213,2025-12-21,2026-03-21,4213,Completed
528,921,103,2025-12-22,2026-03-22,4774,Completed
2053,3213,119,2025-12-22,2027-06-22,2532,Active
2073,2425,241,2025-12-22,2026-02-22,2278,Cancelled
3368,3332,297,2025-12-22,2026-01-22,4116,Completed
1494,517,61,2025-12-22,2026-06-22,3530,Completed
2862,1113,298,2025-12-22,2026-01-22,3103,Completed
1539,2350,10,2025-12-22,2026-02-22,4126,Completed
1621,955,374,2025-12-23,2026-06-23,4558,Completed
2705,1448,44,2025-12-23,2026-12-23,2515,Cancelled
2447,3966,6,2025-12-23,2026-06-23,2637,Completed
1124,2948,325,2025-12-23,2026-06-23,2676,Completed
2946,2546,21,2025-12-23,2026-03-23,2721,Completed
1784,1280,70,2025-12-24,2026-06-24,2803,Completed
2075,2974,220,2025-12-24,2026-02-24,2362,Completed
2225,1347,197,2025-12-24,2026-06-24,4096,Completed
2116,11,363,2025-12-25,2027-06-25,2956,Active
2569,3772,29,2025-12-25,2026-06-25,3483,Completed
1878,794,59,2025-12-25,2026-01-25,3298,Completed
2914,3016,219,2025-12-25,2026-01-25,2593,Completed
3473,1121,114,2025-12-25,2026-01-25,2343,Completed
237,1530,296,2025-12-26,2027-06-26,2596,Active
2699,2114,289,2025-12-26,2026-12-26,4332,Completed
1215,639,327,2025-12-27,2026-01-27,2320,Completed
775,873,31,2025-12-27,2026-03-27,3098,Completed
2836,2792,246,2025-12-27,2026-12-27,2864,Completed
234,1982,301,2025-12-27,2026-02-27,3169,Completed
1327,646,377,2025-12-27,2026-06-27,2849,Completed
2217,1138,219,2025-12-28,2026-01-28,3216,Completed
2180,952,311,2025-12-28,2026-02-28,4920,Completed
57,2880,210,2025-12-29,2026-03-29,3096,Completed
209,2279,136,2025-12-29,2026-06-29,4089,Completed
1212,1716,116,2025-12-29,2026-02-28,2306,Completed
86,2254,235,2025-12-30,2026-03-30,3040,Completed
2925,2864,371,2025-12-30,2026-01-30,3410,Completed
1676,3496,6,2025-12-31,2026-03-31,2749,Completed
2552,1342,354,2025-12-31,2026-06-30,3502,Completed
1497,2913,160,2025-12-31,2027-06-30,4584,Active
800,3636,173,2025-12-31,2026-02-28,3217,Completed
3442,3866,386,2025-12-31,2026-02-28,3072,Completed
2628,2780,189,2026-01-01,2026-04-01,3226,Completed
3469,3202,379,2026-01-01,2026-02-01,3143,Completed
1480,2205,369,2026-01-01,2027-07-01,3368,Active
3207,456,236,2026-01-01,2027-01-01,3591,Active
2853,2409,268,2026-01-02,2026-07-02,3988,Completed
1741,2539,191,2026-01-02,2026-07-02,2778,Completed
2213,3021,124,2026-01-02,2026-04-02,3684,Completed
2864,2829,31,2026-01-03,2026-07-03,2839,Completed
2409,792,18,2026-01-03,2027-01-03,2807,Active
2444,2254,82,2026-01-03,2026-02-03,3134,Completed
908,3481,172,2026-01-03,2026-04-03,3080,Completed
3337,2335,285,2026-01-03,2027-01-03,2423,Active
2033,1373,50,2026-01-05,2026-02-05,3140,Completed
1755,775,61,2026-01-05,2026-07-05,4517,Completed
1328,118,379,2026-01-05,2026-02-05,2429,Cancelled
1006,1825,216,2026-01-06,2027-01-06,2847,Active
2784,3883,218,2026-01-06,2026-03-06,3839,Completed
3303,1677,52,2026-01-06,2026-07-06,4130,Completed
3423,2541,63,2026-01-06,2027-07-06,3005,Active
1348,2884,180,2026-01-06,2026-03-06,3672,Completed
2335,687,82,2026-01-06,2026-07-06,2515,Completed
2058,1915,298,2026-01-06,2026-04-06,2915,Completed
887,653,113,2026-01-07,2027-01-07,2863,Active
2530,1329,162,2026-01-07,2027-01-07,3446,Active
639,3148,98,2026-01-07,2026-07-07,4904,Cancelled
3369,1796,295,2026-01-08,2026-02-08,2520,Completed
337,2451,204,2026-01-08,2027-01-08,2897,Active
1089,1253,371,2026-01-08,2027-07-08,3738,Active
2734,2004,167,2026-01-09,2026-03-09,4715,Completed
1910,3006,98,2026-01-09,2026-07-09,4541,Completed
1660,3213,247,2026-01-09,2026-04-09,4610,Completed
3393,2203,289,2026-01-09,2027-07-09,3714,Active
271,3764,177,2026-01-09,2026-07-09,3661,Completed
2729,3020,304,2026-01-09,2026-07-09,2350,Completed
2263,2583,255,2026-01-09,2027-01-09,3240,Active
128,764,257,2026-01-10,2026-03-10,2244,Completed
1501,3231,362,2026-01-10,2026-03-10,2358,Completed
3055,2905,325,2026-01-10,2026-07-10,2218,Completed
1929,25,143,2026-01-11,2026-07-11,3426,Completed
2700,3235,32,2026-01-11,2027-01-11,3114,Active
2807,2794,227,2026-01-11,2027-01-11,2954,Active
2024,3034,382,2026-01-12,2026-02-12,4673,Completed
3024,2935,107,2026-01-12,2026-07-12,4390,Completed
1924,1241,288,2026-01-13,2026-04-13,2417,Completed
1445,3709,174,2026-01-13,2026-07-13,3200,Completed
3367,609,208,2026-01-13,2026-04-13,3907,Completed
1696,2973,22,2026-01-13,2026-04-13,2655,Completed
260,3891,358,2026-01-13,2027-01-13,3074,Active
2003,990,229,2026-01-14,2026-03-14,2282,Completed
1000,3314,307,2026-01-14,2026-03-14,2310,Completed
2323,918,66,2026-01-14,2026-02-14,2607,Completed
1023,1634,125,2026-01-15,2027-01-15,2977,Active
974,2550,326,2026-01-16,2026-07-16,4329,Completed
3351,1487,17,2026-01-16,2026-04-16,4808,Cancelled
1580,1637,202,2026-01-16,2026-02-16,3264,Completed
1917,3522,116,2026-01-16,2026-04-16,2508,Completed
1285,1762,59,2026-01-16,2026-07-16,3002,Completed
3109,2602,149,2026-01-16,2026-03-16,3003,Completed
1631,3573,129,2026-01-16,2026-04-16,2823,Completed
1345,2374,318,2026-01-17,2026-03-17,3422,Completed
2935,304,176,2026-01-17,2026-02-17,2708,Completed
961,2724,236,2026-01-17,2026-04-17,4273,Completed
700,2428,82,2026-01-17,2026-04-17,2730,Completed
430,3105,319,2026-01-17,2026-07-17,3223,Completed
921,1173,235,2026-01-18,2027-01-18,3671,Active
3138,2824,362,2026-01-18,2027-01-18,3326,Active
1335,1465,78,2026-01-18,2026-07-18,3027,Completed
1651,342,52,2026-01-18,2026-02-18,4375,Completed
3435,2443,47,2026-01-18,2026-07-18,3566,Completed
3162,662,218,2026-01-19,2026-07-19,4296,Completed
1602,117,195,2026-01-19,2027-01-19,3753,Active
2516,3738,207,2026-01-19,2026-04-19,3510,Completed
2592,695,273,2026-01-20,2026-07-20,2997,Cancelled
1603,3738,386,2026-01-20,2027-07-20,2328,Active
1945,2865,177,2026-01-20,2026-04-20,3792,Completed
54,1900,10,2026-01-20,2027-01-20,4778,Active
2281,1248,8,2026-01-21,2026-02-21,2221,Completed
2249,1717,116,2026-01-21,2026-03-21,2535,Completed
369,2050,20,2026-01-22,2026-03-22,3595,Completed
56,1268,317,2026-01-22,2026-03-22,3680,Completed
1290,1990,52,2026-01-22,2026-07-22,3443,Completed
2346,907,29,2026-01-22,2026-04-22,2497,Completed
3242,1443,309,2026-01-22,2026-03-22,3784,Completed
2076,921,49,2026-01-22,2026-04-22,2470,Completed
1891,1334,383,2026-01-22,2026-04-22,3258,Completed
2643,1536,246,2026-01-22,2026-07-22,2627,Completed
101,2450,107,2026-01-23,2028-01-23,4083,Active
1122,2181,11,2026-01-24,2026-07-24,3388,Completed
1134,2594,348,2026-01-24,2026-02-24,2533,Completed
3190,3351,51,2026-01-24,2026-03-24,2919,Completed
2849,1678,258,2026-01-25,2026-04-25,4216,Completed
587,47,210,2026-01-25,2026-04-25,3719,Completed
89,1586,175,2026-01-25,2027-07-25,3454,Active
238,2039,138,2026-01-25,2027-07-25,3768,Active
455,1505,180,2026-01-26,2027-07-26,3690,Active
1442,3598,298,2026-01-26,2027-07-26,2801,Active
1453,2193,373,2026-01-26,2027-01-26,3353,Active
1537,815,9,2026-01-27,2026-03-27,2378,Completed
172,2147,139,2026-01-27,2026-07-27,4217,Completed
2826,1143,244,2026-01-27,2026-03-27,4745,Completed
607,741,8,2026-01-27,2026-03-27,2104,Cancelled
134,2063,76,2026-01-27,2026-04-27,3613,Completed
1410,1320,190,2026-01-27,2026-03-27,2991,Completed
422,3988,150,2026-01-27,2026-03-27,4181,Completed
2044,3522,238,2026-01-27,2026-07-27,3639,Cancelled
2541,2271,161,2026-01-27,2027-07-27,3598,Active
2741,3276,69,2026-01-28,2026-04-28,3619,Completed
1230,1031,358,2026-01-28,2026-04-28,2447,Completed
1242,1907,306,2026-01-28,2026-04-28,2029,Completed
3263,3139,51,2026-01-28,2026-03-28,2575,Completed
1244,1216,250,2026-01-28,2026-04-28,3101,Completed
709,1441,179,2026-01-28,2028-01-28,2081,Active
190,393,69,2026-01-28,2026-07-28,2816,Completed
1713,3080,327,2026-01-29,2027-01-29,3496,Active
1401,1970,150,2026-01-30,2027-01-30,4427,Active
1045,83,32,2026-01-30,2026-03-30,3288,Completed
110,816,138,2026-01-30,2026-07-30,3831,Completed
2123,772,255,2026-01-30,2026-03-30,3427,Completed
856,1446,392,2026-01-31,2026-02-28,3898,Completed
713,3628,184,2026-01-31,2026-07-31,2617,Cancelled
1135,3846,29,2026-01-31,2027-01-31,3468,Active
986,1582,164,2026-02-01,2028-02-01,2392,Active
3431,465,307,2026-02-01,2026-03-01,2920,Completed
2711,2335,209,2026-02-01,2027-02-01,3750,Active
2132,3565,239,2026-02-01,2026-05-01,2515,Completed
1670,2333,251,2026-02-02,2027-02-02,4690,Active
441,2278,311,2026-02-02,2026-04-02,4254,Completed
1737,3150,78,2026-02-02,2026-04-02,3697,Completed
2779,276,370,2026-02-03,2026-04-03,2723,Completed
2163,3217,306,2026-02-03,2026-04-03,2089,Completed
2529,428,315,2026-02-03,2026-04-03,2905,Completed
1730,3676,53,2026-02-04,2026-04-04,2654,Cancelled
544,1907,114,2026-02-04,2026-05-04,2897,Completed
2539,3145,47,2026-02-04,2026-08-04,4355,Completed
2127,3933,182,2026-02-04,2027-08-04,2695,Active
653,958,165,2026-02-04,2026-03-04,2526,Completed
998,2872,116,2026-02-04,2026-08-04,2330,Completed
599,657,348,2026-02-05,2026-08-05,2930,Completed
741,1517,56,2026-02-05,2026-04-05,2299,Completed
1342,2221,378,2026-02-05,2027-02-05,3203,Active
693,2208,51,2026-02-06,2027-08-06,3071,Active
3362,883,310,2026-02-06,2027-02-06,3875,Active
25,1516,253,2026-02-06,2026-04-06,2024,Completed
2311,989,255,2026-02-06,2026-08-06,3198,Completed
2145,3589,108,2026-02-06,2026-03-06,4143,Completed
3178,2103,150,2026-02-06,2027-02-06,4739,Active
1564,3057,358,2026-02-07,2027-02-07,3367,Active
2736,3193,327,2026-02-07,2026-05-07,2457,Completed
1482,3513,208,2026-02-08,2026-04-08,4329,Cancelled
329,3398,92,2026-02-08,2027-02-08,4198,Active
578,3692,78,2026-02-09,2028-02-09,2536,Active
689,1783,309,2026-02-09,2026-03-09,3673,Completed
3401,3717,207,2026-02-10,2027-02-10,3115,Active
2238,3240,392,2026-02-10,2026-08-10,4998,Completed
1694,1921,84,2026-02-11,2026-08-11,3376,Cancelled
1589,1855,149,2026-02-11,2026-08-11,2647,Completed
1036,1894,268,2026-02-11,2026-05-11,4345,Cancelled
763,1688,54,2026-02-11,2026-05-11,2948,Completed
2940,2831,337,2026-02-11,2026-05-11,2779,Completed
509,1687,338,2026-02-11,2026-08-11,4001,Completed
3124,1094,338,2026-02-11,2026-05-11,3890,Completed
1999,727,97,2026-02-12,2026-05-12,3342,Completed
33,460,370,2026-02-12,2026-08-12,3086,Completed
207,2533,171,2026-02-13,2026-03-13,3248,Completed
694,3547,50,2026-02-13,2026-05-13,3585,Completed
2271,3999,368,2026-02-13,2026-05-13,2228,Completed
502,1347,289,2026-02-14,2026-08-14,3865,Completed
666,1758,102,2026-02-14,2026-05-14,3382,Completed
1754,330,327,2026-02-14,2027-08-14,2412,Active
1476,478,191,2026-02-14,2026-08-14,3714,Completed
911,934,121,2026-02-14,2026-08-14,2620,Completed
3472,2077,373,2026-02-15,2027-02-15,3051,Active
1039,3095,21,2026-02-15,2027-02-15,3190,Active
570,3051,165,2026-02-15,2026-08-15,2531,Completed
507,3360,4,2026-02-15,2026-04-15,2326,Completed
2951,21,329,2026-02-15,2026-04-15,3881,Completed
2402,3599,378,2026-02-16,2026-08-16,3349,Completed
1175,3901,358,2026-02-16,2026-05-16,3304,Completed
617,1082,352,2026-02-16,2027-02-16,2143,Active
66,1298,332,2026-02-17,2027-02-17,3955,Active
2291,700,7,2026-02-17,2026-05-17,3797,Completed
2739,2735,287,2026-02-17,2027-08-17,2501,Active
1435,1066,117,2026-02-18,2026-04-18,2374,Completed
2054,1298,108,2026-02-18,2027-02-18,3214,Active
2575,3084,246,2026-02-18,2026-08-18,2282,Completed
3331,43,205,2026-02-19,2027-08-19,3231,Active
3282,1561,29,2026-02-19,2027-08-19,2368,Active
3422,242,96,2026-02-19,2027-08-19,3495,Active
29,1216,298,2026-02-19,2026-08-19,2697,Completed
285,3000,237,2026-02-20,2026-05-20,4680,Completed
636,2838,398,2026-02-21,2026-08-21,3733,Completed
2572,971,337,2026-02-21,2026-03-21,2110,Completed
1420,2318,400,2026-02-21,2026-05-21,4661,Completed
1075,1985,54,2026-02-22,2026-03-22,2386,Completed
3475,242,322,2026-02-23,2027-08-23,3335,Active
568,3855,352,2026-02-23,2026-08-23,2704,Completed
991,2931,231,2026-02-23,2026-03-23,3951,Completed
1678,2066,371,2026-02-24,2027-02-24,2516,Active
608,3546,345,2026-02-24,2026-08-24,4193,Completed
1213,2767,104,2026-02-24,2026-03-24,3383,Completed
103,1580,49,2026-02-24,2026-04-24,2474,Completed
2510,2273,136,2026-02-24,2026-08-24,4659,Completed
1639,2714,5,2026-02-25,2026-05-25,3493,Completed
1879,29,395,2026-02-25,2026-05-25,4782,Completed
3069,631,283,2026-02-25,2026-04-25,3849,Completed
2295,675,208,2026-02-25,2027-02-25,4215,Active
245,1401,79,2026-02-26,2027-08-26,3769,Active
2221,318,310,2026-02-26,2026-08-26,3566,Completed
2309,1246,239,2026-02-26,2026-08-26,2351,Completed
3194,630,150,2026-02-26,2028-02-26,3991,Active
307,836,229,2026-02-26,2027-02-26,2760,Active
460,659,155,2026-02-27,2026-04-27,2684,Completed
316,3909,152,2026-02-27,2026-08-27,3196,Completed
127,2265,116,2026-02-27,2026-05-27,2992,Completed
144,1496,14,2026-02-27,2026-04-27,2647,Completed
1255,126,90,2026-02-27,2026-04-27,2598,Completed
3259,3288,180,2026-02-28,2027-02-28,3014,Active
2304,994,276,2026-02-28,2027-02-28,3281,Active
1162,667,318,2026-02-28,2026-03-28,3458,Completed
421,816,253,2026-02-28,2026-03-28,2903,Completed
2430,2435,215,2026-03-01,2027-03-01,4513,Active
1133,69,113,2026-03-01,2026-06-01,2004,Completed
3067,1250,22,2026-03-01,2026-06-01,3513,Cancelled
816,1168,395,2026-03-01,2026-06-01,4763,Completed
1763,1572,83,2026-03-01,2026-06-01,4901,Cancelled
951,2832,22,2026-03-02,2028-03-02,2859,Active
485,700,317,2026-03-02,2026-09-02,4669,Completed
2086,3742,397,2026-03-03,2026-06-03,2847,Completed
2021,2853,276,2026-03-03,2026-05-03,3016,Completed
1379,2061,182,2026-03-03,2027-03-03,3011,Active
958,1032,366,2026-03-03,2026-09-03,4759,Completed
2004,2420,238,2026-03-03,2026-06-03,3361,Completed
1254,3546,237,2026-03-04,2026-05-04,3648,Completed
1894,2671,362,2026-03-04,2026-09-04,2714,Completed
2072,1263,359,2026-03-05,2026-06-05,3089,Completed
293,855,95,2026-03-05,2027-03-05,3882,Active
3064,1585,288,2026-03-05,2027-03-05,2984,Active
3191,348,221,2026-03-05,2026-09-05,4145,Completed
647,1244,251,2026-03-05,2026-04-05,4725,Completed
1686,988,308,2026-03-05,2026-06-05,4462,Completed
685,516,210,2026-03-05,2027-09-05,3279,Active
692,896,148,2026-03-05,2026-09-05,3129,Completed
2650,295,321,2026-03-05,2027-03-05,2372,Active
2041,1450,386,2026-03-06,2026-05-06,2259,Completed
2201,975,70,2026-03-06,2026-06-06,2012,Completed
3071,662,46,2026-03-06,2026-04-06,3492,Completed
675,3252,307,2026-03-06,2026-06-06,2555,Completed
1334,2622,316,2026-03-06,2026-05-06,3611,Completed
2829,1994,369,2026-03-06,2028-03-06,2903,Active
251,1283,303,2026-03-06,2026-05-06,3279,Completed
408,878,52,2026-03-06,2026-04-06,4018,Completed
2830,3486,118,2026-03-07,2027-09-07,3007,Active
2013,1183,171,2026-03-07,2026-06-07,3808,Completed
2947,2412,73,2026-03-07,2026-05-07,3712,Completed
3340,3539,327,2026-03-07,2026-05-07,3375,Completed
1836,2082,214,2026-03-07,2027-09-07,3445,Active
2484,3497,306,2026-03-07,2027-03-07,3142,Active
393,1649,194,2026-03-07,2027-03-07,3490,Active
289,2,345,2026-03-07,2026-05-07,4523,Completed
2353,2507,97,2026-03-08,2027-09-08,2371,Active
1964,3024,149,2026-03-08,2027-09-08,2756,Active
463,1216,245,2026-03-09,2026-09-09,3307,Completed
3163,3884,332,2026-03-09,2026-04-09,4373,Completed
2778,490,276,2026-03-09,2027-03-09,3139,Active
2847,1311,98,2026-03-09,2026-09-09,4443,Completed
1748,910,332,2026-03-09,2026-09-09,4333,Completed
1779,396,79,2026-03-09,2026-04-09,4991,Completed
158,2089,20,2026-03-10,2027-03-10,3974,Active
1054,717,173,2026-03-10,2027-03-10,3392,Active
1649,148,246,2026-03-10,2026-09-10,2829,Completed
2373,1824,170,2026-03-10,2026-05-10,2659,Completed
854,2077,391,2026-03-11,2027-03-11,3150,Active
1080,3806,318,2026-03-11,2026-06-11,2677,Completed
1217,726,197,2026-03-11,2026-05-11,3581,Completed
771,1549,171,2026-03-11,2026-04-11,3770,Completed
2679,3053,227,2026-03-11,2027-03-11,2293,Active
2899,917,168,2026-03-11,2026-04-11,2562,Completed
3137,2197,165,2026-03-12,2026-09-12,3126,Completed
2285,1137,149,2026-03-12,2026-04-12,3010,Completed
270,3305,95,2026-03-12,2027-09-12,4763,Active
2524,2170,377,2026-03-12,2027-03-12,2149,Active
2506,242,174,2026-03-12,2026-06-12,3363,Completed
3316,3872,376,2026-03-12,2026-09-12,3852,Completed
3345,2430,16,2026-03-13,2026-06-13,3237,Completed
642,3507,179,2026-03-13,2027-03-13,2016,Active
1677,3091,66,2026-03-13,2026-04-13,2394,Cancelled
910,929,348,2026-03-13,2026-06-13,3606,Completed
414,957,310,2026-03-13,2026-09-13,4260,Completed
1654,1725,164,2026-03-13,2026-05-13,2900,Completed
491,2976,333,2026-03-13,2026-09-13,2967,Completed
2080,2625,104,2026-03-13,2026-05-13,3230,Completed
3478,789,308,2026-03-14,2027-03-14,3746,Active
500,2614,145,2026-03-14,2026-05-14,3838,Completed
3007,445,215,2026-03-14,2026-09-14,4788,Cancelled
727,776,129,2026-03-14,2026-04-14,3356,Completed
2334,704,340,2026-03-14,2026-09-14,3631,Completed
2498,1334,108,2026-03-14,2026-06-14,3433,Completed
2406,1856,291,2026-03-14,2026-05-14,3726,Completed
1502,815,244,2026-03-15,2026-05-15,4270,Completed
1323,1756,121,2026-03-15,2028-03-15,2339,Active
1610,2123,172,2026-03-15,2028-03-15,3753,Active
497,2066,52,2026-03-15,2027-09-15,4158,Active
810,2996,136,2026-03-16,2026-06-16,4839,Completed
558,3262,145,2026-03-16,2026-05-16,4942,Completed
3092,3669,185,2026-03-16,2026-09-16,4462,Completed
2124,1595,70,2026-03-16,2026-05-16,2105,Completed
345,1844,5,2026-03-16,2026-05-16,3049,Completed
3365,400,18,2026-03-16,2027-09-16,2602,Active
63,2069,322,2026-03-16,2026-04-16,3815,Cancelled
2990,2637,87,2026-03-16,2026-04-16,3254,Completed
1528,1684,280,2026-03-16,2026-05-16,4253,Completed
2832,3217,343,2026-03-16,2026-04-16,3788,Completed
543,972,180,2026-03-17,2026-09-17,3019,Completed
1424,725,370,2026-03-17,2026-06-17,3536,Completed
1227,2747,63,2026-03-17,2026-09-17,3029,Completed
2856,1010,232,2026-03-17,2027-09-17,2461,Active
50,3006,332,2026-03-17,2026-06-17,3567,Completed
3330,1885,81,2026-03-18,2027-03-18,2796,Active
1749,2783,304,2026-03-18,2026-09-18,2679,Completed
2038,3233,269,2026-03-18,2026-09-18,3968,Completed
2806,1970,171,2026-03-18,2026-05-18,3703,Cancelled
1790,1891,385,2026-03-18,2026-04-18,3633,Completed
1301,2564,188,2026-03-18,2027-09-18,2545,Active
3325,3037,4,2026-03-18,2027-09-18,2953,Active
640,154,304,2026-03-19,2026-05-19,3305,Completed
527,1842,252,2026-03-19,2026-04-19,4665,Completed
1919,2121,155,2026-03-20,2027-09-20,2475,Active
1659,1760,14,2026-03-20,2026-04-20,2531,Completed
3343,2393,171,2026-03-20,2026-06-20,3856,Completed
2843,1988,293,2026-03-21,2026-06-21,2772,Completed
119,3797,125,2026-03-21,2028-03-21,3785,Active
1490,2244,196,2026-03-21,2028-03-21,4576,Active
459,816,307,2026-03-21,2026-04-21,3223,Completed
186,2815,184,2026-03-21,2027-09-21,2270,Active
590,2984,184,2026-03-21,2027-03-21,3113,Active
738,826,377,2026-03-21,2026-05-21,2732,Completed
273,1854,245,2026-03-22,2027-09-22,3416,Active
3101,999,388,2026-03-22,2026-04-22,3523,Completed
1609,1626,366,2026-03-22,2026-05-22,4335,Completed
1417,3851,318,2026-03-22,2028-03-22,3567,Active
2549,1884,391,2026-03-23,2027-03-23,2521,Active
3076,988,368,2026-03-23,2027-03-23,3138,Active
2611,445,83,2026-03-23,2027-03-23,4572,Active
2193,40,240,2026-03-23,2026-09-23,3132,Completed
1208,2056,139,2026-03-23,2026-06-23,4491,Completed
629,3957,29,2026-03-23,2026-05-23,3074,Completed
928,1700,104,2026-03-23,2026-04-23,2488,Completed
817,2617,77,2026-03-23,2026-06-23,4746,Completed
1199,2398,24,2026-03-24,2027-03-24,4405,Active
296,2433,21,2026-03-24,2026-04-24,2667,Completed
2300,3527,206,2026-03-24,2027-09-24,2974,Active
2494,3118,288,2026-03-24,2026-05-24,2864,Completed
3350,1080,302,2026-03-24,2027-09-24,3326,Active
1792,3578,348,2026-03-24,2026-06-24,2632,Completed
3491,856,25,2026-03-24,2026-09-24,2797,Completed
2936,3365,313,2026-03-24,2026-04-24,2515,Completed
2183,988,348,2026-03-25,2026-06-25,2573,Completed
1798,3230,191,2026-03-25,2026-09-25,2922,Completed
3080,650,397,2026-03-25,2026-05-25,2565,Completed
3223,2797,125,2026-03-25,2026-05-25,2609,Completed
2675,2,41,2026-03-25,2026-09-25,2638,Completed
2486,779,125,2026-03-25,2026-05-25,2757,Completed
1520,2675,52,2026-03-25,2026-09-25,3727,Completed
915,3628,210,2026-03-26,2026-04-26,2992,Completed
2497,592,13,2026-03-26,2027-03-26,2773,Active
2215,973,29,2026-03-26,2027-03-26,3475,Active
2259,557,310,2026-03-26,2026-09-26,4488,Completed
2941,43,329,2026-03-26,2026-06-26,4752,Cancelled
3200,2369,30,2026-03-26,2026-06-26,2588,Completed
480,2545,359,2026-03-27,2026-05-27,2796,Completed
2855,3292,323,2026-03-27,2026-09-27,4262,Completed
2931,1178,400,2026-03-27,2026-04-27,4171,Completed
3146,58,49,2026-03-27,2026-05-27,3350,Completed
1210,1891,316,2026-03-28,2026-05-28,4708,Completed
2939,1764,145,2026-03-28,2026-05-28,3866,Completed
1940,2914,52,2026-03-29,2027-03-29,3663,Active
2900,3987,304,2026-03-29,2026-04-29,3143,Completed
2725,2181,170,2026-03-29,2026-04-29,3268,Completed
969,869,255,2026-03-29,2026-05-29,3159,Completed
714,285,247,2026-03-29,2026-06-29,4712,Completed
236,1664,129,2026-03-29,2026-06-29,3105,Completed
2580,1325,66,2026-03-30,2027-09-30,2641,Active
2670,1623,220,2026-03-30,2026-06-30,2472,Completed
3287,1313,30,2026-03-31,2026-05-31,3554,Completed
105,202,198,2026-03-31,2026-05-31,2226,Completed
2478,2059,374,2026-03-31,2028-03-31,4583,Active
333,660,29,2026-03-31,2026-05-31,3135,Completed
1169,3475,75,2026-03-31,2026-05-31,4193,Completed
2937,3023,81,2026-03-31,2027-09-30,2985,Active
336,1956,97,2026-03-31,2027-03-31,2856,Active
1163,93,3,2026-03-31,2026-05-31,4642,Completed
2359,738,322,2026-04-01,2026-06-01,3670,Completed
902,2396,212,2026-04-01,2026-10-01,4301,Completed
141,1153,61,2026-04-01,2027-04-01,4492,Active
589,2871,71,2026-04-02,2026-10-02,3366,Completed
420,1301,44,2026-04-02,2026-07-02,2185,Completed
656,1228,388,2026-04-02,2027-10-02,2698,Active
1566,3871,293,2026-04-02,2026-10-02,2272,Completed
3000,1063,389,2026-04-03,2026-10-03,3937,Completed
925,203,206,2026-04-03,2026-05-03,2565,Completed
3253,42,374,2026-04-03,2026-05-03,3273,Completed
943,3958,338,2026-04-03,2026-06-03,4009,Completed
1470,3572,315,2026-04-03,2026-06-03,2897,Completed
1777,471,72,2026-04-03,2026-05-03,3253,Completed
759,1572,356,2026-04-04,2026-10-04,2864,Completed
2368,887,149,2026-04-04,2026-05-04,3459,Completed
598,1683,371,2026-04-05,2026-05-05,3697,Completed
2713,3082,241,2026-04-05,2026-10-05,2947,Completed
2892,1625,377,2026-04-05,2026-10-05,2038,Completed
2192,1487,3,2026-04-06,2026-05-06,3677,Completed
2852,1093,293,2026-04-06,2026-06-06,2864,Cancelled
1414,1856,397,2026-04-06,2026-06-06,2846,Cancelled
703,2739,278,2026-04-06,2026-06-06,2669,Completed
1991,629,25,2026-04-06,2026-10-06,2848,Completed
764,2711,148,2026-04-07,2026-07-07,3427,Completed
3167,1869,154,2026-04-07,2027-10-07,3022,Active
229,1052,102,2026-04-07,2026-06-07,2349,Completed
3003,3655,107,2026-04-07,2026-06-07,4799,Completed
64,2889,245,2026-04-07,2026-06-07,2611,Completed
1937,1459,238,2026-04-07,2026-07-07,2737,Completed
1831,3925,104,2026-04-07,2026-10-07,2508,Cancelled
183,1029,296,2026-04-07,2027-10-07,2327,Active
370,2945,180,2026-04-07,2026-05-07,3785,Completed
1046,1169,384,2026-04-07,2026-10-07,2831,Completed
2546,1288,245,2026-04-07,2027-04-07,3545,Active
934,2095,375,2026-04-07,2026-07-07,3247,Completed
2824,3265,263,2026-04-08,2026-10-08,3403,Completed
3240,311,310,2026-04-08,2027-04-08,3533,Active
3104,2350,124,2026-04-08,2026-05-08,2594,Completed
1146,3735,32,2026-04-08,2026-10-08,2648,Completed
2985,106,192,2026-04-09,2026-05-09,2129,Completed
671,1782,363,2026-04-09,2026-07-09,2361,Completed
2389,2351,365,2026-04-09,2026-05-09,3010,Cancelled
2028,39,54,2026-04-09,2026-06-09,2958,Completed
1746,182,51,2026-04-09,2026-10-09,3010,Completed
3044,3226,225,2026-04-10,2026-07-10,4298,Completed
2876,1668,136,2026-04-10,2026-10-10,3952,Completed
2619,2910,327,2026-04-10,2026-06-10,2432,Completed
1896,758,6,2026-04-11,2026-10-11,2539,Completed
3498,2135,171,2026-04-11,2027-04-11,3912,Active
117,3774,149,2026-04-11,2027-04-11,2606,Active
3327,2495,251,2026-04-11,2026-07-11,3891,Completed
2737,3179,311,2026-04-12,2026-10-12,3598,Completed
3027,1301,399,2026-04-12,2026-07-12,4198,Completed
1699,3715,252,2026-04-12,2027-04-12,4007,Active
3349,1951,32,2026-04-12,2027-10-12,3710,Active
2320,2240,11,2026-04-12,2027-04-12,2567,Active
1440,1319,78,2026-04-12,2026-10-12,3637,Completed
3346,3851,52,2026-04-13,2027-04-13,4138,Active
1344,1669,101,2026-04-13,2026-06-13,2864,Completed
1567,3450,196,2026-04-13,2026-07-13,3893,Completed
3383,3762,296,2026-04-13,2026-05-13,2696,Completed
2301,586,244,2026-04-13,2026-06-13,4848,Cancelled
760,978,345,2026-04-13,2028-04-13,4796,Active
1118,759,270,2026-04-13,2026-10-13,3604,Completed
1186,1969,13,2026-04-13,2027-04-13,3091,Active
445,1800,256,2026-04-14,2026-10-14,3027,Completed
501,570,1,2026-04-14,2026-07-14,4322,Cancelled
3488,3985,323,2026-04-14,2026-05-14,3600,Completed
813,3556,32,2026-04-14,2026-07-14,3448,Completed
338,1370,17,2026-04-14,2026-06-14,4677,Completed
3448,3836,125,2026-04-15,2026-07-15,3571,Completed
1030,518,138,2026-04-15,2028-04-15,3669,Active
1508,2063,42,2026-04-15,2026-06-15,3196,Completed
2349,2927,13,2026-04-15,2026-05-15,2668,Completed
2119,2274,338,2026-04-15,2027-04-15,3270,Active
2289,3295,363,2026-04-16,2026-05-16,3498,Completed
3153,2818,298,2026-04-16,2027-04-16,2520,Active
2401,934,231,2026-04-16,2027-10-16,3751,Active
2860,3233,79,2026-04-16,2026-10-16,4227,Completed
2423,520,354,2026-04-16,2027-10-16,3503,Active
1577,1431,72,2026-04-16,2026-07-16,3414,Completed
1303,2891,15,2026-04-16,2027-10-16,2651,Active
3006,3313,368,2026-04-16,2026-06-16,2152,Completed
1920,2761,121,2026-04-16,2027-10-16,2953,Active
2287,2065,136,2026-04-17,2026-10-17,4345,Completed
723,2083,93,2026-04-17,2026-10-17,3488,Completed
865,511,370,2026-04-17,2026-05-17,2935,Completed
1808,2574,83,2026-04-17,2026-05-17,4138,Completed
440,2086,184,2026-04-18,2026-10-18,2835,Completed
3495,1440,48,2026-04-18,2027-10-18,2665,Active
2733,2934,82,2026-04-18,2026-05-18,2559,Completed
218,1723,228,2026-04-19,2026-06-19,4669,Completed
3387,3775,263,2026-04-19,2026-10-19,3620,Completed
1700,800,183,2026-04-19,2026-05-19,2464,Completed
794,265,7,2026-04-19,2026-05-19,3005,Completed
1474,1313,44,2026-04-19,2026-10-19,2600,Completed
537,20,31,2026-04-20,2026-06-20,3371,Completed
2400,3964,240,2026-04-20,2026-10-20,2793,Completed
72,2042,139,2026-04-20,2026-06-20,4483,Completed
676,3295,395,2026-04-20,2026-10-20,4327,Completed
1815,1782,159,2026-04-20,2026-06-20,2720,Completed
3216,2786,114,2026-04-21,2027-04-21,2692,Active
1257,537,251,2026-04-22,2026-05-22,3546,Completed
3413,3543,242,2026-04-22,2026-06-22,3029,Completed
721,2547,188,2026-04-22,2026-06-22,2851,Completed
228,796,159,2026-04-22,2026-07-22,3292,Completed
1278,3626,386,2026-04-22,2026-06-22,2848,Completed
739,3573,308,2026-04-23,2026-05-23,4627,Completed
1529,11,316,2026-04-23,2026-06-23,4232,Completed
2257,2181,48,2026-04-23,2026-10-23,3481,Completed
2971,1358,42,2026-04-23,2026-10-23,2360,Completed
2757,2382,14,2026-04-23,2026-05-23,3497,Completed
1193,2297,190,2026-04-23,2026-10-23,3168,Completed
1974,489,359,2026-04-24,2026-05-24,2961,Cancelled
2786,217,328,2026-04-24,2026-06-24,3375,Completed
2981,1180,5,2026-04-25,2026-05-25,2898,Completed
3480,715,124,2026-04-25,2027-04-25,2526,Active
1739,3192,349,2026-04-25,2028-04-25,4773,Active
3395,3030,188,2026-04-25,2026-06-25,2515,Completed
1622,876,7,2026-04-25,2026-10-25,2584,Completed
761,1009,245,2026-04-26,2026-05-26,3371,Completed
2769,2533,170,2026-04-26,2026-10-26,2378,Completed
2090,1982,378,2026-04-26,2026-05-26,3045,Cancelled
3446,1588,38,2026-04-26,2027-04-26,3207,Active
2316,484,310,2026-04-26,2026-05-26,4827,Completed
1154,900,392,2026-04-26,2026-05-26,4026,Completed
179,2661,263,2026-04-27,2026-06-27,2949,Completed
2917,2890,164,2026-04-27,2026-07-27,3317,Completed
2422,3381,107,2026-04-27,2026-05-27,4550,Completed
1865,702,335,2026-04-27,2026-10-27,2515,Completed
850,2843,79,2026-04-27,2027-04-27,3558,Active
2740,2021,190,2026-04-27,2026-06-27,3133,Completed
496,128,182,2026-04-27,2026-06-27,3778,Completed
3427,2021,257,2026-04-28,2028-04-28,2958,Active
87,3153,298,2026-04-28,2026-05-28,3125,Completed
3227,2818,230,2026-04-28,2026-10-28,2882,Completed
2298,2515,298,2026-04-28,2027-04-28,2768,Active
2775,2739,164,2026-04-28,2026-10-28,3075,Completed
2639,2468,184,2026-04-28,2026-10-28,2492,Cancelled
2012,3598,267,2026-04-29,2027-10-29,4630,Active
24,2392,125,2026-04-29,2027-04-29,3531,Active
382,2864,66,2026-04-29,2026-05-29,3293,Completed
1477,1255,24,2026-04-29,2026-06-29,4672,Completed
1545,3006,179,2026-04-29,2026-07-29,2789,Completed
3444,1732,399,2026-04-29,2026-05-29,4690,Completed
982,2780,25,2026-04-29,2027-04-29,2723,Active
612,1151,201,2026-04-30,2026-07-30,3370,Completed
1669,2718,65,2026-04-30,2027-04-30,4383,Active
2999,3658,190,2026-04-30,2027-04-30,3301,Active
1834,41,175,2026-04-30,2026-06-30,3225,Completed
1245,1655,50,2026-04-30,2027-04-30,2920,Active
2507,2044,128,2026-04-30,2026-05-30,2529,Completed
2110,710,251,2026-04-30,2026-06-30,4415,Completed
478,2328,351,2026-05-01,2026-08-01,3213,Completed
2547,3912,389,2026-05-01,2027-05-01,3779,Active
3396,1550,270,2026-05-01,2026-11-01,3528,Completed
3456,3494,388,2026-05-01,2026-08-01,3553,Cancelled
2065,318,53,2026-05-01,2026-11-01,2454,Completed
2570,874,42,2026-05-02,2027-11-02,2881,Active
2610,35,138,2026-05-02,2026-06-02,3492,Completed
375,3109,245,2026-05-02,2027-11-02,2972,Active
1960,3153,287,2026-05-03,2026-07-03,3118,Completed
1847,2075,239,2026-05-03,2026-07-03,3375,Completed
3255,594,305,2026-05-03,2026-06-03,4241,Completed
1968,2514,81,2026-05-03,2027-11-03,2245,Active
1820,2714,300,2026-05-03,2026-11-03,2798,Completed
139,2569,102,2026-05-03,2027-11-03,3138,Active
2070,3512,363,2026-05-04,2026-11-04,2474,Completed
2361,516,32,2026-05-04,2026-08-04,3468,Completed
2722,862,17,2026-05-04,2026-11-04,4913,Completed
3108,1126,189,2026-05-04,2026-07-04,3478,Completed
1436,2137,221,2026-05-04,2026-06-04,4514,Completed
174,1896,4,2026-05-04,2026-11-04,2898,Completed
2785,126,397,2026-05-04,2026-11-04,2096,Completed
864,1681,161,2026-05-04,2028-05-04,4786,Active
2520,3238,209,2026-05-04,2026-06-04,3491,Completed
1422,2846,103,2026-05-04,2026-11-04,3538,Cancelled
1722,328,75,2026-05-04,2026-06-04,4456,Completed
1343,3372,161,2026-05-04,2026-11-04,4162,Completed
1965,710,395,2026-05-04,2028-05-04,3684,Active
1021,689,13,2026-05-05,2027-05-05,2638,Active
820,3765,302,2026-05-05,2026-11-05,2978,Completed
758,1123,367,2026-05-05,2026-07-05,2530,Cancelled
3082,2638,10,2026-05-05,2026-06-05,4200,Completed
2930,3293,138,2026-05-05,2027-05-05,3265,Active
2446,3345,213,2026-05-05,2026-11-05,3901,Completed
472,3445,251,2026-05-05,2026-11-05,4713,Completed
1387,2833,103,2026-05-05,2027-05-05,4128,Active
3121,2696,191,2026-05-05,2028-05-05,3131,Active
3326,1852,153,2026-05-05,2026-06-05,2784,Completed
1858,455,399,2026-05-05,2027-05-05,3903,Active
2886,1389,73,2026-05-06,2027-05-06,3559,Active
88,1956,97,2026-05-06,2026-11-06,2405,Completed
566,682,366,2026-05-06,2026-08-06,4339,Completed
1371,690,391,2026-05-06,2026-08-06,2306,Completed
2184,3613,335,2026-05-06,2026-08-06,2834,Completed
662,551,346,2026-05-06,2026-06-06,2595,Completed
1668,2080,232,2026-05-06,2026-07-06,3034,Completed
1856,2041,154,2026-05-07,2028-05-07,3180,Active
1103,3922,164,2026-05-07,2026-06-07,2446,Completed
852,1218,349,2026-05-07,2026-11-07,4052,Completed
2887,1355,300,2026-05-07,2026-08-07,3414,Completed
2983,1672,147,2026-05-07,2026-06-07,2833,Completed
3258,3230,370,2026-05-07,2026-08-07,2549,Completed
2496,3535,330,2026-05-07,2026-11-07,2544,Completed
71,242,255,2026-05-08,2026-07-08,3762,Completed
1976,1562,115,2026-05-08,2027-05-08,3285,Active
1758,3157,389,2026-05-08,2026-07-08,3695,Completed
77,1364,174,2026-05-08,2026-11-08,3786,Completed
1543,2189,53,2026-05-08,2027-05-08,2233,Active
2060,814,399,2026-05-08,2026-08-08,3395,Completed
1066,2202,306,2026-05-09,2026-08-09,2489,Completed
1376,1674,84,2026-05-09,2026-08-09,3785,Completed
2023,2984,336,2026-05-09,2027-11-09,3066,Active
1098,764,159,2026-05-09,2026-11-09,2692,Completed
2114,1326,323,2026-05-09,2026-11-09,3528,Completed
1148,2896,159,2026-05-09,2026-06-09,3369,Completed
3323,3604,271,2026-05-09,2026-06-09,3168,Completed
1562,127,194,2026-05-10,2026-06-10,3079,Completed
2207,1626,179,2026-05-10,2026-08-10,3112,Completed
1560,3877,228,2026-05-10,2026-06-10,3548,Completed
2470,2014,50,2026-05-10,2028-05-10,3126,Active
241,3303,56,2026-05-10,2026-06-10,2609,Completed
1359,320,289,2026-05-10,2027-05-10,4578,Active
2011,1297,65,2026-05-10,2026-06-10,4323,Completed
1715,313,83,2026-05-10,2026-07-10,4296,Completed
1846,342,370,2026-05-11,2027-11-11,3686,Active
1116,1020,23,2026-05-11,2026-11-11,4712,Cancelled
3205,2454,190,2026-05-11,2026-06-11,2950,Completed
2885,851,241,2026-05-11,2026-08-11,2753,Completed
3130,2876,116,2026-05-11,2028-05-11,3080,Active
2653,186,128,2026-05-11,2026-07-11,2121,Completed
510,3010,167,2026-05-11,2026-08-11,4300,Cancelled
2945,3886,118,2026-05-12,2027-05-12,3346,Active
2443,2782,289,2026-05-12,2026-08-12,4378,Completed
1996,3912,357,2026-05-12,2026-07-12,3482,Completed
1455,3055,44,2026-05-13,2026-08-13,2661,Cancelled
552,1983,200,2026-05-13,2027-11-13,3579,Active
1926,939,241,2026-05-13,2026-07-13,2190,Completed
3051,3684,31,2026-05-13,2026-11-13,2660,Completed
2463,395,148,2026-05-13,2027-11-13,3438,Active
3126,3047,176,2026-05-14,2026-08-14,2658,Completed
2754,957,171,2026-05-14,2026-07-14,4750,Cancelled
1483,1121,290,2026-05-14,2027-05-14,2582,Active
2884,3351,200,2026-05-14,2027-11-14,3514,Active
2045,311,366,2026-05-15,2026-07-15,4936,Completed
2048,546,71,2026-05-15,2026-11-15,3965,Completed
1547,985,114,2026-05-15,2026-08-15,2846,Completed
2509,2,384,2026-05-15,2027-11-15,2653,Active
882,3603,389,2026-05-15,2026-07-15,4484,Completed
575,3125,255,2026-05-15,2026-06-15,3442,Completed
3072,3504,383,2026-05-16,2026-11-16,3283,Cancelled
1607,2292,13,2026-05-16,2026-08-16,2445,Completed
3158,1495,331,2026-05-16,2027-05-16,3764,Active
1623,763,238,2026-05-16,2026-08-16,2807,Completed
780,596,199,2026-05-17,2026-07-17,2773,Completed
2242,3643,386,2026-05-17,2026-06-17,2784,Completed
1382,1620,248,2026-05-17,2027-05-17,2986,Active
981,2509,336,2026-05-17,2027-11-17,2554,Active
892,1684,137,2026-05-17,2026-08-17,2973,Completed
1653,1087,333,2026-05-17,2027-05-17,3722,Active
3029,1244,52,2026-05-17,2027-11-17,4118,Active
2135,3179,388,2026-05-18,2026-07-18,3433,Cancelled
604,1082,38,2026-05-18,2027-11-18,3781,Active
1558,3205,315,2026-05-18,2026-07-18,2731,Completed
2808,892,254,2026-05-18,2026-07-18,4743,Completed
2414,2256,257,2026-05-18,2027-05-18,2625,Active
2035,921,20,2026-05-18,2026-06-18,3661,Completed
1674,286,17,2026-05-19,2026-11-19,4148,Completed
1902,3620,303,2026-05-19,2026-06-19,2394,Completed
3117,353,148,2026-05-19,2027-11-19,2542,Active
3016,1409,287,2026-05-19,2026-06-19,3250,Cancelled
406,2962,82,2026-05-19,2026-08-19,2484,Completed
3247,3173,110,2026-05-19,2026-11-19,3069,Completed
3062,581,47,2026-05-19,2026-11-19,4522,Completed
2464,1088,331,2026-05-19,2026-11-19,3550,Completed
1184,3118,84,2026-05-19,2026-08-19,3592,Completed
2928,1948,336,2026-05-19,2026-08-19,3401,Completed
2378,3094,118,2026-05-20,2026-08-20,3679,Completed
2676,375,64,2026-05-20,2026-08-20,4327,Completed
1773,746,287,2026-05-20,2026-11-20,3035,Completed
2269,3742,106,2026-05-20,2026-11-20,3710,Completed
2436,3900,152,2026-05-20,2027-05-20,3441,Active
3493,2515,218,2026-05-20,2026-06-20,4739,Completed
897,1385,162,2026-05-20,2026-06-20,2775,Completed
708,3649,8,2026-05-20,2027-05-20,2974,Active
2418,2478,87,2026-05-20,2026-08-20,4139,Cancelled
96,1130,300,2026-05-21,2027-05-21,3445,Active
821,1066,180,2026-05-21,2026-11-21,3770,Completed
1286,3515,114,2026-05-21,2026-08-21,3033,Completed
1466,2439,128,2026-05-21,2026-11-21,3155,Completed
2092,3737,311,2026-05-21,2026-11-21,4990,Cancelled
1224,365,257,2026-05-22,2026-06-22,2567,Completed
788,1636,358,2026-05-22,2027-11-22,2363,Active
2919,2990,48,2026-05-22,2026-11-22,2566,Cancelled
2042,1132,3,2026-05-22,2026-07-22,4556,Cancelled
1523,3364,16,2026-05-22,2027-05-22,2711,Active
1687,1137,110,2026-05-23,2027-05-23,3743,Active
2994,350,107,2026-05-23,2026-08-23,4720,Completed
3035,984,302,2026-05-23,2026-07-23,2303,Completed
2489,1112,263,2026-05-23,2026-11-23,2591,Completed
2827,3290,6,2026-05-23,2027-11-23,2830,Active
699,3747,378,2026-05-23,2026-08-23,3475,Completed
3466,393,9,2026-05-24,2026-08-24,2726,Completed
3298,2947,200,2026-05-24,2026-07-24,4545,Completed
2503,714,311,2026-05-24,2026-11-24,4213,Completed
690,2306,172,2026-05-24,2026-07-24,2535,Completed
1650,3702,227,2026-05-25,2026-11-25,2855,Completed
717,1631,388,2026-05-25,2026-08-25,2715,Completed
3306,3464,288,2026-05-25,2026-07-25,3329,Completed
849,2994,78,2026-05-25,2026-06-25,3692,Completed
3211,1013,83,2026-05-26,2026-08-26,4673,Completed
2655,637,103,2026-05-26,2027-05-26,4012,Active
3028,2774,367,2026-05-26,2026-11-26,2077,Completed
1994,2931,83,2026-05-27,2026-08-27,4293,Completed
1223,3458,155,2026-05-28,2027-05-28,2389,Active
18,2920,303,2026-05-28,2027-05-28,2678,Active
1780,1556,343,2026-05-28,2028-05-28,2523,Active
59,3203,360,2026-05-28,2027-11-28,3086,Active
482,181,323,2026-05-29,2027-11-29,4667,Active
2227,3112,14,2026-05-29,2027-11-29,3651,Active
978,929,156,2026-05-29,2026-11-29,2870,Completed
2912,3339,82,2026-05-29,2026-11-29,2520,Completed
646,3357,304,2026-05-30,2026-08-30,3016,Completed
2719,1629,218,2026-05-30,2026-11-30,3294,Completed
861,1857,389,2026-05-30,2026-11-30,3727,Completed
894,456,354,2026-05-30,2026-06-30,2703,Completed
347,2977,22,2026-05-30,2027-11-30,3751,Active
1716,2807,53,2026-05-30,2026-08-30,3180,Completed
605,1975,248,2026-05-30,2026-07-30,2243,Completed
1027,385,140,2026-05-30,2026-11-30,2694,Completed
702,957,310,2026-05-31,2027-11-30,3729,Active
3344,642,182,2026-05-31,2026-07-31,3650,Completed
1081,763,108,2026-05-31,2027-11-30,4046,Active
1310,1161,71,2026-05-31,2027-05-31,3819,Active
3482,2850,350,2026-05-31,2026-11-30,3420,Completed
332,1795,70,2026-05-31,2026-06-30,2243,Completed
1495,1659,372,2026-05-31,2026-11-30,3203,Completed
2717,2640,240,2026-06-01,2026-08-01,3413,Completed
1656,2609,209,2026-06-01,2026-08-01,3602,Completed
2908,2339,151,2026-06-01,2027-06-01,3080,Active
1281,1542,78,2026-06-01,2027-06-01,2941,Active
3479,3356,240,2026-06-01,2026-09-01,2910,Completed
1759,147,148,2026-06-02,2026-07-02,2330,Completed
1918,1525,96,2026-06-02,2026-12-02,3105,Completed
2382,2897,307,2026-06-02,2026-09-02,2698,Completed
3257,1827,362,2026-06-02,2027-12-02,3366,Active
2155,1777,64,2026-06-02,2026-09-02,3974,Cancelled
2096,1999,8,2026-06-02,2026-07-02,2883,Completed
1100,2854,112,2026-06-03,2027-06-03,3580,Active
2850,3125,18,2026-06-03,2026-09-03,3183,Completed
649,3119,158,2026-06-03,2026-07-03,3208,Completed
1799,2680,365,2026-06-03,2026-12-03,3032,Completed
1362,1918,8,2026-06-03,2026-07-03,2796,Completed
3201,3705,128,2026-06-03,2026-12-03,2734,Completed
2709,2967,291,2026-06-03,2027-06-03,2895,Active
2596,3666,348,2026-06-03,2026-12-03,2973,Completed
395,1446,101,2026-06-03,2026-12-03,3065,Completed
1905,3539,358,2026-06-04,2026-12-04,2949,Completed
2170,893,320,2026-06-04,2026-09-04,4521,Completed
1315,1064,346,2026-06-04,2026-07-04,2346,Completed
833,2706,41,2026-06-04,2026-09-04,2982,Completed
226,3061,145,2026-06-04,2026-09-04,3610,Completed
1375,1943,159,2026-06-04,2027-06-04,2982,Active
2475,607,384,2026-06-04,2026-12-04,2267,Completed
1380,1192,297,2026-06-04,2026-08-04,3410,Completed
3376,820,49,2026-06-04,2026-07-04,3117,Completed
2695,2939,256,2026-06-04,2027-06-04,3258,Active
1109,2018,206,2026-06-05,2026-08-05,3011,Completed
2049,2462,153,2026-06-05,2028-06-05,3458,Active
3085,441,320,2026-06-05,2026-09-05,4606,Completed
1456,503,154,2026-06-06,2026-07-06,2864,Completed
2039,16,254,2026-06-06,2026-08-06,3520,Completed
413,3792,361,2026-06-06,2027-12-06,3931,Active
1416,3912,17,2026-06-06,2026-07-06,4834,Completed
3390,2045,181,2026-06-06,2026-08-06,4112,Completed
1499,2854,115,2026-06-07,2026-08-07,3357,Completed
1050,1902,84,2026-06-07,2026-12-07,2683,Completed
893,2524,309,2026-06-07,2026-08-07,3511,Completed
1293,1313,283,2026-06-07,2026-09-07,4392,Completed
254,1480,302,2026-06-07,2026-08-07,2807,Completed
1786,905,359,2026-06-08,2027-06-08,2969,Active
3447,624,6,2026-06-08,2027-06-08,2678,Active
1249,1063,116,2026-06-08,2026-12-08,3128,Completed
3042,720,225,2026-06-08,2027-06-08,4504,Active
3358,1353,322,2026-06-08,2027-06-08,3433,Active
1675,3216,368,2026-06-08,2026-08-08,3179,Completed
1085,2815,392,2026-06-09,2026-07-09,4040,Completed
447,2075,289,2026-06-09,2026-09-09,4219,Completed
2772,2885,75,2026-06-09,2026-12-09,4228,Completed
2694,3217,115,2026-06-09,2026-12-09,2531,Completed
506,626,77,2026-06-09,2027-12-09,4646,Active
3212,2832,194,2026-06-09,2026-07-09,3366,Completed
82,3500,156,2026-06-09,2027-06-09,3305,Active
1070,2166,385,2026-06-09,2027-12-09,4042,Active
3087,921,69,2026-06-10,2027-06-10,3049,Active
2823,3874,108,2026-06-10,2026-09-10,4735,Completed
890,3710,73,2026-06-10,2026-09-10,3798,Completed
912,1141,271,2026-06-10,2027-06-10,3067,Active
1373,10,97,2026-06-10,2026-09-10,3168,Completed
1962,1509,362,2026-06-10,2027-06-10,3300,Active
2174,580,103,2026-06-10,2028-06-10,4341,Active
3281,266,323,2026-06-10,2027-06-10,4776,Active
454,960,325,2026-06-11,2026-08-11,2846,Completed
2187,921,132,2026-06-11,2027-12-11,3074,Active
2535,635,310,2026-06-11,2026-07-11,4544,Completed
731,1626,167,2026-06-12,2026-12-12,4419,Completed
2817,3424,105,2026-06-12,2027-06-12,3065,Active
3197,3944,388,2026-06-12,2026-07-12,2807,Completed
596,1130,297,2026-06-12,2026-12-12,3775,Completed
613,3465,52,2026-06-12,2026-08-12,4266,Completed
1187,1102,192,2026-06-13,2026-07-13,2911,Completed
3300,1961,124,2026-06-13,2026-08-13,3026,Completed
1469,1472,370,2026-06-13,2027-06-13,3367,Active
125,792,303,2026-06-13,2026-12-13,3195,Completed
1823,3181,216,2026-06-14,2026-08-14,3270,Completed
883,39,8,2026-06-14,2026-07-14,2703,Completed
2029,3599,200,2026-06-14,2026-07-14,4212,Completed
1195,1145,114,2026-06-14,2026-07-14,2386,Completed
823,2983,269,2026-06-15,2027-06-15,4859,Active
1225,2714,179,2026-06-15,2027-12-15,2258,Active
376,1184,90,2026-06-15,2027-06-15,2729,Active
1351,225,329,2026-06-15,2027-12-15,4746,Active
3426,2386,194,2026-06-15,2026-08-15,2605,Completed
1738,1312,7,2026-06-15,2026-09-15,3172,Cancelled
2439,2964,259,2026-06-16,2026-09-16,3070,Cancelled
3348,1277,215,2026-06-16,2027-06-16,3472,Active
246,1307,400,2026-06-16,2026-09-16,3486,Completed
1821,442,66,2026-06-16,2026-08-16,3160,Completed
2437,378,272,2026-06-16,2026-08-16,2554,Completed
74,3418,310,2026-06-16,2026-07-16,4959,Completed
1966,1224,326,2026-06-16,2026-07-16,3344,Completed
1682,3247,252,2026-06-16,2026-09-16,4603,Completed
1680,2638,196,2026-06-17,2027-12-17,4482,Active
2107,2109,239,2026-06-17,2027-12-17,3252,Active
330,2512,177,2026-06-17,2027-06-17,4755,Active
927,1253,93,2026-06-18,2026-07-18,3645,Completed
3454,1460,8,2026-06-18,2026-12-18,2158,Completed
1002,877,302,2026-06-18,2026-12-18,2718,Completed
867,217,324,2026-06-19,2026-12-19,3859,Completed
3141,1586,332,2026-06-19,2026-09-19,4199,Completed
2692,3815,253,2026-06-19,2026-09-19,2422,Completed
2460,2434,218,2026-06-19,2027-06-19,3618,Active
2561,3462,72,2026-06-19,2027-06-19,3160,Active
1958,1800,237,2026-06-19,2026-09-19,3919,Completed
2814,1015,143,2026-06-20,2026-07-20,2396,Completed
1949,3641,333,2026-06-20,2026-12-20,3327,Cancelled
1559,2936,108,2026-06-20,2026-07-20,3667,Completed
1870,3068,327,2026-06-20,2027-12-20,2678,Active
1221,2126,268,2026-06-20,2026-09-20,3897,Completed
1203,3645,216,2026-06-20,2026-08-20,2799,Completed
516,3176,346,2026-06-20,2026-12-20,2714,Completed
2584,3639,332,2026-06-21,2026-07-21,4102,Completed
845,1677,147,2026-06-21,2026-09-21,2948,Completed
1645,849,35,2026-06-21,2026-07-21,3010,Completed
597,1694,174,2026-06-21,2026-08-21,3221,Completed
1277,2643,345,2026-06-21,2027-12-21,3585,Active
2588,1928,216,2026-06-21,2026-09-21,2663,Completed
1358,654,383,2026-06-21,2026-09-21,3011,Completed
2462,584,396,2026-06-22,2026-12-22,2994,Completed
3147,3331,110,2026-06-22,2026-12-22,3566,Completed
2488,3763,311,2026-06-22,2026-12-22,4008,Completed
2846,3219,86,2026-06-22,2026-07-22,4892,Completed
97,3844,30,2026-06-22,2026-09-22,3631,Completed
1576,2827,384,2026-06-22,2027-12-22,2510,Active
1637,1003,162,2026-06-22,2026-12-22,2747,Completed
1196,2262,17,2026-06-22,2026-09-22,3911,Completed
2932,665,202,2026-06-22,2026-08-22,2877,Completed
8,3093,154,2026-06-22,2026-09-22,2327,Completed
2218,3112,360,2026-06-22,2026-12-22,2841,Completed
1634,2225,60,2026-06-22,2028-06-22,4760,Active
3078,3232,83,2026-06-23,2028-06-23,4479,Active
1260,3284,116,2026-06-23,2027-06-23,2452,Active
2893,2773,316,2026-06-23,2026-08-23,3780,Completed
526,1891,293,2026-06-24,2027-06-24,2473,Active
2540,3431,218,2026-06-24,2026-07-24,3665,Completed
1461,3111,136,2026-06-24,2027-06-24,4349,Active
1898,2117,38,2026-06-24,2026-12-24,3202,Completed
1544,3688,125,2026-06-24,2026-09-24,3143,Completed
2441,527,108,2026-06-24,2026-08-24,4297,Completed
3047,1604,349,2026-06-24,2026-09-24,4416,Completed
1326,1871,278,2026-06-25,2027-12-25,3409,Active
720,3325,370,2026-06-25,2026-12-25,3422,Completed
129,2236,366,2026-06-25,2027-06-25,4823,Active
1590,567,386,2026-06-26,2027-06-26,2380,Active
3206,3026,227,2026-06-26,2026-12-26,2166,Completed
838,954,155,2026-06-26,2026-12-26,2787,Completed
2960,2841,31,2026-06-26,2026-09-26,2641,Completed
1632,1880,12,2026-06-26,2026-07-26,2924,Completed
197,3763,31,2026-06-26,2027-12-26,2308,Active
2189,1356,239,2026-06-26,2026-09-26,3407,Completed
3364,3152,336,2026-06-26,2026-12-26,3769,Completed
3210,1185,320,2026-06-26,2026-12-26,4424,Completed
3142,67,15,2026-06-26,2026-07-26,3318,Completed
1143,1907,242,2026-06-27,2026-12-27,2497,Completed
1685,2550,81,2026-06-27,2027-06-27,2115,Active
1232,1647,12,2026-06-27,2026-07-27,2257,Completed
1553,3532,336,2026-06-27,2026-08-27,3061,Cancelled
2777,1036,149,2026-06-27,2027-12-27,2777,Active
1961,1751,366,2026-06-27,2026-12-27,3704,Completed
3063,2735,347,2026-06-28,2026-08-28,2895,Completed
1218,526,215,2026-06-28,2028-06-28,3444,Active
3312,1604,322,2026-06-28,2026-08-28,4163,Completed
2868,3231,25,2026-06-28,2026-08-28,3388,Completed
2842,814,309,2026-06-28,2026-09-28,4500,Completed
1516,3757,25,2026-06-28,2026-09-28,3478,Completed
247,2681,366,2026-06-28,2026-09-28,3565,Completed
1156,2948,272,2026-06-28,2026-08-28,2289,Completed
225,1598,89,2026-06-28,2026-12-28,2850,Completed
678,2810,349,2026-06-28,2026-08-28,4870,Completed
1652,2524,194,2026-06-28,2027-06-28,3198,Active
781,1904,382,2026-06-29,2026-12-29,3342,Completed
1915,2249,50,2026-06-29,2026-12-29,3524,Completed
3299,2531,90,2026-06-29,2026-09-29,3261,Cancelled
1366,2893,92,2026-06-29,2026-08-29,3648,Completed
1004,3191,82,2026-06-29,2026-07-29,3210,Completed
2420,1681,397,2026-06-30,2026-09-30,2485,Completed
1082,1849,246,2026-06-30,2026-12-30,2486,Completed
980,3796,75,2026-06-30,2026-09-30,4668,Completed
1757,2199,285,2026-06-30,2026-09-30,2827,Completed
1117,542,245,2026-06-30,2026-12-30,3643,Completed
3420,2261,25,2026-06-30,2027-06-30,3023,Active
556,3770,83,2026-06-30,2026-07-30,4702,Completed
1083,2449,338,2026-06-30,2026-12-30,4470,Cancelled
2209,454,53,2026-07-01,2026-09-01,2216,Completed
1214,303,214,2026-07-01,2026-09-01,2934,Completed
663,1636,218,2026-07-01,2028-07-01,3846,Active
1744,1524,83,2026-07-01,2026-08-01,4717,Completed
2950,1005,356,2026-07-01,2026-10-01,2975,Completed
428,401,302,2026-07-02,2026-09-02,2799,Completed
2405,3235,373,2026-07-02,2026-08-02,3503,Completed
451,3681,25,2026-07-02,2026-09-02,2610,Completed
1048,3150,23,2026-07-02,2027-01-02,3749,Active
240,1497,384,2026-07-02,2026-10-02,2831,Completed
742,3147,138,2026-07-03,2026-10-03,4667,Completed
686,3088,46,2026-07-03,2027-01-03,3931,Active
216,1184,345,2026-07-03,2026-08-03,4900,Completed
658,2266,204,2026-07-03,2028-01-03,2091,Active
3433,497,247,2026-07-03,2027-01-03,4376,Active
1486,3483,79,2026-07-03,2026-10-03,4558,Completed
2538,2822,267,2026-07-03,2027-01-03,3814,Active
2609,755,292,2026-07-04,2026-09-04,3325,Completed
2812,1365,200,2026-07-04,2026-10-04,3441,Completed
213,541,347,2026-07-04,2026-08-04,2645,Completed
1302,3422,259,2026-07-04,2026-09-04,3331,Completed
1927,1640,147,2026-07-04,2027-07-04,2373,Active
120,2768,158,2026-07-04,2026-09-04,4382,Completed
3271,3747,136,2026-07-04,2026-08-04,4885,Completed
162,1864,337,2026-07-05,2026-09-05,3017,Completed
2253,3739,105,2026-07-05,2026-10-05,2725,Completed
136,65,13,2026-07-05,2026-09-05,2758,Completed
138,3911,269,2026-07-05,2027-07-05,4092,Active
2861,3753,52,2026-07-05,2026-09-05,3760,Cancelled
1141,43,271,2026-07-05,2026-08-05,2356,Completed
2396,1411,251,2026-07-05,2026-09-05,3672,Completed
405,1885,96,2026-07-05,2028-01-05,2601,Active
2773,1185,332,2026-07-05,2028-01-05,4686,Active
2657,3715,174,2026-07-05,2027-07-05,2940,Active
1579,2862,86,2026-07-05,2026-10-05,3992,Completed
1587,2873,112,2026-07-06,2026-08-06,2630,Completed
964,2746,177,2026-07-06,2026-08-06,4253,Cancelled
1252,1255,110,2026-07-06,2028-01-06,2890,Active
2550,3390,114,2026-07-06,2028-01-06,2263,Active
219,3315,302,2026-07-06,2026-10-06,2777,Completed
1832,2090,18,2026-07-06,2028-01-06,2338,Active
3150,1154,327,2026-07-06,2027-01-06,3235,Active
1444,3763,357,2026-07-07,2026-10-07,3619,Completed
2638,3689,76,2026-07-07,2027-07-07,4054,Active
1690,1702,240,2026-07-07,2026-10-07,2815,Completed
1492,1858,291,2026-07-07,2026-09-07,3333,Completed
1211,1277,202,2026-07-07,2026-08-07,2648,Cancelled
3254,2726,59,2026-07-07,2026-10-07,2753,Completed
312,401,359,2026-07-07,2028-01-07,2223,Active
1314,2591,232,2026-07-07,2026-09-07,3287,Completed
3045,859,327,2026-07-07,2026-10-07,2418,Completed
2415,3611,363,2026-07-07,2027-07-07,2458,Active
533,2951,374,2026-07-07,2026-09-07,4535,Completed
1640,2204,65,2026-07-08,2026-08-08,4955,Completed
508,2902,347,2026-07-08,2027-07-08,3241,Active
2363,3171,346,2026-07-08,2026-09-08,2487,Completed
351,2386,376,2026-07-08,2026-10-08,4566,Completed
2117,1086,257,2026-07-08,2026-08-08,3037,Completed
2800,2199,81,2026-07-08,2027-01-08,2023,Active
1166,61,174,2026-07-08,2026-10-08,3559,Completed
1813,3431,209,2026-07-09,2028-07-09,3672,Active
2322,2572,81,2026-07-09,2026-08-09,2388,Completed
1704,2210,173,2026-07-09,2026-08-09,2314,Completed
1774,3071,176,2026-07-09,2026-09-09,3190,Completed
3021,2607,4,2026-07-09,2027-01-09,2670,Active
2961,1828,50,2026-07-09,2026-09-09,2954,Completed
722,754,148,2026-07-09,2028-01-09,2492,Active
1987,250,30,2026-07-09,2026-09-09,2892,Completed
753,2505,340,2026-07-09,2026-08-09,2948,Completed
1908,3563,276,2026-07-09,2027-01-09,2699,Active
2600,662,159,2026-07-09,2026-10-09,3741,Completed
425,1416,203,2026-07-09,2027-01-09,2512,Active
1872,1387,269,2026-07-10,2027-07-10,3782,Active
1807,3281,241,2026-07-10,2028-01-10,2177,Active
379,3305,104,2026-07-10,2026-08-10,3469,Completed
1662,2263,354,2026-07-10,2026-10-10,3767,Completed
2479,1325,252,2026-07-10,2026-10-10,4852,Completed
1194,2095,125,2026-07-10,2026-10-10,3078,Completed
1785,1758,363,2026-07-10,2026-08-10,2626,Completed
3458,2069,206,2026-07-11,2026-09-11,2750,Completed
1627,25,206,2026-07-11,2027-01-11,3179,Active
1289,877,65,2026-07-11,2026-10-11,4821,Completed
2969,787,375,2026-07-11,2027-01-11,3164,Active
67,2436,201,2026-07-11,2027-07-11,3492,Active
2696,3929,214,2026-07-11,2027-07-11,3324,Active
2279,295,175,2026-07-11,2027-01-11,2386,Active
3193,3176,125,2026-07-11,2027-07-11,3683,Active
965,3388,38,2026-07-11,2028-01-11,3605,Active
3386,3700,35,2026-07-11,2028-01-11,2710,Active
1452,2713,347,2026-07-12,2027-01-12,2863,Active
2519,2242,159,2026-07-12,2027-07-12,3780,Active
2813,129,176,2026-07-12,2027-01-12,2638,Active
520,3248,379,2026-07-12,2026-10-12,2904,Completed
3164,1466,293,2026-07-13,2027-07-13,3092,Active
1398,1605,289,2026-07-13,2026-08-13,4928,Completed
410,3778,116,2026-07-13,2026-09-13,2155,Completed
1209,625,182,2026-07-13,2026-10-13,3632,Completed
2776,1230,359,2026-07-14,2026-10-14,2990,Completed
474,2147,190,2026-07-14,2026-08-14,3512,Completed
417,1604,301,2026-07-14,2026-08-14,2934,Completed
1768,1921,46,2026-07-14,2026-08-14,4750,Completed
3398,1765,137,2026-07-14,2027-01-14,2422,Active
2014,3224,53,2026-07-14,2026-10-14,3121,Completed
529,2456,51,2026-07-14,2028-07-14,2293,Active
1007,374,200,2026-07-14,2027-07-14,4157,Active
1463,198,254,2026-07-14,2026-10-14,4380,Completed
381,1683,195,2026-07-14,2026-10-14,3608,Cancelled
2236,3219,321,2026-07-14,2026-09-14,2639,Completed
2840,1864,175,2026-07-15,2026-09-15,2618,Completed
884,3198,328,2026-07-15,2026-08-15,3224,Completed
871,3142,317,2026-07-15,2027-07-15,4764,Active
2566,515,6,2026-07-15,2026-10-15,2676,Completed
1582,3418,210,2026-07-15,2027-01-15,2649,Active
2175,1934,70,2026-07-15,2026-08-15,2838,Completed
2388,21,315,2026-07-15,2027-01-15,2606,Active
2000,1501,383,2026-07-16,2026-08-16,3471,Completed
2748,2204,347,2026-07-16,2026-08-16,3085,Completed
747,3349,95,2026-07-16,2026-09-16,3967,Completed
1299,1527,290,2026-07-16,2027-01-16,2783,Active
2537,2057,119,2026-07-16,2027-01-16,2914,Active
2551,1108,220,2026-07-16,2027-01-16,3061,Active
1990,335,168,2026-07-17,2026-10-17,3759,Completed
2224,2746,129,2026-07-17,2026-08-17,2942,Completed
2647,1442,292,2026-07-17,2028-01-17,3453,Active
2780,2741,340,2026-07-17,2027-07-17,3591,Active
3221,1687,97,2026-07-17,2028-01-17,2823,Active
1265,233,377,2026-07-17,2027-01-17,2707,Active
1762,915,105,2026-07-17,2026-10-17,2721,Completed
3261,3534,56,2026-07-17,2026-08-17,2730,Completed
84,776,271,2026-07-17,2026-09-17,2740,Completed
1972,3643,349,2026-07-17,2026-08-17,3539,Completed
3203,149,152,2026-07-17,2027-01-17,3250,Active
398,254,351,2026-07-18,2026-10-18,2972,Completed
3171,1017,107,2026-07-18,2026-10-18,4920,Completed
3494,2629,164,2026-07-18,2026-10-18,2397,Completed
944,3331,369,2026-07-18,2027-07-18,3482,Active
3402,510,199,2026-07-18,2028-07-18,2556,Active
83,2557,176,2026-07-18,2026-10-18,2624,Completed
940,3585,374,2026-07-18,2027-07-18,4294,Active
2456,2774,331,2026-07-18,2027-01-18,4293,Active
1368,2307,95,2026-07-18,2027-07-18,4764,Active
2641,3189,388,2026-07-18,2026-10-18,3491,Completed
600,120,320,2026-07-18,2027-07-18,4267,Active
801,851,319,2026-07-18,2027-01-18,2656,Active
2160,2738,87,2026-07-18,2027-07-18,3796,Active
469,2206,321,2026-07-18,2027-07-18,3353,Active
2376,974,256,2026-07-19,2026-09-19,3353,Cancelled
268,1632,65,2026-07-19,2026-08-19,4917,Completed
2617,1356,5,2026-07-19,2027-07-19,3642,Active
2958,1148,316,2026-07-20,2027-07-20,4663,Active
2063,2033,362,2026-07-20,2027-07-20,2687,Active
585,2932,148,2026-07-20,2026-08-20,2644,Cancelled
635,581,189,2026-07-20,2026-08-20,3018,Completed
988,3325,158,2026-07-20,2026-08-20,4481,Completed
2019,1122,6,2026-07-20,2027-01-20,2661,Active
2266,2720,182,2026-07-20,2026-09-20,3069,Completed
3170,3375,372,2026-07-20,2026-10-20,3374,Completed
2753,1275,283,2026-07-20,2027-01-20,3913,Active
2276,589,26,2026-07-20,2027-07-20,3453,Active
1702,1482,20,2026-07-21,2027-01-21,4303,Active
2499,1110,254,2026-07-21,2026-10-21,4898,Completed
3412,2698,78,2026-07-21,2026-09-21,2548,Completed
631,3344,86,2026-07-21,2027-07-21,4880,Active
48,1807,208,2026-07-21,2027-07-21,4584,Active
2578,2957,343,2026-07-21,2028-01-21,3570,Active
2172,3161,343,2026-07-21,2026-10-21,2901,Completed
2059,3111,54,2026-07-21,2027-07-21,2304,Active
2921,1027,72,2026-07-21,2026-10-21,2954,Completed
2562,3386,116,2026-07-21,2027-01-21,3154,Active
2797,3500,231,2026-07-21,2026-10-21,3230,Completed
1096,3494,119,2026-07-22,2026-09-22,2052,Completed
3421,2010,213,2026-07-22,2026-10-22,3752,Completed
388,3192,49,2026-07-22,2027-07-22,2490,Active
1672,429,183,2026-07-22,2026-10-22,3112,Completed
2340,1251,220,2026-07-22,2028-01-22,2606,Active
2818,1382,6,2026-07-22,2028-01-22,3365,Active
1732,1288,322,2026-07-22,2026-10-22,3502,Completed
3307,2965,285,2026-07-22,2026-08-22,2793,Completed
284,3697,250,2026-07-22,2026-08-22,2193,Completed
2975,373,382,2026-07-22,2026-10-22,4776,Cancelled
452,2332,152,2026-07-22,2028-01-22,2676,Active
1123,797,317,2026-07-23,2026-10-23,4375,Completed
233,3870,55,2026-07-23,2027-07-23,2895,Active
1228,1336,7,2026-07-23,2027-01-23,2505,Active
3143,3062,49,2026-07-23,2026-09-23,2956,Completed
3408,2294,271,2026-07-23,2026-10-23,2291,Completed
173,2732,81,2026-07-23,2026-10-23,2309,Completed
1984,1818,293,2026-07-23,2026-09-23,2377,Completed
2543,553,198,2026-07-23,2028-01-23,2996,Active
1673,1501,232,2026-07-23,2026-08-23,2843,Completed
592,2704,38,2026-07-24,2026-10-24,3731,Completed
2016,2668,257,2026-07-24,2026-10-24,2867,Completed
165,3105,232,2026-07-24,2026-08-24,2325,Completed
1090,2901,366,2026-07-24,2026-09-24,4490,Cancelled
1320,6,105,2026-07-24,2026-08-24,3047,Completed
32,1185,336,2026-07-25,2027-01-25,3189,Active
2730,2561,190,2026-07-25,2026-10-25,3666,Completed
1629,1204,374,2026-07-25,2026-10-25,4675,Completed
729,3994,378,2026-07-25,2027-01-25,3280,Active
623,3710,320,2026-07-25,2026-09-25,4158,Completed
113,3534,31,2026-07-25,2026-09-25,2727,Completed
1467,1203,115,2026-07-26,2026-10-26,2633,Cancelled
541,400,395,2026-07-26,2026-10-26,4684,Completed
2017,2236,158,2026-07-26,2027-01-26,4379,Active
1287,1976,248,2026-07-26,2026-09-26,2493,Completed
1363,139,106,2026-07-26,2027-07-26,3122,Active
2952,407,173,2026-07-26,2026-10-26,2908,Completed
3490,3927,155,2026-07-26,2027-01-26,3057,Active
90,3944,270,2026-07-26,2026-08-26,4880,Completed
2270,1575,13,2026-07-27,2027-07-27,2986,Active
1859,2954,21,2026-07-27,2026-08-27,2815,Completed
1360,1574,8,2026-07-27,2026-09-27,2402,Completed
1646,1108,363,2026-07-27,2026-09-27,3357,Completed
695,852,1,2026-07-27,2027-01-27,4592,Active
2354,570,4,2026-07-27,2027-01-27,2522,Active
40,475,297,2026-07-27,2026-10-27,3573,Completed
2434,693,60,2026-07-27,2026-10-27,4438,Completed
442,3437,189,2026-07-27,2026-08-27,2666,Completed
1182,524,347,2026-07-28,2026-08-28,2606,Cancelled
3128,1805,215,2026-07-28,2026-10-28,4217,Completed
2963,51,36,2026-07-28,2027-01-28,2281,Active
2697,2041,212,2026-07-28,2026-08-28,4418,Completed
1229,883,285,2026-07-28,2027-01-28,2490,Active
799,3456,52,2026-07-28,2027-01-28,4681,Active
112,456,23,2026-07-29,2026-09-29,4804,Completed
2816,2717,4,2026-07-29,2026-10-29,3380,Completed
266,3446,361,2026-07-29,2026-09-29,3577,Completed
3215,1524,319,2026-07-29,2028-01-29,3554,Active
3260,1694,162,2026-07-29,2026-08-29,3043,Completed
824,2446,56,2026-07-29,2026-08-29,2834,Completed
1665,952,324,2026-07-29,2026-08-29,3769,Completed
28,2434,158,2026-07-29,2027-07-29,3954,Active
1105,1359,204,2026-07-29,2026-08-29,2683,Completed
2197,955,160,2026-07-29,2026-08-29,3567,Completed
2260,826,340,2026-07-29,2027-01-29,3160,Active
2350,2127,40,2026-07-29,2028-07-29,4608,Active
391,628,260,2026-07-29,2027-01-29,3596,Active
2680,553,83,2026-07-30,2026-09-30,4467,Completed
276,564,253,2026-07-30,2027-01-30,2005,Active
2978,3611,332,2026-07-30,2026-10-30,3496,Completed
930,1683,276,2026-07-30,2027-01-30,2969,Active
3023,2189,350,2026-07-30,2026-10-30,2548,Completed
192,1039,365,2026-07-30,2028-07-30,2337,Active
2219,1325,56,2026-07-30,2026-10-30,2147,Completed
2206,1200,70,2026-07-30,2027-01-30,2375,Active
3269,399,138,2026-07-30,2026-08-30,3614,Completed
1633,1185,147,2026-07-30,2026-10-30,3026,Completed
948,1036,331,2026-07-30,2028-07-30,3796,Active
3305,2530,73,2026-07-30,2026-10-30,2734,Completed
3497,2497,328,2026-07-30,2027-01-30,2327,Active
2501,3732,106,2026-07-31,2026-10-31,2524,Completed
3238,3268,278,2026-07-31,2027-01-31,2548,Active
3012,1476,317,2026-07-31,2027-07-31,3703,Active
923,2934,291,2026-07-31,2026-10-31,3030,Completed
3375,1404,80,2026-07-31,2028-01-31,3094,Active
433,955,12,2026-07-31,2026-10-31,2846,Completed
1512,3229,359,2026-07-31,2027-07-31,3168,Active
2419,985,216,2026-07-31,2026-09-30,2654,Completed
2915,3694,72,2026-07-31,2027-01-31,3533,Active
1909,3921,192,2026-07-31,2026-08-31,2527,Completed
1740,2862,159,2026-07-31,2026-10-31,3500,Completed
1793,2902,160,2026-07-31,2026-09-30,4562,Completed
618,634,105,2026-07-31,2026-08-31,2889,Completed
1854,2316,42,2026-07-31,2026-09-30,2449,Completed
1128,1354,388,2026-07-31,2026-08-31,2763,Cancelled
1389,1995,113,2026-07-31,2026-09-30,2986,Completed
997,10,219,2026-07-31,2026-08-31,2898,Completed
43,3754,191,2026-08-01,2027-08-01,3318,Active
355,2521,194,2026-08-01,2027-08-01,2422,Active
1403,1909,101,2026-08-01,2026-09-01,3260,Completed
1916,154,289,2026-08-01,2028-02-01,3880,Active
145,3135,141,2026-08-01,2026-11-01,2354,Cancelled
3356,1123,31,2026-08-01,2027-02-01,2733,Active
1952,3887,376,2026-08-01,2027-02-01,4327,Active
3107,1242,248,2026-08-01,2026-10-01,2330,Completed
1449,575,122,2026-08-01,2026-09-01,2422,Completed
1599,202,248,2026-08-01,2026-10-01,3166,Completed
2066,245,158,2026-08-01,2026-11-01,3912,Completed
2762,1044,276,2026-08-01,2026-11-01,2340,Completed
2178,1291,167,2026-08-02,2026-10-02,3545,Completed
606,1370,75,2026-08-02,2028-02-02,4571,Active
2637,608,101,2026-08-02,2027-08-02,3770,Active
3168,3549,231,2026-08-02,2027-02-02,4295,Active
2002,3295,268,2026-08-02,2026-10-02,3690,Completed
3030,3977,208,2026-08-02,2026-09-02,4084,Completed
2759,969,49,2026-08-02,2026-10-02,2727,Completed
2621,159,315,2026-08-02,2026-09-02,2645,Completed
371,1328,78,2026-08-02,2026-11-02,2853,Completed
1881,3851,272,2026-08-02,2027-02-02,3172,Active
967,540,330,2026-08-02,2026-10-02,3507,Completed
1841,1402,298,2026-08-02,2026-10-02,2655,Cancelled
1956,216,105,2026-08-03,2026-09-03,2613,Completed
2303,1248,269,2026-08-03,2026-10-03,4565,Completed
2669,478,70,2026-08-03,2027-08-03,2988,Active
1657,327,90,2026-08-03,2026-09-03,2733,Completed
3336,2515,336,2026-08-03,2028-02-03,3747,Active
1885,2724,63,2026-08-03,2027-02-03,2996,Active
2712,3467,382,2026-08-03,2027-02-03,3574,Active
1667,3390,365,2026-08-04,2026-11-04,2076,Completed
1425,3237,132,2026-08-04,2027-08-04,2621,Active
2385,3512,203,2026-08-04,2026-11-04,2667,Completed
3185,3028,61,2026-08-04,2026-09-04,4719,Completed
2593,2336,212,2026-08-04,2026-11-04,4657,Completed
2380,1563,212,2026-08-04,2026-09-04,4134,Completed
3181,657,108,2026-08-04,2027-08-04,4392,Active
826,634,304,2026-08-05,2027-02-05,2607,Active
1226,526,35,2026-08-05,2028-02-05,2425,Active
341,147,110,2026-08-05,2026-09-05,3431,Completed
1331,2552,182,2026-08-05,2027-08-05,2939,Active
435,470,16,2026-08-05,2026-11-05,3673,Completed
2667,2148,230,2026-08-06,2027-02-06,3257,Active
3378,820,177,2026-08-06,2026-09-06,4485,Cancelled
2473,1390,320,2026-08-06,2028-02-06,4750,Active
503,1896,392,2026-08-06,2027-08-06,4895,Active
2351,4000,113,2026-08-06,2026-09-06,2456,Completed
436,3447,150,2026-08-06,2026-11-06,3778,Completed
1429,78,136,2026-08-07,2027-02-07,3867,Active
1019,2875,216,2026-08-07,2027-02-07,3029,Active
1107,2483,128,2026-08-07,2026-10-07,2332,Completed
412,3235,47,2026-08-07,2028-02-07,4294,Active
2874,3174,25,2026-08-07,2027-02-07,2311,Active
2278,1548,343,2026-08-07,2027-02-07,3369,Active
3486,2993,180,2026-08-07,2026-11-07,2711,Cancelled
2738,1957,280,2026-08-07,2027-08-07,3440,Active
2789,1209,331,2026-08-08,2027-02-08,4876,Active
3445,546,30,2026-08-08,2026-11-08,3084,Completed
2098,399,67,2026-08-08,2026-11-08,2909,Completed
3048,50,168,2026-08-08,2027-02-08,3186,Active
2256,2055,67,2026-08-08,2027-08-08,2875,Active
2339,763,124,2026-08-08,2026-11-08,3125,Completed
1750,823,203,2026-08-08,2026-11-08,3334,Completed
1628,1991,242,2026-08-08,2027-08-08,2864,Active
1892,98,109,2026-08-08,2027-08-08,3381,Active
825,3295,350,2026-08-08,2027-08-08,2493,Active
1642,1493,79,2026-08-08,2027-02-08,3536,Active
945,2704,371,2026-08-08,2027-02-08,2679,Active
163,780,264,2026-08-09,2027-08-09,2869,Active
2910,2150,327,2026-08-09,2026-11-09,3284,Completed
187,398,93,2026-08-09,2028-02-09,3991,Active
2056,1632,270,2026-08-09,2026-10-09,4498,Completed
853,1541,189,2026-08-09,2027-02-09,3440,Active
2007,402,315,2026-08-09,2026-11-09,2861,Completed
3114,36,200,2026-08-09,2026-09-09,4187,Completed
1988,391,137,2026-08-10,2027-08-10,3426,Active
2750,1743,20,2026-08-10,2026-11-10,4675,Completed
3314,1980,242,2026-08-10,2027-02-10,2216,Active
3110,2336,359,2026-08-10,2028-08-10,2274,Active
1443,2848,161,2026-08-10,2027-08-10,4799,Active
2997,3423,172,2026-08-10,2026-11-10,3223,Completed
1241,2787,377,2026-08-10,2026-10-10,2624,Cancelled
559,1149,141,2026-08-10,2026-10-10,2697,Completed
542,2702,313,2026-08-10,2027-02-10,2570,Active
380,3171,313,2026-08-11,2028-08-11,2586,Active
1068,674,139,2026-08-11,2028-02-11,3690,Active
2559,208,174,2026-08-11,2026-11-11,3373,Completed
3230,3017,278,2026-08-11,2026-11-11,3355,Completed
715,2445,204,2026-08-11,2027-02-11,3097,Active
419,398,132,2026-08-11,2026-09-11,3374,Cancelled
2196,1419,146,2026-08-11,2027-08-11,2978,Active
2867,2637,290,2026-08-11,2027-02-11,2731,Active
2087,2034,336,2026-08-11,2026-11-11,3154,Completed
242,2238,287,2026-08-12,2026-11-12,2315,Completed
1052,51,61,2026-08-12,2026-10-12,4298,Completed
2614,1231,243,2026-08-12,2026-11-12,2128,Completed
926,2812,252,2026-08-12,2027-08-12,3640,Active
859,1520,56,2026-08-12,2026-11-12,2497,Completed
1530,3326,67,2026-08-12,2027-08-12,3176,Active
3251,3311,75,2026-08-12,2027-08-12,3274,Active
2231,1997,181,2026-08-12,2026-11-12,3668,Completed
1239,3578,351,2026-08-12,2026-10-12,3474,Completed
1532,2920,232,2026-08-12,2026-09-12,2725,Completed
1509,3229,276,2026-08-12,2027-02-12,2411,Active
98,3894,245,2026-08-12,2028-08-12,3799,Active
1413,3644,103,2026-08-12,2027-02-12,4425,Active
1076,1078,90,2026-08-12,2027-08-12,3469,Active
3008,2346,160,2026-08-13,2027-02-13,4621,Active
525,538,155,2026-08-13,2026-11-13,2543,Completed
2858,575,146,2026-08-13,2026-11-13,2898,Completed
2942,944,225,2026-08-13,2027-08-13,3939,Active
3405,1598,156,2026-08-13,2028-02-13,3175,Active
664,1313,158,2026-08-13,2027-02-13,4677,Active
979,2037,77,2026-08-13,2028-02-13,4323,Active
1393,2039,200,2026-08-13,2028-08-13,3432,Active
2727,1800,384,2026-08-13,2026-09-13,2726,Completed
2902,2653,348,2026-08-13,2028-02-13,3508,Active
560,2198,319,2026-08-14,2026-11-14,3724,Completed
1725,3311,308,2026-08-14,2026-11-14,4830,Completed
69,2364,143,2026-08-14,2026-09-14,2438,Completed
2294,2413,181,2026-08-14,2026-11-14,4220,Completed
583,877,97,2026-08-14,2026-09-14,2671,Completed
3360,190,76,2026-08-14,2027-02-14,3862,Active
748,3069,181,2026-08-14,2026-09-14,4481,Completed
736,3975,232,2026-08-14,2027-02-14,3164,Active
1238,3346,125,2026-08-14,2027-08-14,3337,Active
1928,2090,270,2026-08-14,2026-09-14,4122,Completed
3139,3302,229,2026-08-14,2026-09-14,2041,Completed
1852,168,141,2026-08-14,2026-10-14,3114,Completed
1185,2594,51,2026-08-14,2026-10-14,2574,Cancelled
1598,3209,289,2026-08-14,2027-02-14,4209,Active
877,1206,291,2026-08-14,2026-11-14,3253,Completed
1079,3038,180,2026-08-15,2026-09-15,3197,Completed
1563,3178,147,2026-08-15,2026-09-15,2381,Completed
1557,1348,116,2026-08-15,2027-02-15,2153,Active
3009,952,151,2026-08-15,2028-02-15,3003,Active
2431,349,219,2026-08-15,2027-02-15,3184,Active
2521,2919,1,2026-08-15,2026-10-15,3599,Completed
153,379,113,2026-08-15,2026-09-15,2441,Completed
2968,470,207,2026-08-15,2027-08-15,2586,Active
875,2493,116,2026-08-15,2027-02-15,2591,Active
2640,1274,174,2026-08-15,2027-08-15,3148,Active
431,2736,33,2026-08-15,2027-02-15,2856,Active
2308,2383,306,2026-08-15,2026-10-15,2500,Cancelled
3440,183,315,2026-08-15,2026-11-15,2154,Completed
1900,1313,175,2026-08-16,2026-11-16,2719,Completed
2245,2829,373,2026-08-16,2028-08-16,2630,Active
150,1699,80,2026-08-16,2026-10-16,2895,Completed
2246,363,302,2026-08-16,2026-11-16,2815,Completed
1717,1859,372,2026-08-16,2027-02-16,2650,Active
2743,2353,227,2026-08-16,2028-02-16,2489,Active
227,2694,85,2026-08-16,2027-08-16,4119,Active
1298,1606,352,2026-08-16,2026-09-16,2968,Completed
3304,3189,208,2026-08-16,2027-02-16,3908,Active
562,2618,362,2026-08-16,2027-08-16,2742,Active
2644,3812,338,2026-08-17,2027-02-17,3824,Active
870,1828,161,2026-08-17,2026-10-17,4133,Completed
914,2106,80,2026-08-17,2027-02-17,3409,Active
1855,1773,389,2026-08-17,2026-10-17,4494,Completed
2138,2266,188,2026-08-17,2026-11-17,2584,Completed
2374,3202,75,2026-08-17,2027-08-17,3717,Active
2716,270,111,2026-08-18,2026-10-18,4533,Completed
1489,1278,363,2026-08-18,2026-11-18,3258,Completed
3470,572,373,2026-08-18,2027-02-18,3126,Active
2558,1108,349,2026-08-18,2026-09-18,4144,Completed
2492,2636,316,2026-08-18,2027-02-18,3316,Active
2399,570,379,2026-08-18,2026-11-18,2397,Completed
2583,3219,66,2026-08-18,2026-11-18,3100,Completed
2268,3509,102,2026-08-18,2026-11-18,3431,Completed
439,1694,21,2026-08-18,2027-02-18,2412,Active
3388,1598,12,2026-08-18,2026-11-18,2528,Completed
576,1596,46,2026-08-18,2026-10-18,4798,Completed
2154,1914,250,2026-08-19,2026-10-19,2677,Completed
3276,3538,7,2026-08-19,2027-02-19,2868,Active
1061,2082,31,2026-08-19,2027-02-19,3074,Active
198,3647,359,2026-08-19,2026-10-19,2560,Completed
2482,2044,201,2026-08-19,2028-02-19,3202,Active
1833,1380,72,2026-08-19,2026-09-19,3775,Completed
392,587,304,2026-08-19,2027-02-19,3139,Active
2241,2619,209,2026-08-20,2026-10-20,3322,Completed
140,1368,359,2026-08-20,2027-08-20,2015,Active
2649,1798,25,2026-08-20,2027-08-20,3054,Active
1720,2491,67,2026-08-20,2027-08-20,3182,Active
2662,2959,44,2026-08-20,2026-11-20,2016,Completed
2275,3790,336,2026-08-20,2027-02-20,3301,Active
1,3175,379,2026-08-20,2027-02-20,2707,Active
1152,1936,112,2026-08-20,2026-10-20,3741,Completed
2466,2769,245,2026-08-21,2026-11-21,3387,Completed
2595,3884,242,2026-08-21,2027-02-21,2616,Active
311,123,192,2026-08-21,2027-02-21,3015,Active
1863,3029,95,2026-08-21,2026-10-21,3525,Completed
16,3445,29,2026-08-21,2027-08-21,3119,Active
2889,1368,141,2026-08-21,2027-02-21,2553,Active
20,131,8,2026-08-21,2027-08-21,3075,Active
1108,447,64,2026-08-22,2027-08-22,4743,Active
1280,2661,208,2026-08-22,2027-08-22,4335,Active
81,1479,273,2026-08-22,2028-08-22,3180,Active
2848,2000,313,2026-08-22,2026-11-22,3347,Completed
3461,2673,158,2026-08-22,2026-10-22,3458,Completed
920,815,248,2026-08-22,2026-09-22,2293,Completed
1231,1027,147,2026-08-22,2027-02-22,2704,Active
539,3848,95,2026-08-22,2027-02-22,3283,Active
1959,2709,53,2026-08-22,2027-02-22,2051,Active
348,1960,128,2026-08-22,2027-02-22,3061,Active
262,684,372,2026-08-23,2026-11-23,3425,Completed
2659,530,246,2026-08-23,2026-10-23,2701,Completed
1464,1670,46,2026-08-23,2026-10-23,4789,Completed
2319,731,342,2026-08-23,2027-02-23,2814,Active
1072,3963,148,2026-08-23,2028-08-23,3410,Active
1638,662,109,2026-08-23,2027-08-23,2818,Active
1367,2027,215,2026-08-23,2027-02-23,3942,Active
1460,2152,283,2026-08-23,2026-11-23,4310,Completed
3418,2113,199,2026-08-23,2027-02-23,2656,Active
1778,3191,258,2026-08-24,2026-10-24,4646,Completed
2384,2796,101,2026-08-24,2027-02-24,3718,Active
626,3673,153,2026-08-24,2026-09-24,3690,Completed
1837,3089,213,2026-08-24,2027-02-24,4669,Active
571,2492,235,2026-08-24,2028-02-24,2542,Active
2606,3715,25,2026-08-24,2026-10-24,2384,Completed
1586,3031,315,2026-08-24,2027-02-24,2409,Active
1155,360,200,2026-08-24,2028-08-24,3603,Active
805,885,349,2026-08-24,2026-10-24,3702,Completed
847,2218,257,2026-08-24,2027-08-24,3177,Active
815,3223,371,2026-08-24,2028-02-24,3683,Active
3226,341,243,2026-08-25,2026-10-25,2398,Completed
2871,1348,359,2026-08-25,2027-02-25,2816,Active
950,2784,132,2026-08-25,2026-09-25,3354,Completed
3385,1509,291,2026-08-25,2027-08-25,3550,Active
1572,3534,388,2026-08-25,2027-08-25,2500,Active
3135,3611,384,2026-08-25,2027-02-25,2032,Active
2235,216,85,2026-08-25,2026-09-25,4812,Completed
652,1774,280,2026-08-25,2027-02-25,3439,Active
3411,2709,11,2026-08-25,2027-02-25,3063,Active
2113,3391,397,2026-08-26,2026-09-26,2875,Completed
3279,2002,399,2026-08-26,2026-11-26,4248,Completed
903,190,20,2026-08-26,2028-02-26,4603,Active
170,1752,20,2026-08-26,2028-02-26,4546,Active
1139,2174,298,2026-08-26,2026-11-26,2847,Cancelled
786,3091,53,2026-08-26,2026-10-26,2045,Completed
126,3994,3,2026-08-26,2026-09-26,4721,Completed
546,1167,175,2026-08-26,2026-09-26,3375,Completed
2804,308,330,2026-08-26,2027-02-26,3778,Active
2732,576,276,2026-08-27,2026-10-27,3490,Completed
2514,2637,232,2026-08-27,2027-02-27,2873,Active
772,2327,111,2026-08-27,2027-02-27,3739,Active
2146,1797,190,2026-08-27,2027-02-27,3191,Active
504,2734,149,2026-08-27,2026-09-27,3414,Completed
2882,2445,96,2026-08-27,2028-02-27,3442,Active
564,2353,330,2026-08-27,2026-09-27,2785,Completed
3220,481,216,2026-08-27,2026-10-27,3368,Completed
2131,3315,84,2026-08-28,2027-08-28,2970,Active
869,1156,125,2026-08-28,2026-10-28,3363,Completed
292,1590,119,2026-08-28,2026-10-28,2744,Completed
46,2748,300,2026-08-28,2027-08-28,2594,Active
803,1391,232,2026-08-28,2027-02-28,3136,Active
581,1220,146,2026-08-28,2028-02-28,3227,Active
2604,2921,165,2026-08-28,2027-02-28,3403,Active
745,3492,29,2026-08-28,2027-08-28,3472,Active
2485,1416,360,2026-08-28,2027-02-28,3245,Active
3123,1915,18,2026-08-28,2027-08-28,3494,Active
142,2028,12,2026-08-28,2027-02-28,3068,Active
2173,2377,331,2026-08-28,2026-09-28,4505,Completed
603,3676,370,2026-08-28,2027-08-28,3539,Active
157,3066,153,2026-08-29,2026-11-29,3293,Completed
802,3578,183,2026-08-29,2026-09-29,2575,Completed
3355,3977,153,2026-08-29,2026-09-29,2997,Completed
1106,2907,228,2026-08-29,2026-11-29,4535,Completed
1428,3451,180,2026-08-29,2026-10-29,2954,Completed
2421,3677,313,2026-08-29,2026-09-29,2931,Completed
1311,759,97,2026-08-29,2026-09-29,2603,Completed
2009,3562,208,2026-08-29,2027-02-28,3707,Active
1423,1315,93,2026-08-29,2026-11-29,3438,Completed
244,1409,346,2026-08-29,2028-02-29,2371,Active
2290,2914,270,2026-08-29,2028-02-29,3810,Active
839,2540,226,2026-08-29,2026-11-29,3117,Completed
1514,2372,31,2026-08-29,2026-09-29,2989,Completed
668,2071,389,2026-08-30,2028-08-30,4070,Active
2142,2307,72,2026-08-30,2027-02-28,2878,Active
1938,3550,194,2026-08-30,2026-11-30,3496,Completed
1500,1933,96,2026-08-30,2028-02-29,3250,Active
280,3458,140,2026-08-30,2027-02-28,2810,Active
2505,1952,106,2026-08-30,2026-09-30,2722,Completed
1804,2769,273,2026-08-30,2026-09-30,2566,Completed
1049,2505,33,2026-08-30,2026-11-30,3618,Completed
3481,759,230,2026-08-30,2027-02-28,2372,Active
2996,1287,78,2026-08-30,2026-09-30,3766,Completed
490,981,398,2026-08-30,2027-02-28,4726,Active
3038,1661,340,2026-08-30,2026-11-30,3634,Completed
2577,3596,204,2026-08-30,2028-02-29,2966,Active
1095,2151,75,2026-08-31,2027-08-31,4564,Active
1985,3029,295,2026-08-31,2026-09-30,2671,Completed
2158,3562,297,2026-08-31,2027-08-31,4310,Active
130,380,10,2026-08-31,2026-11-30,4585,Cancelled
147,1523,85,2026-08-31,2026-11-30,4202,Completed
476,1769,36,2026-08-31,2027-08-31,3061,Active
2267,2411,212,2026-08-31,2026-09-30,3985,Completed
1801,3799,201,2026-08-31,2026-09-30,2543,Completed
2337,716,271,2026-08-31,2026-09-30,2560,Completed
2686,14,31,2026-08-31,2027-02-28,3224,Active
492,2007,244,2026-08-31,2026-09-30,4212,Completed
248,2676,54,2026-09-01,2028-03-01,2879,Active
2355,2007,256,2026-09-01,2027-03-01,2575,Active
1235,2411,48,2026-09-01,2027-03-01,3123,Active
2747,1848,26,2026-09-01,2026-12-01,3472,Completed
1906,1763,246,2026-09-01,2026-12-01,2287,Completed
1071,771,290,2026-09-01,2026-12-01,2634,Completed
2642,2914,136,2026-09-01,2026-11-01,4830,Completed
3244,2191,47,2026-09-01,2026-10-01,4312,Completed
2972,1917,80,2026-09-01,2026-11-01,3296,Cancelled
1718,2008,268,2026-09-01,2027-09-01,4401,Active
368,881,321,2026-09-02,2027-09-02,3382,Active
2082,2051,253,2026-09-02,2026-11-02,2273,Completed
3098,3239,12,2026-09-02,2027-03-02,2654,Active
2567,3199,172,2026-09-02,2026-10-02,3083,Completed
1271,1494,17,2026-09-02,2026-10-02,4633,Completed
2953,2667,325,2026-09-02,2026-10-02,2142,Completed
1222,3288,189,2026-09-02,2026-10-02,2889,Completed
953,358,246,2026-09-02,2027-03-02,2356,Active
3275,2979,349,2026-09-02,2027-03-02,4062,Active
1766,82,317,2026-09-02,2026-12-02,3926,Completed
3232,1867,26,2026-09-03,2027-03-03,4757,Active
766,3808,323,2026-09-03,2027-09-03,4603,Active
2292,448,50,2026-09-03,2026-11-03,2534,Completed
2905,305,216,2026-09-03,2027-09-03,2548,Active
1253,2134,259,2026-09-03,2027-03-03,2916,Active
2603,312,331,2026-09-03,2026-10-03,4652,Completed
633,704,391,2026-09-03,2027-03-03,2691,Active
2108,939,383,2026-09-03,2027-09-03,3431,Active
832,3915,146,2026-09-03,2026-12-03,3107,Completed
389,1697,109,2026-09-04,2026-11-04,3432,Completed
1093,2123,161,2026-09-04,2027-03-04,4636,Active
2533,317,181,2026-09-04,2026-12-04,4086,Completed
1404,376,105,2026-09-04,2026-10-04,2903,Completed
2358,1454,395,2026-09-04,2026-12-04,4423,Completed
65,2215,199,2026-09-04,2027-03-04,2452,Active
1044,3530,246,2026-09-04,2028-03-04,3021,Active
3112,2669,175,2026-09-04,2027-03-04,2436,Active
3228,2011,342,2026-09-04,2026-10-04,2698,Completed
3467,425,361,2026-09-05,2026-10-05,4358,Cancelled
1536,2071,296,2026-09-05,2028-09-05,2743,Active
872,3324,111,2026-09-05,2026-10-05,4745,Completed
3373,2149,102,2026-09-05,2026-10-05,2746,Completed
2901,2876,276,2026-09-05,2026-12-05,3405,Completed
785,699,85,2026-09-05,2026-11-05,3925,Completed
2468,3861,95,2026-09-05,2026-12-05,4192,Completed
2879,3526,308,2026-09-05,2028-03-05,3547,Active
857,2387,47,2026-09-05,2027-03-05,4014,Active
2089,146,71,2026-09-05,2026-12-05,3693,Completed
2597,1990,340,2026-09-05,2026-12-05,2558,Completed
3011,1108,361,2026-09-05,2027-03-05,4502,Active
2344,1031,160,2026-09-05,2026-11-05,4075,Completed
2532,1995,82,2026-09-05,2026-10-05,3185,Completed
1679,769,363,2026-09-05,2026-10-05,2416,Completed
3291,2881,38,2026-09-05,2027-09-05,2843,Active
1189,1837,324,2026-09-06,2027-03-06,4642,Active
975,3007,129,2026-09-06,2026-10-06,2596,Completed
2190,170,298,2026-09-06,2027-03-06,3538,Active
1903,751,98,2026-09-06,2028-03-06,4965,Active
2574,3062,78,2026-09-06,2027-03-06,3257,Active
2452,1702,215,2026-09-06,2026-12-06,4141,Completed
3043,1073,12,2026-09-06,2028-09-06,2913,Active
214,1060,358,2026-09-06,2028-03-06,2492,Active
886,173,170,2026-09-06,2026-12-06,3436,Completed
1710,1202,369,2026-09-06,2027-03-06,3749,Active
3384,3135,31,2026-09-07,2028-09-07,2982,Active
1729,3681,175,2026-09-07,2026-10-07,2796,Completed
2214,796,210,2026-09-07,2027-09-07,2531,Active
860,1389,292,2026-09-07,2026-11-07,3441,Completed
2531,1896,272,2026-09-07,2027-03-07,2243,Active
3209,800,122,2026-09-07,2026-10-07,2490,Completed
3266,948,240,2026-09-07,2027-03-07,3402,Active
725,2897,276,2026-09-08,2026-10-08,3467,Completed
2407,3057,260,2026-09-08,2027-03-08,2633,Active
873,3487,294,2026-09-08,2026-12-08,3713,Completed
2495,1696,242,2026-09-08,2028-09-08,2813,Active
1897,406,122,2026-09-08,2026-12-08,3184,Completed
378,2057,136,2026-09-08,2026-12-08,4036,Completed
2327,2753,55,2026-09-08,2026-12-08,2624,Completed
1288,2363,216,2026-09-08,2026-10-08,3757,Completed
1946,3005,82,2026-09-08,2028-03-08,2672,Active
2151,1545,346,2026-09-08,2026-10-08,2399,Completed
939,3487,258,2026-09-08,2026-12-08,4049,Completed
2576,2135,251,2026-09-08,2026-11-08,3693,Completed
946,471,13,2026-09-08,2028-03-08,2259,Active
2838,588,22,2026-09-08,2027-03-08,3244,Active
1761,3453,153,2026-09-08,2026-12-08,3204,Completed
2608,1738,77,2026-09-08,2026-11-08,4660,Cancelled
1775,1410,125,2026-09-08,2026-11-08,3257,Completed
68,601,129,2026-09-08,2026-12-08,3083,Completed
569,1078,101,2026-09-08,2027-03-08,3061,Active
517,3465,165,2026-09-09,2027-03-09,3481,Active
2176,1381,398,2026-09-09,2026-10-09,4018,Completed
1936,172,11,2026-09-09,2026-11-09,2838,Completed
3175,2494,101,2026-09-09,2027-03-09,2722,Active
3437,1941,376,2026-09-09,2026-10-09,4334,Completed
1853,610,114,2026-09-09,2026-12-09,2820,Completed
807,3171,73,2026-09-09,2027-09-09,3645,Active
2623,957,117,2026-09-09,2026-11-09,2533,Completed
2152,3171,205,2026-09-09,2026-12-09,3435,Completed
1073,3378,85,2026-09-09,2027-03-09,4078,Active
1273,623,102,2026-09-09,2027-03-09,3262,Active
325,609,226,2026-09-10,2026-10-10,2965,Completed
231,3628,70,2026-09-10,2027-09-10,3157,Active
1170,3861,21,2026-09-10,2028-03-10,2830,Active
1478,923,24,2026-09-10,2026-10-10,4098,Completed
1583,1646,220,2026-09-10,2026-11-10,3046,Completed
2284,1691,241,2026-09-10,2026-11-10,2937,Completed
1527,2117,174,2026-09-10,2027-03-10,3279,Active
1525,1835,245,2026-09-10,2026-12-10,2782,Cancelled
954,3020,198,2026-09-10,2026-10-10,2956,Completed
3034,10,324,2026-09-10,2026-10-10,4194,Completed
306,2295,167,2026-09-10,2026-10-10,3668,Completed
2450,1764,111,2026-09-10,2026-10-10,4313,Completed
1026,511,247,2026-09-11,2027-03-11,4197,Active
620,3823,21,2026-09-11,2026-12-11,3089,Completed
3054,3274,328,2026-09-11,2026-11-11,2629,Cancelled
1332,2022,80,2026-09-11,2027-03-11,3484,Active
85,35,257,2026-09-11,2028-03-11,2160,Active
868,1325,146,2026-09-11,2027-09-11,3652,Active
2622,1978,190,2026-09-12,2026-11-12,3188,Cancelled
773,2265,83,2026-09-12,2026-11-12,3873,Completed
863,500,344,2026-09-12,2027-09-12,4788,Active
1644,967,67,2026-09-12,2027-03-12,3230,Active
2342,2429,64,2026-09-12,2027-03-12,3894,Active
473,2566,218,2026-09-12,2028-03-12,3211,Active
3414,3898,226,2026-09-12,2026-10-12,2878,Completed
1624,1203,132,2026-09-12,2026-10-12,2761,Completed
994,1839,191,2026-09-12,2026-12-12,3056,Completed
377,3063,246,2026-09-12,2027-03-12,2974,Active
253,710,102,2026-09-12,2026-11-12,3491,Completed
1663,2483,290,2026-09-12,2026-12-12,3209,Completed
2211,3388,392,2026-09-13,2027-03-13,4393,Active
985,2957,41,2026-09-13,2026-11-13,2531,Completed
577,3052,226,2026-09-13,2028-03-13,3542,Active
1524,794,22,2026-09-13,2027-09-13,3140,Active
3056,146,108,2026-09-13,2027-09-13,3407,Active
1608,537,278,2026-09-13,2027-09-13,3221,Active
1862,2970,347,2026-09-13,2026-11-13,3466,Completed
1876,3364,70,2026-09-13,2026-12-13,3096,Completed
2153,1044,203,2026-09-13,2027-09-13,2807,Active
2833,3610,108,2026-09-14,2026-10-14,4238,Completed
279,3879,313,2026-09-14,2026-12-14,2770,Completed
1459,3688,95,2026-09-14,2026-11-14,4455,Completed
484,3171,175,2026-09-14,2026-12-14,3468,Completed
38,2905,139,2026-09-14,2026-10-14,3863,Completed
1592,936,89,2026-09-14,2026-10-14,2551,Completed
778,3953,225,2026-09-14,2026-12-14,4873,Completed
362,1788,111,2026-09-14,2026-11-14,4899,Completed
1056,1470,14,2026-09-14,2026-12-14,3126,Completed
1386,2377,63,2026-09-14,2026-10-14,3066,Completed
1324,75,188,2026-09-14,2027-03-14,2711,Active
1911,3579,164,2026-09-14,2027-09-14,2435,Active
2763,282,384,2026-09-14,2026-10-14,2135,Completed
718,3374,385,2026-09-14,2026-12-14,3489,Completed
2690,3156,102,2026-09-14,2028-09-14,2428,Active
2859,1609,202,2026-09-15,2026-10-15,3785,Completed
2728,1707,89,2026-09-15,2026-11-15,2367,Completed
2137,825,236,2026-09-15,2027-03-15,4764,Active
2923,3866,336,2026-09-15,2026-12-15,3256,Completed
1584,2468,75,2026-09-15,2026-12-15,3955,Completed
3371,1576,397,2026-09-15,2026-10-15,2398,Completed
2345,29,43,2026-09-15,2026-12-15,3461,Cancelled
1047,3157,210,2026-09-15,2028-03-15,3343,Active
3127,708,144,2026-09-15,2027-09-15,3946,Active
2980,2799,385,2026-09-16,2027-09-16,3893,Active
1614,3282,101,2026-09-16,2026-11-16,2900,Completed
324,2192,137,2026-09-16,2027-03-16,3366,Active
3177,633,289,2026-09-16,2026-12-16,4232,Completed
1791,1524,106,2026-09-16,2027-03-16,2707,Active
2869,489,84,2026-09-16,2026-12-16,3741,Completed
1794,1388,385,2026-09-16,2026-11-16,4419,Completed
2553,111,230,2026-09-16,2028-03-16,2422,Active
3235,1726,159,2026-09-17,2026-12-17,2799,Completed
2490,1577,182,2026-09-17,2026-11-17,3684,Completed
1247,2076,67,2026-09-17,2026-12-17,2804,Completed
3066,3180,272,2026-09-17,2026-11-17,3156,Cancelled
885,3523,5,2026-09-17,2026-11-17,3272,Completed
749,2809,137,2026-09-17,2026-10-17,2341,Completed
2898,2191,397,2026-09-18,2026-10-18,3149,Completed
855,3237,353,2026-09-18,2026-10-18,4628,Completed
1010,224,70,2026-09-18,2027-03-18,2152,Active
404,2201,191,2026-09-18,2027-03-18,2674,Active
1318,920,3,2026-09-18,2026-10-18,4484,Completed
645,2745,310,2026-09-18,2026-10-18,4269,Completed
2182,2683,215,2026-09-18,2026-11-18,3975,Cancelled
2280,1986,173,2026-09-18,2026-10-18,3348,Completed
3301,2950,250,2026-09-18,2027-03-18,2503,Active
1540,363,246,2026-09-19,2028-03-19,2102,Active
3140,1736,51,2026-09-19,2026-11-19,2008,Completed
164,2978,354,2026-09-19,2026-10-19,3194,Completed
468,1244,330,2026-09-19,2028-03-19,2584,Active
2293,2904,276,2026-09-19,2026-12-19,2516,Completed
1291,3813,185,2026-09-19,2026-12-19,4874,Completed
1705,3452,121,2026-09-19,2027-09-19,2116,Active
1418,873,200,2026-09-19,2026-10-19,4378,Completed
796,1820,64,2026-09-19,2027-03-19,3583,Active
2678,2885,400,2026-09-19,2028-03-19,4045,Active
343,2912,376,2026-09-19,2028-03-19,3889,Active
735,617,117,2026-09-19,2028-09-19,2339,Active
563,3414,191,2026-09-19,2026-12-19,3225,Completed
3088,770,76,2026-09-20,2027-03-20,4668,Active
1611,3878,236,2026-09-20,2027-03-20,4759,Active
429,640,288,2026-09-20,2027-03-20,2668,Active
2078,340,67,2026-09-20,2027-03-20,3164,Active
1029,2871,27,2026-09-20,2027-09-20,2829,Active
2631,2580,153,2026-09-20,2026-10-20,3741,Completed
728,2653,258,2026-09-20,2026-10-20,4664,Completed
959,1146,147,2026-09-20,2026-11-20,2821,Completed
3417,901,22,2026-09-20,2026-10-20,3507,Completed
258,3749,150,2026-09-20,2026-10-20,4293,Completed
47,976,311,2026-09-20,2027-03-20,4484,Active
1941,2572,288,2026-09-20,2027-03-20,2904,Active
52,3006,259,2026-09-20,2026-11-20,3053,Completed
2977,2542,9,2026-09-20,2026-12-20,3260,Completed
3338,3059,144,2026-09-21,2027-03-21,3843,Active
2147,54,90,2026-09-21,2026-12-21,3133,Completed
1689,3294,335,2026-09-21,2028-03-21,3346,Active
3354,2131,43,2026-09-21,2026-12-21,3374,Completed
3264,3920,353,2026-09-21,2028-03-21,4526,Active
2314,2964,353,2026-09-21,2027-03-21,3669,Active
2442,3225,230,2026-09-21,2027-03-21,2672,Active
3113,1006,40,2026-09-21,2028-03-21,4266,Active
2032,3588,379,2026-09-21,2026-10-21,2617,Completed
160,2183,260,2026-09-21,2026-12-21,3001,Cancelled
2136,226,388,2026-09-21,2027-03-21,3074,Active
1842,588,156,2026-09-21,2026-11-21,3613,Completed
505,3864,219,2026-09-21,2028-09-21,2774,Active
2681,2366,67,2026-09-21,2026-12-21,2573,Completed
2069,272,359,2026-09-22,2027-03-22,3150,Active
3219,3876,164,2026-09-22,2026-12-22,2740,Completed
2435,1560,255,2026-09-22,2026-12-22,2705,Completed
2954,1015,372,2026-09-22,2027-09-22,2561,Active
3070,2709,327,2026-09-22,2026-11-22,2581,Completed
349,1664,65,2026-09-22,2027-03-22,4232,Active
1192,2842,160,2026-09-22,2027-09-22,3406,Active
2273,2404,264,2026-09-22,2027-03-22,2567,Active
2282,1549,30,2026-09-22,2028-09-22,3489,Active
1216,56,208,2026-09-22,2027-03-22,4074,Active
446,3355,67,2026-09-22,2026-10-22,3505,Cancelled
1407,2636,369,2026-09-22,2027-09-22,3126,Active
2467,72,292,2026-09-22,2026-11-22,3497,Completed
548,3426,124,2026-09-22,2027-03-22,2792,Active
1198,1080,209,2026-09-23,2027-03-23,3390,Active
483,607,203,2026-09-23,2026-11-23,3544,Completed
2128,3647,124,2026-09-23,2026-10-23,2644,Completed
3353,983,348,2026-09-23,2026-12-23,2665,Completed
1312,2947,242,2026-09-23,2026-10-23,2131,Completed
644,3158,70,2026-09-23,2026-10-23,2717,Completed
1333,947,196,2026-09-23,2026-11-23,4872,Cancelled
654,3060,335,2026-09-23,2026-12-23,3483,Completed
1248,714,153,2026-09-23,2027-09-23,3045,Active
1986,3158,239,2026-09-23,2026-12-23,3348,Completed
2873,3453,148,2026-09-23,2026-11-23,3010,Completed
342,3220,75,2026-09-23,2026-10-23,3290,Completed
1485,3045,323,2026-09-23,2028-09-23,3560,Active
1535,712,297,2026-09-23,2026-10-23,3655,Completed
2426,1710,82,2026-09-23,2027-03-23,2841,Active
1396,1119,307,2026-09-23,2027-03-23,3138,Active
1596,3017,189,2026-09-23,2026-12-23,2755,Completed
294,1760,385,2026-09-23,2027-09-23,4756,Active
2398,3329,93,2026-09-23,2026-10-23,4353,Completed
2008,1467,161,2026-09-24,2026-12-24,4109,Completed
2674,2382,356,2026-09-24,2028-03-24,2648,Active
2523,1710,260,2026-09-24,2026-11-24,2762,Completed
1065,1575,67,2026-09-24,2026-11-24,2710,Cancelled
1305,3902,70,2026-09-24,2027-03-24,2366,Active
2821,86,171,2026-09-24,2027-03-24,4225,Active
1889,2792,359,2026-09-24,2026-10-24,2422,Cancelled
1944,3116,138,2026-09-24,2026-10-24,3422,Completed
278,3582,253,2026-09-24,2026-10-24,2894,Cancelled
1484,3069,136,2026-09-24,2027-03-24,4627,Active
2979,1693,55,2026-09-24,2027-03-24,3446,Active
2555,2431,260,2026-09-24,2027-03-24,2800,Active
2916,3022,12,2026-09-24,2027-03-24,3019,Active
2965,324,363,2026-09-24,2028-03-24,3324,Active
3335,2711,295,2026-09-24,2026-11-24,3320,Completed
1197,2287,310,2026-09-24,2027-09-24,4893,Active
3347,690,293,2026-09-24,2026-10-24,2070,Cancelled
2120,3225,276,2026-09-25,2026-10-25,3126,Cancelled
616,1665,26,2026-09-25,2026-10-25,4736,Completed
2794,2475,315,2026-09-25,2026-10-25,2225,Completed
2651,755,80,2026-09-25,2028-03-25,2509,Active
2144,3846,80,2026-09-25,2026-10-25,2754,Completed
557,575,293,2026-09-25,2028-03-25,2356,Active
427,1219,113,2026-09-25,2026-12-25,2050,Completed
1769,2863,197,2026-09-25,2027-09-25,3920,Active
416,161,383,2026-09-25,2027-09-25,2780,Active
2394,1977,44,2026-09-25,2026-11-25,3024,Completed
493,1185,316,2026-09-25,2028-03-25,3584,Active
3089,1344,367,2026-09-25,2027-03-25,2086,Active
2047,3242,67,2026-09-25,2027-03-25,3451,Active
2232,1773,63,2026-09-26,2026-11-26,2506,Completed
2412,1295,215,2026-09-26,2026-11-26,4062,Completed
1728,3123,360,2026-09-26,2026-12-26,3196,Completed
3308,3042,366,2026-09-26,2026-12-26,4812,Completed
2987,2718,370,2026-09-26,2026-11-26,2775,Completed
3237,1690,243,2026-09-26,2026-10-26,2763,Completed
876,2924,246,2026-09-26,2027-03-26,2134,Active
1028,405,63,2026-09-26,2027-03-26,2539,Active
2109,3452,92,2026-09-26,2026-11-26,4000,Completed
2026,3031,136,2026-09-26,2026-11-26,4640,Completed
3268,73,101,2026-09-26,2028-03-26,2706,Active
561,2362,140,2026-09-26,2026-12-26,3036,Completed
1465,2627,172,2026-09-26,2028-09-26,3588,Active
3198,1272,372,2026-09-26,2026-12-26,3669,Completed
2348,3718,146,2026-09-26,2027-03-26,3607,Active
1058,881,60,2026-09-27,2026-10-27,3507,Cancelled
22,3381,160,2026-09-27,2026-10-27,4608,Completed
3145,2429,354,2026-09-27,2026-10-27,3289,Completed
104,162,322,2026-09-27,2027-03-27,3322,Active
1978,3360,221,2026-09-27,2027-03-27,3208,Active
3321,543,188,2026-09-27,2027-09-27,3200,Active
665,3326,48,2026-09-27,2026-11-27,3300,Cancelled
787,2225,187,2026-09-27,2026-10-27,2094,Completed
2051,759,377,2026-09-27,2026-12-27,2850,Completed
3296,2429,273,2026-09-27,2027-03-27,2982,Active
1341,1459,102,2026-09-27,2027-09-27,2736,Active
1825,3799,195,2026-09-28,2026-12-28,3991,Completed
1402,334,187,2026-09-28,2026-10-28,2506,Completed
1800,2107,87,2026-09-28,2027-09-28,4780,Active
1168,3123,354,2026-09-28,2027-03-28,3782,Active
2612,2141,326,2026-09-28,2026-10-28,4290,Completed
3450,744,87,2026-09-28,2027-03-28,3312,Active
1932,131,189,2026-09-29,2026-10-29,2719,Completed
1518,3483,238,2026-09-29,2026-12-29,2859,Cancelled
1882,1320,356,2026-09-29,2027-03-29,2689,Active
3243,406,180,2026-09-29,2027-03-29,3457,Active
62,647,132,2026-09-29,2028-03-29,3622,Active
2222,2397,55,2026-09-29,2026-12-29,2869,Completed
637,2909,299,2026-09-29,2026-11-29,2323,Completed
1121,2129,24,2026-09-29,2026-10-29,4564,Completed
2408,793,53,2026-09-29,2028-03-29,2770,Active
579,5,306,2026-09-29,2027-09-29,2091,Active
1447,1889,86,2026-09-29,2027-03-29,3787,Active
919,1853,85,2026-09-29,2028-03-29,4447,Active
3372,2833,98,2026-09-29,2026-11-29,3550,Completed
3222,2162,59,2026-09-29,2026-10-29,3259,Cancelled
2624,2072,208,2026-09-29,2027-03-29,4464,Active
2393,1683,33,2026-09-30,2026-10-30,2547,Completed
804,144,147,2026-09-30,2026-12-30,2979,Cancelled
2166,160,298,2026-09-30,2026-12-30,3033,Completed
2799,3924,306,2026-09-30,2028-09-30,2632,Active
687,2840,43,2026-09-30,2026-12-30,3377,Completed
3465,3192,225,2026-09-30,2027-03-30,4881,Active
133,1181,252,2026-09-30,2026-12-30,4835,Completed
684,1349,67,2026-09-30,2027-09-30,3323,Active
1995,2736,140,2026-09-30,2026-11-30,2648,Completed
3267,3598,311,2026-09-30,2026-12-30,3701,Completed
891,1082,103,2026-09-30,2026-12-30,4801,Completed
2364,2445,108,2026-09-30,2026-12-30,3203,Completed
169,3646,65,2026-09-30,2026-11-30,4273,Completed
866,3399,104,2026-10-01,2026-11-01,3139,Completed
1655,1384,95,2026-10-01,2027-04-01,3959,Active
202,564,200,2026-10-01,2026-11-01,4468,Completed
2768,198,362,2026-10-01,2026-11-01,2699,Completed
15,2136,243,2026-10-01,2027-01-01,2200,Active
3284,793,358,2026-10-01,2026-11-01,2539,Completed
1354,2188,317,2026-10-01,2027-04-01,3805,Active
2332,2354,337,2026-10-01,2027-01-01,2191,Active
494,3328,76,2026-10-01,2026-11-01,3513,Completed
3015,1846,346,2026-10-01,2026-12-01,3249,Completed
1817,3307,64,2026-10-01,2028-10-01,4897,Active
755,2240,92,2026-10-02,2027-04-02,3997,Active
1809,521,119,2026-10-02,2027-04-02,2851,Active
572,2661,353,2026-10-02,2028-04-02,4574,Active
2988,1682,344,2026-10-02,2026-12-02,4411,Completed
1998,827,105,2026-10-02,2027-01-02,2542,Active
1630,710,145,2026-10-02,2027-01-02,4774,Active
383,2256,328,2026-10-03,2027-04-03,3121,Active
2200,3196,78,2026-10-03,2027-04-03,2962,Active
99,1501,327,2026-10-03,2027-04-03,2479,Active
1055,3844,187,2026-10-03,2027-04-03,2837,Active
1867,3630,150,2026-10-03,2026-12-03,4371,Completed
2067,748,231,2026-10-03,2028-04-03,3904,Active
3366,2812,102,2026-10-03,2027-01-03,2704,Active
471,1070,290,2026-10-03,2027-04-03,3422,Active
3173,208,371,2026-10-03,2027-04-03,3239,Active
3410,3663,107,2026-10-03,2027-10-03,4730,Active
3428,173,253,2026-10-03,2026-12-03,2953,Completed
73,2825,43,2026-10-04,2027-10-04,2752,Active
2758,3714,13,2026-10-04,2027-01-04,2894,Active
942,3638,72,2026-10-04,2026-11-04,2668,Completed
79,1391,147,2026-10-04,2027-01-04,3400,Active
2571,14,139,2026-10-04,2027-10-04,4658,Active
2333,3342,147,2026-10-04,2027-10-04,2727,Active
261,1258,112,2026-10-04,2027-10-04,2977,Active
1839,3225,302,2026-10-04,2026-11-04,2673,Completed
1012,2225,144,2026-10-04,2027-04-04,3830,Active
255,1435,147,2026-10-04,2026-11-04,3136,Completed
2068,697,292,2026-10-05,2027-10-05,3347,Active
808,396,371,2026-10-05,2028-10-05,2817,Active
1913,2027,51,2026-10-05,2026-11-05,2842,Completed
1719,2007,112,2026-10-05,2027-01-05,2611,Active
2825,2359,232,2026-10-05,2028-04-05,3029,Active
984,925,1,2026-10-05,2027-04-05,4651,Active
2890,822,342,2026-10-05,2027-10-05,2702,Active
2991,2692,342,2026-10-05,2027-01-05,3038,Active
1179,3585,160,2026-10-05,2028-04-05,4013,Active
3079,1547,86,2026-10-05,2027-10-05,3525,Active
2688,2279,121,2026-10-05,2026-12-05,2823,Completed
2237,2384,154,2026-10-05,2027-10-05,3429,Active
286,3153,80,2026-10-05,2026-11-05,3638,Completed
2296,1008,247,2026-10-05,2028-04-05,4931,Active
4,1295,48,2026-10-05,2027-10-05,3105,Active
776,1822,216,2026-10-05,2027-01-05,3727,Active
2199,984,25,2026-10-05,2028-04-05,2677,Active
1236,1775,156,2026-10-05,2028-04-05,2509,Active
3463,2240,16,2026-10-05,2026-12-05,3074,Cancelled
1904,3220,86,2026-10-05,2026-11-05,4472,Completed
767,37,338,2026-10-05,2027-01-05,4304,Active
2371,1099,361,2026-10-06,2026-11-06,4763,Completed
444,2486,114,2026-10-06,2028-04-06,2328,Active
924,3285,283,2026-10-06,2027-04-06,4643,Active
189,2843,216,2026-10-06,2027-01-06,3333,Active
2984,3216,85,2026-10-06,2027-04-06,3901,Active
1167,2682,29,2026-10-06,2026-12-06,2672,Completed
5,1131,122,2026-10-06,2026-12-06,2051,Completed
2223,2163,288,2026-10-06,2028-04-06,3047,Active
2986,1444,322,2026-10-06,2027-04-06,3491,Active
3438,2356,293,2026-10-06,2027-04-06,2205,Active
2126,3732,200,2026-10-06,2027-01-06,4092,Active
1819,2052,389,2026-10-06,2027-01-06,4483,Active
1016,63,189,2026-10-07,2027-01-07,3229,Active
1020,2843,368,2026-10-07,2027-04-07,2844,Active
2383,3454,322,2026-10-07,2027-01-07,4569,Active
3246,1340,338,2026-10-07,2027-04-07,3783,Active
2062,958,145,2026-10-07,2027-04-07,4299,Active
193,1882,243,2026-10-07,2028-04-07,2350,Active
3389,768,138,2026-10-07,2028-04-07,3884,Active
100,703,55,2026-10-07,2026-11-07,2592,Completed
2504,936,198,2026-10-07,2027-01-07,3059,Active
2863,688,247,2026-10-07,2027-04-07,4652,Active
3283,1986,270,2026-10-07,2027-10-07,4015,Active
3188,3614,111,2026-10-07,2026-11-07,4124,Completed
2307,572,358,2026-10-07,2027-01-07,2936,Active
1930,1063,160,2026-10-07,2026-11-07,4070,Completed
449,3349,327,2026-10-07,2027-10-07,2483,Active
3192,2675,66,2026-10-07,2027-10-07,2765,Active
1441,616,227,2026-10-07,2026-11-07,2818,Completed
874,1811,385,2026-10-07,2027-01-07,4115,Active
2691,130,237,2026-10-07,2026-12-07,4010,Completed
1767,514,48,2026-10-08,2026-11-08,2803,Completed
2461,1368,352,2026-10-08,2026-12-08,2449,Completed
3441,629,144,2026-10-08,2027-10-08,4597,Active
2477,1568,66,2026-10-08,2027-01-08,3053,Active
12,1239,359,2026-10-08,2026-12-08,2911,Completed
2458,2549,297,2026-10-08,2026-12-08,3877,Completed
1336,194,294,2026-10-08,2026-12-08,3809,Completed
1873,3777,23,2026-10-08,2027-01-08,3768,Active
1726,3301,353,2026-10-08,2027-10-08,3360,Active
1752,2002,170,2026-10-08,2028-04-08,2584,Active
3093,3730,65,2026-10-08,2026-11-08,4167,Completed
1412,2966,129,2026-10-08,2027-04-08,3450,Active
1795,1304,42,2026-10-08,2027-04-08,2668,Active
2451,521,298,2026-10-08,2028-04-08,3322,Active
1131,1876,337,2026-10-08,2028-04-08,2675,Active
2791,1247,288,2026-10-09,2026-11-09,2647,Completed
115,1276,121,2026-10-09,2026-11-09,2924,Completed
828,3235,146,2026-10-09,2027-01-09,2780,Active
1015,3354,170,2026-10-09,2027-10-09,2853,Active
3084,2557,203,2026-10-09,2027-10-09,3361,Active
588,2915,16,2026-10-09,2027-01-09,2577,Active
2411,1810,226,2026-10-09,2026-12-09,2979,Completed
2168,781,203,2026-10-09,2027-04-09,2557,Active
1542,2266,370,2026-10-09,2027-01-09,3489,Active
1806,3187,206,2026-10-09,2027-01-09,2536,Active
680,2490,17,2026-10-09,2027-10-09,4827,Active
3313,3245,384,2026-10-09,2027-04-09,2896,Active
2998,3180,185,2026-10-09,2027-04-09,4713,Active
1666,723,385,2026-10-09,2027-04-09,3937,Active
2134,3402,372,2026-10-10,2027-10-10,2759,Active
2425,1051,43,2026-10-10,2027-01-10,2566,Active
3033,1807,118,2026-10-10,2027-01-10,2584,Active
2429,2247,187,2026-10-10,2027-10-10,2193,Active
3399,2045,315,2026-10-10,2026-12-10,2053,Completed
3370,1639,299,2026-10-10,2026-12-10,2556,Completed
1272,2082,67,2026-10-10,2027-01-10,3183,Active
1158,281,248,2026-10-10,2026-11-10,2338,Completed
3492,3245,18,2026-10-10,2027-04-10,3147,Active
3134,2476,228,2026-10-10,2027-01-10,4327,Active
1612,386,91,2026-10-10,2027-10-10,2577,Active
2810,3080,110,2026-10-10,2027-10-10,2668,Active
2341,948,105,2026-10-10,2027-10-10,2178,Active
1372,2040,105,2026-10-10,2028-04-10,2750,Active
2913,2915,305,2026-10-10,2027-10-10,3514,Active
3102,3352,146,2026-10-10,2028-04-10,3414,Active
1591,2419,48,2026-10-10,2027-04-10,3432,Active
2620,1749,129,2026-10-10,2026-12-10,3708,Cancelled
360,1635,67,2026-10-10,2026-11-10,3685,Completed
630,897,302,2026-10-11,2026-11-11,3063,Completed
769,3441,321,2026-10-11,2026-12-11,2848,Completed
1300,2672,61,2026-10-11,2027-04-11,4960,Active
1177,1429,138,2026-10-11,2027-01-11,4476,Active
2471,1344,148,2026-10-11,2028-04-11,2978,Active
2204,1275,198,2026-10-11,2027-01-11,2269,Active
182,3841,63,2026-10-11,2027-01-11,3059,Active
1276,2796,25,2026-10-11,2026-11-11,2467,Cancelled
2100,3961,44,2026-10-11,2026-11-11,3046,Completed
220,3158,173,2026-10-11,2026-11-11,3127,Completed
1129,2833,243,2026-10-11,2027-01-11,2864,Active
1899,3384,43,2026-10-11,2027-10-11,3036,Active
1240,2854,187,2026-10-11,2027-01-11,2987,Active
1857,2869,232,2026-10-11,2026-11-11,3439,Completed
2150,2737,140,2026-10-11,2027-01-11,2212,Active
334,2812,48,2026-10-11,2027-04-11,2579,Active
3241,262,239,2026-10-12,2026-12-12,2527,Completed
475,3964,207,2026-10-12,2027-04-12,3553,Active
3352,457,43,2026-10-12,2026-12-12,2521,Completed
1569,1014,164,2026-10-12,2027-04-12,2894,Active
2673,526,208,2026-10-12,2026-12-12,3637,Completed
1871,1846,357,2026-10-12,2027-01-12,2661,Active
638,2295,82,2026-10-12,2027-01-12,3349,Active
1183,2394,60,2026-10-12,2026-12-12,3507,Completed
1256,2860,145,2026-10-13,2027-10-13,3671,Active
2413,2540,396,2026-10-13,2028-04-13,2458,Active
3026,3190,258,2026-10-13,2026-11-13,3902,Completed
2526,3042,240,2026-10-13,2026-11-13,3312,Completed
35,22,117,2026-10-13,2027-10-13,2626,Active
2896,3148,18,2026-10-13,2027-01-13,3242,Active
1365,3940,43,2026-10-13,2027-04-13,2676,Active
896,895,52,2026-10-13,2028-10-13,3216,Active
1827,75,294,2026-10-13,2027-10-13,3584,Active
2367,3343,308,2026-10-13,2026-12-13,4538,Completed
3077,3527,12,2026-10-13,2026-11-13,2700,Completed
453,2927,226,2026-10-13,2026-11-13,3596,Completed
3415,1912,110,2026-10-13,2027-04-13,2723,Active
2920,3849,17,2026-10-13,2028-04-13,3587,Active
1138,205,171,2026-10-13,2027-01-13,3664,Active
2083,3501,247,2026-10-13,2026-11-13,4678,Completed
319,198,349,2026-10-14,2027-10-14,4429,Active
609,117,392,2026-10-14,2026-11-14,4810,Completed
2815,1800,121,2026-10-14,2027-10-14,2146,Active
1352,532,67,2026-10-14,2026-11-14,3782,Completed
809,3097,203,2026-10-14,2027-04-14,3705,Active
3273,2907,302,2026-10-14,2026-12-14,3404,Completed
14,1483,161,2026-10-14,2027-01-14,4924,Active
540,2560,325,2026-10-14,2027-01-14,2542,Active
1267,1170,332,2026-10-14,2026-11-14,3875,Completed
521,3111,239,2026-10-14,2026-12-14,3311,Completed
2783,1275,253,2026-10-14,2027-10-14,2018,Active
1411,3392,111,2026-10-14,2027-01-14,4326,Active
3274,130,85,2026-10-15,2027-10-15,4262,Active
358,1439,395,2026-10-15,2027-01-15,4473,Active
2448,1260,238,2026-10-15,2027-10-15,3447,Active
1473,1693,327,2026-10-15,2026-12-15,3465,Cancelled
344,1735,389,2026-10-15,2026-12-15,4582,Completed
49,190,187,2026-10-15,2027-04-15,3169,Active
221,1820,278,2026-10-15,2027-04-15,3189,Active
2277,2013,85,2026-10-15,2026-11-15,4456,Completed
3359,1180,235,2026-10-15,2026-11-15,3336,Completed
3229,2809,397,2026-10-15,2026-11-15,2238,Completed
2563,22,386,2026-10-15,2028-04-15,2068,Active
1261,2073,139,2026-10-15,2027-01-15,4918,Active
1869,130,162,2026-10-15,2028-04-15,2406,Active
41,1083,308,2026-10-15,2027-04-15,4755,Active
2715,630,193,2026-10-15,2027-01-15,2320,Active
3424,3285,293,2026-10-15,2027-10-15,2697,Active
1636,63,327,2026-10-16,2026-12-16,2516,Completed
756,2787,310,2026-10-16,2027-01-16,4293,Active
1554,3052,92,2026-10-16,2027-01-16,4005,Active
1724,2809,180,2026-10-16,2027-01-16,3392,Active
829,1239,287,2026-10-16,2027-04-16,2974,Active
1533,2598,33,2026-10-16,2026-11-16,3090,Completed
2929,2677,328,2026-10-16,2027-04-16,3040,Active
2191,521,270,2026-10-16,2028-04-16,4657,Active
1625,1206,316,2026-10-16,2026-11-16,3996,Completed
2518,3175,352,2026-10-16,2027-10-16,2809,Active
2627,516,202,2026-10-16,2027-04-16,2664,Active
3182,1424,85,2026-10-16,2027-04-16,3828,Active
3202,286,188,2026-10-16,2027-01-16,3077,Active
1206,2852,367,2026-10-16,2026-12-16,2824,Completed
936,3377,136,2026-10-16,2026-11-16,4884,Completed
1051,2049,10,2026-10-16,2027-01-16,4483,Active
2527,106,307,2026-10-16,2026-12-16,3443,Completed
2767,1059,49,2026-10-16,2027-01-16,2425,Active
3218,3726,198,2026-10-16,2026-11-16,2766,Completed
2357,3554,193,2026-10-17,2027-04-17,2572,Active
2630,3454,162,2026-10-17,2027-04-17,2856,Active
481,302,85,2026-10-17,2026-12-17,4635,Completed
3320,3725,352,2026-10-17,2026-11-17,2324,Completed
659,2522,164,2026-10-17,2027-10-17,3150,Active
3120,73,108,2026-10-17,2027-10-17,3725,Active
989,390,216,2026-10-17,2026-12-17,3352,Completed
2143,1912,22,2026-10-17,2028-04-17,2801,Active
1433,601,235,2026-10-17,2026-12-17,3568,Completed
1434,1773,46,2026-10-17,2026-11-17,3964,Completed
149,392,256,2026-10-17,2028-10-17,2404,Active
1251,1297,183,2026-10-17,2026-12-17,2021,Completed
774,2915,143,2026-10-18,2027-04-18,3104,Active
2031,2545,368,2026-10-18,2027-04-18,2474,Active
168,2455,216,2026-10-18,2026-11-18,3336,Completed
3379,420,97,2026-10-18,2028-04-18,3372,Active
2258,3819,239,2026-10-18,2027-04-18,2503,Active
818,1063,85,2026-10-18,2027-01-18,4661,Active
2771,1083,55,2026-10-18,2027-04-18,2373,Active
2831,2162,161,2026-10-18,2026-12-18,4650,Completed
55,3639,315,2026-10-18,2027-01-18,2755,Active
740,1650,242,2026-10-18,2028-10-18,2338,Active
3453,3805,77,2026-10-18,2028-10-18,4020,Active
2866,3829,272,2026-10-18,2027-04-18,2659,Active
3217,2557,200,2026-10-18,2027-04-18,3327,Active
922,80,220,2026-10-18,2026-11-18,2171,Completed
302,2778,187,2026-10-18,2026-11-18,2230,Completed
2226,1592,193,2026-10-19,2026-11-19,2398,Completed
354,1803,146,2026-10-19,2026-12-19,2567,Cancelled
309,203,165,2026-10-19,2027-04-19,3499,Active
1546,3282,144,2026-10-19,2026-12-19,3886,Completed
2544,3442,317,2026-10-19,2026-11-19,4606,Cancelled
1671,3377,71,2026-10-19,2027-10-19,3483,Active
3086,3326,43,2026-10-19,2027-10-19,3301,Active
3115,744,22,2026-10-19,2028-10-19,3703,Active
751,3466,105,2026-10-19,2027-04-19,2969,Active
2957,3189,257,2026-10-19,2027-04-19,3146,Active
2326,886,320,2026-10-19,2026-11-19,3846,Completed
3329,2720,1,2026-10-19,2027-01-19,4268,Active
212,3243,293,2026-10-19,2027-04-19,2358,Active
1942,2323,148,2026-10-19,2027-04-19,2861,Active
331,3421,70,2026-10-19,2027-10-19,2620,Active
60,3557,380,2026-10-20,2027-04-20,4126,Active
3460,2445,50,2026-10-20,2027-04-20,2612,Active
2186,1219,193,2026-10-20,2027-04-20,2687,Active
3471,3632,15,2026-10-20,2026-11-20,2974,Completed
2449,1876,33,2026-10-20,2026-12-20,2956,Completed
1735,2144,328,2026-10-20,2027-04-20,3355,Active
2590,3703,214,2026-10-20,2026-11-20,2632,Completed
1381,3714,198,2026-10-20,2027-04-20,2987,Active
545,2519,247,2026-10-20,2027-01-20,4412,Active
3234,1204,87,2026-10-20,2027-04-20,4494,Active
1430,3482,392,2026-10-20,2027-04-20,4258,Active
3049,2712,361,2026-10-20,2026-12-20,4041,Completed
3053,3239,193,2026-10-20,2027-10-20,2684,Active
1745,165,272,2026-10-20,2028-04-20,3189,Active
1507,3768,378,2026-10-20,2027-10-20,3302,Active
3270,1429,61,2026-10-20,2026-12-20,3720,Completed
2440,3630,240,2026-10-20,2028-10-20,2748,Active
2781,2290,215,2026-10-20,2027-01-20,4543,Active
3290,1806,380,2026-10-20,2027-04-20,4156,Active
300,1077,80,2026-10-20,2026-12-20,3199,Completed
1593,1935,359,2026-10-20,2027-04-20,3144,Active
3324,1682,216,2026-10-20,2028-10-20,2807,Active
3328,390,302,2026-10-20,2026-12-20,2659,Completed
2903,1497,342,2026-10-20,2026-11-20,2333,Completed
2318,3396,73,2026-10-20,2027-04-20,2609,Active
2317,1266,317,2026-10-20,2027-04-20,3926,Active
2310,2085,107,2026-10-20,2027-10-20,3602,Active
1292,3449,201,2026-10-20,2027-01-20,2566,Active
2702,261,396,2026-10-20,2027-10-20,2800,Active
3004,3007,208,2026-10-21,2026-11-21,4632,Completed
357,2199,86,2026-10-21,2027-01-21,4676,Active
58,1529,179,2026-10-21,2027-10-21,3178,Active
3286,2870,61,2026-10-21,2026-11-21,4964,Completed
3231,2497,133,2026-10-21,2027-04-21,3646,Active
3075,2467,101,2026-10-21,2027-04-21,2904,Active
2787,3378,272,2026-10-21,2026-12-21,2174,Completed
1923,1665,175,2026-10-21,2027-01-21,2331,Active
1772,3595,43,2026-10-21,2026-11-21,3557,Completed
2106,1829,344,2026-10-21,2026-11-21,4119,Completed
2790,3111,301,2026-10-21,2026-12-21,3638,Completed
1339,1416,366,2026-10-21,2027-10-21,4861,Active
1727,2627,90,2026-10-21,2027-04-21,2577,Active
1688,2162,396,2026-10-21,2027-01-21,3192,Active
2598,2962,109,2026-10-21,2028-04-21,3088,Active
1204,337,397,2026-10-21,2027-04-21,3036,Active
2664,2915,160,2026-10-22,2027-01-22,3567,Active
152,2337,243,2026-10-22,2027-04-22,2850,Active
1736,1112,345,2026-10-22,2027-10-22,3685,Active
1895,2712,159,2026-10-22,2027-10-22,3098,Active
968,2780,65,2026-10-22,2027-01-22,3832,Active
3319,92,264,2026-10-22,2027-04-22,2930,Active
3097,2685,15,2026-10-22,2026-12-22,2868,Completed
881,1882,192,2026-10-22,2027-04-22,2743,Active
400,3184,310,2026-10-22,2026-11-22,4338,Cancelled
3065,483,240,2026-10-22,2026-12-22,3706,Cancelled
1003,1029,85,2026-10-22,2026-11-22,4645,Completed
602,1811,231,2026-10-22,2027-10-22,3300,Active
2967,141,22,2026-10-22,2028-10-22,3735,Active
3,861,98,2026-10-22,2026-11-22,3552,Completed
995,1945,38,2026-10-22,2027-01-22,2865,Active
3419,3085,155,2026-10-23,2027-04-23,2109,Active
2648,2980,346,2026-10-23,2028-04-23,2814,Active
2210,37,243,2026-10-23,2026-11-23,2449,Completed
3400,2646,300,2026-10-23,2026-11-23,3640,Completed
957,373,342,2026-10-23,2026-12-23,3438,Completed
1751,944,193,2026-10-23,2027-10-23,2998,Active
1747,2517,118,2026-10-23,2027-10-23,3424,Active
992,256,148,2026-10-23,2026-11-23,3429,Cancelled
3294,822,317,2026-10-23,2026-11-23,4994,Completed
1450,2191,216,2026-10-23,2026-12-23,3349,Completed
2726,3348,193,2026-10-23,2027-10-23,2586,Active
2208,914,320,2026-10-23,2026-11-23,3756,Completed
151,419,357,2026-10-23,2026-11-23,3105,Completed
1392,3622,164,2026-10-23,2028-10-23,2604,Active
2079,389,81,2026-10-23,2027-01-23,2591,Active
461,3588,243,2026-10-23,2028-04-23,2793,Active
10,2170,321,2026-10-23,2026-12-23,3063,Completed
744,3448,43,2026-10-23,2026-11-23,2668,Cancelled
2037,2770,144,2026-10-23,2027-01-23,4224,Active
1147,3255,16,2026-10-23,2027-04-23,3002,Active
2682,1526,278,2026-10-24,2027-10-24,2783,Active
955,3480,369,2026-10-24,2027-04-24,2938,Active
30,956,375,2026-10-24,2026-12-24,3617,Completed
1283,1306,54,2026-10-24,2027-10-24,2343,Active
21,1686,366,2026-10-24,2026-11-24,3578,Completed
1157,1720,189,2026-10-24,2026-11-24,2719,Completed
2386,3676,18,2026-10-24,2027-10-24,2676,Active
2395,3525,173,2026-10-24,2028-10-24,3430,Active
2391,84,13,2026-10-24,2027-10-24,3194,Active
1982,401,198,2026-10-24,2027-04-24,2988,Active
3293,2384,399,2026-10-24,2028-04-24,3554,Active
2974,3056,276,2026-10-24,2026-11-24,3085,Completed
518,3883,43,2026-10-24,2026-11-24,2928,Completed
314,294,93,2026-10-24,2027-01-24,4773,Active
1172,1490,270,2026-10-24,2027-04-24,3522,Active
2573,3026,285,2026-10-24,2026-11-24,3298,Completed
2500,2140,273,2026-10-24,2027-01-24,2196,Active
2390,869,194,2026-10-24,2027-10-24,2888,Active
3105,3603,380,2026-10-24,2027-01-24,4168,Active
734,115,329,2026-10-24,2026-11-24,4486,Completed
905,1215,12,2026-10-24,2027-04-24,3158,Active
2239,2140,67,2026-10-24,2027-04-24,3203,Active
2159,2467,116,2026-10-24,2027-01-24,2182,Active
1874,2867,179,2026-10-24,2027-01-24,2483,Active
121,3821,214,2026-10-25,2028-04-25,2764,Active
394,1444,323,2026-10-25,2027-01-25,3367,Active
2870,3019,238,2026-10-25,2027-04-25,3062,Active
1812,1305,328,2026-10-25,2026-12-25,2922,Completed
1304,3518,257,2026-10-25,2026-11-25,2210,Completed
3451,3299,400,2026-10-25,2026-12-25,3956,Completed
466,17,152,2026-10-25,2026-12-25,3719,Completed
3436,703,60,2026-10-25,2027-01-25,4679,Active
2457,1014,400,2026-10-25,2026-11-25,3610,Completed
26,3486,384,2026-10-25,2026-11-25,2449,Completed
3248,244,319,2026-10-25,2026-11-25,2719,Cancelled
1457,1998,153,2026-10-25,2027-10-25,2712,Active
1356,2049,343,2026-10-25,2028-04-25,2842,Active
819,2157,50,2026-10-25,2027-10-25,2994,Active
1263,3466,357,2026-10-25,2028-04-25,3253,Active
92,3074,22,2026-10-25,2028-04-25,2501,Active
3464,17,379,2026-10-25,2026-11-25,2990,Completed
3183,1932,61,2026-10-25,2027-01-25,3925,Active
835,2636,145,2026-10-25,2027-01-25,3616,Active
1355,559,119,2026-10-25,2026-11-25,2601,Completed
2582,2170,352,2026-10-25,2027-10-25,2521,Active
3116,1765,238,2026-10-26,2028-04-26,3705,Active
402,1497,8,2026-10-26,2027-01-26,2973,Active
3204,1108,216,2026-10-26,2028-10-26,2870,Active
2875,494,380,2026-10-26,2028-04-26,3738,Active
3131,3714,284,2026-10-26,2027-01-26,2611,Active
1448,1047,326,2026-10-26,2028-04-26,3353,Active
1446,2470,111,2026-10-26,2028-10-26,4883,Active
1522,1956,43,2026-10-26,2026-12-26,3598,Completed
1353,113,146,2026-10-26,2027-04-26,3712,Active
252,3431,80,2026-10-26,2027-01-26,3473,Active
1594,2709,333,2026-10-26,2027-04-26,2794,Active
3186,2563,251,2026-10-26,2028-10-26,4107,Active
364,2394,284,2026-10-26,2027-10-26,3438,Active
2254,2470,165,2026-10-26,2028-04-26,3442,Active
1708,3548,353,2026-10-26,2026-12-26,4574,Completed
1703,1902,46,2026-10-26,2027-10-26,3419,Active
2854,3674,375,2026-10-26,2027-10-26,2994,Active
1575,3798,3,2026-10-26,2026-11-26,3870,Completed
574,2312,380,2026-10-26,2026-12-26,3769,Completed
2938,3372,207,2026-10-26,2027-10-26,3743,Active
448,226,149,2026-10-26,2027-04-26,3586,Active
2234,1286,242,2026-10-26,2027-01-26,2160,Active
2020,131,236,2026-10-26,2026-11-26,3823,Completed
1088,3279,306,2026-10-26,2027-04-26,3073,Active
3176,2718,82,2026-10-26,2026-12-26,3092,Completed
3404,386,301,2026-10-26,2027-01-26,3354,Active
1067,250,12,2026-10-27,2026-11-27,2638,Completed
1125,138,106,2026-10-27,2026-12-27,2820,Completed
1150,1995,193,2026-10-27,2026-11-27,2451,Completed
1140,3819,260,2026-10-27,2028-04-27,2624,Active
1173,604,260,2026-10-27,2027-01-27,2603,Active
1266,2157,167,2026-10-27,2026-11-27,4508,Completed
2956,1839,191,2026-10-27,2026-11-27,3654,Cancelled
1782,805,340,2026-10-27,2026-11-27,2554,Completed
161,201,180,2026-10-27,2027-01-27,2847,Active
3394,2140,30,2026-10-27,2026-11-27,3774,Completed
1796,593,148,2026-10-27,2027-01-27,3426,Active
1824,2658,264,2026-10-27,2026-12-27,3196,Completed
2216,593,227,2026-10-27,2027-04-27,2609,Active
78,2140,174,2026-10-27,2026-11-27,2721,Completed
155,3562,153,2026-10-27,2026-12-27,3166,Completed
1967,3609,17,2026-10-27,2026-12-27,4537,Completed
2907,3569,288,2026-10-27,2027-04-27,3000,Active
1551,828,250,2026-10-27,2027-04-27,2240,Active
7,3773,17,2026-10-27,2026-12-27,3571,Completed
2487,214,215,2026-10-27,2027-10-27,4706,Active
3496,2988,380,2026-10-27,2027-01-27,3962,Active
593,269,309,2026-10-27,2027-10-27,3923,Active
19,3736,303,2026-10-27,2027-01-27,3500,Active
2839,987,221,2026-10-27,2026-11-27,3692,Completed
1176,2582,54,2026-10-28,2027-04-28,2902,Active
793,76,182,2026-10-28,2027-04-28,3309,Active
1822,2077,144,2026-10-28,2026-11-28,3541,Completed
2525,143,110,2026-10-28,2026-11-28,3189,Cancelled
538,2369,380,2026-10-28,2028-04-28,3697,Active
3057,915,308,2026-10-28,2027-01-28,4344,Active
1296,2325,5,2026-10-28,2026-11-28,3414,Completed
1619,2688,22,2026-10-28,2027-04-28,2862,Active
3322,846,1,2026-10-28,2026-11-28,4751,Completed
651,2142,122,2026-10-28,2027-01-28,2022,Active
327,1148,97,2026-10-28,2027-04-28,2602,Active
2819,517,332,2026-10-28,2028-04-28,3742,Active
3311,3151,7,2026-10-28,2027-04-28,3465,Active
3310,537,250,2026-10-28,2027-10-28,2966,Active
2265,3466,152,2026-10-28,2027-10-28,3585,Active
1479,420,4,2026-10-29,2026-11-29,2819,Completed
9,1639,173,2026-10-29,2026-12-29,2768,Completed
1517,130,128,2026-10-29,2027-01-29,2777,Active
310,3256,358,2026-10-29,2027-04-29,2451,Active
3483,776,12,2026-10-29,2028-10-29,2672,Active
1565,604,92,2026-10-29,2026-11-29,4154,Cancelled
3187,1680,16,2026-10-29,2026-11-29,3025,Completed
1973,3994,7,2026-10-29,2028-10-29,3100,Active
2672,940,272,2026-10-29,2027-04-29,2099,Active
51,2735,332,2026-10-29,2027-10-29,3264,Active
3430,164,139,2026-10-29,2027-01-29,4951,Active
1826,805,132,2026-10-29,2026-11-29,3570,Cancelled
2328,22,248,2026-10-29,2027-04-29,2666,Active
31,2325,54,2026-10-29,2027-04-29,2436,Active
1374,261,49,2026-10-29,2027-10-29,2513,Active
2074,266,243,2026-10-29,2027-10-29,2757,Active
707,3907,292,2026-10-29,2026-11-29,3399,Completed
3046,1317,209,2026-10-29,2027-10-29,2849,Active
1130,3580,162,2026-10-29,2027-10-29,2651,Active
1136,2101,46,2026-10-29,2026-11-29,3550,Completed
2924,2376,8,2026-10-29,2026-11-29,2430,Completed
993,709,299,2026-10-29,2027-01-29,2715,Active
3032,521,229,2026-10-29,2026-12-29,2049,Completed
3172,311,322,2026-10-30,2027-01-30,3283,Active
730,3018,284,2026-10-30,2027-01-30,3395,Active
171,805,317,2026-10-30,2027-10-30,4169,Active
2591,2357,294,2026-10-30,2027-01-30,4767,Active
2161,850,264,2026-10-30,2026-11-30,2464,Completed
3382,3303,107,2026-10-30,2027-04-30,4472,Active
1850,646,3,2026-10-30,2027-04-30,3708,Active
3342,2826,380,2026-10-30,2027-10-30,4658,Active
159,3100,24,2026-10-30,2027-10-30,4127,Active
2744,3569,66,2026-10-30,2028-10-30,2878,Active
1912,365,187,2026-10-30,2027-10-30,2758,Active
2895,3137,284,2026-10-30,2027-01-30,2511,Active
3214,3622,284,2026-10-30,2027-04-30,2528,Active
895,829,200,2026-10-30,2027-04-30,4184,Active
1349,1811,302,2026-10-30,2026-12-30,3235,Completed
3074,3727,187,2026-10-30,2027-01-30,2758,Active
784,397,23,2026-10-30,2027-01-30,4823,Active
1165,1970,372,2026-10-30,2026-11-30,3788,Completed
2766,2167,143,2026-10-30,2026-11-30,3113,Cancelled
1975,3949,349,2026-10-30,2027-01-30,4941,Active
762,2144,71,2026-10-30,2027-04-30,3412,Active
2801,2432,115,2026-10-30,2026-12-30,3136,Completed
3288,164,191,2026-10-30,2026-11-30,3206,Completed
1491,2646,358,2026-10-30,2027-04-30,3404,Active
752,1893,193,2026-10-30,2026-12-30,2463,Completed
2264,426,193,2026-10-31,2027-10-31,2303,Active
3239,3538,43,2026-10-31,2028-04-30,3020,Active
423,1528,8,2026-10-31,2027-01-31,2203,Active
2792,3256,158,2026-10-31,2027-04-30,3200,Active
611,2839,86,2026-10-31,2027-04-30,4943,Active
3052,3132,95,2026-10-31,2027-10-31,3907,Active
3094,3907,89,2026-10-31,2026-11-30,2285,Cancelled
399,3299,309,2026-10-31,2027-04-30,4063,Active
1606,575,383,2026-10-31,2027-04-30,2309,Active
1570,51,80,2026-10-31,2026-12-31,2557,Completed
2404,1981,243,2026-10-31,2027-04-30,2884,Active
2761,1317,72,2026-10-31,2026-12-31,2691,Completed
2793,2543,324,2026-10-31,2026-11-30,3562,Cancelled
1419,1253,136,2026-10-31,2027-01-31,4600,Active
594,370,73,2026-10-31,2028-04-30,3794,Active
3403,1207,318,2026-10-31,2027-10-31,2613,Active
2140,2801,299,2026-10-31,2027-10-31,2671,Active
1977,47,353,2026-10-31,2026-11-30,4574,Completed
2880,3554,111,2026-10-31,2026-11-30,3816,Completed
909,824,180,2026-10-31,2026-12-31,3398,Completed
906,1532,80,2026-10-31,2027-01-31,3493,Active
3487,79,380,2026-10-31,2026-11-30,4599,Completed
1983,3991,25,2026-10-31,2027-04-30,2657,Active
80,3004,346,2026-11-01,2026-12-01,2361,Completed
2955,336,365,2026-11-01,2026-12-01,2237,Completed
688,336,220,2026-11-01,2027-01-01,2515,Active
3489,3004,198,2026-11-01,2026-12-01,2654,Completed
2454,3004,204,2026-11-01,2027-11-01,2352,Active
3289,95,313,2026-11-02,2027-02-02,3189,Active
1519,95,213,2026-11-02,2026-12-02,3531,Completed
768,3852,328,2026-11-02,2027-05-02,3004,Active
2660,3624,176,2026-11-02,2027-11-02,3090,Active
3262,134,137,2026-11-03,2026-12-03,2870,Completed
2634,3634,210,2026-11-03,2028-05-03,3528,Active
913,134,352,2026-11-03,2027-11-03,2965,Active
2427,3634,325,2026-11-03,2027-02-03,2095,Active
122,338,168,2026-11-04,2027-01-04,3725,Active
3161,3336,124,2026-11-04,2028-11-04,3769,Active
2472,338,132,2026-11-04,2027-11-04,3276,Active
1733,3490,110,2026-11-04,2027-05-04,2937,Active
409,338,273,2026-11-04,2027-11-04,3104,Active
1695,3336,193,2026-11-04,2026-12-04,2976,Completed
2030,3960,93,2026-11-05,2027-05-05,4510,Active
1510,3720,196,2026-11-06,2027-02-06,4936,Active
858,3720,122,2026-11-06,2028-05-06,2804,Active
1963,2422,339,2026-11-06,2027-02-06,3030,Active
2410,3596,339,2026-11-06,2027-01-06,3389,Active
1025,3171,339,2026-11-06,2028-05-06,2587,Active
2714,3779,22,2026-11-06,2027-11-06,2592,Active
667,357,339,2026-11-06,2026-12-06,3208,Completed
1811,237,339,2026-11-06,2028-05-06,2651,Active
3184,3720,395,2026-11-06,2028-05-06,4269,Active
2381,3779,259,2026-11-06,2028-11-06,3200,Active
669,1786,287,2026-11-06,2026-12-06,3052,Completed
257,318,339,2026-11-06,2027-01-06,3185,Active
2071,1772,339,2026-11-06,2028-05-06,3457,Active
2834,3720,384,2026-11-06,2027-01-06,2225,Active
963,3720,196,2026-11-06,2027-01-06,4169,Active
1901,1786,138,2026-11-06,2027-02-06,3863,Active
114,3799,339,2026-11-06,2026-12-06,2917,Completed
3439,1792,339,2026-11-06,2027-05-06,3085,Active
1698,3943,339,2026-11-06,2027-11-06,3336,Active
1890,1251,339,2026-11-06,2028-05-06,2417,Active
277,1292,190,2026-11-07,2027-05-07,3180,Active
1701,778,264,2026-11-07,2027-02-07,3082,Active
2656,1292,18,2026-11-07,2027-02-07,3289,Active
1979,778,280,2026-11-07,2027-01-07,3549,Active
1970,1292,371,2026-11-07,2026-12-07,3782,Completed
1595,3503,313,2026-11-07,2026-12-07,3643,Completed
706,1292,115,2026-11-07,2027-05-07,3092,Active
178,3811,248,2026-11-08,2027-11-08,3022,Active
1734,3875,25,2026-11-08,2026-12-08,3025,Completed
3292,1134,330,2026-11-08,2027-11-08,3035,Active
2167,3811,42,2026-11-08,2027-05-08,3026,Active
2057,3811,71,2026-11-08,2027-01-08,3503,Active
1931,3875,133,2026-11-08,2027-02-08,3085,Active
2312,278,320,2026-11-08,2027-11-08,4728,Active
1605,3875,327,2026-11-08,2026-12-08,3279,Completed
3156,3875,48,2026-11-08,2027-05-08,2756,Active
2933,12,86,2026-11-09,2027-01-09,3887,Active
716,12,202,2026-11-09,2027-11-09,3533,Active
3250,12,253,2026-11-09,2027-05-09,2527,Active
1953,12,202,2026-11-09,2027-02-09,3262,Active
2228,1890,235,2026-11-10,2026-12-10,2981,Completed
2835,303,341,2026-11-11,2027-05-11,3283,Active
263,664,341,2026-11-11,2027-02-11,2419,Active
403,99,341,2026-11-11,2027-11-11,2861,Active
3256,1453,309,2026-11-11,2027-05-11,4221,Active
1297,1734,95,2026-11-12,2027-02-12,4638,Active
215,2573,138,2026-11-12,2028-05-12,4639,Active
3083,1101,259,2026-11-12,2026-12-12,2822,Completed
304,1734,235,2026-11-12,2027-02-12,3511,Active
470,2525,182,2026-11-12,2026-12-12,2965,Completed
2481,2849,323,2026-11-13,2027-05-13,3381,Active
1721,1791,300,2026-11-13,2027-05-13,3661,Active
2511,2849,167,2026-11-13,2027-05-13,4090,Active
418,2849,327,2026-11-13,2027-05-13,2368,Active
2844,2849,3,2026-11-13,2026-12-13,4564,Completed
2703,2047,86,2026-11-13,2026-12-13,3777,Completed
1153,3592,122,2026-11-14,2026-12-14,2737,Completed
2666,3592,207,2026-11-14,2027-02-14,3220,Active
1907,3316,329,2026-11-15,2027-02-15,3911,Active
2101,3416,272,2026-11-15,2026-12-15,2317,Completed
2115,3416,171,2026-11-15,2027-05-15,3952,Active
308,3511,180,2026-11-16,2027-02-16,3291,Active
109,3935,219,2026-11-17,2027-11-17,3064,Active
2557,459,395,2026-11-17,2028-05-17,4590,Active
1034,3935,339,2026-11-17,2027-05-17,3276,Active
1711,3463,155,2026-11-19,2026-12-19,2307,Completed
1201,2879,198,2026-11-20,2026-12-20,2964,Completed
797,718,367,2026-11-20,2027-02-20,2058,Active
2992,2138,159,2026-11-21,2026-12-21,3549,Cancelled
2684,381,216,2026-11-21,2027-11-21,3292,Active
1683,3058,204,2026-11-21,2027-11-21,2645,Active
1357,2138,287,2026-11-21,2027-05-21,2455,Active
2536,1926,367,2026-11-23,2027-05-23,2189,Active
2751,1926,228,2026-11-23,2027-02-23,3846,Active
1787,3298,188,2026-11-24,2028-11-24,2485,Active
2036,3469,254,2026-11-24,2027-05-24,3680,Active
1578,1793,54,2026-11-24,2027-05-24,2094,Active
1658,1793,247,2026-11-24,2027-01-24,4341,Active
2198,3298,386,2026-11-24,2027-11-24,2366,Active
2922,2133,295,2026-11-24,2027-11-24,3671,Active
2704,1473,322,2026-11-26,2027-02-26,3565,Active
3179,2960,244,2026-11-26,2027-02-26,4754,Active
657,2960,357,2026-11-26,2026-12-26,3274,Completed
2841,345,289,2026-11-27,2026-12-27,4742,Completed
567,838,188,2026-11-27,2026-12-27,2797,Completed
2240,2401,396,2026-11-27,2027-05-27,3176,Active
2693,838,106,2026-11-27,2027-05-27,2884,Active
987,3619,267,2026-11-27,2027-05-27,3718,Active
1042,2725,358,2026-11-28,2027-11-28,2633,Active
844,1198,67,2026-11-28,2027-02-28,2621,Active
1426,2053,299,2026-11-30,2027-05-30,2443,Active
917,2720,261,2026-12-01,2027-03-01,3341,Active
13,331,261,2026-12-01,2027-06-01,2846,Active
1400,236,36,2026-12-01,2027-01-01,2216,Active
1077,236,280,2026-12-01,2028-06-01,3352,Active
203,1021,261,2026-12-01,2027-02-01,2332,Active
259,3297,324,2026-12-01,2027-02-01,3921,Active
1237,1532,261,2026-12-01,2027-01-01,3410,Active
2943,2391,261,2026-12-01,2027-06-01,2989,Active
243,3297,38,2026-12-01,2027-03-01,3601,Active
290,642,261,2026-12-01,2027-12-01,3179,Active
2586,3428,261,2026-12-01,2027-03-01,3113,Active
1521,2803,261,2026-12-01,2027-03-01,2311,Active
1395,3678,261,2026-12-01,2027-01-01,3059,Active
1202,48,261,2026-12-01,2027-01-01,2439,Active
1394,3491,10,2026-12-01,2027-02-01,3444,Active
70,2062,33,2026-12-01,2027-03-01,2730,Active
295,3297,292,2026-12-01,2027-06-01,2514,Active
2745,1656,349,2026-12-02,2027-02-02,4741,Active
624,1142,183,2026-12-02,2028-12-02,2836,Active
1498,1142,195,2026-12-02,2027-01-02,3732,Active
1347,1142,356,2026-12-02,2027-01-02,2475,Active
1781,2309,334,2026-12-03,2027-02-03,3739,Active
2607,2972,334,2026-12-03,2027-12-03,3126,Active
2324,2449,334,2026-12-03,2027-06-03,3589,Active
1069,438,334,2026-12-03,2027-02-03,3170,Active
1024,2153,334,2026-12-03,2027-06-03,2979,Active
2802,1662,146,2026-12-03,2027-02-03,3482,Active
792,3987,334,2026-12-03,2027-01-03,2969,Active
1481,2598,334,2026-12-03,2027-12-03,2515,Active
39,3633,218,2026-12-03,2027-03-03,3334,Active
1008,3137,334,2026-12-03,2027-12-03,2911,Active
2989,2,334,2026-12-03,2028-06-03,3425,Active
298,1662,205,2026-12-03,2027-12-03,3152,Active
1001,3323,334,2026-12-03,2027-02-03,3317,Active
1709,1824,334,2026-12-03,2027-02-03,3655,Active
3174,2666,252,2026-12-03,2027-12-03,4822,Active
999,798,23,2026-12-05,2027-06-05,4188,Active
1246,485,246,2026-12-05,2027-03-05,3078,Active
2122,2612,193,2026-12-05,2027-01-05,2864,Active
340,1535,228,2026-12-05,2027-03-05,4218,Active
450,798,371,2026-12-05,2027-01-05,3522,Active
2765,3073,190,2026-12-06,2027-12-06,3018,Active
1588,3073,33,2026-12-06,2027-06-06,3354,Active
3025,3990,241,2026-12-06,2027-03-06,2180,Active
673,3172,354,2026-12-06,2027-02-06,3124,Active
177,961,3,2026-12-06,2027-02-06,4490,Active
2845,3073,361,2026-12-06,2027-03-06,3951,Active
899,3073,174,2026-12-06,2027-12-06,2709,Active
17,3172,56,2026-12-06,2028-06-06,2559,Active
534,3897,218,2026-12-07,2027-03-07,4013,Active
1531,1866,331,2026-12-07,2027-01-07,4204,Active
465,3584,259,2026-12-07,2027-03-07,2849,Active
1914,482,128,2026-12-07,2028-06-07,2709,Active
1884,3584,33,2026-12-07,2027-01-07,2925,Active
1496,1866,358,2026-12-07,2027-03-07,3168,Active
1848,3897,150,2026-12-07,2028-12-07,4153,Active
2015,3043,224,2026-12-08,2027-01-08,3789,Active
1190,3995,300,2026-12-08,2027-06-08,3554,Active
3010,36,224,2026-12-08,2027-02-08,3926,Active
3196,2004,224,2026-12-08,2027-06-08,4684,Active
634,1471,224,2026-12-08,2027-01-08,4319,Active
1556,3056,224,2026-12-08,2027-03-08,4304,Active
2788,3869,224,2026-12-08,2027-02-08,4861,Active
996,2498,224,2026-12-08,2027-02-08,4982,Active
3095,1578,224,2026-12-08,2027-12-08,4197,Active
962,90,224,2026-12-08,2027-02-08,4665,Active
2724,1281,164,2026-12-09,2027-02-09,2963,Active
1207,1281,388,2026-12-09,2027-03-09,2899,Active
1877,1395,365,2026-12-10,2027-06-10,2597,Active
2652,1395,129,2026-12-10,2027-01-10,3061,Active
1681,1395,93,2026-12-10,2027-12-10,3532,Active
2508,3937,63,2026-12-11,2027-01-11,2256,Active
1161,3267,336,2026-12-11,2027-02-11,3486,Active
1432,132,360,2026-12-11,2027-03-11,3222,Active
3280,3840,247,2026-12-11,2028-12-11,4456,Active
1159,3267,306,2026-12-11,2027-06-11,2776,Active
2633,2200,203,2026-12-12,2027-03-12,3492,Active
386,2200,290,2026-12-12,2027-06-12,3304,Active
3041,2200,377,2026-12-12,2027-03-12,2611,Active
2752,620,67,2026-12-12,2027-01-12,3315,Active
3118,3748,383,2026-12-13,2027-02-13,3419,Active
3058,3748,342,2026-12-13,2027-01-13,2384,Active
3468,2177,380,2026-12-13,2027-01-13,4417,Active
1515,2892,218,2026-12-13,2027-03-13,3217,Active
2707,3748,125,2026-12-13,2027-01-13,2927,Active
2338,3748,64,2026-12-13,2027-06-13,4380,Active
1295,2710,280,2026-12-13,2028-06-13,3438,Active
2721,2892,317,2026-12-13,2027-12-13,4630,Active
3151,2775,392,2026-12-14,2027-03-14,4769,Active
827,1157,360,2026-12-14,2027-03-14,2805,Active
2934,1157,113,2026-12-14,2027-06-14,2780,Active
551,2775,328,2026-12-14,2028-06-14,3166,Active
724,2775,172,2026-12-14,2027-06-14,3082,Active
1059,488,382,2026-12-15,2027-06-15,4488,Active
627,488,356,2026-12-15,2027-03-15,3050,Active
2379,3531,208,2026-12-16,2027-06-16,4051,Active
1723,3126,94,2026-12-16,2027-01-16,2631,Active
2589,3805,94,2026-12-16,2027-01-16,2571,Active
2857,704,94,2026-12-16,2027-03-16,2420,Active
3160,116,94,2026-12-16,2027-06-16,2526,Active
1756,3745,205,2026-12-16,2027-06-16,2527,Active
1369,3745,100,2026-12-16,2027-03-16,2800,Active
1742,3984,94,2026-12-16,2027-01-16,2982,Active
1405,3531,373,2026-12-16,2028-12-16,3080,Active
1011,1263,94,2026-12-16,2027-03-16,2391,Active
1864,3548,94,2026-12-16,2027-06-16,3248,Active
1104,2846,94,2026-12-16,2027-06-16,3022,Active
547,1116,94,2026-12-16,2027-12-16,3368,Active
1626,664,94,2026-12-16,2027-06-16,2930,Active
2995,3531,156,2026-12-16,2027-02-16,3141,Active
677,3978,41,2026-12-17,2027-01-17,3513,Active
1692,831,145,2026-12-17,2027-12-17,3871,Active
601,831,199,2026-12-17,2027-01-17,2462,Active
2325,3978,293,2026-12-17,2027-02-17,2459,Active
2424,591,153,2026-12-19,2027-12-19,3535,Active
2125,1608,150,2026-12-19,2027-06-19,4269,Active
1057,449,205,2026-12-19,2027-01-19,3158,Active
2416,1608,384,2026-12-19,2027-03-19,2160,Active
2177,3682,190,2026-12-20,2027-12-20,2696,Active
318,3682,251,2026-12-20,2027-01-20,4764,Active
2872,3682,106,2026-12-20,2027-03-20,3597,Active
1064,3144,237,2026-12-20,2027-03-20,4606,Active
148,2641,284,2026-12-20,2027-02-20,3112,Active
2375,1711,289,2026-12-21,2027-03-21,4843,Active
977,1225,31,2026-12-21,2027-06-21,2526,Active
3014,1799,16,2026-12-22,2027-02-22,2824,Active
191,207,349,2026-12-22,2027-01-22,4820,Active
1760,3696,315,2026-12-22,2027-02-22,2161,Active
2093,432,309,2026-12-22,2027-06-22,4103,Active
782,729,46,2026-12-24,2027-06-24,4412,Active
301,1708,148,2026-12-24,2028-06-24,2304,Active
746,729,301,2026-12-24,2027-06-24,3260,Active
1111,249,251,2026-12-24,2028-06-24,4991,Active
2480,729,122,2026-12-24,2027-06-24,3063,Active
3272,2626,138,2026-12-24,2027-03-24,3957,Active
2645,2626,295,2026-12-24,2027-06-24,3042,Active
222,2626,52,2026-12-24,2028-06-24,3852,Active
3037,1657,19,2026-12-25,2027-06-25,3816,Active
1648,689,19,2026-12-25,2027-12-25,3708,Active
1950,3895,19,2026-12-25,2027-03-25,3735,Active
313,767,21,2026-12-25,2027-06-25,2803,Active
201,3313,19,2026-12-25,2027-06-25,4631,Active
3380,124,19,2026-12-25,2028-06-25,4641,Active
698,2738,19,2026-12-25,2027-02-25,4444,Active
972,3776,19,2026-12-25,2027-03-25,4046,Active
111,3343,19,2026-12-25,2028-12-25,3564,Active
2760,2559,19,2026-12-25,2027-06-25,4607,Active
1346,1434,19,2026-12-25,2027-02-25,3612,Active
2203,2376,19,2026-12-25,2028-06-25,4691,Active
2428,2036,379,2026-12-26,2027-12-26,2214,Active
3392,2567,378,2026-12-26,2027-01-26,3195,Active
1616,418,107,2026-12-26,2027-01-26,4291,Active
733,418,300,2026-12-26,2027-03-26,2512,Active
361,263,160,2026-12-26,2027-02-26,4437,Active
2445,2503,363,2026-12-26,2027-03-26,3170,Active
3091,263,191,2026-12-26,2027-02-26,2886,Active
795,2503,226,2026-12-26,2027-01-26,3596,Active
3397,2503,218,2026-12-26,2027-12-26,3301,Active
1691,947,2,2026-12-27,2027-03-27,2809,Active
750,676,2,2026-12-27,2028-06-27,2201,Active
2493,2937,2,2026-12-27,2027-03-27,2457,Active
2055,3488,398,2026-12-27,2027-02-27,3549,Active
346,489,2,2026-12-27,2027-01-27,2930,Active
2111,807,2,2026-12-27,2027-02-27,3199,Active
2683,1852,2,2026-12-27,2027-06-27,2015,Active
1462,1971,122,2026-12-27,2027-12-27,3160,Active
1618,3601,2,2026-12-27,2027-01-27,2328,Active
580,1127,2,2026-12-27,2027-01-27,2184,Active
467,3244,86,2026-12-27,2027-06-27,4726,Active
464,3121,248,2026-12-28,2028-06-28,2026,Active
1641,3954,380,2026-12-28,2027-01-28,4927,Active
1643,3121,138,2026-12-28,2028-12-28,4799,Active
486,993,371,2026-12-28,2027-01-28,2940,Active
1805,3954,306,2026-12-28,2027-06-28,2526,Active
2365,3561,218,2026-12-28,2027-01-28,4106,Active
2756,3954,291,2026-12-28,2027-02-28,2878,Active
1451,993,229,2026-12-28,2027-03-28,2049,Active
256,649,266,2026-12-29,2027-06-29,4325,Active
1032,2001,266,2026-12-29,2027-01-29,3733,Active
2970,1826,266,2026-12-29,2028-06-29,4061,Active
132,3113,266,2026-12-29,2027-01-29,3958,Active
3132,956,266,2026-12-29,2027-06-29,3247,Active
1534,3206,189,2026-12-29,2027-01-29,2390,Active
2313,1220,266,2026-12-29,2027-02-28,4237,Active
2491,2449,217,2026-12-30,2027-03-30,3648,Active
1475,2036,217,2026-12-30,2027-01-30,4487,Active
1101,1330,385,2026-12-30,2027-02-28,3296,Active
458,3901,217,2026-12-30,2027-01-30,4209,Active
106,1982,217,2026-12-30,2027-01-30,3943,Active
1597,1333,217,2026-12-30,2027-03-30,3668,Active
947,3019,217,2026-12-30,2027-01-30,4528,Active
3332,254,217,2026-12-30,2027-06-30,3664,Active
660,2480,217,2026-12-30,2027-02-28,4607,Active
2568,809,212,2026-12-30,2027-02-28,4752,Active
291,2268,212,2026-12-30,2027-03-30,4437,Active
3001,2957,217,2026-12-30,2027-06-30,4257,Active
2230,3931,217,2026-12-30,2027-03-30,3685,Active
1697,55,180,2026-12-31,2028-12-31,3113,Active
1707,55,368,2026-12-31,2027-02-28,2055,Active
1893,55,245,2026-12-31,2027-06-30,3491,Active
