payment_id,rental_id,payment_date,amount,payment_status
12599,1,2026-08-20,2707,Paid
12600,1,2026-09-01,2707,Paid
12601,1,2026-10-02,2707,Paid
12602,1,2026-11-01,2707,Overdue
12603,1,2026-12-01,2707,Overdue
5009,2,2025-11-30,2594,Paid
5010,2,2025-12-01,2594,Paid
5011,2,2026-01-01,2594,Paid
5012,2,2026-02-01,2594,Overdue
5013,2,2026-03-04,2594,Pending
5014,2,2026-04-02,2594,Overdue
5015,2,2026-05-01,2594,Paid
5016,2,2026-06-01,2594,Pending
5017,2,2026-07-01,2594,Paid
5018,2,2026-08-01,2594,Paid
5019,2,2026-09-02,2594,Paid
5020,2,2026-10-01,2594,Paid
5021,2,2026-11-01,2594,Paid
15177,3,2026-10-22,3552,Paid
15178,3,2026-11-04,3552,Paid
14407,4,2026-10-05,3105,Paid
14408,4,2026-11-01,3105,Pending
14409,4,2026-12-01,3105,Paid
14444,5,2026-10-06,2051,Paid
14445,5,2026-11-01,2051,Paid
14446,5,2026-12-01,2051,Paid
1318,6,2025-03-05,3927,Paid
1319,6,2025-04-02,3927,Pending
15481,7,2026-10-27,3571,Paid
15482,7,2026-11-01,3571,Paid
15483,7,2026-12-01,3571,Paid
10411,8,2026-06-22,2327,Paid
10412,8,2026-07-01,2327,Paid
10413,8,2026-07-31,2327,Overdue
10414,8,2026-09-03,2327,Failed
15541,9,2026-10-29,2768,Paid
15542,9,2026-10-30,2768,Paid
15543,9,2026-12-01,2768,Paid
15224,10,2026-10-23,3063,Failed
15225,10,2026-11-01,3063,Paid
15226,10,2026-12-01,3063,Overdue
3284,11,2025-08-20,4085,Paid
3285,11,2025-09-01,4085,Paid
14526,12,2026-10-08,2911,Paid
14527,12,2026-11-01,2911,Paid
14528,12,2026-12-01,2911,Paid
15959,13,2026-12-01,2846,Paid
14779,14,2026-10-14,4924,Overdue
14780,14,2026-11-01,4924,Paid
14781,14,2026-12-01,4924,Paid
14270,15,2026-10-01,2200,Pending
14271,15,2026-11-01,2200,Paid
14272,15,2026-12-02,2200,Paid
12624,16,2026-08-21,3119,Paid
12625,16,2026-09-01,3119,Paid
12626,16,2026-10-01,3119,Overdue
12627,16,2026-11-02,3119,Paid
12628,16,2026-12-01,3119,Paid
16006,17,2026-12-06,2559,Pending
9640,18,2026-05-28,2678,Paid
9641,18,2026-05-31,2678,Failed
9642,18,2026-07-01,2678,Paid
9643,18,2026-08-01,2678,Paid
9644,18,2026-09-01,2678,Paid
9645,18,2026-10-01,2678,Paid
9646,18,2026-11-01,2678,Paid
9647,18,2026-12-01,2678,Paid
15493,19,2026-10-27,3500,Paid
15494,19,2026-11-01,3500,Paid
15495,19,2026-11-30,3500,Paid
12634,20,2026-08-21,3075,Paid
12635,20,2026-08-31,3075,Paid
12636,20,2026-10-01,3075,Paid
12637,20,2026-11-03,3075,Paid
12638,20,2026-12-01,3075,Paid
15247,21,2026-10-24,3578,Paid
15248,21,2026-10-31,3578,Paid
14108,22,2026-09-27,4608,Pending
14109,22,2026-10-01,4608,Paid
3966,23,2025-10-02,3133,Paid
3967,23,2025-11-03,3133,Paid
3968,23,2025-12-01,3133,Paid
3969,23,2026-01-01,3133,Paid
8711,24,2026-04-29,3531,Paid
8712,24,2026-05-01,3531,Paid
8713,24,2026-06-01,3531,Paid
8714,24,2026-07-01,3531,Paid
8715,24,2026-07-31,3531,Paid
8716,24,2026-09-01,3531,Overdue
8717,24,2026-10-03,3531,Pending
8718,24,2026-11-01,3531,Paid
8719,24,2026-11-30,3531,Paid
6494,25,2026-02-06,2024,Pending
6495,25,2026-03-01,2024,Paid
6496,25,2026-04-01,2024,Paid
15326,26,2026-10-25,2449,Paid
15327,26,2026-11-01,2449,Pending
1151,27,2025-02-19,3067,Overdue
1152,27,2025-02-28,3067,Paid
11685,28,2026-07-29,3954,Paid
11686,28,2026-08-01,3954,Paid
11687,28,2026-09-03,3954,Paid
11688,28,2026-10-01,3954,Paid
11689,28,2026-11-01,3954,Paid
11690,28,2026-12-01,3954,Failed
6808,29,2026-02-19,2697,Paid
6809,29,2026-03-01,2697,Paid
6810,29,2026-04-01,2697,Paid
6811,29,2026-05-02,2697,Paid
6812,29,2026-06-01,2697,Overdue
6813,29,2026-07-03,2697,Overdue
6814,29,2026-08-01,2697,Paid
15241,30,2026-10-24,3617,Pending
15242,30,2026-11-06,3617,Paid
15243,30,2026-12-01,3617,Paid
15574,31,2026-10-29,2436,Paid
15575,31,2026-11-01,2436,Paid
15576,31,2026-12-04,2436,Paid
11540,32,2026-07-25,3189,Paid
11541,32,2026-08-01,3189,Paid
11542,32,2026-09-01,3189,Paid
11543,32,2026-10-01,3189,Paid
11544,32,2026-11-06,3189,Paid
11545,32,2026-12-01,3189,Overdue
6618,33,2026-02-12,3086,Paid
6619,33,2026-02-28,3086,Paid
6620,33,2026-04-01,3086,Failed
6621,33,2026-05-01,3086,Paid
6622,33,2026-06-02,3086,Paid
6623,33,2026-07-02,3086,Paid
6624,33,2026-08-01,3086,Paid
5159,34,2025-12-08,2103,Paid
5160,34,2026-01-01,2103,Paid
5161,34,2026-02-03,2103,Paid
14730,35,2026-10-13,2626,Paid
14731,35,2026-11-01,2626,Paid
14732,35,2026-12-04,2626,Overdue
2062,36,2025-05-14,4562,Paid
2063,36,2025-06-02,4562,Paid
2064,36,2025-07-01,4562,Paid
318,37,2024-09-13,2457,Paid
319,37,2024-10-08,2457,Paid
320,37,2024-11-01,2457,Paid
321,37,2024-12-01,2457,Paid
322,37,2025-01-01,2457,Paid
323,37,2025-02-01,2457,Paid
324,37,2025-03-01,2457,Paid
13554,38,2026-09-14,3863,Paid
13555,38,2026-10-01,3863,Paid
15987,39,2026-12-03,3334,Paid
11627,40,2026-07-27,3573,Paid
11628,40,2026-08-01,3573,Paid
11629,40,2026-09-01,3573,Paid
11630,40,2026-10-01,3573,Paid
14832,41,2026-10-15,4755,Failed
14833,41,2026-11-01,4755,Paid
14834,41,2026-12-02,4755,Failed
1303,42,2025-03-04,2538,Paid
1304,42,2025-04-01,2538,Overdue
11840,43,2026-08-01,3318,Paid
11841,43,2026-09-01,3318,Paid
11842,43,2026-10-01,3318,Paid
11843,43,2026-11-01,3318,Overdue
11844,43,2026-12-01,3318,Paid
3057,44,2025-08-05,2346,Paid
3058,44,2025-09-06,2346,Paid
3059,44,2025-10-01,2346,Paid
3681,45,2025-09-20,3535,Paid
3682,45,2025-10-01,3535,Overdue
3683,45,2025-11-01,3535,Paid
3684,45,2025-12-04,3535,Overdue
3685,45,2026-01-01,3535,Paid
3686,45,2026-02-01,3535,Paid
3687,45,2026-03-06,3535,Overdue
12878,46,2026-08-28,2594,Pending
12879,46,2026-09-04,2594,Paid
12880,46,2026-10-08,2594,Paid
12881,46,2026-11-01,2594,Paid
12882,46,2026-12-02,2594,Paid
13772,47,2026-09-20,4484,Paid
13773,47,2026-10-01,4484,Paid
13774,47,2026-11-01,4484,Paid
13775,47,2026-12-04,4484,Paid
11404,48,2026-07-21,4584,Paid
11405,48,2026-08-01,4584,Paid
11406,48,2026-09-03,4584,Overdue
11407,48,2026-10-02,4584,Paid
11408,48,2026-11-01,4584,Paid
11409,48,2026-12-01,4584,Failed
14811,49,2026-10-15,3169,Paid
14812,49,2026-11-01,3169,Paid
14813,49,2026-12-01,3169,Paid
7560,50,2026-03-17,3567,Paid
7561,50,2026-04-01,3567,Paid
7562,50,2026-04-29,3567,Paid
7563,50,2026-06-01,3567,Pending
15563,51,2026-10-29,3264,Paid
15564,51,2026-10-31,3264,Paid
15565,51,2026-12-02,3264,Paid
13780,52,2026-09-20,3053,Paid
13781,52,2026-10-01,3053,Paid
13782,52,2026-11-03,3053,Overdue
137,53,2024-07-16,3315,Overdue
138,53,2024-08-01,3315,Overdue
139,53,2024-09-06,3315,Pending
140,53,2024-10-01,3315,Paid
141,53,2024-11-03,3315,Paid
142,53,2024-12-01,3315,Paid
143,53,2025-01-04,3315,Paid
6078,54,2026-01-20,4778,Overdue
6079,54,2026-02-04,4778,Paid
6080,54,2026-03-06,4778,Paid
6081,54,2026-04-01,4778,Overdue
6082,54,2026-05-01,4778,Paid
6083,54,2026-06-01,4778,Paid
6084,54,2026-07-01,4778,Paid
6085,54,2026-08-03,4778,Paid
6086,54,2026-09-01,4778,Overdue
6087,54,2026-10-01,4778,Paid
6088,54,2026-11-01,4778,Paid
6089,54,2026-12-01,4778,Paid
14951,55,2026-10-18,2755,Paid
14952,55,2026-11-01,2755,Paid
14953,55,2026-12-03,2755,Paid
6098,56,2026-01-22,3680,Paid
6099,56,2026-02-01,3680,Paid
6100,56,2026-03-01,3680,Paid
5534,57,2025-12-29,3096,Paid
5535,57,2026-01-01,3096,Paid
5536,57,2026-01-31,3096,Paid
5537,57,2026-03-04,3096,Paid
15101,58,2026-10-21,3178,Overdue
15102,58,2026-11-01,3178,Overdue
15103,58,2026-12-01,3178,Paid
9656,59,2026-05-28,3086,Failed
9657,59,2026-06-01,3086,Pending
9658,59,2026-06-29,3086,Paid
9659,59,2026-08-02,3086,Paid
9660,59,2026-09-01,3086,Paid
9661,59,2026-09-29,3086,Paid
9662,59,2026-11-01,3086,Paid
9663,59,2026-12-01,3086,Paid
15012,60,2026-10-20,4126,Paid
15013,60,2026-11-01,4126,Paid
15014,60,2026-12-01,4126,Pending
2749,61,2025-07-10,4958,Paid
2750,61,2025-08-06,4958,Failed
2751,61,2025-09-03,4958,Paid
2752,61,2025-10-01,4958,Paid
2753,61,2025-11-01,4958,Paid
2754,61,2025-12-01,4958,Paid
2755,61,2026-01-01,4958,Paid
14175,62,2026-09-29,3622,Paid
14176,62,2026-10-01,3622,Paid
14177,62,2026-11-01,3622,Overdue
14178,62,2026-12-01,3622,Paid
7523,63,2026-03-16,3815,Paid
7524,63,2026-04-03,3815,Paid
8109,64,2026-04-07,2611,Paid
8110,64,2026-05-01,2611,Paid
8111,64,2026-05-31,2611,Paid
13177,65,2026-09-04,2452,Paid
13178,65,2026-09-30,2452,Paid
13179,65,2026-11-02,2452,Paid
13180,65,2026-12-01,2452,Pending
6728,66,2026-02-17,3955,Paid
6729,66,2026-03-01,3955,Pending
6730,66,2026-04-02,3955,Paid
6731,66,2026-05-02,3955,Paid
6732,66,2026-06-01,3955,Paid
6733,66,2026-07-01,3955,Paid
6734,66,2026-08-01,3955,Paid
6735,66,2026-09-02,3955,Failed
6736,66,2026-10-02,3955,Paid
6737,66,2026-11-01,3955,Paid
6738,66,2026-12-01,3955,Paid
11040,67,2026-07-11,3492,Paid
11041,67,2026-08-01,3492,Paid
11042,67,2026-08-31,3492,Overdue
11043,67,2026-10-01,3492,Paid
11044,67,2026-11-03,3492,Pending
11045,67,2026-12-01,3492,Overdue
13363,68,2026-09-08,3083,Paid
13364,68,2026-09-30,3083,Paid
13365,68,2026-11-01,3083,Paid
13366,68,2026-12-01,3083,Paid
12338,69,2026-08-14,2438,Overdue
12339,69,2026-09-04,2438,Paid
15973,70,2026-12-01,2730,Paid
9063,71,2026-05-08,3762,Paid
9064,71,2026-06-01,3762,Paid
9065,71,2026-07-02,3762,Paid
8506,72,2026-04-20,4483,Paid
8507,72,2026-05-01,4483,Pending
8508,72,2026-06-01,4483,Paid
14340,73,2026-10-04,2752,Paid
14341,73,2026-11-03,2752,Paid
14342,73,2026-12-01,2752,Pending
10227,74,2026-06-16,4959,Paid
10228,74,2026-07-02,4959,Failed
4395,75,2025-10-30,3760,Paid
4396,75,2025-11-01,3760,Paid
4397,75,2025-12-02,3760,Overdue
4398,75,2026-01-01,3760,Paid
4399,75,2026-02-01,3760,Paid
4400,75,2026-03-01,3760,Paid
4401,75,2026-04-01,3760,Paid
4402,75,2026-05-01,3760,Paid
4403,75,2026-06-02,3760,Paid
4404,75,2026-07-01,3760,Paid
4405,75,2026-08-01,3760,Paid
4406,75,2026-09-02,3760,Paid
4407,75,2026-10-01,3760,Paid
2734,76,2025-07-07,2371,Pending
2735,76,2025-08-01,2371,Paid
2736,76,2025-09-01,2371,Paid
2737,76,2025-09-30,2371,Paid
9077,77,2026-05-08,3786,Paid
9078,77,2026-05-31,3786,Paid
9079,77,2026-07-01,3786,Paid
9080,77,2026-07-31,3786,Paid
9081,77,2026-09-01,3786,Pending
9082,77,2026-10-04,3786,Paid
9083,77,2026-11-01,3786,Pending
15467,78,2026-10-27,2721,Paid
15468,78,2026-11-04,2721,Paid
14348,79,2026-10-04,3400,Paid
14349,79,2026-11-01,3400,Paid
14350,79,2026-12-02,3400,Paid
15736,80,2026-11-01,2361,Paid
15737,80,2026-12-01,2361,Paid
12649,81,2026-08-22,3180,Paid
12650,81,2026-08-30,3180,Paid
12651,81,2026-10-04,3180,Paid
12652,81,2026-10-31,3180,Paid
12653,81,2026-12-01,3180,Paid
10044,82,2026-06-09,3305,Paid
10045,82,2026-07-01,3305,Paid
10046,82,2026-08-01,3305,Paid
10047,82,2026-09-01,3305,Failed
10048,82,2026-10-03,3305,Paid
10049,82,2026-11-01,3305,Paid
10050,82,2026-12-01,3305,Paid
11281,83,2026-07-18,2624,Paid
11282,83,2026-08-01,2624,Paid
11283,83,2026-09-01,2624,Paid
11284,83,2026-10-01,2624,Paid
11246,84,2026-07-17,2740,Paid
11247,84,2026-08-01,2740,Pending
11248,84,2026-09-01,2740,Paid
13458,85,2026-09-11,2160,Pending
13459,85,2026-10-01,2160,Failed
13460,85,2026-11-01,2160,Paid
13461,85,2026-11-30,2160,Paid
5548,86,2025-12-30,3040,Overdue
5549,86,2026-01-01,3040,Paid
5550,86,2026-02-03,3040,Paid
5551,86,2026-03-01,3040,Paid
8670,87,2026-04-28,3125,Failed
8671,87,2026-05-01,3125,Paid
9005,88,2026-05-06,2405,Paid
9006,88,2026-06-02,2405,Paid
9007,88,2026-07-01,2405,Paid
9008,88,2026-08-06,2405,Paid
9009,88,2026-09-01,2405,Paid
9010,88,2026-10-08,2405,Paid
9011,88,2026-11-01,2405,Paid
6162,89,2026-01-25,3454,Paid
6163,89,2026-02-03,3454,Paid
6164,89,2026-03-01,3454,Paid
6165,89,2026-04-01,3454,Paid
6166,89,2026-05-01,3454,Paid
6167,89,2026-05-31,3454,Paid
6168,89,2026-07-01,3454,Paid
6169,89,2026-08-04,3454,Paid
6170,89,2026-09-02,3454,Paid
6171,89,2026-10-01,3454,Paid
6172,89,2026-11-04,3454,Paid
6173,89,2026-12-03,3454,Paid
11599,90,2026-07-26,4880,Overdue
11600,90,2026-08-01,4880,Paid
5022,91,2025-11-30,2775,Paid
5023,91,2025-12-01,2775,Paid
5024,91,2026-01-02,2775,Paid
15342,92,2026-10-25,2501,Paid
15343,92,2026-10-31,2501,Paid
15344,92,2026-12-03,2501,Pending
4831,93,2025-11-22,3432,Paid
4832,93,2025-12-03,3432,Paid
5044,94,2025-12-01,3868,Paid
5045,94,2025-12-31,3868,Paid
2490,95,2025-06-19,4774,Paid
2491,95,2025-07-01,4774,Overdue
2492,95,2025-08-01,4774,Paid
2493,95,2025-09-01,4774,Paid
2494,95,2025-10-01,4774,Paid
2495,95,2025-11-01,4774,Paid
2496,95,2025-12-03,4774,Paid
9481,96,2026-05-21,3445,Paid
9482,96,2026-06-04,3445,Paid
9483,96,2026-06-30,3445,Paid
9484,96,2026-08-01,3445,Paid
9485,96,2026-09-01,3445,Paid
9486,96,2026-10-01,3445,Paid
9487,96,2026-11-01,3445,Paid
9488,96,2026-12-08,3445,Paid
10386,97,2026-06-22,3631,Paid
10387,97,2026-06-30,3631,Paid
10388,97,2026-08-01,3631,Paid
10389,97,2026-09-01,3631,Paid
12270,98,2026-08-12,3799,Paid
12271,98,2026-08-31,3799,Paid
12272,98,2026-10-01,3799,Paid
12273,98,2026-11-01,3799,Paid
12274,98,2026-12-01,3799,Paid
14313,99,2026-10-03,2479,Paid
14314,99,2026-11-03,2479,Paid
14315,99,2026-12-04,2479,Paid
14483,100,2026-10-07,2592,Paid
14484,100,2026-11-03,2592,Paid
6130,101,2026-01-23,4083,Overdue
6131,101,2026-02-04,4083,Paid
6132,101,2026-03-01,4083,Pending
6133,101,2026-04-01,4083,Paid
6134,101,2026-05-01,4083,Paid
6135,101,2026-06-02,4083,Paid
6136,101,2026-07-01,4083,Overdue
6137,101,2026-08-02,4083,Paid
6138,101,2026-09-02,4083,Paid
6139,101,2026-10-02,4083,Paid
6140,101,2026-11-01,4083,Paid
6141,101,2026-12-01,4083,Failed
779,102,2024-12-29,3294,Pending
780,102,2025-01-01,3294,Paid
781,102,2025-02-03,3294,Overdue
782,102,2025-03-01,3294,Paid
6874,103,2026-02-24,2474,Paid
6875,103,2026-03-01,2474,Paid
6876,103,2026-04-04,2474,Overdue
14112,104,2026-09-27,3322,Paid
14113,104,2026-10-01,3322,Paid
14114,104,2026-11-04,3322,Paid
14115,104,2026-12-02,3322,Paid
7940,105,2026-03-31,2226,Paid
7941,105,2026-04-01,2226,Paid
7942,105,2026-05-01,2226,Pending
16146,106,2026-12-30,3943,Paid
5147,107,2025-12-07,3627,Paid
5148,107,2026-01-01,3627,Paid
3517,108,2025-09-07,4306,Pending
3518,108,2025-10-01,4306,Overdue
3519,108,2025-11-04,4306,Paid
3520,108,2025-11-30,4306,Paid
15900,109,2026-11-17,3064,Paid
15901,109,2026-12-01,3064,Paid
6332,110,2026-01-30,3831,Paid
6333,110,2026-02-01,3831,Pending
6334,110,2026-03-01,3831,Paid
6335,110,2026-04-01,3831,Paid
6336,110,2026-05-01,3831,Paid
6337,110,2026-06-01,3831,Paid
6338,110,2026-07-01,3831,Paid
16103,111,2026-12-25,3564,Paid
11663,112,2026-07-29,4804,Paid
11664,112,2026-08-03,4804,Paid
11665,112,2026-09-01,4804,Paid
11563,113,2026-07-25,2727,Paid
11564,113,2026-08-01,2727,Paid
11565,113,2026-09-01,2727,Paid
15808,114,2026-11-06,2917,Paid
15809,114,2026-12-01,2917,Paid
14560,115,2026-10-09,2924,Paid
14561,115,2026-11-01,2924,Paid
1173,116,2025-02-22,2811,Pending
1174,116,2025-03-01,2811,Pending
1175,116,2025-04-01,2811,Paid
8227,117,2026-04-11,2606,Paid
8228,117,2026-05-01,2606,Paid
8229,117,2026-06-01,2606,Paid
8230,117,2026-07-06,2606,Paid
8231,117,2026-08-01,2606,Paid
8232,117,2026-09-01,2606,Paid
8233,117,2026-10-02,2606,Overdue
8234,117,2026-11-01,2606,Paid
8235,117,2026-12-01,2606,Paid
4658,118,2025-11-12,3158,Paid
4659,118,2025-12-02,3158,Paid
4660,118,2026-01-01,3158,Paid
4661,118,2026-02-01,3158,Paid
4662,118,2026-03-01,3158,Paid
4663,118,2026-04-01,3158,Paid
4664,118,2026-05-01,3158,Paid
4665,118,2026-06-01,3158,Paid
4666,118,2026-07-01,3158,Paid
4667,118,2026-08-01,3158,Paid
4668,118,2026-09-01,3158,Pending
4669,118,2026-10-01,3158,Paid
4670,118,2026-10-31,3158,Paid
4671,118,2026-12-01,3158,Paid
7638,119,2026-03-21,3785,Paid
7639,119,2026-04-08,3785,Paid
7640,119,2026-05-01,3785,Paid
7641,119,2026-06-01,3785,Paid
7642,119,2026-07-01,3785,Paid
7643,119,2026-08-01,3785,Paid
7644,119,2026-09-01,3785,Paid
7645,119,2026-09-29,3785,Paid
7646,119,2026-11-01,3785,Paid
7647,119,2026-12-01,3785,Paid
10789,120,2026-07-04,4382,Overdue
10790,120,2026-08-01,4382,Paid
10791,120,2026-09-01,4382,Paid
15301,121,2026-10-25,2764,Paid
15302,121,2026-11-03,2764,Paid
15303,121,2026-11-30,2764,Paid
15762,122,2026-11-04,3725,Paid
15763,122,2026-12-06,3725,Paid
4594,123,2025-11-09,2454,Pending
4595,123,2025-12-01,2454,Paid
705,124,2024-12-12,4536,Paid
706,124,2025-01-03,4536,Paid
707,124,2025-02-02,4536,Paid
708,124,2025-03-02,4536,Paid
709,124,2025-04-03,4536,Paid
710,124,2025-05-02,4536,Paid
711,124,2025-06-01,4536,Paid
712,124,2025-07-02,4536,Paid
713,124,2025-07-31,4536,Paid
714,124,2025-09-01,4536,Pending
715,124,2025-10-01,4536,Failed
716,124,2025-11-01,4536,Paid
717,124,2025-12-02,4536,Paid
10155,125,2026-06-13,3195,Overdue
10156,125,2026-07-04,3195,Paid
10157,125,2026-08-02,3195,Paid
10158,125,2026-09-01,3195,Paid
10159,125,2026-10-01,3195,Paid
10160,125,2026-11-01,3195,Paid
10161,125,2026-12-01,3195,Paid
12828,126,2026-08-26,4721,Paid
12829,126,2026-09-01,4721,Paid
6963,127,2026-02-27,2992,Paid
6964,127,2026-03-01,2992,Paid
6965,127,2026-04-01,2992,Overdue
6966,127,2026-05-02,2992,Paid
5837,128,2026-01-10,2244,Paid
5838,128,2026-02-02,2244,Paid
5839,128,2026-03-03,2244,Paid
10494,129,2026-06-25,4823,Paid
10495,129,2026-07-01,4823,Paid
10496,129,2026-08-03,4823,Paid
10497,129,2026-09-02,4823,Failed
10498,129,2026-10-02,4823,Pending
10499,129,2026-11-06,4823,Paid
10500,129,2026-12-01,4823,Paid
13034,130,2026-08-31,4585,Paid
13035,130,2026-09-01,4585,Pending
13036,130,2026-10-01,4585,Pending
13037,130,2026-11-01,4585,Paid
474,131,2024-11-05,2685,Overdue
475,131,2024-12-01,2685,Paid
476,131,2025-01-01,2685,Paid
477,131,2025-01-30,2685,Paid
478,131,2025-03-01,2685,Paid
479,131,2025-03-30,2685,Paid
480,131,2025-05-01,2685,Paid
481,131,2025-05-30,2685,Paid
482,131,2025-07-02,2685,Paid
483,131,2025-08-01,2685,Paid
484,131,2025-09-01,2685,Paid
485,131,2025-10-01,2685,Pending
486,131,2025-11-03,2685,Paid
487,131,2025-12-01,2685,Paid
488,131,2026-01-01,2685,Overdue
489,131,2026-01-30,2685,Paid
490,131,2026-03-01,2685,Paid
491,131,2026-04-01,2685,Paid
492,131,2026-05-01,2685,Overdue
493,131,2026-06-02,2685,Paid
494,131,2026-07-01,2685,Paid
495,131,2026-08-01,2685,Paid
496,131,2026-09-01,2685,Paid
497,131,2026-10-01,2685,Paid
498,131,2026-11-01,2685,Overdue
16138,132,2026-12-29,3958,Paid
14235,133,2026-09-30,4835,Pending
14236,133,2026-10-01,4835,Paid
14237,133,2026-11-01,4835,Paid
14238,133,2026-12-01,4835,Paid
6238,134,2026-01-27,3613,Paid
6239,134,2026-02-04,3613,Paid
6240,134,2026-03-06,3613,Paid
6241,134,2026-04-01,3613,Paid
344,135,2024-09-17,2714,Paid
345,135,2024-10-03,2714,Paid
346,135,2024-11-01,2714,Paid
347,135,2024-12-01,2714,Paid
10801,136,2026-07-05,2758,Paid
10802,136,2026-08-06,2758,Paid
10803,136,2026-09-01,2758,Paid
3435,137,2025-08-31,3046,Overdue
3436,137,2025-09-03,3046,Paid
3437,137,2025-10-01,3046,Paid
3438,137,2025-11-01,3046,Paid
3439,137,2025-12-01,3046,Paid
3440,137,2026-01-02,3046,Paid
3441,137,2026-02-01,3046,Paid
10804,138,2026-07-05,4092,Paid
10805,138,2026-08-01,4092,Pending
10806,138,2026-09-08,4092,Paid
10807,138,2026-10-02,4092,Pending
10808,138,2026-11-01,4092,Paid
10809,138,2026-12-01,4092,Paid
8850,139,2026-05-03,3138,Paid
8851,139,2026-06-01,3138,Paid
8852,139,2026-07-01,3138,Paid
8853,139,2026-08-01,3138,Pending
8854,139,2026-09-04,3138,Overdue
8855,139,2026-10-02,3138,Overdue
8856,139,2026-11-01,3138,Paid
8857,139,2026-11-29,3138,Paid
12575,140,2026-08-20,2015,Paid
12576,140,2026-09-01,2015,Paid
12577,140,2026-10-06,2015,Paid
12578,140,2026-11-02,2015,Paid
12579,140,2026-12-01,2015,Paid
7992,141,2026-04-01,4492,Paid
7993,141,2026-05-01,4492,Overdue
7994,141,2026-06-01,4492,Paid
7995,141,2026-07-08,4492,Paid
7996,141,2026-07-31,4492,Pending
7997,141,2026-09-03,4492,Paid
7998,141,2026-10-01,4492,Pending
7999,141,2026-11-02,4492,Paid
8000,141,2026-11-29,4492,Paid
12913,142,2026-08-28,3068,Paid
12914,142,2026-09-01,3068,Paid
12915,142,2026-10-01,3068,Paid
12916,142,2026-11-01,3068,Failed
12917,142,2026-12-03,3068,Paid
3596,143,2025-09-13,2650,Paid
3597,143,2025-10-01,2650,Paid
3598,143,2025-11-01,2650,Pending
3599,143,2025-12-01,2650,Paid
3600,143,2026-01-01,2650,Paid
3601,143,2026-02-01,2650,Paid
3602,143,2026-03-03,2650,Paid
3603,143,2026-04-01,2650,Paid
3604,143,2026-05-01,2650,Paid
3605,143,2026-06-01,2650,Paid
3606,143,2026-07-02,2650,Paid
3607,143,2026-08-01,2650,Paid
3608,143,2026-09-01,2650,Paid
6967,144,2026-02-27,2647,Paid
6968,144,2026-03-01,2647,Failed
6969,144,2026-04-01,2647,Paid
11857,145,2026-08-01,2354,Pending
11858,145,2026-08-31,2354,Failed
11859,145,2026-10-04,2354,Paid
11860,145,2026-11-02,2354,Paid
3715,146,2025-09-21,4759,Overdue
3716,146,2025-10-01,4759,Paid
3717,146,2025-11-03,4759,Paid
13038,147,2026-08-31,4202,Paid
13039,147,2026-09-01,4202,Paid
13040,147,2026-10-01,4202,Paid
13041,147,2026-11-01,4202,Paid
16080,148,2026-12-20,3112,Paid
14922,149,2026-10-17,2404,Paid
14923,149,2026-10-31,2404,Paid
14924,149,2026-12-01,2404,Paid
12442,150,2026-08-16,2895,Pending
12443,150,2026-09-01,2895,Paid
12444,150,2026-10-01,2895,Paid
15213,151,2026-10-23,3105,Paid
15214,151,2026-11-01,3105,Paid
15143,152,2026-10-22,2850,Paid
15144,152,2026-10-30,2850,Paid
15145,152,2026-12-01,2850,Paid
12404,153,2026-08-15,2441,Paid
12405,153,2026-09-01,2441,Failed
811,154,2025-01-01,3372,Paid
812,154,2025-02-01,3372,Paid
15469,155,2026-10-27,3166,Paid
15470,155,2026-11-01,3166,Paid
15471,155,2026-11-29,3166,Paid
5109,156,2025-12-03,3551,Paid
5110,156,2026-01-04,3551,Paid
5111,156,2026-02-06,3551,Pending
5112,156,2026-03-01,3551,Paid
12925,157,2026-08-29,3293,Overdue
12926,157,2026-09-01,3293,Paid
12927,157,2026-10-01,3293,Paid
12928,157,2026-11-01,3293,Failed
7283,158,2026-03-10,3974,Paid
7284,158,2026-04-01,3974,Paid
7285,158,2026-05-01,3974,Paid
7286,158,2026-05-30,3974,Paid
7287,158,2026-07-01,3974,Paid
7288,158,2026-08-03,3974,Paid
7289,158,2026-08-30,3974,Paid
7290,158,2026-10-01,3974,Paid
7291,158,2026-11-08,3974,Paid
7292,158,2026-12-01,3974,Paid
15624,159,2026-10-30,4127,Paid
15625,159,2026-11-01,4127,Paid
15626,159,2026-12-01,4127,Paid
13821,160,2026-09-21,3001,Paid
13822,160,2026-10-04,3001,Paid
13823,160,2026-11-01,3001,Paid
13824,160,2026-12-01,3001,Paid
15453,161,2026-10-27,2847,Paid
15454,161,2026-11-01,2847,Paid
15455,161,2026-12-02,2847,Paid
10794,162,2026-07-05,3017,Paid
10795,162,2026-08-01,3017,Overdue
10796,162,2026-09-01,3017,Paid
12120,163,2026-08-09,2869,Paid
12121,163,2026-09-01,2869,Paid
12122,163,2026-10-01,2869,Paid
12123,163,2026-11-04,2869,Paid
12124,163,2026-12-01,2869,Paid
13701,164,2026-09-19,3194,Paid
13702,164,2026-10-01,3194,Paid
11533,165,2026-07-24,2325,Overdue
11534,165,2026-07-30,2325,Paid
3933,166,2025-10-01,3400,Paid
3934,166,2025-11-01,3400,Paid
3935,166,2025-12-01,3400,Pending
3936,166,2025-12-31,3400,Overdue
3937,166,2026-02-03,3400,Paid
3938,166,2026-03-02,3400,Paid
3939,166,2026-04-06,3400,Paid
3940,166,2026-05-01,3400,Paid
3941,166,2026-05-31,3400,Failed
3942,166,2026-06-30,3400,Paid
3943,166,2026-08-01,3400,Overdue
3944,166,2026-09-01,3400,Paid
3945,166,2026-10-01,3400,Paid
2110,167,2025-05-21,2516,Paid
2111,167,2025-06-04,2516,Paid
2112,167,2025-07-02,2516,Paid
2113,167,2025-08-08,2516,Paid
14934,168,2026-10-18,3336,Overdue
14935,168,2026-11-03,3336,Paid
14258,169,2026-09-30,4273,Paid
14259,169,2026-10-01,4273,Paid
14260,169,2026-11-01,4273,Overdue
12816,170,2026-08-26,4546,Overdue
12817,170,2026-08-31,4546,Paid
12818,170,2026-10-08,4546,Paid
12819,170,2026-11-01,4546,Paid
12820,170,2026-12-01,4546,Paid
15607,171,2026-10-30,4169,Paid
15608,171,2026-11-01,4169,Pending
15609,171,2026-12-06,4169,Paid
6225,172,2026-01-27,4217,Paid
6226,172,2026-02-01,4217,Paid
6227,172,2026-03-01,4217,Pending
6228,172,2026-04-01,4217,Paid
6229,172,2026-05-06,4217,Paid
6230,172,2026-06-04,4217,Paid
6231,172,2026-07-01,4217,Pending
11510,173,2026-07-23,2309,Paid
11511,173,2026-08-01,2309,Paid
11512,173,2026-09-01,2309,Overdue
11513,173,2026-09-29,2309,Paid
8881,174,2026-05-04,2898,Paid
8882,174,2026-06-02,2898,Paid
8883,174,2026-07-01,2898,Paid
8884,174,2026-08-01,2898,Paid
8885,174,2026-09-01,2898,Paid
8886,174,2026-10-04,2898,Paid
8887,174,2026-11-01,2898,Paid
1196,175,2025-02-26,3766,Paid
1197,175,2025-03-02,3766,Paid
1198,175,2025-04-03,3766,Paid
1199,175,2025-05-01,3766,Paid
1200,175,2025-06-01,3766,Paid
1201,175,2025-06-29,3766,Paid
1202,175,2025-08-01,3766,Paid
1203,175,2025-09-01,3766,Paid
1204,175,2025-10-02,3766,Paid
1205,175,2025-11-04,3766,Pending
1206,175,2025-12-01,3766,Paid
1207,175,2026-01-03,3766,Paid
1208,175,2026-01-31,3766,Paid
1209,175,2026-03-02,3766,Paid
1210,175,2026-04-01,3766,Failed
1211,175,2026-05-03,3766,Paid
1212,175,2026-05-31,3766,Pending
1213,175,2026-07-01,3766,Paid
1214,175,2026-08-01,3766,Overdue
1215,175,2026-09-01,3766,Pending
1216,175,2026-10-03,3766,Paid
1217,175,2026-11-01,3766,Paid
1218,175,2026-12-01,3766,Paid
1119,176,2025-02-15,3145,Pending
1120,176,2025-03-03,3145,Paid
1121,176,2025-04-01,3145,Failed
1122,176,2025-05-02,3145,Paid
1123,176,2025-05-31,3145,Paid
1124,176,2025-07-04,3145,Paid
1125,176,2025-08-01,3145,Paid
1126,176,2025-09-01,3145,Pending
1127,176,2025-10-01,3145,Paid
1128,176,2025-11-06,3145,Paid
1129,176,2025-12-01,3145,Paid
1130,176,2026-01-02,3145,Paid
1131,176,2026-02-01,3145,Paid
1132,176,2026-03-01,3145,Overdue
1133,176,2026-04-01,3145,Paid
1134,176,2026-05-01,3145,Paid
1135,176,2026-06-01,3145,Pending
1136,176,2026-07-04,3145,Paid
1137,176,2026-08-08,3145,Paid
1138,176,2026-09-01,3145,Paid
1139,176,2026-10-03,3145,Paid
1140,176,2026-11-01,3145,Paid
1141,176,2026-12-01,3145,Paid
16003,177,2026-12-06,4490,Paid
15830,178,2026-11-08,3022,Paid
15831,178,2026-12-01,3022,Paid
8630,179,2026-04-27,2949,Pending
8631,179,2026-05-01,2949,Paid
8632,179,2026-06-01,2949,Pending
4851,180,2025-11-23,2864,Paid
4852,180,2025-12-01,2864,Paid
4853,180,2026-01-01,2864,Paid
685,181,2024-12-11,3770,Paid
686,181,2025-01-01,3770,Paid
687,181,2025-02-01,3770,Paid
688,181,2025-03-03,3770,Paid
689,181,2025-03-31,3770,Paid
690,181,2025-05-01,3770,Paid
691,181,2025-06-08,3770,Paid
14670,182,2026-10-11,3059,Paid
14671,182,2026-11-01,3059,Paid
14672,182,2026-12-01,3059,Overdue
8123,183,2026-04-07,2327,Paid
8124,183,2026-04-30,2327,Paid
8125,183,2026-06-01,2327,Paid
8126,183,2026-07-02,2327,Paid
8127,183,2026-08-01,2327,Paid
8128,183,2026-09-01,2327,Paid
8129,183,2026-10-01,2327,Paid
8130,183,2026-11-01,2327,Paid
8131,183,2026-12-01,2327,Failed
1290,184,2025-03-04,3719,Paid
1291,184,2025-04-01,3719,Overdue
1811,185,2025-04-19,2705,Paid
1812,185,2025-05-01,2705,Paid
1813,185,2025-06-01,2705,Paid
1814,185,2025-07-01,2705,Paid
1815,185,2025-08-02,2705,Paid
1816,185,2025-09-02,2705,Paid
1817,185,2025-10-01,2705,Paid
7660,186,2026-03-21,2270,Pending
7661,186,2026-03-30,2270,Paid
7662,186,2026-05-01,2270,Paid
7663,186,2026-05-31,2270,Paid
7664,186,2026-07-01,2270,Paid
7665,186,2026-08-03,2270,Paid
7666,186,2026-09-01,2270,Paid
7667,186,2026-09-30,2270,Paid
7668,186,2026-11-02,2270,Overdue
7669,186,2026-12-03,2270,Paid
12129,187,2026-08-09,3991,Paid
12130,187,2026-08-31,3991,Pending
12131,187,2026-10-01,3991,Overdue
12132,187,2026-11-01,3991,Paid
12133,187,2026-12-02,3991,Pending
4747,188,2025-11-16,4462,Paid
4748,188,2025-12-02,4462,Paid
14435,189,2026-10-06,3333,Paid
14436,189,2026-11-01,3333,Paid
14437,189,2026-12-01,3333,Paid
6298,190,2026-01-28,2816,Paid
6299,190,2026-02-06,2816,Failed
6300,190,2026-03-01,2816,Paid
6301,190,2026-04-03,2816,Failed
6302,190,2026-05-01,2816,Paid
6303,190,2026-06-02,2816,Paid
6304,190,2026-07-01,2816,Pending
16084,191,2026-12-22,4820,Paid
11736,192,2026-07-30,2337,Paid
11737,192,2026-07-31,2337,Paid
11738,192,2026-09-01,2337,Paid
11739,192,2026-10-02,2337,Paid
11740,192,2026-11-06,2337,Paid
11741,192,2026-12-01,2337,Paid
14477,193,2026-10-07,2350,Paid
14478,193,2026-11-01,2350,Paid
14479,193,2026-12-01,2350,Paid
3497,194,2025-09-02,3710,Paid
3498,194,2025-10-01,3710,Paid
2428,195,2025-06-12,2524,Paid
2429,195,2025-07-01,2524,Paid
4523,196,2025-11-04,3991,Paid
4524,196,2025-12-02,3991,Paid
10528,197,2026-06-26,2308,Paid
10529,197,2026-07-01,2308,Failed
10530,197,2026-07-31,2308,Paid
10531,197,2026-08-31,2308,Paid
10532,197,2026-10-02,2308,Pending
10533,197,2026-11-02,2308,Overdue
10534,197,2026-12-01,2308,Paid
12557,198,2026-08-19,2560,Paid
12558,198,2026-09-01,2560,Paid
12559,198,2026-10-01,2560,Paid
2987,199,2025-08-01,2739,Pending
2988,199,2025-09-02,2739,Paid
2989,199,2025-09-30,2739,Paid
2990,199,2025-10-31,2739,Paid
1592,200,2025-03-30,2791,Pending
1593,200,2025-04-01,2791,Paid
1594,200,2025-05-01,2791,Paid
1595,200,2025-06-01,2791,Failed
16099,201,2026-12-25,4631,Paid
14266,202,2026-10-01,4468,Paid
14267,202,2026-11-01,4468,Overdue
15962,203,2026-12-01,2332,Paid
4733,204,2025-11-16,3546,Paid
4734,204,2025-12-01,3546,Pending
4735,204,2026-01-01,3546,Paid
4736,204,2026-02-01,3546,Paid
4737,204,2026-03-01,3546,Paid
4738,204,2026-04-01,3546,Paid
4739,204,2026-05-03,3546,Paid
4740,204,2026-06-01,3546,Paid
4741,204,2026-07-01,3546,Paid
4742,204,2026-08-01,3546,Paid
4743,204,2026-09-01,3546,Paid
4744,204,2026-10-02,3546,Paid
4745,204,2026-11-01,3546,Failed
4746,204,2026-12-01,3546,Pending
4644,205,2025-11-12,3344,Failed
4645,205,2025-12-01,3344,Paid
4646,205,2026-01-06,3344,Overdue
4647,205,2026-02-01,3344,Paid
4648,205,2026-03-01,3344,Failed
4649,205,2026-04-01,3344,Paid
4650,205,2026-05-03,3344,Paid
4651,205,2026-06-01,3344,Paid
4652,205,2026-07-03,3344,Paid
4653,205,2026-08-01,3344,Paid
4654,205,2026-09-01,3344,Paid
4655,205,2026-10-01,3344,Paid
4656,205,2026-11-02,3344,Paid
4657,205,2026-12-01,3344,Paid
3088,206,2025-08-07,3065,Pending
3089,206,2025-09-01,3065,Paid
3090,206,2025-10-01,3065,Paid
3091,206,2025-11-01,3065,Paid
3092,206,2025-12-01,3065,Paid
3093,206,2026-01-01,3065,Overdue
3094,206,2026-02-01,3065,Pending
3095,206,2026-03-08,3065,Paid
3096,206,2026-04-01,3065,Paid
3097,206,2026-05-06,3065,Failed
3098,206,2026-06-01,3065,Paid
3099,206,2026-07-02,3065,Paid
3100,206,2026-08-02,3065,Overdue
6625,207,2026-02-13,3248,Paid
6626,207,2026-03-02,3248,Failed
808,208,2025-01-01,2461,Paid
809,208,2025-02-01,2461,Paid
810,208,2025-03-01,2461,Paid
5538,209,2025-12-29,4089,Paid
5539,209,2026-01-01,4089,Pending
5540,209,2026-02-01,4089,Paid
5541,209,2026-03-01,4089,Paid
5542,209,2026-04-04,4089,Pending
5543,209,2026-04-30,4089,Paid
5544,209,2026-06-01,4089,Paid
4490,210,2025-11-01,2835,Paid
4491,210,2025-12-02,2835,Paid
4492,210,2026-01-04,2835,Paid
1021,211,2025-01-26,3145,Paid
1022,211,2025-02-01,3145,Paid
1023,211,2025-03-01,3145,Paid
1024,211,2025-04-01,3145,Paid
1025,211,2025-05-02,3145,Paid
1026,211,2025-06-02,3145,Paid
1027,211,2025-07-06,3145,Paid
1028,211,2025-08-01,3145,Paid
1029,211,2025-09-01,3145,Pending
1030,211,2025-10-08,3145,Paid
1031,211,2025-11-01,3145,Paid
1032,211,2025-12-03,3145,Paid
1033,211,2026-01-01,3145,Paid
1034,211,2026-02-01,3145,Paid
1035,211,2026-03-01,3145,Paid
1036,211,2026-04-02,3145,Paid
1037,211,2026-05-01,3145,Paid
1038,211,2026-06-01,3145,Paid
1039,211,2026-07-01,3145,Paid
15003,212,2026-10-19,2358,Paid
15004,212,2026-11-06,2358,Pending
15005,212,2026-12-01,2358,Paid
10778,213,2026-07-04,2645,Paid
10779,213,2026-08-01,2645,Paid
13269,214,2026-09-06,2492,Paid
13270,214,2026-10-03,2492,Paid
13271,214,2026-11-06,2492,Paid
13272,214,2026-12-01,2492,Paid
15868,215,2026-11-12,4639,Paid
15869,215,2026-11-30,4639,Overdue
10747,216,2026-07-03,4900,Paid
10748,216,2026-08-01,4900,Paid
3303,217,2025-08-21,3055,Paid
3304,217,2025-09-04,3055,Paid
3305,217,2025-10-02,3055,Paid
3306,217,2025-11-01,3055,Paid
3307,217,2025-12-03,3055,Paid
3308,217,2026-01-01,3055,Paid
3309,217,2026-02-01,3055,Paid
8475,218,2026-04-19,4669,Paid
8476,218,2026-05-01,4669,Paid
8477,218,2026-06-03,4669,Paid
10856,219,2026-07-06,2777,Overdue
10857,219,2026-08-01,2777,Paid
10858,219,2026-09-01,2777,Paid
10859,219,2026-10-02,2777,Paid
14677,220,2026-10-11,3127,Paid
14678,220,2026-11-01,3127,Overdue
14814,221,2026-10-15,3189,Paid
14815,221,2026-11-01,3189,Paid
14816,221,2026-12-04,3189,Paid
16094,222,2026-12-24,3852,Paid
2302,223,2025-06-01,3907,Paid
2303,223,2025-07-01,3907,Paid
2304,223,2025-08-01,3907,Paid
2305,223,2025-09-01,3907,Paid
2944,224,2025-07-28,3485,Paid
2945,224,2025-08-02,3485,Pending
10619,225,2026-06-28,2850,Paid
10620,225,2026-07-01,2850,Failed
10621,225,2026-08-01,2850,Paid
10622,225,2026-09-01,2850,Pending
10623,225,2026-09-29,2850,Paid
10624,225,2026-11-01,2850,Overdue
10625,225,2026-12-01,2850,Paid
9896,226,2026-06-04,3610,Paid
9897,226,2026-07-01,3610,Paid
9898,226,2026-08-01,3610,Paid
9899,226,2026-09-01,3610,Paid
12459,227,2026-08-16,4119,Paid
12460,227,2026-09-02,4119,Failed
12461,227,2026-09-29,4119,Paid
12462,227,2026-11-02,4119,Overdue
12463,227,2026-12-03,4119,Pending
8536,228,2026-04-22,3292,Paid
8537,228,2026-05-01,3292,Paid
8538,228,2026-06-01,3292,Pending
8539,228,2026-07-01,3292,Paid
8103,229,2026-04-07,2349,Paid
8104,229,2026-05-03,2349,Paid
8105,229,2026-06-01,2349,Paid
4800,230,2025-11-20,3537,Overdue
4801,230,2025-12-02,3537,Paid
4802,230,2026-01-01,3537,Paid
13411,231,2026-09-10,3157,Paid
13412,231,2026-10-01,3157,Paid
13413,231,2026-11-01,3157,Paid
13414,231,2026-12-01,3157,Paid
2146,232,2025-05-21,3787,Paid
2147,232,2025-06-03,3787,Paid
2148,232,2025-07-01,3787,Paid
11491,233,2026-07-23,2895,Overdue
11492,233,2026-08-01,2895,Pending
11493,233,2026-09-01,2895,Paid
11494,233,2026-10-01,2895,Paid
11495,233,2026-11-01,2895,Paid
11496,233,2026-12-01,2895,Paid
5519,234,2025-12-27,3169,Paid
5520,234,2025-12-30,3169,Paid
5521,234,2026-02-01,3169,Paid
3508,235,2025-09-05,2313,Paid
3509,235,2025-10-01,2313,Pending
3510,235,2025-11-01,2313,Failed
7919,236,2026-03-29,3105,Paid
7920,236,2026-04-03,3105,Paid
7921,236,2026-05-01,3105,Paid
7922,236,2026-06-01,3105,Paid
5474,237,2025-12-26,2596,Paid
5475,237,2026-01-01,2596,Paid
5476,237,2026-02-01,2596,Overdue
5477,237,2026-03-01,2596,Paid
5478,237,2026-04-02,2596,Paid
5479,237,2026-05-01,2596,Pending
5480,237,2026-06-01,2596,Pending
5481,237,2026-07-01,2596,Paid
5482,237,2026-07-31,2596,Paid
5483,237,2026-09-01,2596,Paid
5484,237,2026-10-01,2596,Overdue
5485,237,2026-11-03,2596,Paid
5486,237,2026-12-01,2596,Paid
6174,238,2026-01-25,3768,Paid
6175,238,2026-02-01,3768,Paid
6176,238,2026-03-01,3768,Paid
6177,238,2026-04-01,3768,Failed
6178,238,2026-05-01,3768,Paid
6179,238,2026-06-01,3768,Paid
6180,238,2026-07-04,3768,Pending
6181,238,2026-08-02,3768,Paid
6182,238,2026-09-01,3768,Paid
6183,238,2026-10-01,3768,Paid
6184,238,2026-11-03,3768,Overdue
6185,238,2026-12-01,3768,Paid
5168,239,2025-12-09,4687,Paid
5169,239,2026-01-01,4687,Paid
5170,239,2026-02-01,4687,Paid
10733,240,2026-07-02,2831,Paid
10734,240,2026-08-01,2831,Paid
10735,240,2026-08-30,2831,Pending
10736,240,2026-10-04,2831,Paid
9146,241,2026-05-10,2609,Overdue
9147,241,2026-05-30,2609,Paid
12226,242,2026-08-12,2315,Paid
12227,242,2026-09-01,2315,Paid
12228,242,2026-10-01,2315,Overdue
12229,242,2026-11-03,2315,Overdue
15966,243,2026-12-01,3601,Paid
12953,244,2026-08-29,2371,Paid
12954,244,2026-08-31,2371,Paid
12955,244,2026-10-01,2371,Paid
12956,244,2026-11-06,2371,Paid
12957,244,2026-12-01,2371,Paid
6906,245,2026-02-26,3769,Overdue
6907,245,2026-03-02,3769,Paid
6908,245,2026-04-01,3769,Overdue
6909,245,2026-05-01,3769,Paid
6910,245,2026-06-01,3769,Paid
6911,245,2026-06-30,3769,Failed
6912,245,2026-08-01,3769,Paid
6913,245,2026-09-01,3769,Paid
6914,245,2026-10-02,3769,Overdue
6915,245,2026-11-01,3769,Overdue
6916,245,2026-12-02,3769,Paid
10217,246,2026-06-16,3486,Overdue
10218,246,2026-07-08,3486,Paid
10219,246,2026-08-01,3486,Paid
10220,246,2026-09-02,3486,Overdue
10612,247,2026-06-28,3565,Paid
10613,247,2026-07-01,3565,Paid
10614,247,2026-08-01,3565,Paid
10615,247,2026-09-01,3565,Paid
13060,248,2026-09-01,2879,Paid
13061,248,2026-10-01,2879,Paid
13062,248,2026-11-01,2879,Paid
13063,248,2026-12-02,2879,Paid
1717,249,2025-04-13,2567,Overdue
1718,249,2025-05-06,2567,Paid
1719,249,2025-06-01,2567,Paid
1720,249,2025-07-04,2567,Pending
1721,249,2025-08-01,2567,Paid
1722,249,2025-09-01,2567,Paid
1723,249,2025-10-01,2567,Pending
1724,249,2025-11-01,2567,Pending
1725,249,2025-12-03,2567,Paid
1726,249,2026-01-01,2567,Paid
1727,249,2026-02-01,2567,Paid
1728,249,2026-03-01,2567,Paid
1729,249,2026-04-01,2567,Paid
1068,250,2025-01-31,3078,Paid
1069,250,2025-02-01,3078,Paid
7170,251,2026-03-06,3279,Paid
7171,251,2026-04-01,3279,Paid
7172,251,2026-05-06,3279,Paid
15385,252,2026-10-26,3473,Paid
15386,252,2026-11-01,3473,Paid
15387,252,2026-11-30,3473,Paid
13500,253,2026-09-12,3491,Paid
13501,253,2026-10-01,3491,Pending
13502,253,2026-11-01,3491,Paid
9974,254,2026-06-07,2807,Overdue
9975,254,2026-07-01,2807,Paid
9976,254,2026-08-03,2807,Paid
14365,255,2026-10-04,3136,Paid
14366,255,2026-11-03,3136,Paid
16135,256,2026-12-29,4325,Paid
15798,257,2026-11-06,3185,Paid
15799,257,2026-12-01,3185,Failed
13770,258,2026-09-20,4293,Paid
13771,258,2026-09-30,4293,Paid
15963,259,2026-12-01,3921,Paid
5909,260,2026-01-13,3074,Paid
5910,260,2026-02-01,3074,Paid
5911,260,2026-03-01,3074,Paid
5912,260,2026-04-04,3074,Paid
5913,260,2026-05-08,3074,Paid
5914,260,2026-06-02,3074,Paid
5915,260,2026-07-01,3074,Pending
5916,260,2026-08-03,3074,Paid
5917,260,2026-09-01,3074,Paid
5918,260,2026-10-03,3074,Paid
5919,260,2026-11-01,3074,Paid
5920,260,2026-12-01,3074,Overdue
14357,261,2026-10-04,2977,Overdue
14358,261,2026-11-01,2977,Paid
14359,261,2026-12-01,2977,Paid
12683,262,2026-08-23,3425,Paid
12684,262,2026-09-01,3425,Paid
12685,262,2026-10-01,3425,Paid
12686,262,2026-11-03,3425,Paid
15860,263,2026-11-11,2419,Failed
15861,263,2026-12-02,2419,Paid
4103,264,2025-10-11,2987,Paid
4104,264,2025-11-02,2987,Failed
4105,264,2025-12-01,2987,Pending
4106,264,2026-01-01,2987,Paid
4107,264,2026-02-01,2987,Paid
4108,264,2026-03-01,2987,Pending
4109,264,2026-04-01,2987,Overdue
4110,264,2026-05-02,2987,Paid
4111,264,2026-06-01,2987,Paid
4112,264,2026-07-08,2987,Paid
4113,264,2026-07-31,2987,Paid
4114,264,2026-09-01,2987,Paid
4115,264,2026-09-29,2987,Paid
4116,264,2026-11-01,2987,Paid
4117,264,2026-12-01,2987,Paid
4392,265,2025-10-29,3484,Pending
4393,265,2025-11-01,3484,Overdue
4394,265,2025-12-02,3484,Paid
11670,266,2026-07-29,3577,Paid
11671,266,2026-08-03,3577,Paid
11672,266,2026-08-31,3577,Paid
2924,267,2025-07-25,3561,Paid
2925,267,2025-08-01,3561,Paid
2926,267,2025-09-01,3561,Paid
11334,268,2026-07-19,4917,Paid
11335,268,2026-08-01,4917,Overdue
3331,269,2025-08-22,2940,Paid
3332,269,2025-09-01,2940,Paid
3333,269,2025-10-01,2940,Paid
3334,269,2025-11-04,2940,Paid
7353,270,2026-03-12,4763,Paid
7354,270,2026-04-04,4763,Paid
7355,270,2026-05-01,4763,Paid
7356,270,2026-06-01,4763,Paid
7357,270,2026-07-01,4763,Paid
7358,270,2026-08-01,4763,Paid
7359,270,2026-09-01,4763,Paid
7360,270,2026-10-03,4763,Paid
7361,270,2026-11-01,4763,Paid
7362,270,2026-12-02,4763,Paid
5811,271,2026-01-09,3661,Paid
5812,271,2026-02-01,3661,Paid
5813,271,2026-03-02,3661,Paid
5814,271,2026-04-01,3661,Paid
5815,271,2026-05-01,3661,Paid
5816,271,2026-06-01,3661,Paid
5817,271,2026-07-01,3661,Paid
407,272,2024-10-08,4111,Overdue
408,272,2024-11-01,4111,Paid
409,272,2024-12-04,4111,Paid
410,272,2025-01-01,4111,Paid
7683,273,2026-03-22,3416,Pending
7684,273,2026-04-02,3416,Paid
7685,273,2026-05-02,3416,Paid
7686,273,2026-06-01,3416,Pending
7687,273,2026-07-04,3416,Paid
7688,273,2026-07-31,3416,Overdue
7689,273,2026-09-01,3416,Pending
7690,273,2026-10-01,3416,Paid
7691,273,2026-11-01,3416,Paid
7692,273,2026-12-01,3416,Paid
4710,274,2025-11-13,3615,Paid
4711,274,2025-12-01,3615,Paid
2347,275,2025-06-07,2608,Paid
2348,275,2025-07-02,2608,Paid
2349,275,2025-08-01,2608,Paid
11716,276,2026-07-30,2005,Pending
11717,276,2026-08-01,2005,Paid
11718,276,2026-09-03,2005,Paid
11719,276,2026-09-30,2005,Paid
11720,276,2026-11-01,2005,Paid
11721,276,2026-12-02,2005,Paid
15816,277,2026-11-07,3180,Paid
15817,277,2026-12-01,3180,Paid
13979,278,2026-09-24,2894,Pending
13980,278,2026-10-01,2894,Paid
13543,279,2026-09-14,2770,Paid
13544,279,2026-10-01,2770,Paid
13545,279,2026-11-01,2770,Paid
13546,279,2026-12-03,2770,Pending
12988,280,2026-08-30,2810,Paid
12989,280,2026-09-01,2810,Paid
12990,280,2026-10-01,2810,Paid
12991,280,2026-11-01,2810,Paid
12992,280,2026-12-01,2810,Paid
3576,281,2025-09-12,2858,Paid
3577,281,2025-10-04,2858,Paid
3578,281,2025-11-01,2858,Paid
3579,281,2025-12-02,2858,Paid
3580,281,2026-01-01,2858,Overdue
3581,281,2026-02-01,2858,Paid
3582,281,2026-03-03,2858,Overdue
1423,282,2025-03-11,2598,Paid
1424,282,2025-04-02,2598,Paid
1425,282,2025-04-30,2598,Paid
1426,282,2025-06-06,2598,Paid
1427,282,2025-07-01,2598,Paid
1428,282,2025-08-01,2598,Paid
1429,282,2025-09-01,2598,Paid
995,283,2025-01-22,3025,Paid
996,283,2025-02-03,3025,Paid
997,283,2025-03-01,3025,Paid
11475,284,2026-07-22,2193,Paid
11476,284,2026-08-01,2193,Paid
6815,285,2026-02-20,4680,Paid
6816,285,2026-03-01,4680,Overdue
6817,285,2026-04-01,4680,Paid
6818,285,2026-05-01,4680,Paid
14402,286,2026-10-05,3638,Paid
14403,286,2026-11-01,3638,Overdue
1404,287,2025-03-10,2695,Paid
1405,287,2025-04-01,2695,Paid
1406,287,2025-05-01,2695,Paid
1407,287,2025-05-31,2695,Pending
1408,287,2025-06-29,2695,Paid
1409,287,2025-08-02,2695,Paid
1410,287,2025-09-01,2695,Paid
1411,287,2025-10-01,2695,Pending
1412,287,2025-11-01,2695,Paid
1413,287,2025-12-03,2695,Paid
1414,287,2026-01-04,2695,Paid
1415,287,2026-02-06,2695,Paid
1416,287,2026-03-01,2695,Paid
1417,287,2026-04-01,2695,Paid
1418,287,2026-05-01,2695,Paid
1419,287,2026-06-01,2695,Paid
1420,287,2026-07-01,2695,Overdue
1421,287,2026-08-02,2695,Overdue
1422,287,2026-09-01,2695,Paid
2601,288,2025-06-24,3269,Paid
2602,288,2025-07-01,3269,Paid
2603,288,2025-08-01,3269,Paid
2604,288,2025-08-31,3269,Paid
7225,289,2026-03-07,4523,Paid
7226,289,2026-04-01,4523,Paid
7227,289,2026-05-01,4523,Pending
15967,290,2026-12-01,3179,Paid
16152,291,2026-12-30,4437,Failed
12875,292,2026-08-28,2744,Paid
12876,292,2026-09-01,2744,Paid
12877,292,2026-10-01,2744,Paid
7084,293,2026-03-05,3882,Paid
7085,293,2026-04-01,3882,Paid
7086,293,2026-05-04,3882,Overdue
7087,293,2026-06-01,3882,Paid
7088,293,2026-07-01,3882,Paid
7089,293,2026-08-01,3882,Paid
7090,293,2026-09-01,3882,Paid
7091,293,2026-10-01,3882,Overdue
7092,293,2026-11-01,3882,Paid
7093,293,2026-11-30,3882,Paid
13947,294,2026-09-23,4756,Paid
13948,294,2026-10-01,4756,Paid
13949,294,2026-10-31,4756,Paid
13950,294,2026-11-30,4756,Paid
15974,295,2026-12-01,2514,Paid
7768,296,2026-03-24,2667,Pending
7769,296,2026-04-03,2667,Overdue
3030,297,2025-08-04,3137,Pending
3031,297,2025-09-02,3137,Paid
3032,297,2025-10-03,3137,Paid
3033,297,2025-11-01,3137,Paid
3034,297,2025-12-01,3137,Paid
3035,297,2026-01-01,3137,Paid
3036,297,2026-02-01,3137,Paid
15990,298,2026-12-03,3152,Pending
4321,299,2025-10-26,3736,Paid
4322,299,2025-11-01,3736,Paid
15067,300,2026-10-20,3199,Paid
15068,300,2026-11-01,3199,Overdue
15069,300,2026-12-01,3199,Overdue
16088,301,2026-12-24,2304,Paid
14968,302,2026-10-18,2230,Paid
14969,302,2026-11-01,2230,Paid
613,303,2024-11-27,3472,Paid
614,303,2024-12-01,3472,Paid
615,303,2025-01-03,3472,Paid
616,303,2025-02-01,3472,Paid
617,303,2025-03-02,3472,Paid
618,303,2025-04-01,3472,Paid
619,303,2025-05-01,3472,Pending
620,303,2025-06-02,3472,Paid
621,303,2025-07-03,3472,Pending
622,303,2025-08-01,3472,Pending
623,303,2025-09-01,3472,Paid
624,303,2025-10-01,3472,Paid
625,303,2025-11-01,3472,Pending
15872,304,2026-11-12,3511,Paid
15873,304,2026-12-01,3511,Paid
1115,305,2025-02-15,2885,Paid
1116,305,2025-03-01,2885,Paid
1117,305,2025-04-02,2885,Paid
1118,305,2025-05-01,2885,Pending
13439,306,2026-09-10,3668,Paid
13440,306,2026-10-01,3668,Paid
6942,307,2026-02-26,2760,Paid
6943,307,2026-03-04,2760,Pending
6944,307,2026-04-01,2760,Paid
6945,307,2026-05-01,2760,Paid
6946,307,2026-06-03,2760,Paid
6947,307,2026-07-01,2760,Paid
6948,307,2026-08-02,2760,Paid
6949,307,2026-09-01,2760,Paid
6950,307,2026-10-01,2760,Overdue
6951,307,2026-11-01,2760,Paid
6952,307,2026-12-01,2760,Paid
15898,308,2026-11-16,3291,Paid
15899,308,2026-12-01,3291,Paid
14975,309,2026-10-19,3499,Paid
14976,309,2026-11-01,3499,Paid
14977,309,2026-12-01,3499,Paid
15547,310,2026-10-29,2451,Paid
15548,310,2026-11-02,2451,Overdue
15549,310,2026-12-01,2451,Pending
12616,311,2026-08-21,3015,Paid
12617,311,2026-09-01,3015,Paid
12618,311,2026-09-30,3015,Paid
12619,311,2026-11-02,3015,Paid
12620,311,2026-12-01,3015,Overdue
10895,312,2026-07-07,2223,Paid
10896,312,2026-08-01,2223,Paid
10897,312,2026-09-01,2223,Paid
10898,312,2026-10-01,2223,Paid
10899,312,2026-11-02,2223,Overdue
10900,312,2026-12-01,2223,Paid
16098,313,2026-12-25,2803,Paid
15270,314,2026-10-24,4773,Overdue
15271,314,2026-11-01,4773,Paid
15272,314,2026-12-01,4773,Pending
1267,315,2025-03-03,3543,Paid
1268,315,2025-03-30,3543,Paid
1269,315,2025-05-04,3543,Paid
1270,315,2025-06-03,3543,Paid
1271,315,2025-07-01,3543,Overdue
1272,315,2025-07-31,3543,Paid
1273,315,2025-09-01,3543,Paid
1274,315,2025-10-01,3543,Paid
1275,315,2025-11-01,3543,Paid
1276,315,2025-11-30,3543,Paid
1277,315,2026-01-01,3543,Paid
1278,315,2026-02-01,3543,Paid
1279,315,2026-03-03,3543,Paid
1280,315,2026-04-01,3543,Paid
1281,315,2026-05-01,3543,Paid
1282,315,2026-06-02,3543,Paid
1283,315,2026-07-02,3543,Pending
1284,315,2026-08-03,3543,Overdue
1285,315,2026-09-01,3543,Paid
6956,316,2026-02-27,3196,Pending
6957,316,2026-03-01,3196,Paid
6958,316,2026-04-06,3196,Paid
6959,316,2026-05-01,3196,Paid
6960,316,2026-06-01,3196,Paid
6961,316,2026-07-02,3196,Paid
6962,316,2026-08-01,3196,Paid
1791,317,2025-04-16,4003,Paid
1792,317,2025-05-02,4003,Paid
1793,317,2025-06-01,4003,Overdue
16077,318,2026-12-20,4764,Paid
14763,319,2026-10-14,4429,Paid
14764,319,2026-11-08,4429,Paid
14765,319,2026-12-01,4429,Paid
2247,320,2025-05-27,2842,Paid
2248,320,2025-06-02,2842,Paid
2249,320,2025-07-01,2842,Paid
2250,320,2025-08-01,2842,Paid
1873,321,2025-04-25,3550,Paid
1874,321,2025-05-01,3550,Overdue
1875,321,2025-06-01,3550,Paid
1876,321,2025-07-01,3550,Paid
1877,321,2025-07-31,3550,Paid
1878,321,2025-09-01,3550,Paid
1879,321,2025-10-03,3550,Pending
2698,322,2025-06-30,2322,Paid
2699,322,2025-06-30,2322,Paid
2700,322,2025-08-01,2322,Pending
2701,322,2025-09-01,2322,Paid
3525,323,2025-09-07,2897,Paid
3526,323,2025-10-01,2897,Paid
3527,323,2025-11-01,2897,Paid
13627,324,2026-09-16,3366,Paid
13628,324,2026-10-01,3366,Paid
13629,324,2026-11-01,3366,Paid
13630,324,2026-12-01,3366,Paid
13409,325,2026-09-10,2965,Overdue
13410,325,2026-10-08,2965,Failed
2770,326,2025-07-13,2539,Paid
2771,326,2025-08-03,2539,Paid
2772,326,2025-09-01,2539,Paid
2773,326,2025-10-01,2539,Overdue
15524,327,2026-10-28,2602,Pending
15525,327,2026-11-01,2602,Paid
15526,327,2026-12-04,2602,Paid
442,328,2024-10-22,2674,Failed
443,328,2024-11-03,2674,Paid
444,328,2024-12-04,2674,Pending
445,328,2025-01-01,2674,Paid
6535,329,2026-02-08,4198,Paid
6536,329,2026-03-03,4198,Paid
6537,329,2026-04-01,4198,Paid
6538,329,2026-05-03,4198,Paid
6539,329,2026-06-01,4198,Paid
6540,329,2026-07-01,4198,Failed
6541,329,2026-08-02,4198,Paid
6542,329,2026-09-03,4198,Paid
6543,329,2026-10-01,4198,Paid
6544,329,2026-11-01,4198,Paid
6545,329,2026-12-01,4198,Paid
10249,330,2026-06-17,4755,Paid
10250,330,2026-07-01,4755,Pending
10251,330,2026-08-02,4755,Paid
10252,330,2026-09-08,4755,Paid
10253,330,2026-10-06,4755,Paid
10254,330,2026-11-01,4755,Paid
10255,330,2026-12-01,4755,Paid
15009,331,2026-10-19,2620,Overdue
15010,331,2026-11-02,2620,Paid
15011,331,2026-12-03,2620,Paid
9770,332,2026-05-31,2243,Paid
9771,332,2026-06-01,2243,Paid
7953,333,2026-03-31,3135,Paid
7954,333,2026-04-02,3135,Paid
7955,333,2026-05-01,3135,Paid
14693,334,2026-10-11,2579,Paid
14694,334,2026-11-03,2579,Paid
14695,334,2026-12-01,2579,Failed
3749,335,2025-09-24,4559,Paid
3750,335,2025-10-01,4559,Paid
3751,335,2025-11-01,4559,Overdue
3752,335,2025-12-01,4559,Paid
3753,335,2026-01-06,4559,Paid
3754,335,2026-02-01,4559,Paid
3755,335,2026-03-03,4559,Paid
3756,335,2026-04-01,4559,Paid
3757,335,2026-05-01,4559,Paid
3758,335,2026-05-31,4559,Paid
3759,335,2026-07-01,4559,Paid
3760,335,2026-08-02,4559,Pending
3761,335,2026-09-02,4559,Paid
3762,335,2026-10-01,4559,Paid
3763,335,2026-11-04,4559,Pending
3764,335,2026-12-03,4559,Paid
7969,336,2026-03-31,2856,Paid
7970,336,2026-04-01,2856,Paid
7971,336,2026-05-01,2856,Overdue
7972,336,2026-06-03,2856,Paid
7973,336,2026-07-01,2856,Overdue
7974,336,2026-08-04,2856,Overdue
7975,336,2026-09-01,2856,Paid
7976,336,2026-10-01,2856,Paid
7977,336,2026-10-30,2856,Paid
7978,336,2026-12-03,2856,Pending
5761,337,2026-01-08,2897,Paid
5762,337,2026-02-01,2897,Paid
5763,337,2026-03-04,2897,Paid
5764,337,2026-04-01,2897,Paid
5765,337,2026-04-29,2897,Paid
5766,337,2026-06-03,2897,Paid
5767,337,2026-07-01,2897,Paid
5768,337,2026-08-01,2897,Overdue
5769,337,2026-09-01,2897,Paid
5770,337,2026-10-01,2897,Paid
5771,337,2026-11-01,2897,Paid
5772,337,2026-12-02,2897,Paid
8348,338,2026-04-14,4677,Paid
8349,338,2026-05-01,4677,Paid
8350,338,2026-06-02,4677,Paid
1254,339,2025-03-01,3546,Overdue
1255,339,2025-04-02,3546,Paid
1256,339,2025-05-01,3546,Paid
1257,339,2025-06-01,3546,Paid
15997,340,2026-12-05,4218,Paid
11993,341,2026-08-05,3431,Paid
11994,341,2026-09-01,3431,Paid
13927,342,2026-09-23,3290,Paid
13928,342,2026-09-30,3290,Paid
13729,343,2026-09-19,3889,Overdue
13730,343,2026-09-30,3889,Overdue
13731,343,2026-11-01,3889,Paid
13732,343,2026-12-01,3889,Paid
14808,344,2026-10-15,4582,Paid
14809,344,2026-11-01,4582,Paid
14810,344,2026-12-03,4582,Pending
7510,345,2026-03-16,3049,Overdue
7511,345,2026-04-01,3049,Paid
7512,345,2026-05-01,3049,Paid
16120,346,2026-12-27,2930,Paid
9714,347,2026-05-30,3751,Paid
9715,347,2026-06-01,3751,Paid
9716,347,2026-07-01,3751,Paid
9717,347,2026-08-01,3751,Paid
9718,347,2026-09-02,3751,Paid
9719,347,2026-10-01,3751,Paid
9720,347,2026-11-04,3751,Paid
9721,347,2026-12-01,3751,Paid
12678,348,2026-08-22,3061,Paid
12679,348,2026-09-01,3061,Overdue
12680,348,2026-10-03,3061,Paid
12681,348,2026-11-01,3061,Paid
12682,348,2026-12-06,3061,Paid
13859,349,2026-09-22,4232,Paid
13860,349,2026-10-01,4232,Pending
13861,349,2026-11-08,4232,Paid
13862,349,2026-12-01,4232,Paid
3765,350,2025-09-24,3699,Paid
3766,350,2025-10-01,3699,Paid
3767,350,2025-10-31,3699,Overdue
3768,350,2025-12-01,3699,Paid
3769,350,2026-01-01,3699,Overdue
3770,350,2026-02-01,3699,Paid
3771,350,2026-03-04,3699,Paid
3772,350,2026-04-01,3699,Paid
3773,350,2026-05-01,3699,Pending
3774,350,2026-06-02,3699,Paid
3775,350,2026-07-01,3699,Paid
3776,350,2026-07-30,3699,Paid
3777,350,2026-09-01,3699,Paid
3778,350,2026-10-02,3699,Paid
3779,350,2026-11-01,3699,Paid
3780,350,2026-12-03,3699,Paid
10928,351,2026-07-08,4566,Paid
10929,351,2026-08-01,4566,Overdue
10930,351,2026-09-01,4566,Paid
10931,351,2026-10-01,4566,Paid
1927,352,2025-04-30,3370,Paid
1928,352,2025-05-01,3370,Paid
1929,352,2025-06-02,3370,Paid
1930,352,2025-07-01,3370,Overdue
1931,352,2025-08-01,3370,Paid
1932,352,2025-09-01,3370,Paid
1933,352,2025-10-01,3370,Paid
1467,353,2025-03-15,3016,Paid
1468,353,2025-04-01,3016,Paid
14972,354,2026-10-19,2567,Failed
14973,354,2026-11-01,2567,Pending
14974,354,2026-11-30,2567,Paid
11845,355,2026-08-01,2422,Paid
11846,355,2026-08-31,2422,Paid
11847,355,2026-10-02,2422,Paid
11848,355,2026-10-30,2422,Paid
11849,355,2026-12-01,2422,Paid
5209,356,2025-12-14,2635,Paid
5210,356,2026-01-01,2635,Overdue
5211,356,2026-02-01,2635,Paid
5212,356,2026-03-02,2635,Paid
5213,356,2026-04-01,2635,Paid
5214,356,2026-04-30,2635,Paid
5215,356,2026-06-02,2635,Paid
5216,356,2026-07-01,2635,Paid
5217,356,2026-08-02,2635,Paid
5218,356,2026-09-01,2635,Paid
5219,356,2026-10-01,2635,Paid
5220,356,2026-11-01,2635,Overdue
5221,356,2026-11-30,2635,Paid
15098,357,2026-10-21,4676,Overdue
15099,357,2026-11-01,4676,Paid
15100,357,2026-12-01,4676,Paid
14799,358,2026-10-15,4473,Paid
14800,358,2026-11-02,4473,Paid
14801,358,2026-12-08,4473,Paid
4789,359,2025-11-19,3978,Paid
4790,359,2025-12-01,3978,Paid
4791,359,2026-01-01,3978,Paid
4792,359,2026-02-01,3978,Paid
4793,359,2026-03-01,3978,Paid
4794,359,2026-04-03,3978,Failed
4795,359,2026-05-01,3978,Paid
14651,360,2026-10-10,3685,Paid
14652,360,2026-11-01,3685,Pending
16111,361,2026-12-26,4437,Paid
13562,362,2026-09-14,4899,Paid
13563,362,2026-10-01,4899,Paid
13564,362,2026-11-01,4899,Pending
998,363,2025-01-24,2422,Pending
999,363,2025-02-03,2422,Overdue
1000,363,2025-03-01,2422,Paid
15394,364,2026-10-26,3438,Paid
15395,364,2026-11-01,3438,Paid
15396,364,2026-12-02,3438,Paid
2449,365,2025-06-18,2803,Paid
2450,365,2025-07-02,2803,Overdue
2451,365,2025-07-30,2803,Paid
4758,366,2025-11-18,2633,Paid
4759,366,2025-12-01,2633,Paid
4760,366,2026-01-01,2633,Paid
2477,367,2025-06-19,3753,Paid
2478,367,2025-07-01,3753,Paid
2479,367,2025-08-04,3753,Paid
2480,367,2025-09-02,3753,Overdue
13096,368,2026-09-02,3382,Paid
13097,368,2026-10-03,3382,Paid
13098,368,2026-11-01,3382,Paid
13099,368,2026-12-01,3382,Paid
6095,369,2026-01-22,3595,Paid
6096,369,2026-02-03,3595,Paid
6097,369,2026-03-04,3595,Paid
8132,370,2026-04-07,3785,Paid
8133,370,2026-05-03,3785,Pending
11915,371,2026-08-02,2853,Paid
11916,371,2026-09-01,2853,Paid
11917,371,2026-10-01,2853,Pending
11918,371,2026-11-01,2853,Paid
2369,372,2025-06-08,3159,Paid
2370,372,2025-07-08,3159,Paid
2371,372,2025-08-04,3159,Paid
2372,372,2025-09-01,3159,Paid
2373,372,2025-09-30,3159,Paid
2374,372,2025-11-01,3159,Paid
2375,372,2025-12-01,3159,Paid
2376,372,2026-01-01,3159,Paid
2377,372,2026-02-01,3159,Paid
2378,372,2026-03-01,3159,Overdue
2379,372,2026-04-01,3159,Paid
2380,372,2026-05-01,3159,Paid
2381,372,2026-06-01,3159,Paid
2172,373,2025-05-22,4466,Failed
2173,373,2025-06-06,4466,Paid
2174,373,2025-07-01,4466,Paid
2175,373,2025-08-03,4466,Paid
2176,373,2025-09-01,4466,Paid
2177,373,2025-10-01,4466,Paid
2178,373,2025-11-01,4466,Paid
3149,374,2025-08-10,4122,Paid
3150,374,2025-09-01,4122,Paid
3151,374,2025-10-01,4122,Overdue
3152,374,2025-11-03,4122,Pending
3153,374,2025-12-01,4122,Paid
3154,374,2026-01-01,4122,Paid
3155,374,2026-01-30,4122,Paid
3156,374,2026-03-01,4122,Paid
3157,374,2026-03-30,4122,Paid
3158,374,2026-05-01,4122,Paid
3159,374,2026-06-02,4122,Paid
3160,374,2026-07-02,4122,Paid
3161,374,2026-08-01,4122,Paid
8819,375,2026-05-02,2972,Paid
8820,375,2026-06-01,2972,Paid
8821,375,2026-07-02,2972,Overdue
8822,375,2026-08-01,2972,Paid
8823,375,2026-09-02,2972,Overdue
8824,375,2026-10-01,2972,Paid
8825,375,2026-11-01,2972,Paid
8826,375,2026-12-02,2972,Overdue
10185,376,2026-06-15,2729,Paid
10186,376,2026-07-03,2729,Pending
10187,376,2026-08-01,2729,Overdue
10188,376,2026-09-01,2729,Pending
10189,376,2026-10-01,2729,Paid
10190,376,2026-11-04,2729,Paid
10191,376,2026-12-01,2729,Paid
13496,377,2026-09-12,2974,Paid
13497,377,2026-10-01,2974,Paid
13498,377,2026-10-31,2974,Paid
13499,377,2026-12-01,2974,Pending
13322,378,2026-09-08,4036,Paid
13323,378,2026-10-01,4036,Overdue
13324,378,2026-11-01,4036,Paid
13325,378,2026-12-01,4036,Paid
11005,379,2026-07-10,3469,Paid
11006,379,2026-08-01,3469,Paid
12187,380,2026-08-11,2586,Paid
12188,380,2026-09-01,2586,Paid
12189,380,2026-10-01,2586,Pending
12190,380,2026-11-01,2586,Pending
12191,380,2026-12-03,2586,Pending
11149,381,2026-07-14,3608,Paid
11150,381,2026-08-04,3608,Pending
11151,381,2026-09-06,3608,Paid
11152,381,2026-10-01,3608,Paid
8720,382,2026-04-29,3293,Paid
8721,382,2026-05-01,3293,Paid
14307,383,2026-10-03,3121,Paid
14308,383,2026-11-01,3121,Paid
14309,383,2026-12-01,3121,Paid
5149,384,2025-12-08,4636,Paid
5150,384,2025-12-31,4636,Paid
5151,384,2026-02-06,4636,Paid
870,385,2025-01-06,4136,Paid
871,385,2025-02-01,4136,Paid
872,385,2025-03-08,4136,Paid
873,385,2025-04-01,4136,Paid
874,385,2025-05-01,4136,Paid
875,385,2025-06-01,4136,Overdue
876,385,2025-07-01,4136,Paid
16035,386,2026-12-12,3304,Paid
101,387,2024-06-23,2948,Pending
102,387,2024-07-01,2948,Paid
103,387,2024-08-02,2948,Paid
104,387,2024-09-01,2948,Paid
11447,388,2026-07-22,2490,Paid
11448,388,2026-08-01,2490,Overdue
11449,388,2026-09-02,2490,Paid
11450,388,2026-10-02,2490,Overdue
11451,388,2026-10-31,2490,Pending
11452,388,2026-12-01,2490,Paid
13160,389,2026-09-04,3432,Pending
13161,389,2026-09-30,3432,Paid
13162,389,2026-11-02,3432,Paid
3077,390,2025-08-07,3641,Paid
3078,390,2025-09-06,3641,Paid
3079,390,2025-10-04,3641,Paid
3080,390,2025-11-01,3641,Paid
11707,391,2026-07-29,3596,Paid
11708,391,2026-08-01,3596,Paid
11709,391,2026-09-02,3596,Paid
11710,391,2026-10-01,3596,Paid
11711,391,2026-10-31,3596,Paid
11712,391,2026-12-01,3596,Paid
12567,392,2026-08-19,3139,Paid
12568,392,2026-09-03,3139,Paid
12569,392,2026-10-01,3139,Paid
12570,392,2026-11-03,3139,Paid
12571,392,2026-12-01,3139,Paid
7215,393,2026-03-07,3490,Paid
7216,393,2026-04-01,3490,Paid
7217,393,2026-05-01,3490,Paid
7218,393,2026-06-01,3490,Overdue
7219,393,2026-07-01,3490,Pending
7220,393,2026-08-01,3490,Paid
7221,393,2026-09-01,3490,Paid
7222,393,2026-10-08,3490,Pending
7223,393,2026-11-01,3490,Paid
7224,393,2026-12-01,3490,Paid
15304,394,2026-10-25,3367,Paid
15305,394,2026-11-01,3367,Paid
15306,394,2026-12-06,3367,Paid
9872,395,2026-06-03,3065,Paid
9873,395,2026-07-01,3065,Paid
9874,395,2026-08-01,3065,Overdue
9875,395,2026-09-01,3065,Paid
9876,395,2026-10-03,3065,Overdue
9877,395,2026-11-01,3065,Paid
9878,395,2026-12-01,3065,Paid
4796,396,2025-11-19,3434,Paid
4797,396,2025-12-01,3434,Paid
1378,397,2025-03-08,2743,Paid
1379,397,2025-04-06,2743,Paid
1380,397,2025-05-01,2743,Paid
1381,397,2025-06-01,2743,Paid
1382,397,2025-07-01,2743,Paid
1383,397,2025-07-31,2743,Paid
1384,397,2025-09-01,2743,Paid
1385,397,2025-10-01,2743,Paid
1386,397,2025-11-04,2743,Paid
1387,397,2025-12-04,2743,Paid
1388,397,2026-01-01,2743,Paid
1389,397,2026-02-01,2743,Failed
1390,397,2026-03-01,2743,Paid
1391,397,2026-04-01,2743,Paid
1392,397,2026-05-03,2743,Paid
1393,397,2026-06-01,2743,Paid
1394,397,2026-07-01,2743,Paid
1395,397,2026-08-01,2743,Paid
1396,397,2026-09-01,2743,Pending
11257,398,2026-07-18,2972,Pending
11258,398,2026-08-01,2972,Paid
11259,398,2026-09-01,2972,Paid
11260,398,2026-10-01,2972,Paid
15692,399,2026-10-31,4063,Failed
15693,399,2026-11-01,4063,Paid
15694,399,2026-12-01,4063,Paid
15164,400,2026-10-22,4338,Paid
15165,400,2026-11-01,4338,Paid
2403,401,2025-06-11,3030,Overdue
2404,401,2025-07-03,3030,Overdue
2405,401,2025-08-08,3030,Paid
15361,402,2026-10-26,2973,Paid
15362,402,2026-11-01,2973,Paid
15363,402,2026-12-01,2973,Paid
15862,403,2026-11-11,2861,Paid
15863,403,2026-12-02,2861,Paid
13677,404,2026-09-18,2674,Paid
13678,404,2026-10-01,2674,Paid
13679,404,2026-11-01,2674,Paid
13680,404,2026-12-01,2674,Failed
10818,405,2026-07-05,2601,Overdue
10819,405,2026-08-01,2601,Failed
10820,405,2026-09-02,2601,Paid
10821,405,2026-10-01,2601,Paid
10822,405,2026-11-01,2601,Paid
10823,405,2026-12-01,2601,Paid
9402,406,2026-05-19,2484,Paid
9403,406,2026-06-01,2484,Paid
9404,406,2026-07-01,2484,Paid
9405,406,2026-08-01,2484,Overdue
3521,407,2025-09-07,2509,Paid
3522,407,2025-10-03,2509,Paid
3523,407,2025-11-01,2509,Paid
3524,407,2025-12-02,2509,Overdue
7173,408,2026-03-06,4018,Paid
7174,408,2026-04-06,4018,Pending
15770,409,2026-11-04,3104,Paid
15771,409,2026-12-01,3104,Paid
11106,410,2026-07-13,2155,Paid
11107,410,2026-08-01,2155,Paid
11108,410,2026-09-01,2155,Pending
4716,411,2025-11-14,2786,Paid
4717,411,2025-12-01,2786,Paid
4718,411,2026-01-01,2786,Paid
4719,411,2026-02-01,2786,Paid
4720,411,2026-03-06,2786,Pending
4721,411,2026-04-01,2786,Paid
4722,411,2026-05-01,2786,Paid
4723,411,2026-05-30,2786,Paid
4724,411,2026-07-01,2786,Overdue
4725,411,2026-08-01,2786,Paid
4726,411,2026-09-02,2786,Paid
4727,411,2026-10-01,2786,Paid
4728,411,2026-11-01,2786,Paid
4729,411,2026-12-01,2786,Paid
12040,412,2026-08-07,4294,Paid
12041,412,2026-09-06,4294,Paid
12042,412,2026-10-02,4294,Paid
12043,412,2026-11-01,4294,Paid
12044,412,2026-12-01,4294,Paid
9945,413,2026-06-06,3931,Overdue
9946,413,2026-07-01,3931,Paid
9947,413,2026-08-01,3931,Paid
9948,413,2026-09-01,3931,Pending
9949,413,2026-10-01,3931,Paid
9950,413,2026-11-01,3931,Paid
9951,413,2026-12-01,3931,Paid
7404,414,2026-03-13,4260,Paid
7405,414,2026-04-01,4260,Paid
7406,414,2026-05-01,4260,Overdue
7407,414,2026-06-01,4260,Paid
7408,414,2026-07-01,4260,Overdue
7409,414,2026-08-01,4260,Paid
7410,414,2026-09-01,4260,Paid
1618,415,2025-04-04,3346,Paid
1619,415,2025-05-03,3346,Overdue
1620,415,2025-05-30,3346,Paid
1621,415,2025-06-30,3346,Paid
1622,415,2025-08-01,3346,Paid
1623,415,2025-09-01,3346,Paid
1624,415,2025-10-01,3346,Paid
14034,416,2026-09-25,2780,Paid
14035,416,2026-10-01,2780,Pending
14036,416,2026-11-01,2780,Paid
14037,416,2026-12-02,2780,Paid
11119,417,2026-07-14,2934,Paid
11120,417,2026-08-01,2934,Paid
15882,418,2026-11-13,2368,Paid
15883,418,2026-12-01,2368,Paid
12210,419,2026-08-11,3374,Paid
12211,419,2026-09-01,3374,Failed
8008,420,2026-04-02,2185,Paid
8009,420,2026-05-01,2185,Paid
8010,420,2026-06-03,2185,Paid
8011,420,2026-07-01,2185,Paid
6997,421,2026-02-28,2903,Paid
6998,421,2026-03-01,2903,Pending
6245,422,2026-01-27,4181,Paid
6246,422,2026-02-03,4181,Paid
6247,422,2026-03-01,4181,Pending
15678,423,2026-10-31,2203,Paid
15679,423,2026-11-01,2203,Paid
15680,423,2026-12-01,2203,Paid
1838,424,2025-04-21,2553,Paid
1839,424,2025-04-29,2553,Paid
1840,424,2025-06-01,2553,Paid
1841,424,2025-06-30,2553,Pending
10987,425,2026-07-09,2512,Paid
10988,425,2026-08-01,2512,Overdue
10989,425,2026-09-01,2512,Paid
10990,425,2026-10-01,2512,Paid
10991,425,2026-11-01,2512,Paid
10992,425,2026-12-01,2512,Pending
4847,426,2025-11-23,2665,Paid
4848,426,2025-12-04,2665,Paid
14026,427,2026-09-25,2050,Pending
14027,427,2026-10-03,2050,Paid
14028,427,2026-11-02,2050,Paid
14029,427,2026-12-01,2050,Paid
10719,428,2026-07-02,2799,Paid
10720,428,2026-07-31,2799,Paid
10721,428,2026-08-31,2799,Paid
13749,429,2026-09-20,2668,Paid
13750,429,2026-10-02,2668,Paid
13751,429,2026-11-01,2668,Pending
13752,429,2026-12-04,2668,Paid
5985,430,2026-01-17,3223,Paid
5986,430,2026-02-02,3223,Failed
5987,430,2026-03-01,3223,Paid
5988,430,2026-04-01,3223,Paid
5989,430,2026-05-01,3223,Overdue
5990,430,2026-06-01,3223,Paid
5991,430,2026-07-01,3223,Overdue
12421,431,2026-08-15,2856,Paid
12422,431,2026-09-01,2856,Paid
12423,431,2026-10-08,2856,Paid
12424,431,2026-11-03,2856,Paid
12425,431,2026-12-03,2856,Paid
3827,432,2025-09-25,3526,Paid
3828,432,2025-09-30,3526,Paid
3829,432,2025-11-01,3526,Pending
3830,432,2025-12-01,3526,Paid
3831,432,2026-01-04,3526,Paid
3832,432,2026-02-01,3526,Paid
3833,432,2026-03-04,3526,Paid
3834,432,2026-03-31,3526,Paid
3835,432,2026-05-01,3526,Overdue
3836,432,2026-06-01,3526,Paid
3837,432,2026-07-03,3526,Paid
3838,432,2026-08-01,3526,Paid
3839,432,2026-09-01,3526,Paid
11800,433,2026-07-31,2846,Pending
11801,433,2026-08-01,2846,Paid
11802,433,2026-08-31,2846,Pending
11803,433,2026-10-01,2846,Paid
2719,434,2025-07-06,2555,Paid
2720,434,2025-08-01,2555,Paid
2721,434,2025-09-01,2555,Paid
2722,434,2025-10-01,2555,Overdue
2723,434,2025-11-04,2555,Paid
2724,434,2025-12-01,2555,Paid
2725,434,2025-12-31,2555,Paid
2726,434,2026-02-01,2555,Overdue
2727,434,2026-02-27,2555,Paid
2728,434,2026-04-02,2555,Paid
2729,434,2026-05-01,2555,Failed
2730,434,2026-06-01,2555,Paid
2731,434,2026-07-01,2555,Paid
12000,435,2026-08-05,3673,Paid
12001,435,2026-09-01,3673,Paid
12002,435,2026-10-01,3673,Pending
12003,435,2026-11-01,3673,Overdue
12023,436,2026-08-06,3778,Paid
12024,436,2026-09-01,3778,Paid
12025,436,2026-10-01,3778,Paid
12026,436,2026-11-01,3778,Paid
3212,437,2025-08-13,3582,Overdue
3213,437,2025-09-01,3582,Overdue
3214,437,2025-10-02,3582,Paid
3215,437,2025-11-01,3582,Paid
3216,437,2025-12-03,3582,Paid
3217,437,2026-01-06,3582,Paid
3218,437,2026-02-01,3582,Paid
2966,438,2025-07-30,2445,Paid
2967,438,2025-08-01,2445,Paid
12532,439,2026-08-18,2412,Pending
12533,439,2026-09-08,2412,Paid
12534,439,2026-10-01,2412,Paid
12535,439,2026-11-01,2412,Paid
12536,439,2026-12-02,2412,Paid
8457,440,2026-04-18,2835,Paid
8458,440,2026-05-01,2835,Paid
8459,440,2026-06-01,2835,Paid
8460,440,2026-07-02,2835,Paid
8461,440,2026-08-01,2835,Pending
8462,440,2026-09-01,2835,Paid
8463,440,2026-10-01,2835,Failed
6402,441,2026-02-02,4254,Failed
6403,441,2026-03-01,4254,Pending
6404,441,2026-04-03,4254,Paid
11635,442,2026-07-27,2666,Paid
11636,442,2026-08-01,2666,Pending
1142,443,2025-02-16,3383,Pending
1143,443,2025-03-02,3383,Paid
14429,444,2026-10-06,2328,Paid
14430,444,2026-11-01,2328,Paid
14431,444,2026-12-01,2328,Paid
8331,445,2026-04-14,3027,Paid
8332,445,2026-05-02,3027,Paid
8333,445,2026-06-03,3027,Paid
8334,445,2026-06-29,3027,Pending
8335,445,2026-08-04,3027,Paid
8336,445,2026-09-01,3027,Paid
8337,445,2026-10-01,3027,Overdue
13879,446,2026-09-22,3505,Paid
13880,446,2026-10-01,3505,Paid
10017,447,2026-06-09,4219,Paid
10018,447,2026-07-01,4219,Paid
10019,447,2026-08-01,4219,Overdue
10020,447,2026-09-02,4219,Paid
15417,448,2026-10-26,3586,Paid
15418,448,2026-11-01,3586,Paid
15419,448,2026-12-01,3586,Paid
14501,449,2026-10-07,2483,Paid
14502,449,2026-11-01,2483,Failed
14503,449,2026-12-01,2483,Paid
15998,450,2026-12-05,3522,Overdue
10724,451,2026-07-02,2610,Paid
10725,451,2026-08-01,2610,Paid
10726,451,2026-09-01,2610,Paid
11481,452,2026-07-22,2676,Paid
11482,452,2026-08-01,2676,Paid
11483,452,2026-09-01,2676,Failed
11484,452,2026-10-08,2676,Pending
11485,452,2026-11-02,2676,Paid
11486,452,2026-12-02,2676,Overdue
14750,453,2026-10-13,3596,Paid
14751,453,2026-11-01,3596,Overdue
10105,454,2026-06-11,2846,Paid
10106,454,2026-07-02,2846,Paid
10107,454,2026-08-01,2846,Paid
6186,455,2026-01-26,3690,Pending
6187,455,2026-02-01,3690,Paid
6188,455,2026-02-27,3690,Paid
6189,455,2026-04-08,3690,Paid
6190,455,2026-05-01,3690,Paid
6191,455,2026-06-04,3690,Pending
6192,455,2026-07-01,3690,Paid
6193,455,2026-08-01,3690,Paid
6194,455,2026-09-01,3690,Paid
6195,455,2026-10-01,3690,Paid
6196,455,2026-11-01,3690,Pending
6197,455,2026-11-30,3690,Paid
2872,456,2025-07-21,2308,Overdue
2873,456,2025-08-04,2308,Paid
2874,456,2025-09-01,2308,Overdue
2875,456,2025-09-29,2308,Paid
2876,456,2025-11-04,2308,Paid
2877,456,2025-12-01,2308,Overdue
2878,456,2026-01-01,2308,Paid
3373,457,2025-08-25,2735,Paid
3374,457,2025-09-08,2735,Paid
3375,457,2025-10-01,2735,Paid
16145,458,2026-12-30,4209,Paid
7658,459,2026-03-21,3223,Pending
7659,459,2026-04-03,3223,Paid
6953,460,2026-02-27,2684,Paid
6954,460,2026-03-01,2684,Paid
6955,460,2026-04-01,2684,Paid
15221,461,2026-10-23,2793,Paid
15222,461,2026-11-01,2793,Pending
15223,461,2026-12-01,2793,Paid
3480,462,2025-09-02,3551,Paid
3481,462,2025-10-02,3551,Paid
3482,462,2025-11-01,3551,Paid
3483,462,2025-12-04,3551,Paid
7248,463,2026-03-09,3307,Paid
7249,463,2026-04-03,3307,Paid
7250,463,2026-05-03,3307,Paid
7251,463,2026-06-01,3307,Paid
7252,463,2026-07-01,3307,Overdue
7253,463,2026-08-01,3307,Paid
7254,463,2026-09-06,3307,Pending
16127,464,2026-12-28,2026,Paid
16009,465,2026-12-07,2849,Paid
15318,466,2026-10-25,3719,Paid
15319,466,2026-11-03,3719,Overdue
15320,466,2026-12-01,3719,Paid
16126,467,2026-12-27,4726,Paid
13703,468,2026-09-19,2584,Overdue
13704,468,2026-10-02,2584,Failed
13705,468,2026-11-01,2584,Paid
13706,468,2026-12-01,2584,Paid
11325,469,2026-07-18,3353,Paid
11326,469,2026-08-01,3353,Paid
11327,469,2026-09-01,3353,Paid
11328,469,2026-10-04,3353,Pending
11329,469,2026-11-01,3353,Paid
11330,469,2026-12-01,3353,Paid
15874,470,2026-11-12,2965,Paid
15875,470,2026-12-01,2965,Overdue
14328,471,2026-10-03,3422,Overdue
14329,471,2026-11-01,3422,Paid
14330,471,2026-12-01,3422,Paid
8964,472,2026-05-05,4713,Pending
8965,472,2026-06-01,4713,Paid
8966,472,2026-07-01,4713,Paid
8967,472,2026-08-01,4713,Paid
8968,472,2026-09-06,4713,Paid
8969,472,2026-10-01,4713,Paid
8970,472,2026-11-01,4713,Paid
13484,473,2026-09-12,3211,Paid
13485,473,2026-10-01,3211,Paid
13486,473,2026-11-01,3211,Paid
13487,473,2026-12-01,3211,Paid
11117,474,2026-07-14,3512,Paid
11118,474,2026-08-03,3512,Paid
14699,475,2026-10-12,3553,Paid
14700,475,2026-11-01,3553,Paid
14701,475,2026-12-01,3553,Pending
13042,476,2026-08-31,3061,Paid
13043,476,2026-09-01,3061,Paid
13044,476,2026-10-01,3061,Pending
13045,476,2026-11-01,3061,Paid
13046,476,2026-12-06,3061,Paid
4033,477,2025-10-08,3771,Paid
4034,477,2025-11-01,3771,Overdue
4035,477,2025-12-01,3771,Paid
4036,477,2026-01-01,3771,Paid
8779,478,2026-05-01,3213,Paid
8780,478,2026-06-01,3213,Overdue
8781,478,2026-07-01,3213,Paid
8782,478,2026-08-01,3213,Paid
4585,479,2025-11-09,3379,Failed
4586,479,2025-12-01,3379,Paid
7877,480,2026-03-27,2796,Paid
7878,480,2026-04-01,2796,Paid
7879,480,2026-04-30,2796,Paid
14900,481,2026-10-17,4635,Pending
14901,481,2026-11-03,4635,Paid
14902,481,2026-12-01,4635,Paid
9664,482,2026-05-29,4667,Paid
9665,482,2026-06-03,4667,Paid
9666,482,2026-07-01,4667,Paid
9667,482,2026-08-04,4667,Paid
9668,482,2026-09-01,4667,Paid
9669,482,2026-10-01,4667,Paid
9670,482,2026-11-06,4667,Overdue
9671,482,2026-12-01,4667,Paid
13896,483,2026-09-23,3544,Paid
13897,483,2026-10-01,3544,Paid
13898,483,2026-11-01,3544,Failed
13550,484,2026-09-14,3468,Pending
13551,484,2026-10-01,3468,Paid
13552,484,2026-11-01,3468,Paid
13553,484,2026-12-01,3468,Paid
7035,485,2026-03-02,4669,Paid
7036,485,2026-04-03,4669,Paid
7037,485,2026-05-01,4669,Failed
7038,485,2026-06-01,4669,Pending
7039,485,2026-07-06,4669,Paid
7040,485,2026-08-01,4669,Paid
7041,485,2026-08-31,4669,Paid
16130,486,2026-12-28,2940,Paid
4085,487,2025-10-09,2886,Paid
4086,487,2025-11-01,2886,Paid
4087,487,2025-12-01,2886,Paid
4088,487,2026-01-01,2886,Paid
1676,488,2025-04-12,3920,Paid
1677,488,2025-05-01,3920,Paid
1678,488,2025-06-03,3920,Paid
1679,488,2025-06-29,3920,Paid
1680,488,2025-08-01,3920,Paid
1681,488,2025-09-01,3920,Paid
1682,488,2025-10-01,3920,Paid
1683,488,2025-11-01,3920,Paid
1684,488,2025-12-01,3920,Overdue
1685,488,2026-01-03,3920,Paid
1686,488,2026-02-02,3920,Overdue
1687,488,2026-03-01,3920,Paid
1688,488,2026-04-01,3920,Paid
3695,489,2025-09-20,3189,Paid
3696,489,2025-10-01,3189,Paid
3697,489,2025-11-01,3189,Overdue
3698,489,2025-12-01,3189,Paid
3699,489,2026-01-04,3189,Overdue
3700,489,2026-01-31,3189,Paid
3701,489,2026-03-01,3189,Paid
3702,489,2026-04-01,3189,Paid
3703,489,2026-05-06,3189,Paid
3704,489,2026-06-01,3189,Paid
3705,489,2026-07-01,3189,Pending
3706,489,2026-08-01,3189,Paid
3707,489,2026-09-01,3189,Paid
13008,490,2026-08-30,4726,Paid
13009,490,2026-09-01,4726,Paid
13010,490,2026-10-01,4726,Paid
13011,490,2026-11-03,4726,Paid
13012,490,2026-12-01,4726,Paid
7414,491,2026-03-13,2967,Paid
7415,491,2026-04-01,2967,Paid
7416,491,2026-05-01,2967,Paid
7417,491,2026-06-01,2967,Paid
7418,491,2026-07-02,2967,Paid
7419,491,2026-08-01,2967,Paid
7420,491,2026-09-02,2967,Paid
13058,492,2026-08-31,4212,Paid
13059,492,2026-09-01,4212,Paid
14041,493,2026-09-25,3584,Paid
14042,493,2026-10-01,3584,Paid
14043,493,2026-11-04,3584,Paid
14044,493,2026-12-01,3584,Paid
14281,494,2026-10-01,3513,Paid
14282,494,2026-11-01,3513,Paid
2155,495,2025-05-22,3070,Paid
2156,495,2025-06-01,3070,Paid
2157,495,2025-07-01,3070,Paid
2158,495,2025-08-01,3070,Paid
2159,495,2025-08-31,3070,Paid
2160,495,2025-10-01,3070,Paid
2161,495,2025-11-01,3070,Paid
2162,495,2025-12-03,3070,Overdue
2163,495,2026-01-01,3070,Paid
2164,495,2026-02-01,3070,Paid
2165,495,2026-03-01,3070,Pending
2166,495,2026-04-01,3070,Pending
2167,495,2026-05-01,3070,Paid
8658,496,2026-04-27,3778,Paid
8659,496,2026-05-01,3778,Paid
8660,496,2026-06-01,3778,Paid
7483,497,2026-03-15,4158,Overdue
7484,497,2026-04-03,4158,Paid
7485,497,2026-05-02,4158,Paid
7486,497,2026-06-01,4158,Paid
7487,497,2026-07-01,4158,Paid
7488,497,2026-08-01,4158,Paid
7489,497,2026-09-01,4158,Paid
7490,497,2026-10-01,4158,Paid
7491,497,2026-11-01,4158,Failed
7492,497,2026-12-01,4158,Paid
4203,498,2025-10-20,4116,Paid
4204,498,2025-11-01,4116,Failed
4205,498,2025-12-01,4116,Paid
4206,498,2026-01-01,4116,Paid
4207,498,2026-02-03,4116,Paid
4208,498,2026-02-27,4116,Paid
4209,498,2026-03-31,4116,Paid
1914,499,2025-04-30,2322,Paid
1915,499,2025-05-01,2322,Pending
1916,499,2025-05-31,2322,Paid
1917,499,2025-07-01,2322,Paid
1918,499,2025-08-01,2322,Paid
1919,499,2025-09-02,2322,Pending
1920,499,2025-10-01,2322,Paid
1921,499,2025-11-03,2322,Failed
1922,499,2025-12-03,2322,Paid
1923,499,2026-01-01,2322,Paid
1924,499,2026-02-02,2322,Paid
1925,499,2026-03-01,2322,Pending
1926,499,2026-04-01,2322,Pending
7434,500,2026-03-14,3838,Paid
7435,500,2026-04-02,3838,Paid
7436,500,2026-04-30,3838,Paid
8338,501,2026-04-14,4322,Paid
8339,501,2026-05-02,4322,Paid
8340,501,2026-06-02,4322,Overdue
8341,501,2026-07-01,4322,Paid
6635,502,2026-02-14,3865,Paid
6636,502,2026-03-02,3865,Paid
6637,502,2026-04-01,3865,Paid
6638,502,2026-05-01,3865,Failed
6639,502,2026-06-01,3865,Paid
6640,502,2026-07-01,3865,Paid
6641,502,2026-08-02,3865,Paid
12016,503,2026-08-06,4895,Pending
12017,503,2026-09-01,4895,Paid
12018,503,2026-10-06,4895,Paid
12019,503,2026-11-01,4895,Paid
12020,503,2026-12-01,4895,Paid
12855,504,2026-08-27,3414,Paid
12856,504,2026-09-06,3414,Paid
13832,505,2026-09-21,2774,Overdue
13833,505,2026-10-01,2774,Paid
13834,505,2026-11-01,2774,Paid
13835,505,2026-12-04,2774,Paid
10035,506,2026-06-09,4646,Paid
10036,506,2026-07-01,4646,Paid
10037,506,2026-08-01,4646,Paid
10038,506,2026-09-01,4646,Paid
10039,506,2026-10-01,4646,Paid
10040,506,2026-11-01,4646,Paid
10041,506,2026-12-01,4646,Pending
6700,507,2026-02-15,2326,Paid
6701,507,2026-03-01,2326,Paid
6702,507,2026-04-02,2326,Paid
10919,508,2026-07-08,3241,Paid
10920,508,2026-08-02,3241,Paid
10921,508,2026-09-01,3241,Paid
10922,508,2026-10-03,3241,Paid
10923,508,2026-11-01,3241,Paid
10924,508,2026-12-04,3241,Paid
6603,509,2026-02-11,4001,Paid
6604,509,2026-03-01,4001,Paid
6605,509,2026-03-31,4001,Paid
6606,509,2026-05-01,4001,Paid
6607,509,2026-06-01,4001,Paid
6608,509,2026-07-01,4001,Paid
6609,509,2026-08-01,4001,Paid
9193,510,2026-05-11,4300,Paid
9194,510,2026-06-01,4300,Paid
9195,510,2026-07-01,4300,Pending
9196,510,2026-08-01,4300,Paid
861,511,2025-01-05,3159,Paid
862,511,2025-02-03,3159,Paid
863,511,2025-03-01,3159,Paid
3247,512,2025-08-17,3163,Paid
3248,512,2025-09-01,3163,Paid
3249,512,2025-10-01,3163,Paid
3250,512,2025-11-03,3163,Paid
3251,512,2025-12-03,3163,Paid
3252,512,2026-01-01,3163,Paid
3253,512,2026-02-01,3163,Paid
12,513,2024-03-31,3189,Paid
13,513,2024-04-01,3189,Paid
14,513,2024-05-01,3189,Paid
15,513,2024-06-01,3189,Paid
16,513,2024-07-01,3189,Paid
17,513,2024-08-01,3189,Paid
18,513,2024-09-01,3189,Paid
2473,514,2025-06-18,3471,Paid
2474,514,2025-07-01,3471,Paid
2475,514,2025-08-01,3471,Paid
2476,514,2025-09-01,3471,Paid
4506,515,2025-11-01,3038,Paid
4507,515,2025-12-01,3038,Paid
4508,515,2026-01-01,3038,Paid
4509,515,2026-02-01,3038,Paid
4510,515,2026-03-01,3038,Paid
4511,515,2026-04-01,3038,Paid
4512,515,2026-05-01,3038,Paid
10330,516,2026-06-20,2714,Paid
10331,516,2026-07-01,2714,Paid
10332,516,2026-08-03,2714,Paid
10333,516,2026-09-03,2714,Paid
10334,516,2026-10-01,2714,Paid
10335,516,2026-11-01,2714,Paid
10336,516,2026-12-01,2714,Paid
13371,517,2026-09-09,3481,Paid
13372,517,2026-10-01,3481,Paid
13373,517,2026-11-01,3481,Paid
13374,517,2026-12-01,3481,Overdue
15268,518,2026-10-24,2928,Paid
15269,518,2026-11-01,2928,Paid
600,519,2024-11-26,3540,Paid
601,519,2024-12-01,3540,Paid
602,519,2025-01-01,3540,Paid
603,519,2025-02-01,3540,Paid
604,519,2025-03-01,3540,Paid
605,519,2025-04-03,3540,Paid
606,519,2025-05-01,3540,Pending
607,519,2025-06-06,3540,Pending
608,519,2025-07-02,3540,Paid
609,519,2025-08-01,3540,Paid
610,519,2025-09-01,3540,Paid
611,519,2025-10-01,3540,Paid
612,519,2025-11-01,3540,Paid
11094,520,2026-07-12,2904,Paid
11095,520,2026-08-01,2904,Overdue
11096,520,2026-09-03,2904,Paid
11097,520,2026-10-02,2904,Paid
14787,521,2026-10-14,3311,Paid
14788,521,2026-11-01,3311,Paid
14789,521,2026-12-01,3311,Paid
3636,522,2025-09-18,2702,Paid
3637,522,2025-10-03,2702,Paid
3638,522,2025-11-08,2702,Paid
3927,523,2025-10-01,2578,Pending
3928,523,2025-11-01,2578,Paid
3929,523,2025-12-01,2578,Paid
3930,523,2026-01-01,2578,Failed
1960,524,2025-05-02,3916,Paid
1961,524,2025-06-02,3916,Paid
1962,524,2025-07-01,3916,Paid
1963,524,2025-08-01,3916,Failed
1964,524,2025-09-02,3916,Paid
1965,524,2025-10-02,3916,Paid
1966,524,2025-10-31,3916,Paid
1967,524,2025-12-01,3916,Paid
1968,524,2026-01-01,3916,Overdue
1969,524,2026-02-01,3916,Paid
1970,524,2026-02-28,3916,Paid
1971,524,2026-04-01,3916,Paid
1972,524,2026-05-03,3916,Paid
1973,524,2026-05-30,3916,Paid
1974,524,2026-07-01,3916,Paid
1975,524,2026-08-01,3916,Paid
1976,524,2026-09-01,3916,Paid
1977,524,2026-10-01,3916,Paid
1978,524,2026-11-02,3916,Paid
12290,525,2026-08-13,2543,Paid
12291,525,2026-09-02,2543,Paid
12292,525,2026-10-01,2543,Overdue
12293,525,2026-10-30,2543,Paid
10446,526,2026-06-24,2473,Paid
10447,526,2026-07-01,2473,Paid
10448,526,2026-08-01,2473,Pending
10449,526,2026-08-31,2473,Paid
10450,526,2026-10-02,2473,Overdue
10451,526,2026-11-08,2473,Paid
10452,526,2026-12-06,2473,Paid
7616,527,2026-03-19,4665,Paid
7617,527,2026-04-01,4665,Paid
5359,528,2025-12-22,4774,Pending
5360,528,2026-01-03,4774,Pending
5361,528,2026-02-01,4774,Paid
5362,528,2026-02-27,4774,Paid
11133,529,2026-07-14,2293,Paid
11134,529,2026-08-01,2293,Paid
11135,529,2026-09-01,2293,Paid
11136,529,2026-10-04,2293,Paid
11137,529,2026-11-01,2293,Paid
11138,529,2026-11-30,2293,Paid
2406,530,2025-06-11,2909,Paid
2407,530,2025-07-01,2909,Paid
2408,530,2025-08-01,2909,Paid
2409,530,2025-09-01,2909,Paid
2410,530,2025-10-01,2909,Paid
2411,530,2025-11-01,2909,Paid
2412,530,2025-12-01,2909,Paid
2413,530,2025-12-30,2909,Paid
2414,530,2026-02-02,2909,Paid
2415,530,2026-03-01,2909,Paid
2416,530,2026-04-01,2909,Paid
2417,530,2026-05-02,2909,Paid
2418,530,2026-06-01,2909,Paid
1574,531,2025-03-29,2635,Overdue
1575,531,2025-04-02,2635,Failed
1576,531,2025-05-02,2635,Paid
5336,532,2025-12-21,2983,Overdue
5337,532,2026-01-02,2983,Paid
5338,532,2026-02-01,2983,Paid
5339,532,2026-03-01,2983,Paid
10914,533,2026-07-07,4535,Paid
10915,533,2026-08-01,4535,Paid
10916,533,2026-09-02,4535,Paid
16007,534,2026-12-07,4013,Paid
2953,535,2025-07-30,3054,Paid
2954,535,2025-08-01,3054,Paid
2955,535,2025-09-01,3054,Failed
2956,535,2025-10-01,3054,Paid
2957,535,2025-11-01,3054,Overdue
2958,535,2025-12-01,3054,Paid
2959,535,2026-01-01,3054,Paid
2960,535,2026-02-01,3054,Paid
2961,535,2026-03-01,3054,Pending
2962,535,2026-04-01,3054,Paid
2963,535,2026-05-01,3054,Paid
2964,535,2026-06-01,3054,Paid
2965,535,2026-07-01,3054,Paid
2586,536,2025-06-24,2545,Paid
2587,536,2025-06-30,2545,Overdue
2588,536,2025-08-01,2545,Pending
2589,536,2025-09-01,2545,Pending
2590,536,2025-09-29,2545,Paid
2591,536,2025-11-02,2545,Overdue
2592,536,2025-12-04,2545,Paid
2593,536,2026-01-03,2545,Paid
2594,536,2026-02-01,2545,Paid
2595,536,2026-03-01,2545,Paid
2596,536,2026-04-01,2545,Paid
2597,536,2026-05-01,2545,Paid
2598,536,2026-06-01,2545,Paid
8496,537,2026-04-20,3371,Paid
8497,537,2026-05-01,3371,Overdue
8498,537,2026-06-01,3371,Pending
15508,538,2026-10-28,3697,Paid
15509,538,2026-11-01,3697,Failed
15510,538,2026-12-02,3697,Paid
12668,539,2026-08-22,3283,Paid
12669,539,2026-08-30,3283,Paid
12670,539,2026-10-01,3283,Paid
12671,539,2026-11-01,3283,Overdue
12672,539,2026-12-03,3283,Paid
14782,540,2026-10-14,2542,Paid
14783,540,2026-11-01,2542,Paid
14784,540,2026-12-01,2542,Overdue
11570,541,2026-07-26,4684,Paid
11571,541,2026-08-01,4684,Pending
11572,541,2026-09-02,4684,Paid
11573,541,2026-10-01,4684,Paid
12182,542,2026-08-10,2570,Paid
12183,542,2026-09-04,2570,Paid
12184,542,2026-10-01,2570,Overdue
12185,542,2026-11-04,2570,Paid
12186,542,2026-12-01,2570,Failed
7532,543,2026-03-17,3019,Paid
7533,543,2026-04-01,3019,Paid
7534,543,2026-04-30,3019,Paid
7535,543,2026-06-03,3019,Paid
7536,543,2026-07-01,3019,Overdue
7537,543,2026-07-31,3019,Failed
7538,543,2026-09-01,3019,Paid
6420,544,2026-02-04,2897,Pending
6421,544,2026-03-01,2897,Paid
6422,544,2026-04-01,2897,Paid
6423,544,2026-05-01,2897,Paid
15034,545,2026-10-20,4412,Paid
15035,545,2026-11-01,4412,Pending
15036,545,2026-12-01,4412,Paid
12830,546,2026-08-26,3375,Paid
12831,546,2026-09-01,3375,Paid
16065,547,2026-12-16,3368,Paid
13888,548,2026-09-22,2792,Paid
13889,548,2026-10-01,2792,Failed
13890,548,2026-11-01,2792,Paid
13891,548,2026-12-02,2792,Paid
3931,549,2025-10-01,3437,Paid
3932,549,2025-11-01,3437,Paid
2460,550,2025-06-18,4011,Paid
2461,550,2025-07-01,4011,Pending
2462,550,2025-08-01,4011,Paid
2463,550,2025-09-01,4011,Paid
2464,550,2025-10-02,4011,Paid
2465,550,2025-11-01,4011,Paid
2466,550,2025-12-06,4011,Paid
2467,550,2026-01-04,4011,Paid
2468,550,2026-02-02,4011,Paid
2469,550,2026-03-01,4011,Overdue
2470,550,2026-04-01,4011,Paid
2471,550,2026-05-01,4011,Paid
2472,550,2026-06-01,4011,Paid
16049,551,2026-12-14,3166,Paid
9216,552,2026-05-13,3579,Paid
9217,552,2026-06-01,3579,Overdue
9218,552,2026-07-01,3579,Paid
9219,552,2026-08-02,3579,Paid
9220,552,2026-09-06,3579,Pending
9221,552,2026-10-01,3579,Paid
9222,552,2026-11-01,3579,Paid
9223,552,2026-12-03,3579,Overdue
3254,553,2025-08-17,3506,Paid
3255,553,2025-09-01,3506,Paid
3256,553,2025-10-02,3506,Overdue
3257,553,2025-11-01,3506,Overdue
2886,554,2025-07-23,2761,Paid
2887,554,2025-08-01,2761,Paid
1144,555,2025-02-17,3079,Overdue
1145,555,2025-03-01,3079,Failed
1146,555,2025-04-01,3079,Paid
1147,555,2025-05-01,3079,Pending
1148,555,2025-06-01,3079,Paid
1149,555,2025-06-29,3079,Paid
1150,555,2025-08-01,3079,Paid
10692,556,2026-06-30,4702,Paid
10693,556,2026-07-01,4702,Paid
14022,557,2026-09-25,2356,Failed
14023,557,2026-10-02,2356,Paid
14024,557,2026-11-01,2356,Paid
14025,557,2026-12-01,2356,Paid
7497,558,2026-03-16,4942,Paid
7498,558,2026-04-03,4942,Paid
7499,558,2026-05-01,4942,Paid
12179,559,2026-08-10,2697,Paid
12180,559,2026-09-01,2697,Paid
12181,559,2026-10-02,2697,Paid
12330,560,2026-08-14,3724,Paid
12331,560,2026-09-04,3724,Paid
12332,560,2026-10-01,3724,Paid
12333,560,2026-11-01,3724,Paid
14090,561,2026-09-26,3036,Paid
14091,561,2026-10-01,3036,Paid
14092,561,2026-11-02,3036,Paid
14093,561,2026-12-01,3036,Paid
12471,562,2026-08-16,2742,Paid
12472,562,2026-09-01,2742,Paid
12473,562,2026-10-01,2742,Paid
12474,562,2026-11-01,2742,Paid
12475,562,2026-12-01,2742,Paid
13737,563,2026-09-19,3225,Pending
13738,563,2026-10-01,3225,Paid
13739,563,2026-11-01,3225,Paid
13740,563,2026-12-01,3225,Paid
12862,564,2026-08-27,2785,Paid
12863,564,2026-08-31,2785,Paid
4210,565,2025-10-21,2869,Paid
4211,565,2025-11-01,2869,Paid
4212,565,2025-12-01,2869,Overdue
9012,566,2026-05-06,4339,Paid
9013,566,2026-06-01,4339,Paid
9014,566,2026-07-01,4339,Paid
9015,566,2026-08-01,4339,Paid
15944,567,2026-11-27,2797,Pending
15945,567,2026-12-01,2797,Paid
6845,568,2026-02-23,2704,Pending
6846,568,2026-03-02,2704,Paid
6847,568,2026-04-01,2704,Paid
6848,568,2026-05-01,2704,Paid
6849,568,2026-05-31,2704,Paid
6850,568,2026-07-02,2704,Paid
6851,568,2026-08-02,2704,Paid
13367,569,2026-09-08,3061,Paid
13368,569,2026-10-01,3061,Paid
13369,569,2026-11-01,3061,Paid
13370,569,2026-12-01,3061,Paid
6693,570,2026-02-15,2531,Paid
6694,570,2026-03-01,2531,Paid
6695,570,2026-04-01,2531,Overdue
6696,570,2026-05-01,2531,Paid
6697,570,2026-06-04,2531,Paid
6698,570,2026-07-03,2531,Pending
6699,570,2026-08-01,2531,Paid
12737,571,2026-08-24,2542,Overdue
12738,571,2026-09-01,2542,Paid
12739,571,2026-10-04,2542,Paid
12740,571,2026-11-06,2542,Paid
12741,571,2026-12-04,2542,Paid
14295,572,2026-10-02,4574,Failed
14296,572,2026-11-03,4574,Paid
14297,572,2026-12-01,4574,Failed
4571,573,2025-11-09,3058,Paid
4572,573,2025-12-01,3058,Paid
4573,573,2026-01-06,3058,Paid
4574,573,2026-02-01,3058,Overdue
4575,573,2026-03-04,3058,Paid
4576,573,2026-04-02,3058,Paid
4577,573,2026-05-01,3058,Paid
4578,573,2026-06-01,3058,Paid
4579,573,2026-07-01,3058,Paid
4580,573,2026-08-04,3058,Paid
4581,573,2026-09-06,3058,Failed
4582,573,2026-10-01,3058,Paid
4583,573,2026-11-01,3058,Paid
4584,573,2026-12-01,3058,Paid
15411,574,2026-10-26,3769,Paid
15412,574,2026-11-01,3769,Paid
15413,574,2026-12-02,3769,Overdue
9290,575,2026-05-15,3442,Paid
9291,575,2026-06-01,3442,Paid
12541,576,2026-08-18,4798,Paid
12542,576,2026-09-01,4798,Paid
12543,576,2026-10-04,4798,Overdue
13514,577,2026-09-13,3542,Overdue
13515,577,2026-10-01,3542,Paid
13516,577,2026-11-01,3542,Paid
13517,577,2026-12-01,3542,Pending
6546,578,2026-02-09,2536,Pending
6547,578,2026-03-08,2536,Paid
6548,578,2026-04-01,2536,Paid
6549,578,2026-05-02,2536,Paid
6550,578,2026-06-01,2536,Paid
6551,578,2026-07-01,2536,Failed
6552,578,2026-08-01,2536,Overdue
6553,578,2026-09-01,2536,Failed
6554,578,2026-10-01,2536,Paid
6555,578,2026-11-01,2536,Paid
6556,578,2026-12-01,2536,Paid
14192,579,2026-09-29,2091,Paid
14193,579,2026-10-03,2091,Paid
14194,579,2026-11-01,2091,Paid
14195,579,2026-12-01,2091,Paid
16125,580,2026-12-27,2184,Pending
12888,581,2026-08-28,3227,Paid
12889,581,2026-08-31,3227,Paid
12890,581,2026-10-01,3227,Paid
12891,581,2026-11-01,3227,Paid
12892,581,2026-12-01,3227,Paid
5285,582,2025-12-19,3551,Paid
5286,582,2026-01-01,3551,Paid
5287,582,2026-02-01,3551,Overdue
5288,582,2026-03-01,3551,Paid
12344,583,2026-08-14,2671,Paid
12345,583,2026-08-30,2671,Paid
3572,584,2025-09-11,2831,Paid
3573,584,2025-10-01,2831,Paid
3574,584,2025-11-01,2831,Paid
3575,584,2025-12-01,2831,Paid
11354,585,2026-07-20,2644,Paid
11355,585,2026-08-01,2644,Paid
4096,586,2025-10-10,4642,Overdue
4097,586,2025-11-01,4642,Paid
4098,586,2025-12-01,4642,Paid
4099,586,2026-01-01,4642,Paid
4100,586,2026-02-01,4642,Paid
4101,586,2026-03-04,4642,Paid
4102,586,2026-04-01,4642,Paid
6158,587,2026-01-25,3719,Paid
6159,587,2026-02-01,3719,Paid
6160,587,2026-03-01,3719,Paid
6161,587,2026-04-01,3719,Pending
14571,588,2026-10-09,2577,Pending
14572,588,2026-10-31,2577,Paid
14573,588,2026-12-01,2577,Paid
8001,589,2026-04-02,3366,Pending
8002,589,2026-05-03,3366,Overdue
8003,589,2026-06-03,3366,Paid
8004,589,2026-07-01,3366,Paid
8005,589,2026-08-02,3366,Paid
8006,589,2026-09-01,3366,Overdue
8007,589,2026-10-01,3366,Paid
7670,590,2026-03-21,3113,Paid
7671,590,2026-03-31,3113,Paid
7672,590,2026-05-01,3113,Paid
7673,590,2026-06-03,3113,Paid
7674,590,2026-07-01,3113,Paid
7675,590,2026-08-01,3113,Overdue
7676,590,2026-09-01,3113,Paid
7677,590,2026-10-01,3113,Paid
7678,590,2026-11-01,3113,Paid
7679,590,2026-12-01,3113,Paid
3528,591,2025-09-08,3763,Paid
3529,591,2025-10-01,3763,Paid
3530,591,2025-11-01,3763,Paid
3531,591,2025-11-29,3763,Paid
3532,591,2026-01-01,3763,Paid
3533,591,2026-01-31,3763,Paid
3534,591,2026-03-06,3763,Paid
11525,592,2026-07-24,3731,Paid
11526,592,2026-08-02,3731,Paid
11527,592,2026-09-01,3731,Paid
11528,592,2026-10-01,3731,Paid
15490,593,2026-10-27,3923,Paid
15491,593,2026-11-01,3923,Paid
15492,593,2026-12-01,3923,Overdue
15712,594,2026-10-31,3794,Paid
15713,594,2026-11-01,3794,Failed
15714,594,2026-12-08,3794,Paid
3882,595,2025-09-28,2811,Paid
3883,595,2025-10-01,2811,Paid
10133,596,2026-06-12,3775,Paid
10134,596,2026-07-02,3775,Pending
10135,596,2026-08-03,3775,Paid
10136,596,2026-09-01,3775,Paid
10137,596,2026-10-03,3775,Paid
10138,596,2026-11-01,3775,Paid
10139,596,2026-12-01,3775,Paid
10345,597,2026-06-21,3221,Paid
10346,597,2026-06-29,3221,Paid
10347,597,2026-08-01,3221,Paid
8056,598,2026-04-05,3697,Overdue
8057,598,2026-05-01,3697,Paid
6451,599,2026-02-05,2930,Paid
6452,599,2026-03-01,2930,Paid
6453,599,2026-04-01,2930,Paid
6454,599,2026-05-01,2930,Paid
6455,599,2026-06-03,2930,Overdue
6456,599,2026-07-02,2930,Paid
6457,599,2026-08-01,2930,Paid
11307,600,2026-07-18,4267,Failed
11308,600,2026-08-01,4267,Overdue
11309,600,2026-09-01,4267,Paid
11310,600,2026-10-01,4267,Paid
11311,600,2026-11-01,4267,Paid
11312,600,2026-11-30,4267,Paid
16070,601,2026-12-17,2462,Paid
15171,602,2026-10-22,3300,Paid
15172,602,2026-10-30,3300,Paid
15173,602,2026-12-01,3300,Paid
12920,603,2026-08-28,3539,Overdue
12921,603,2026-09-01,3539,Paid
12922,603,2026-10-01,3539,Paid
12923,603,2026-11-01,3539,Failed
12924,603,2026-12-01,3539,Overdue
9359,604,2026-05-18,3781,Paid
9360,604,2026-06-01,3781,Paid
9361,604,2026-07-02,3781,Overdue
9362,604,2026-07-31,3781,Paid
9363,604,2026-09-01,3781,Paid
9364,604,2026-10-01,3781,Paid
9365,604,2026-10-30,3781,Paid
9366,604,2026-12-02,3781,Overdue
9726,605,2026-05-30,2243,Paid
9727,605,2026-06-01,2243,Overdue
9728,605,2026-07-01,2243,Paid
11890,606,2026-08-02,4571,Pending
11891,606,2026-09-02,4571,Paid
11892,606,2026-10-01,4571,Overdue
11893,606,2026-11-01,4571,Paid
11894,606,2026-12-01,4571,Paid
6235,607,2026-01-27,2104,Paid
6236,607,2026-02-02,2104,Paid
6237,607,2026-03-01,2104,Paid
6865,608,2026-02-24,4193,Paid
6866,608,2026-03-01,4193,Pending
6867,608,2026-04-01,4193,Paid
6868,608,2026-05-01,4193,Paid
6869,608,2026-06-01,4193,Paid
6870,608,2026-07-01,4193,Paid
6871,608,2026-08-01,4193,Paid
14766,609,2026-10-14,4810,Paid
14767,609,2026-10-31,4810,Pending
4546,610,2025-11-06,3692,Pending
4547,610,2025-12-06,3692,Paid
15684,611,2026-10-31,4943,Paid
15685,611,2026-11-01,4943,Paid
15686,611,2026-12-03,4943,Paid
8740,612,2026-04-30,3370,Pending
8741,612,2026-05-03,3370,Overdue
8742,612,2026-06-01,3370,Paid
8743,612,2026-07-01,3370,Pending
10140,613,2026-06-12,4266,Paid
10141,613,2026-07-01,4266,Overdue
10142,613,2026-08-02,4266,Paid
3396,614,2025-08-26,3317,Paid
3397,614,2025-09-02,3317,Paid
3398,614,2025-10-01,3317,Paid
25,615,2024-04-25,2720,Paid
26,615,2024-05-04,2720,Paid
27,615,2024-06-01,2720,Paid
28,615,2024-07-01,2720,Paid
29,615,2024-08-01,2720,Overdue
30,615,2024-09-02,2720,Overdue
31,615,2024-10-03,2720,Paid
14012,616,2026-09-25,4736,Paid
14013,616,2026-10-02,4736,Paid
6717,617,2026-02-16,2143,Paid
6718,617,2026-03-01,2143,Paid
6719,617,2026-04-08,2143,Paid
6720,617,2026-05-03,2143,Paid
6721,617,2026-06-01,2143,Overdue
6722,617,2026-07-01,2143,Paid
6723,617,2026-08-01,2143,Paid
6724,617,2026-09-03,2143,Paid
6725,617,2026-10-04,2143,Paid
6726,617,2026-11-01,2143,Paid
6727,617,2026-12-01,2143,Failed
11828,618,2026-07-31,2889,Paid
11829,618,2026-08-01,2889,Paid
3873,619,2025-09-27,4251,Paid
3874,619,2025-10-01,4251,Paid
3875,619,2025-11-01,4251,Paid
13447,620,2026-09-11,3089,Paid
13448,620,2026-10-01,3089,Paid
13449,620,2026-11-03,3089,Pending
13450,620,2026-12-01,3089,Overdue
2830,621,2025-07-17,2852,Paid
2831,621,2025-08-01,2852,Pending
2832,621,2025-09-01,2852,Pending
2833,621,2025-10-01,2852,Paid
2715,622,2025-07-02,3143,Paid
2716,622,2025-08-01,3143,Paid
2717,622,2025-09-01,3143,Paid
2718,622,2025-10-01,3143,Paid
11560,623,2026-07-25,4158,Paid
11561,623,2026-08-01,4158,Paid
11562,623,2026-09-01,4158,Pending
15976,624,2026-12-02,2836,Paid
2074,625,2025-05-19,3518,Paid
2075,625,2025-06-04,3518,Paid
2076,625,2025-06-30,3518,Paid
2077,625,2025-08-01,3518,Paid
2078,625,2025-09-03,3518,Paid
2079,625,2025-10-01,3518,Paid
2080,625,2025-11-01,3518,Paid
12730,626,2026-08-24,3690,Paid
12731,626,2026-09-02,3690,Paid
16052,627,2026-12-15,3050,Paid
3910,628,2025-09-29,3448,Paid
3911,628,2025-10-01,3448,Paid
3912,628,2025-11-01,3448,Paid
3913,628,2025-12-01,3448,Paid
3914,628,2026-01-02,3448,Paid
3915,628,2026-02-01,3448,Paid
3916,628,2026-03-01,3448,Paid
3917,628,2026-04-01,3448,Overdue
3918,628,2026-05-01,3448,Paid
3919,628,2026-06-01,3448,Pending
3920,628,2026-07-01,3448,Paid
3921,628,2026-08-02,3448,Paid
3922,628,2026-09-01,3448,Paid
7749,629,2026-03-23,3074,Failed
7750,629,2026-04-03,3074,Paid
7751,629,2026-05-01,3074,Paid
14653,630,2026-10-11,3063,Paid
14654,630,2026-11-01,3063,Paid
11398,631,2026-07-21,4880,Pending
11399,631,2026-08-01,4880,Paid
11400,631,2026-09-04,4880,Paid
11401,631,2026-10-01,4880,Paid
11402,631,2026-11-01,4880,Paid
11403,631,2026-12-01,4880,Pending
3118,632,2025-08-09,4334,Failed
3119,632,2025-09-01,4334,Paid
3120,632,2025-10-01,4334,Overdue
3121,632,2025-11-04,4334,Paid
3122,632,2025-12-02,4334,Paid
3123,632,2026-01-06,4334,Overdue
3124,632,2026-02-01,4334,Paid
13148,633,2026-09-03,2691,Paid
13149,633,2026-10-01,2691,Paid
13150,633,2026-11-01,2691,Paid
13151,633,2026-12-01,2691,Pending
16018,634,2026-12-08,4319,Failed
11356,635,2026-07-20,3018,Paid
11357,635,2026-08-01,3018,Paid
6819,636,2026-02-21,3733,Paid
6820,636,2026-03-02,3733,Pending
6821,636,2026-04-04,3733,Paid
6822,636,2026-05-01,3733,Paid
6823,636,2026-06-01,3733,Overdue
6824,636,2026-07-01,3733,Paid
6825,636,2026-08-01,3733,Paid
14183,637,2026-09-29,2323,Paid
14184,637,2026-10-01,2323,Paid
14185,637,2026-11-01,2323,Paid
14714,638,2026-10-12,3349,Paid
14715,638,2026-11-01,3349,Paid
14716,638,2026-12-01,3349,Paid
5752,639,2026-01-07,4904,Pending
5753,639,2026-02-03,4904,Paid
5754,639,2026-03-01,4904,Overdue
5755,639,2026-04-01,4904,Paid
5756,639,2026-05-01,4904,Paid
5757,639,2026-06-01,4904,Paid
5758,639,2026-07-03,4904,Paid
7613,640,2026-03-19,3305,Overdue
7614,640,2026-04-01,3305,Paid
7615,640,2026-05-01,3305,Paid
4268,641,2025-10-24,2521,Paid
4269,641,2025-11-01,2521,Paid
4270,641,2025-12-04,2521,Paid
4271,641,2026-01-03,2521,Pending
4272,641,2026-02-02,2521,Paid
4273,641,2026-03-02,2521,Paid
4274,641,2026-04-01,2521,Paid
4275,641,2026-05-01,2521,Paid
4276,641,2026-06-01,2521,Paid
4277,641,2026-07-01,2521,Paid
4278,641,2026-08-01,2521,Paid
4279,641,2026-09-04,2521,Paid
4280,641,2026-10-01,2521,Paid
4281,641,2026-11-01,2521,Paid
4282,641,2026-12-04,2521,Paid
7388,642,2026-03-13,2016,Paid
7389,642,2026-04-01,2016,Pending
7390,642,2026-05-01,2016,Paid
7391,642,2026-06-03,2016,Pending
7392,642,2026-07-01,2016,Paid
7393,642,2026-08-01,2016,Paid
7394,642,2026-09-06,2016,Paid
7395,642,2026-10-01,2016,Pending
7396,642,2026-11-01,2016,Paid
7397,642,2026-12-04,2016,Pending
4775,643,2025-11-18,2244,Paid
4776,643,2025-11-30,2244,Paid
4777,643,2026-01-01,2244,Paid
4778,643,2026-02-02,2244,Pending
4779,643,2026-03-01,2244,Paid
4780,643,2026-04-01,2244,Paid
4781,643,2026-05-01,2244,Paid
13907,644,2026-09-23,2717,Overdue
13908,644,2026-10-01,2717,Paid
13683,645,2026-09-18,4269,Pending
13684,645,2026-10-01,4269,Paid
9694,646,2026-05-30,3016,Paid
9695,646,2026-06-01,3016,Paid
9696,646,2026-07-01,3016,Pending
9697,646,2026-08-02,3016,Failed
7111,647,2026-03-05,4725,Paid
7112,647,2026-04-01,4725,Paid
5340,648,2025-12-21,2417,Paid
5341,648,2026-01-01,2417,Paid
5342,648,2026-02-01,2417,Paid
5343,648,2026-03-03,2417,Paid
5344,648,2026-03-30,2417,Paid
5345,648,2026-05-01,2417,Paid
5346,648,2026-06-04,2417,Paid
5347,648,2026-07-03,2417,Paid
5348,648,2026-08-01,2417,Paid
5349,648,2026-09-01,2417,Overdue
5350,648,2026-10-01,2417,Paid
5351,648,2026-11-01,2417,Overdue
5352,648,2026-12-01,2417,Paid
9840,649,2026-06-03,3208,Paid
9841,649,2026-07-01,3208,Paid
1581,650,2025-03-29,2597,Paid
1582,650,2025-04-06,2597,Paid
1583,650,2025-05-01,2597,Paid
1584,650,2025-06-01,2597,Paid
15521,651,2026-10-28,2022,Overdue
15522,651,2026-11-01,2022,Paid
15523,651,2026-12-01,2022,Paid
12795,652,2026-08-25,3439,Paid
12796,652,2026-09-01,3439,Paid
12797,652,2026-10-01,3439,Paid
12798,652,2026-11-01,3439,Paid
12799,652,2026-12-01,3439,Overdue
6442,653,2026-02-04,2526,Pending
6443,653,2026-03-01,2526,Paid
13912,654,2026-09-23,3483,Paid
13913,654,2026-10-01,3483,Paid
13914,654,2026-11-01,3483,Paid
13915,654,2026-12-01,3483,Paid
299,655,2024-09-10,3104,Paid
300,655,2024-10-01,3104,Paid
301,655,2024-11-02,3104,Paid
8012,656,2026-04-02,2698,Paid
8013,656,2026-05-06,2698,Paid
8014,656,2026-06-04,2698,Paid
8015,656,2026-06-30,2698,Paid
8016,656,2026-08-01,2698,Pending
8017,656,2026-09-01,2698,Failed
8018,656,2026-10-01,2698,Paid
8019,656,2026-11-01,2698,Paid
8020,656,2026-12-01,2698,Paid
15940,657,2026-11-26,3274,Paid
15941,657,2026-12-01,3274,Paid
10749,658,2026-07-03,2091,Paid
10750,658,2026-08-01,2091,Paid
10751,658,2026-09-03,2091,Paid
10752,658,2026-10-03,2091,Paid
10753,658,2026-11-06,2091,Paid
10754,658,2026-12-06,2091,Paid
14905,659,2026-10-17,3150,Paid
14906,659,2026-11-02,3150,Pending
14907,659,2026-12-01,3150,Paid
16150,660,2026-12-30,4607,Paid
668,661,2024-12-10,2299,Paid
669,661,2025-01-01,2299,Pending
670,661,2025-02-01,2299,Overdue
671,661,2025-03-01,2299,Pending
672,661,2025-04-02,2299,Paid
673,661,2025-05-03,2299,Paid
674,661,2025-06-01,2299,Paid
675,661,2025-06-30,2299,Overdue
676,661,2025-08-01,2299,Paid
677,661,2025-09-01,2299,Paid
678,661,2025-10-01,2299,Paid
679,661,2025-11-01,2299,Paid
680,661,2025-12-01,2299,Paid
9024,662,2026-05-06,2595,Paid
9025,662,2026-06-01,2595,Paid
10707,663,2026-07-01,3846,Paid
10708,663,2026-08-03,3846,Pending
10709,663,2026-09-01,3846,Paid
10710,663,2026-10-01,3846,Paid
10711,663,2026-11-01,3846,Paid
10712,663,2026-12-01,3846,Paid
12308,664,2026-08-13,4677,Pending
12309,664,2026-09-02,4677,Paid
12310,664,2026-10-01,4677,Pending
12311,664,2026-11-06,4677,Overdue
12312,664,2026-12-01,4677,Paid
14124,665,2026-09-27,3300,Paid
14125,665,2026-10-01,3300,Paid
14126,665,2026-11-01,3300,Paid
6642,666,2026-02-14,3382,Paid
6643,666,2026-02-27,3382,Paid
6644,666,2026-04-01,3382,Failed
6645,666,2026-05-01,3382,Paid
15788,667,2026-11-06,3208,Overdue
15789,667,2026-12-01,3208,Paid
12969,668,2026-08-30,4070,Overdue
12970,668,2026-09-01,4070,Paid
12971,668,2026-10-01,4070,Paid
12972,668,2026-11-03,4070,Paid
12973,668,2026-12-01,4070,Paid
15796,669,2026-11-06,3052,Paid
15797,669,2026-12-01,3052,Paid
2337,670,2025-06-05,2341,Pending
2338,670,2025-07-01,2341,Paid
2339,670,2025-08-02,2341,Paid
2340,670,2025-09-02,2341,Paid
2341,670,2025-10-02,2341,Paid
2342,670,2025-11-01,2341,Overdue
2343,670,2025-12-01,2341,Paid
8181,671,2026-04-09,2361,Paid
8182,671,2026-05-01,2361,Pending
8183,671,2026-06-03,2361,Paid
8184,671,2026-07-01,2361,Paid
1515,672,2025-03-23,3275,Paid
1516,672,2025-04-01,3275,Paid
1517,672,2025-05-01,3275,Paid
1518,672,2025-05-30,3275,Paid
1519,672,2025-07-04,3275,Paid
1520,672,2025-08-01,3275,Paid
1521,672,2025-09-01,3275,Pending
1522,672,2025-10-01,3275,Paid
1523,672,2025-11-01,3275,Paid
1524,672,2025-12-01,3275,Paid
1525,672,2026-01-01,3275,Paid
1526,672,2026-02-01,3275,Overdue
1527,672,2026-03-08,3275,Paid
1528,672,2026-04-02,3275,Paid
1529,672,2026-05-01,3275,Paid
1530,672,2026-06-04,3275,Overdue
1531,672,2026-07-01,3275,Paid
1532,672,2026-08-02,3275,Paid
1533,672,2026-09-01,3275,Paid
16002,673,2026-12-06,3124,Paid
5152,674,2025-12-08,4652,Overdue
5153,674,2026-01-02,4652,Paid
5154,674,2026-02-01,4652,Pending
5155,674,2026-03-01,4652,Paid
5156,674,2026-04-01,4652,Paid
5157,674,2026-05-03,4652,Paid
5158,674,2026-06-01,4652,Paid
7153,675,2026-03-06,2555,Paid
7154,675,2026-04-02,2555,Paid
7155,675,2026-05-01,2555,Overdue
7156,675,2026-06-01,2555,Paid
8509,676,2026-04-20,4327,Paid
8510,676,2026-05-01,4327,Paid
8511,676,2026-06-01,4327,Paid
8512,676,2026-07-01,4327,Paid
8513,676,2026-08-01,4327,Paid
8514,676,2026-09-01,4327,Paid
8515,676,2026-09-30,4327,Overdue
16068,677,2026-12-17,3513,Paid
10626,678,2026-06-28,4870,Paid
10627,678,2026-07-02,4870,Paid
10628,678,2026-08-01,4870,Paid
1088,679,2025-02-04,4749,Overdue
1089,679,2025-03-01,4749,Overdue
1090,679,2025-03-31,4749,Paid
14586,680,2026-10-09,4827,Paid
14587,680,2026-11-01,4827,Paid
14588,680,2026-12-01,4827,Paid
5041,681,2025-12-01,4114,Paid
5042,681,2026-01-03,4114,Paid
5043,681,2026-02-01,4114,Pending
4366,682,2025-10-28,2544,Paid
4367,682,2025-11-01,2544,Paid
4368,682,2025-12-01,2544,Paid
4369,682,2026-01-02,2544,Paid
4370,682,2026-02-01,2544,Failed
4371,682,2026-03-01,2544,Paid
4372,682,2026-04-01,2544,Paid
4380,683,2025-10-28,3056,Paid
4381,683,2025-11-01,3056,Failed
4382,683,2025-12-01,3056,Paid
14239,684,2026-09-30,3323,Paid
14240,684,2026-10-01,3323,Paid
14241,684,2026-11-01,3323,Paid
14242,684,2026-12-01,3323,Paid
7117,685,2026-03-05,3279,Paid
7118,685,2026-04-01,3279,Paid
7119,685,2026-05-01,3279,Paid
7120,685,2026-06-01,3279,Paid
7121,685,2026-07-01,3279,Pending
7122,685,2026-08-01,3279,Paid
7123,685,2026-09-02,3279,Paid
7124,685,2026-10-01,3279,Paid
7125,685,2026-11-01,3279,Paid
7126,685,2026-12-01,3279,Paid
10741,686,2026-07-03,3931,Paid
10742,686,2026-08-02,3931,Paid
10743,686,2026-09-01,3931,Paid
10744,686,2026-10-01,3931,Paid
10745,686,2026-11-01,3931,Paid
10746,686,2026-12-01,3931,Paid
14227,687,2026-09-30,3377,Paid
14228,687,2026-10-01,3377,Paid
14229,687,2026-11-01,3377,Paid
14230,687,2026-12-01,3377,Failed
15740,688,2026-11-01,2515,Paid
15741,688,2026-12-02,2515,Paid
6557,689,2026-02-09,3673,Paid
6558,689,2026-03-01,3673,Paid
9590,690,2026-05-24,2535,Paid
9591,690,2026-06-01,2535,Paid
9592,690,2026-07-04,2535,Paid
1710,691,2025-04-12,3040,Paid
1711,691,2025-05-01,3040,Paid
1712,691,2025-06-01,3040,Paid
1713,691,2025-07-01,3040,Paid
1714,691,2025-08-01,3040,Paid
1715,691,2025-09-01,3040,Pending
1716,691,2025-10-02,3040,Paid
7127,692,2026-03-05,3129,Paid
7128,692,2026-04-03,3129,Paid
7129,692,2026-05-04,3129,Overdue
7130,692,2026-06-06,3129,Pending
7131,692,2026-07-01,3129,Paid
7132,692,2026-08-01,3129,Paid
7133,692,2026-09-03,3129,Failed
6472,693,2026-02-06,3071,Pending
6473,693,2026-03-01,3071,Overdue
6474,693,2026-04-01,3071,Paid
6475,693,2026-05-01,3071,Paid
6476,693,2026-06-01,3071,Paid
6477,693,2026-07-01,3071,Paid
6478,693,2026-08-01,3071,Paid
6479,693,2026-09-02,3071,Overdue
6480,693,2026-10-01,3071,Paid
6481,693,2026-11-06,3071,Paid
6482,693,2026-12-06,3071,Paid
6627,694,2026-02-13,3585,Paid
6628,694,2026-03-02,3585,Paid
6629,694,2026-04-02,3585,Paid
6630,694,2026-04-30,3585,Paid
11615,695,2026-07-27,4592,Paid
11616,695,2026-08-01,4592,Paid
11617,695,2026-09-01,4592,Paid
11618,695,2026-10-01,4592,Paid
11619,695,2026-11-01,4592,Paid
11620,695,2026-12-01,4592,Pending
2151,696,2025-05-22,3865,Paid
2152,696,2025-06-01,3865,Paid
2153,696,2025-07-01,3865,Paid
2154,696,2025-08-02,3865,Paid
52,697,2024-05-02,3185,Paid
53,697,2024-06-02,3185,Paid
54,697,2024-07-01,3185,Paid
55,697,2024-07-30,3185,Paid
56,697,2024-08-31,3185,Paid
57,697,2024-10-01,3185,Paid
58,697,2024-11-04,3185,Paid
16101,698,2026-12-25,4444,Paid
9572,699,2026-05-23,3475,Overdue
9573,699,2026-06-08,3475,Paid
9574,699,2026-07-01,3475,Paid
9575,699,2026-08-01,3475,Paid
5981,700,2026-01-17,2730,Overdue
5982,700,2026-02-01,2730,Paid
5983,700,2026-03-01,2730,Paid
5984,700,2026-04-01,2730,Paid
5191,701,2025-12-10,2858,Paid
5192,701,2026-01-02,2858,Paid
5193,701,2026-02-01,2858,Paid
5194,701,2026-03-03,2858,Paid
5195,701,2026-04-01,2858,Paid
5196,701,2026-05-01,2858,Paid
5197,701,2026-06-01,2858,Paid
9736,702,2026-05-31,3729,Overdue
9737,702,2026-06-01,3729,Paid
9738,702,2026-07-01,3729,Paid
9739,702,2026-08-01,3729,Paid
9740,702,2026-09-01,3729,Pending
9741,702,2026-10-02,3729,Paid
9742,702,2026-11-01,3729,Paid
9743,702,2026-12-03,3729,Paid
8080,703,2026-04-06,2669,Paid
8081,703,2026-05-02,2669,Overdue
8082,703,2026-06-04,2669,Paid
3371,704,2025-08-24,3677,Paid
3372,704,2025-09-06,3677,Pending
1570,705,2025-03-28,2867,Paid
1571,705,2025-04-01,2867,Paid
1572,705,2025-05-01,2867,Paid
1573,705,2025-06-01,2867,Paid
15828,706,2026-11-07,3092,Paid
15829,706,2026-12-02,3092,Paid
15583,707,2026-10-29,3399,Failed
15584,707,2026-11-02,3399,Paid
9469,708,2026-05-20,2974,Paid
9470,708,2026-06-01,2974,Paid
9471,708,2026-07-01,2974,Paid
9472,708,2026-08-01,2974,Overdue
9473,708,2026-09-01,2974,Paid
9474,708,2026-10-03,2974,Paid
9475,708,2026-11-01,2974,Paid
9476,708,2026-12-01,2974,Paid
6286,709,2026-01-28,2081,Paid
6287,709,2026-02-03,2081,Paid
6288,709,2026-03-01,2081,Paid
6289,709,2026-04-01,2081,Paid
6290,709,2026-05-01,2081,Failed
6291,709,2026-06-02,2081,Paid
6292,709,2026-07-01,2081,Paid
6293,709,2026-08-01,2081,Paid
6294,709,2026-09-01,2081,Paid
6295,709,2026-10-02,2081,Paid
6296,709,2026-11-01,2081,Paid
6297,709,2026-12-01,2081,Pending
4982,710,2025-11-29,4345,Paid
4983,710,2025-12-01,4345,Paid
4984,710,2026-01-01,4345,Paid
4985,710,2026-02-01,4345,Paid
4986,710,2026-03-01,4345,Paid
4987,710,2026-04-04,4345,Paid
4988,710,2026-05-01,4345,Paid
4989,710,2026-06-01,4345,Paid
4990,710,2026-07-01,4345,Paid
4991,710,2026-08-01,4345,Paid
4992,710,2026-09-01,4345,Paid
4993,710,2026-10-01,4345,Paid
4994,710,2026-11-01,4345,Paid
4995,710,2026-12-01,4345,Paid
5237,711,2025-12-16,3061,Paid
5238,711,2026-01-01,3061,Paid
5239,711,2026-02-01,3061,Paid
1599,712,2025-03-31,4716,Paid
1600,712,2025-04-01,4716,Paid
1601,712,2025-05-02,4716,Paid
1602,712,2025-06-01,4716,Paid
1603,712,2025-07-03,4716,Paid
1604,712,2025-08-01,4716,Failed
1605,712,2025-09-01,4716,Paid
1606,712,2025-10-01,4716,Paid
1607,712,2025-11-01,4716,Overdue
1608,712,2025-11-30,4716,Paid
1609,712,2026-01-01,4716,Pending
1610,712,2026-02-01,4716,Paid
1611,712,2026-03-01,4716,Paid
6344,713,2026-01-31,2617,Paid
6345,713,2026-02-01,2617,Paid
6346,713,2026-03-08,2617,Paid
6347,713,2026-04-01,2617,Paid
6348,713,2026-04-30,2617,Paid
6349,713,2026-06-01,2617,Paid
6350,713,2026-07-03,2617,Paid
7915,714,2026-03-29,4712,Paid
7916,714,2026-04-03,4712,Paid
7917,714,2026-05-01,4712,Paid
7918,714,2026-06-01,4712,Paid
12205,715,2026-08-11,3097,Paid
12206,715,2026-09-01,3097,Paid
12207,715,2026-10-01,3097,Failed
12208,715,2026-11-01,3097,Paid
12209,715,2026-12-01,3097,Paid
15850,716,2026-11-09,3533,Paid
15851,716,2026-12-01,3533,Paid
9600,717,2026-05-25,2715,Paid
9601,717,2026-06-01,2715,Paid
9602,717,2026-07-01,2715,Paid
9603,717,2026-08-01,2715,Paid
13581,718,2026-09-14,3489,Paid
13582,718,2026-10-02,3489,Paid
13583,718,2026-11-02,3489,Failed
13584,718,2026-12-03,3489,Paid
4957,719,2025-11-28,3644,Paid
4958,719,2025-12-04,3644,Paid
4959,719,2026-01-04,3644,Paid
4960,719,2026-02-03,3644,Paid
10487,720,2026-06-25,3422,Paid
10488,720,2026-07-01,3422,Paid
10489,720,2026-08-01,3422,Overdue
10490,720,2026-09-01,3422,Paid
10491,720,2026-10-01,3422,Paid
10492,720,2026-11-06,3422,Paid
10493,720,2026-12-01,3422,Paid
8533,721,2026-04-22,2851,Overdue
8534,721,2026-05-01,2851,Paid
8535,721,2026-06-02,2851,Paid
10966,722,2026-07-09,2492,Overdue
10967,722,2026-08-01,2492,Paid
10968,722,2026-09-01,2492,Paid
10969,722,2026-09-30,2492,Paid
10970,722,2026-11-01,2492,Paid
10971,722,2026-11-30,2492,Pending
8446,723,2026-04-17,3488,Paid
8447,723,2026-05-01,3488,Paid
8448,723,2026-06-01,3488,Paid
8449,723,2026-07-01,3488,Paid
8450,723,2026-08-01,3488,Paid
8451,723,2026-09-01,3488,Pending
8452,723,2026-10-02,3488,Paid
16050,724,2026-12-14,3082,Paid
13304,725,2026-09-08,3467,Paid
13305,725,2026-10-01,3467,Paid
467,726,2024-11-01,4612,Paid
468,726,2024-12-01,4612,Paid
469,726,2024-12-31,4612,Paid
470,726,2025-02-01,4612,Paid
471,726,2025-03-01,4612,Paid
472,726,2025-04-01,4612,Paid
473,726,2025-05-01,4612,Pending
7444,727,2026-03-14,3356,Paid
7445,727,2026-04-01,3356,Paid
13763,728,2026-09-20,4664,Paid
13764,728,2026-09-30,4664,Overdue
11554,729,2026-07-25,3280,Paid
11555,729,2026-08-01,3280,Pending
11556,729,2026-09-01,3280,Overdue
11557,729,2026-10-01,3280,Paid
11558,729,2026-11-01,3280,Failed
11559,729,2026-12-01,3280,Paid
15604,730,2026-10-30,3395,Pending
15605,730,2026-10-31,3395,Paid
15606,730,2026-12-01,3395,Paid
10117,731,2026-06-12,4419,Overdue
10118,731,2026-07-01,4419,Overdue
10119,731,2026-08-01,4419,Paid
10120,731,2026-09-01,4419,Paid
10121,731,2026-10-01,4419,Paid
10122,731,2026-11-04,4419,Paid
10123,731,2026-12-01,4419,Paid
1171,732,2025-02-22,3763,Paid
1172,732,2025-02-28,3763,Paid
16110,733,2026-12-26,2512,Paid
15287,734,2026-10-24,4486,Paid
15288,734,2026-11-01,4486,Paid
13733,735,2026-09-19,2339,Paid
13734,735,2026-10-06,2339,Paid
13735,735,2026-11-01,2339,Paid
13736,735,2026-12-01,2339,Paid
12353,736,2026-08-14,3164,Paid
12354,736,2026-09-08,3164,Paid
12355,736,2026-10-01,3164,Paid
12356,736,2026-11-01,3164,Paid
12357,736,2026-12-01,3164,Paid
5075,737,2025-12-02,2611,Paid
5076,737,2026-01-01,2611,Paid
5077,737,2026-02-02,2611,Paid
5078,737,2026-03-01,2611,Paid
5079,737,2026-04-01,2611,Paid
5080,737,2026-05-01,2611,Paid
5081,737,2026-06-04,2611,Paid
7680,738,2026-03-21,2732,Paid
7681,738,2026-04-02,2732,Paid
7682,738,2026-05-01,2732,Paid
8543,739,2026-04-23,4627,Paid
8544,739,2026-05-01,4627,Paid
14954,740,2026-10-18,2338,Paid
14955,740,2026-11-03,2338,Paid
14956,740,2026-12-04,2338,Paid
6458,741,2026-02-05,2299,Paid
6459,741,2026-03-08,2299,Paid
6460,741,2026-03-31,2299,Paid
10737,742,2026-07-03,4667,Paid
10738,742,2026-08-01,4667,Paid
10739,742,2026-09-01,4667,Paid
10740,742,2026-10-01,4667,Paid
854,743,2025-01-04,3558,Paid
855,743,2025-02-01,3558,Paid
856,743,2025-03-01,3558,Paid
857,743,2025-04-01,3558,Failed
858,743,2025-05-01,3558,Paid
859,743,2025-06-01,3558,Paid
860,743,2025-07-01,3558,Paid
15227,744,2026-10-23,2668,Paid
15228,744,2026-10-30,2668,Paid
12898,745,2026-08-28,3472,Paid
12899,745,2026-09-01,3472,Paid
12900,745,2026-09-29,3472,Overdue
12901,745,2026-11-01,3472,Overdue
12902,745,2026-12-01,3472,Paid
16089,746,2026-12-24,3260,Paid
11189,747,2026-07-16,3967,Overdue
11190,747,2026-08-06,3967,Paid
11191,747,2026-09-01,3967,Paid
12351,748,2026-08-14,4481,Paid
12352,748,2026-09-01,4481,Paid
13667,749,2026-09-17,2341,Paid
13668,749,2026-10-03,2341,Paid
16117,750,2026-12-27,2201,Paid
14992,751,2026-10-19,2969,Paid
14993,751,2026-11-01,2969,Paid
14994,751,2026-12-01,2969,Paid
15669,752,2026-10-30,2463,Paid
15670,752,2026-11-04,2463,Failed
15671,752,2026-12-01,2463,Paid
10975,753,2026-07-09,2948,Paid
10976,753,2026-08-01,2948,Paid
1153,754,2025-02-19,3412,Paid
1154,754,2025-03-03,3412,Paid
1155,754,2025-04-01,3412,Paid
1156,754,2025-05-01,3412,Paid
1157,754,2025-06-02,3412,Paid
1158,754,2025-07-01,3412,Paid
1159,754,2025-08-02,3412,Paid
14289,755,2026-10-02,3997,Paid
14290,755,2026-11-01,3997,Pending
14291,755,2026-12-02,3997,Paid
14844,756,2026-10-16,4293,Paid
14845,756,2026-11-01,4293,Paid
14846,756,2026-12-01,4293,Overdue
5251,757,2025-12-17,3936,Paid
5252,757,2026-01-01,3936,Paid
5253,757,2026-02-01,3936,Paid
5254,757,2026-03-02,3936,Paid
8944,758,2026-05-05,2530,Overdue
8945,758,2026-06-01,2530,Failed
8946,758,2026-07-01,2530,Paid
8047,759,2026-04-04,2864,Paid
8048,759,2026-05-01,2864,Paid
8049,759,2026-06-02,2864,Paid
8050,759,2026-07-01,2864,Paid
8051,759,2026-08-01,2864,Paid
8052,759,2026-09-01,2864,Paid
8053,759,2026-10-01,2864,Paid
8306,760,2026-04-13,4796,Paid
8307,760,2026-05-04,4796,Paid
8308,760,2026-06-01,4796,Paid
8309,760,2026-07-03,4796,Paid
8310,760,2026-08-01,4796,Paid
8311,760,2026-08-31,4796,Paid
8312,760,2026-10-01,4796,Paid
8313,760,2026-10-30,4796,Paid
8314,760,2026-12-03,4796,Paid
8606,761,2026-04-26,3371,Paid
8607,761,2026-05-01,3371,Paid
15658,762,2026-10-30,3412,Paid
15659,762,2026-11-01,3412,Paid
15660,762,2026-12-01,3412,Paid
6595,763,2026-02-11,2948,Paid
6596,763,2026-02-27,2948,Overdue
6597,763,2026-04-01,2948,Paid
6598,763,2026-05-01,2948,Paid
8090,764,2026-04-07,3427,Pending
8091,764,2026-05-01,3427,Paid
8092,764,2026-06-01,3427,Paid
8093,764,2026-07-01,3427,Paid
115,765,2024-06-27,2491,Paid
116,765,2024-06-29,2491,Paid
117,765,2024-08-01,2491,Paid
13131,766,2026-09-03,4603,Paid
13132,766,2026-10-01,4603,Paid
13133,766,2026-10-31,4603,Paid
13134,766,2026-11-30,4603,Paid
14424,767,2026-10-05,4304,Paid
14425,767,2026-11-01,4304,Paid
14426,767,2026-12-01,4304,Paid
15750,768,2026-11-02,3004,Paid
15751,768,2026-12-01,3004,Pending
14655,769,2026-10-11,2848,Paid
14656,769,2026-11-01,2848,Paid
14657,769,2026-12-01,2848,Paid
553,770,2024-11-17,2153,Paid
554,770,2024-12-04,2153,Failed
555,770,2025-01-04,2153,Paid
7330,771,2026-03-11,3770,Paid
7331,771,2026-04-01,3770,Paid
12845,772,2026-08-27,3739,Paid
12846,772,2026-09-01,3739,Paid
12847,772,2026-10-01,3739,Paid
12848,772,2026-11-01,3739,Failed
12849,772,2026-12-02,3739,Failed
13469,773,2026-09-12,3873,Paid
13470,773,2026-10-02,3873,Pending
13471,773,2026-11-01,3873,Paid
14928,774,2026-10-18,3104,Paid
14929,774,2026-11-01,3104,Paid
14930,774,2026-12-01,3104,Failed
5502,775,2025-12-27,3098,Paid
5503,775,2025-12-30,3098,Pending
5504,775,2026-02-01,3098,Overdue
5505,775,2026-03-01,3098,Paid
14410,776,2026-10-05,3727,Paid
14411,776,2026-11-01,3727,Paid
14412,776,2026-12-01,3727,Paid
1471,777,2025-03-15,3810,Paid
1472,777,2025-04-01,3810,Paid
1473,777,2025-05-06,3810,Overdue
1474,777,2025-06-02,3810,Failed
13558,778,2026-09-14,4873,Paid
13559,778,2026-10-01,4873,Paid
13560,778,2026-11-06,4873,Paid
13561,778,2026-12-04,4873,Paid
3898,779,2025-09-28,3187,Paid
3899,779,2025-10-03,3187,Paid
9315,780,2026-05-17,2773,Paid
9316,780,2026-06-03,2773,Paid
9317,780,2026-07-01,2773,Paid
10636,781,2026-06-29,3342,Paid
10637,781,2026-07-01,3342,Paid
10638,781,2026-08-08,3342,Paid
10639,781,2026-09-01,3342,Paid
10640,781,2026-10-03,3342,Paid
10641,781,2026-11-01,3342,Paid
10642,781,2026-12-03,3342,Paid
16087,782,2026-12-24,4412,Overdue
172,783,2024-08-01,2771,Paid
173,783,2024-08-30,2771,Overdue
174,783,2024-10-03,2771,Paid
15648,784,2026-10-30,4823,Paid
15649,784,2026-11-01,4823,Paid
15650,784,2026-11-29,4823,Paid
13205,785,2026-09-05,3925,Overdue
13206,785,2026-10-01,3925,Paid
13207,785,2026-11-01,3925,Paid
12825,786,2026-08-26,2045,Paid
12826,786,2026-09-01,2045,Paid
12827,786,2026-10-02,2045,Paid
14127,787,2026-09-27,2094,Paid
14128,787,2026-10-01,2094,Paid
9516,788,2026-05-22,2363,Paid
9517,788,2026-06-01,2363,Paid
9518,788,2026-07-01,2363,Pending
9519,788,2026-08-01,2363,Paid
9520,788,2026-09-01,2363,Overdue
9521,788,2026-10-03,2363,Paid
9522,788,2026-11-01,2363,Paid
9523,788,2026-12-01,2363,Overdue
5262,789,2025-12-18,3612,Overdue
5263,789,2026-01-01,3612,Paid
5264,789,2026-02-01,3612,Paid
282,790,2024-09-06,3532,Paid
283,790,2024-10-01,3532,Paid
284,790,2024-11-08,3532,Paid
5230,791,2025-12-15,2758,Paid
5231,791,2026-01-03,2758,Paid
5232,791,2026-02-01,2758,Paid
15985,792,2026-12-03,2969,Pending
15501,793,2026-10-28,3309,Paid
15502,793,2026-11-01,3309,Paid
15503,793,2026-12-03,3309,Paid
8487,794,2026-04-19,3005,Paid
8488,794,2026-05-01,3005,Paid
16114,795,2026-12-26,3596,Overdue
13721,796,2026-09-19,3583,Pending
13722,796,2026-10-01,3583,Pending
13723,796,2026-11-01,3583,Paid
13724,796,2026-12-01,3583,Paid
15910,797,2026-11-20,2058,Overdue
15911,797,2026-12-01,2058,Paid
5302,798,2025-12-20,4244,Paid
5303,798,2026-01-02,4244,Paid
5304,798,2026-02-01,4244,Paid
5305,798,2026-03-01,4244,Paid
5306,798,2026-04-03,4244,Paid
5307,798,2026-05-08,4244,Paid
5308,798,2026-05-30,4244,Overdue
11657,799,2026-07-28,4681,Failed
11658,799,2026-08-03,4681,Paid
11659,799,2026-09-01,4681,Paid
11660,799,2026-10-04,4681,Paid
11661,799,2026-11-01,4681,Paid
11662,799,2026-12-02,4681,Paid
5578,800,2025-12-31,3217,Pending
5579,800,2026-01-01,3217,Paid
5580,800,2026-02-01,3217,Paid
11313,801,2026-07-18,2656,Paid
11314,801,2026-08-03,2656,Paid
11315,801,2026-09-02,2656,Overdue
11316,801,2026-10-01,2656,Failed
11317,801,2026-11-01,2656,Paid
11318,801,2026-12-01,2656,Paid
12929,802,2026-08-29,2575,Paid
12930,802,2026-09-01,2575,Paid
12883,803,2026-08-28,3136,Paid
12884,803,2026-09-04,3136,Paid
12885,803,2026-10-02,3136,Paid
12886,803,2026-11-01,3136,Failed
12887,803,2026-12-01,3136,Paid
14215,804,2026-09-30,2979,Paid
14216,804,2026-10-01,2979,Paid
14217,804,2026-10-30,2979,Overdue
14218,804,2026-11-29,2979,Pending
12755,805,2026-08-24,3702,Paid
12756,805,2026-09-01,3702,Paid
12757,805,2026-10-01,3702,Paid
5265,806,2025-12-18,4329,Paid
5266,806,2026-01-01,4329,Paid
5267,806,2026-02-08,4329,Paid
5268,806,2026-03-01,4329,Overdue
5269,806,2026-04-01,4329,Failed
5270,806,2026-05-04,4329,Pending
5271,806,2026-06-01,4329,Paid
13390,807,2026-09-09,3645,Paid
13391,807,2026-10-01,3645,Overdue
13392,807,2026-11-01,3645,Paid
13393,807,2026-12-01,3645,Paid
14370,808,2026-10-05,2817,Paid
14371,808,2026-11-01,2817,Paid
14372,808,2026-12-01,2817,Paid
14773,809,2026-10-14,3705,Paid
14774,809,2026-11-01,3705,Paid
14775,809,2026-11-29,3705,Paid
7493,810,2026-03-16,4839,Pending
7494,810,2026-03-31,4839,Pending
7495,810,2026-05-01,4839,Paid
7496,810,2026-06-01,4839,Paid
2439,811,2025-06-16,3605,Paid
2440,811,2025-07-01,3605,Paid
2441,811,2025-08-01,3605,Paid
4169,812,2025-10-16,2985,Paid
4170,812,2025-11-01,2985,Paid
4171,812,2025-12-02,2985,Paid
8344,813,2026-04-14,3448,Paid
8345,813,2026-05-01,3448,Pending
8346,813,2026-06-01,3448,Overdue
8347,813,2026-07-01,3448,Paid
1614,814,2025-04-03,3593,Paid
1615,814,2025-05-01,3593,Pending
1616,814,2025-06-01,3593,Paid
1617,814,2025-07-01,3593,Paid
12763,815,2026-08-24,3683,Paid
12764,815,2026-09-01,3683,Pending
12765,815,2026-10-04,3683,Paid
12766,815,2026-11-01,3683,Paid
12767,815,2026-12-01,3683,Paid
7017,816,2026-03-01,4763,Paid
7018,816,2026-04-04,4763,Paid
7019,816,2026-05-04,4763,Overdue
7020,816,2026-05-30,4763,Paid
7754,817,2026-03-23,4746,Paid
7755,817,2026-04-01,4746,Paid
7756,817,2026-05-06,4746,Paid
7757,817,2026-06-08,4746,Paid
14942,818,2026-10-18,4661,Pending
14943,818,2026-10-30,4661,Paid
14944,818,2026-11-30,4661,Paid
15336,819,2026-10-25,2994,Paid
15337,819,2026-11-01,2994,Paid
15338,819,2026-11-29,2994,Paid
8937,820,2026-05-05,2978,Paid
8938,820,2026-06-02,2978,Paid
8939,820,2026-07-01,2978,Paid
8940,820,2026-08-01,2978,Paid
8941,820,2026-09-01,2978,Paid
8942,820,2026-09-30,2978,Paid
8943,820,2026-11-01,2978,Paid
9489,821,2026-05-21,3770,Paid
9490,821,2026-06-01,3770,Paid
9491,821,2026-07-01,3770,Paid
9492,821,2026-07-30,3770,Paid
9493,821,2026-09-03,3770,Paid
9494,821,2026-10-01,3770,Paid
9495,821,2026-11-03,3770,Paid
2745,822,2025-07-10,4766,Paid
2746,822,2025-08-01,4766,Paid
2747,822,2025-09-01,4766,Paid
2748,822,2025-10-01,4766,Paid
10171,823,2026-06-15,4859,Paid
10172,823,2026-06-30,4859,Paid
10173,823,2026-08-01,4859,Paid
10174,823,2026-09-06,4859,Paid
10175,823,2026-10-02,4859,Paid
10176,823,2026-11-06,4859,Paid
10177,823,2026-11-30,4859,Paid
11681,824,2026-07-29,2834,Paid
11682,824,2026-08-02,2834,Paid
12105,825,2026-08-08,2493,Paid
12106,825,2026-09-01,2493,Paid
12107,825,2026-10-01,2493,Paid
12108,825,2026-11-01,2493,Overdue
12109,825,2026-12-01,2493,Paid
11983,826,2026-08-05,2607,Overdue
11984,826,2026-09-02,2607,Paid
11985,826,2026-10-01,2607,Paid
11986,826,2026-11-01,2607,Paid
11987,826,2026-12-01,2607,Paid
16047,827,2026-12-14,2805,Paid
14562,828,2026-10-09,2780,Overdue
14563,828,2026-11-01,2780,Paid
14564,828,2026-11-30,2780,Paid
14853,829,2026-10-16,2974,Paid
14854,829,2026-11-02,2974,Paid
14855,829,2026-12-01,2974,Paid
1169,830,2025-02-21,3232,Paid
1170,830,2025-03-01,3232,Paid
3946,831,2025-10-01,3014,Paid
3947,831,2025-11-01,3014,Paid
3948,831,2025-12-02,3014,Paid
3949,831,2026-01-01,3014,Paid
3950,831,2026-02-03,3014,Overdue
3951,831,2026-03-01,3014,Paid
3952,831,2026-04-01,3014,Paid
3953,831,2026-05-01,3014,Paid
3954,831,2026-06-01,3014,Overdue
3955,831,2026-07-01,3014,Paid
3956,831,2026-08-01,3014,Paid
3957,831,2026-09-01,3014,Paid
3958,831,2026-10-01,3014,Paid
13156,832,2026-09-03,3107,Paid
13157,832,2026-10-01,3107,Paid
13158,832,2026-11-02,3107,Paid
13159,832,2026-12-08,3107,Paid
9892,833,2026-06-04,2982,Paid
9893,833,2026-06-30,2982,Paid
9894,833,2026-08-01,2982,Paid
9895,833,2026-09-01,2982,Paid
1999,834,2025-05-06,4446,Paid
2000,834,2025-05-31,4446,Paid
15350,835,2026-10-25,3616,Paid
15351,835,2026-11-02,3616,Paid
15352,835,2026-11-30,3616,Paid
3164,836,2025-08-10,3467,Paid
3165,836,2025-09-03,3467,Paid
3166,836,2025-10-01,3467,Paid
3167,836,2025-11-01,3467,Paid
3923,837,2025-09-30,3691,Paid
3924,837,2025-10-01,3691,Paid
3925,837,2025-11-01,3691,Paid
3926,837,2025-12-01,3691,Overdue
10515,838,2026-06-26,2787,Paid
10516,838,2026-07-04,2787,Paid
10517,838,2026-08-01,2787,Paid
10518,838,2026-09-01,2787,Paid
10519,838,2026-10-03,2787,Paid
10520,838,2026-11-04,2787,Paid
10521,838,2026-12-06,2787,Paid
12963,839,2026-08-29,3117,Paid
12964,839,2026-09-01,3117,Paid
12965,839,2026-10-01,3117,Failed
12966,839,2026-11-01,3117,Paid
203,840,2024-08-23,3015,Overdue
204,840,2024-09-01,3015,Paid
205,840,2024-10-01,3015,Paid
206,840,2024-11-01,3015,Paid
207,840,2024-11-30,3015,Paid
208,840,2025-01-03,3015,Paid
209,840,2025-02-02,3015,Paid
210,840,2025-03-01,3015,Paid
211,840,2025-04-01,3015,Pending
212,840,2025-05-02,3015,Paid
213,840,2025-06-01,3015,Paid
214,840,2025-07-02,3015,Paid
215,840,2025-08-08,3015,Paid
216,840,2025-09-01,3015,Paid
217,840,2025-10-01,3015,Overdue
218,840,2025-11-03,3015,Paid
219,840,2025-12-02,3015,Paid
220,840,2026-01-01,3015,Overdue
221,840,2026-02-01,3015,Pending
222,840,2026-03-01,3015,Overdue
223,840,2026-04-01,3015,Paid
224,840,2026-05-04,3015,Paid
225,840,2026-06-01,3015,Overdue
226,840,2026-07-06,3015,Paid
227,840,2026-08-01,3015,Paid
1585,841,2025-03-30,4753,Paid
1586,841,2025-04-01,4753,Paid
1587,841,2025-05-01,4753,Paid
1588,841,2025-06-04,4753,Pending
1589,841,2025-07-01,4753,Paid
1590,841,2025-08-01,4753,Overdue
1591,841,2025-09-01,4753,Paid
1040,842,2025-01-26,3806,Paid
1041,842,2025-02-01,3806,Paid
1042,842,2025-03-02,3806,Paid
1043,842,2025-04-02,3806,Paid
1044,842,2025-04-30,3806,Paid
1045,842,2025-06-01,3806,Paid
1046,842,2025-07-01,3806,Paid
1047,842,2025-08-01,3806,Paid
1048,842,2025-09-01,3806,Paid
1049,842,2025-10-01,3806,Paid
1050,842,2025-11-01,3806,Paid
1051,842,2025-12-02,3806,Failed
1052,842,2026-01-04,3806,Paid
4806,843,2025-11-21,3731,Paid
4807,843,2025-12-03,3731,Paid
15954,844,2026-11-28,2621,Paid
15955,844,2026-11-30,2621,Paid
10339,845,2026-06-21,2948,Paid
10340,845,2026-07-01,2948,Paid
10341,845,2026-08-01,2948,Paid
10342,845,2026-09-02,2948,Paid
3275,846,2025-08-20,2591,Paid
3276,846,2025-09-01,2591,Paid
3277,846,2025-10-01,2591,Paid
3278,846,2025-10-30,2591,Paid
3279,846,2025-12-02,2591,Paid
3280,846,2026-01-01,2591,Paid
3281,846,2026-02-02,2591,Paid
12758,847,2026-08-24,3177,Overdue
12759,847,2026-09-01,3177,Overdue
12760,847,2026-10-01,3177,Paid
12761,847,2026-11-01,3177,Overdue
12762,847,2026-12-01,3177,Pending
1469,848,2025-03-15,4069,Paid
1470,848,2025-04-01,4069,Paid
9607,849,2026-05-25,3692,Paid
9608,849,2026-06-06,3692,Paid
8646,850,2026-04-27,3558,Paid
8647,850,2026-05-01,3558,Paid
8648,850,2026-06-01,3558,Paid
8649,850,2026-07-01,3558,Paid
8650,850,2026-08-02,3558,Overdue
8651,850,2026-09-01,3558,Paid
8652,850,2026-10-01,3558,Paid
8653,850,2026-11-02,3558,Paid
8654,850,2026-12-01,3558,Paid
2738,851,2025-07-07,2300,Paid
2739,851,2025-07-31,2300,Paid
2740,851,2025-09-03,2300,Paid
9039,852,2026-05-07,4052,Paid
9040,852,2026-05-30,4052,Paid
9041,852,2026-07-01,4052,Pending
9042,852,2026-08-01,4052,Paid
9043,852,2026-09-01,4052,Paid
9044,852,2026-10-04,4052,Paid
9045,852,2026-11-01,4052,Paid
12137,853,2026-08-09,3440,Paid
12138,853,2026-09-01,3440,Paid
12139,853,2026-10-01,3440,Paid
12140,853,2026-11-01,3440,Paid
12141,853,2026-12-01,3440,Paid
7313,854,2026-03-11,3150,Pending
7314,854,2026-04-01,3150,Paid
7315,854,2026-05-01,3150,Overdue
7316,854,2026-06-01,3150,Paid
7317,854,2026-07-01,3150,Paid
7318,854,2026-08-01,3150,Paid
7319,854,2026-09-02,3150,Pending
7320,854,2026-10-01,3150,Paid
7321,854,2026-11-03,3150,Paid
7322,854,2026-12-03,3150,Paid
13671,855,2026-09-18,4628,Overdue
13672,855,2026-10-01,4628,Paid
6342,856,2026-01-31,3898,Paid
6343,856,2026-02-01,3898,Paid
13216,857,2026-09-05,4014,Paid
13217,857,2026-09-30,4014,Paid
13218,857,2026-11-01,4014,Paid
13219,857,2026-12-01,4014,Pending
15778,858,2026-11-06,2804,Paid
15779,858,2026-12-01,2804,Paid
12242,859,2026-08-12,2497,Paid
12243,859,2026-08-31,2497,Paid
12244,859,2026-10-03,2497,Overdue
12245,859,2026-11-01,2497,Paid
13291,860,2026-09-07,3441,Paid
13292,860,2026-10-01,3441,Paid
13293,860,2026-11-01,3441,Paid
9705,861,2026-05-30,3727,Paid
9706,861,2026-06-01,3727,Paid
9707,861,2026-07-01,3727,Paid
9708,861,2026-07-31,3727,Overdue
9709,861,2026-09-06,3727,Paid
9710,861,2026-10-02,3727,Paid
9711,861,2026-11-01,3727,Paid
3286,862,2025-08-20,2697,Overdue
3287,862,2025-09-01,2697,Paid
3288,862,2025-10-01,2697,Paid
3289,862,2025-11-01,2697,Overdue
3290,862,2025-12-06,2697,Paid
3291,862,2026-01-04,2697,Paid
3292,862,2026-02-01,2697,Paid
3293,862,2026-03-01,2697,Failed
3294,862,2026-04-01,2697,Paid
3295,862,2026-04-30,2697,Paid
3296,862,2026-05-30,2697,Failed
3297,862,2026-07-02,2697,Paid
3298,862,2026-08-01,2697,Paid
3299,862,2026-09-01,2697,Paid
3300,862,2026-10-01,2697,Paid
3301,862,2026-11-01,2697,Paid
3302,862,2026-11-29,2697,Paid
13472,863,2026-09-12,4788,Paid
13473,863,2026-10-01,4788,Paid
13474,863,2026-11-01,4788,Paid
13475,863,2026-12-01,4788,Overdue
8895,864,2026-05-04,4786,Paid
8896,864,2026-06-06,4786,Paid
8897,864,2026-07-06,4786,Paid
8898,864,2026-08-02,4786,Paid
8899,864,2026-09-01,4786,Pending
8900,864,2026-10-03,4786,Paid
8901,864,2026-11-01,4786,Paid
8902,864,2026-12-04,4786,Paid
8453,865,2026-04-17,2935,Paid
8454,865,2026-05-06,2935,Paid
14261,866,2026-10-01,3139,Pending
14262,866,2026-11-01,3139,Paid
10272,867,2026-06-19,3859,Paid
10273,867,2026-07-01,3859,Paid
10274,867,2026-08-04,3859,Paid
10275,867,2026-09-01,3859,Paid
10276,867,2026-10-01,3859,Paid
10277,867,2026-11-01,3859,Paid
10278,867,2026-12-01,3859,Paid
13462,868,2026-09-11,3652,Paid
13463,868,2026-10-02,3652,Paid
13464,868,2026-11-06,3652,Paid
13465,868,2026-12-01,3652,Paid
12872,869,2026-08-28,3363,Paid
12873,869,2026-09-01,3363,Overdue
12874,869,2026-10-01,3363,Paid
12481,870,2026-08-17,4133,Pending
12482,870,2026-09-04,4133,Paid
12483,870,2026-09-29,4133,Paid
11161,871,2026-07-15,4764,Paid
11162,871,2026-08-01,4764,Paid
11163,871,2026-09-01,4764,Paid
11164,871,2026-09-30,4764,Paid
11165,871,2026-11-02,4764,Paid
11166,871,2026-12-01,4764,Paid
13197,872,2026-09-05,4745,Failed
13198,872,2026-10-01,4745,Paid
13310,873,2026-09-08,3713,Overdue
13311,873,2026-10-02,3713,Paid
13312,873,2026-11-06,3713,Paid
13313,873,2026-12-01,3713,Paid
14509,874,2026-10-07,4115,Paid
14510,874,2026-11-01,4115,Paid
14511,874,2026-11-30,4115,Paid
12411,875,2026-08-15,2591,Failed
12412,875,2026-09-02,2591,Paid
12413,875,2026-10-01,2591,Paid
12414,875,2026-11-01,2591,Paid
12415,875,2026-12-01,2591,Paid
14072,876,2026-09-26,2134,Paid
14073,876,2026-10-01,2134,Paid
14074,876,2026-11-01,2134,Paid
14075,876,2026-12-01,2134,Paid
12378,877,2026-08-14,3253,Paid
12379,877,2026-09-01,3253,Paid
12380,877,2026-10-03,3253,Paid
12381,877,2026-11-01,3253,Paid
3891,878,2025-09-28,3585,Paid
3892,878,2025-10-03,3585,Failed
3893,878,2025-11-03,3585,Paid
3894,878,2025-12-04,3585,Paid
3895,878,2025-12-30,3585,Paid
3896,878,2026-01-31,3585,Paid
3897,878,2026-03-01,3585,Paid
3340,879,2025-08-23,3712,Paid
3341,879,2025-09-01,3712,Overdue
3342,879,2025-10-01,3712,Paid
3343,879,2025-11-01,3712,Paid
3344,879,2025-12-01,3712,Paid
3345,879,2026-01-01,3712,Paid
3346,879,2026-02-02,3712,Paid
4868,880,2025-11-23,2888,Paid
4869,880,2025-12-01,2888,Paid
4870,880,2026-01-01,2888,Paid
4871,880,2026-02-01,2888,Failed
4872,880,2026-03-01,2888,Paid
4873,880,2026-04-01,2888,Paid
4874,880,2026-05-03,2888,Paid
15161,881,2026-10-22,2743,Paid
15162,881,2026-11-01,2743,Paid
15163,881,2026-12-04,2743,Paid
9287,882,2026-05-15,4484,Paid
9288,882,2026-06-01,4484,Overdue
9289,882,2026-07-02,4484,Pending
10165,883,2026-06-14,2703,Paid
10166,883,2026-07-01,2703,Pending
11159,884,2026-07-15,3224,Paid
11160,884,2026-08-01,3224,Overdue
13664,885,2026-09-17,3272,Paid
13665,885,2026-10-01,3272,Pending
13666,885,2026-11-01,3272,Paid
13273,886,2026-09-06,3436,Paid
13274,886,2026-10-01,3436,Paid
13275,886,2026-11-04,3436,Paid
13276,886,2026-12-03,3436,Pending
5728,887,2026-01-07,2863,Paid
5729,887,2026-02-01,2863,Pending
5730,887,2026-03-02,2863,Pending
5731,887,2026-04-01,2863,Paid
5732,887,2026-05-01,2863,Paid
5733,887,2026-06-01,2863,Paid
5734,887,2026-07-04,2863,Pending
5735,887,2026-08-01,2863,Paid
5736,887,2026-09-01,2863,Paid
5737,887,2026-10-01,2863,Overdue
5738,887,2026-11-06,2863,Paid
5739,887,2026-12-03,2863,Paid
4551,888,2025-11-07,3559,Paid
4552,888,2025-12-01,3559,Paid
4553,888,2026-01-01,3559,Paid
4554,888,2026-02-01,3559,Pending
4555,888,2026-03-01,3559,Paid
4556,888,2026-04-01,3559,Paid
4557,888,2026-05-01,3559,Paid
2909,889,2025-07-24,2578,Paid
2910,889,2025-08-01,2578,Overdue
2911,889,2025-09-06,2578,Paid
2912,889,2025-10-01,2578,Paid
2913,889,2025-11-01,2578,Paid
2914,889,2025-12-02,2578,Paid
2915,889,2025-12-31,2578,Paid
2916,889,2026-02-01,2578,Paid
2917,889,2026-03-01,2578,Paid
2918,889,2026-04-01,2578,Paid
2919,889,2026-05-06,2578,Paid
2920,889,2026-06-01,2578,Paid
2921,889,2026-07-08,2578,Paid
10069,890,2026-06-10,3798,Paid
10070,890,2026-07-01,3798,Overdue
10071,890,2026-08-01,3798,Overdue
10072,890,2026-09-01,3798,Paid
14250,891,2026-09-30,4801,Pending
14251,891,2026-10-01,4801,Overdue
14252,891,2026-10-31,4801,Paid
14253,891,2026-12-02,4801,Paid
9336,892,2026-05-17,2973,Paid
9337,892,2026-06-01,2973,Paid
9338,892,2026-07-01,2973,Paid
9339,892,2026-08-01,2973,Paid
9967,893,2026-06-07,3511,Paid
9968,893,2026-07-01,3511,Paid
9969,893,2026-08-01,3511,Paid
9712,894,2026-05-30,2703,Paid
9713,894,2026-06-01,2703,Paid
15639,895,2026-10-30,4184,Paid
15640,895,2026-11-01,4184,Paid
15641,895,2026-12-01,4184,Paid
14739,896,2026-10-13,3216,Pending
14740,896,2026-11-02,3216,Paid
14741,896,2026-12-02,3216,Paid
9467,897,2026-05-20,2775,Overdue
9468,897,2026-06-08,2775,Paid
1110,898,2025-02-13,3316,Paid
1111,898,2025-02-28,3316,Paid
16005,899,2026-12-06,2709,Paid
2934,900,2025-07-25,2798,Paid
2935,900,2025-08-01,2798,Paid
2936,900,2025-09-01,2798,Paid
1663,901,2025-04-10,2928,Paid
1664,901,2025-05-01,2928,Paid
1665,901,2025-06-01,2928,Overdue
1666,901,2025-07-01,2928,Pending
1667,901,2025-08-01,2928,Paid
1668,901,2025-09-06,2928,Paid
1669,901,2025-09-29,2928,Paid
1670,901,2025-11-01,2928,Paid
1671,901,2025-12-04,2928,Paid
1672,901,2026-01-01,2928,Paid
1673,901,2026-02-01,2928,Paid
1674,901,2026-03-01,2928,Paid
1675,901,2026-04-01,2928,Paid
7985,902,2026-04-01,4301,Failed
7986,902,2026-05-01,4301,Paid
7987,902,2026-06-01,4301,Paid
7988,902,2026-07-01,4301,Paid
7989,902,2026-08-01,4301,Paid
7990,902,2026-09-01,4301,Paid
7991,902,2026-10-01,4301,Pending
12811,903,2026-08-26,4603,Paid
12812,903,2026-09-01,4603,Paid
12813,903,2026-10-01,4603,Paid
12814,903,2026-11-03,4603,Paid
12815,903,2026-12-04,4603,Overdue
4479,904,2025-11-01,2057,Paid
4480,904,2025-12-01,2057,Paid
4481,904,2026-01-03,2057,Paid
4482,904,2026-02-03,2057,Paid
15289,905,2026-10-24,3158,Paid
15290,905,2026-11-01,3158,Paid
15291,905,2026-12-01,3158,Paid
15728,906,2026-10-31,3493,Paid
15729,906,2026-11-03,3493,Paid
15730,906,2026-12-01,3493,Paid
4858,907,2025-11-23,4021,Paid
4859,907,2025-12-01,4021,Paid
4860,907,2026-01-01,4021,Paid
4861,907,2026-02-01,4021,Paid
4862,907,2026-03-01,4021,Paid
4863,907,2026-03-31,4021,Paid
4864,907,2026-04-30,4021,Paid
5653,908,2026-01-03,3080,Paid
5654,908,2026-02-02,3080,Paid
5655,908,2026-03-01,3080,Pending
5656,908,2026-04-02,3080,Paid
15725,909,2026-10-31,3398,Paid
15726,909,2026-11-02,3398,Paid
15727,909,2026-12-01,3398,Paid
7400,910,2026-03-13,3606,Paid
7401,910,2026-04-01,3606,Failed
7402,910,2026-05-01,3606,Paid
7403,910,2026-06-01,3606,Paid
6664,911,2026-02-14,2620,Paid
6665,911,2026-03-01,2620,Failed
6666,911,2026-04-03,2620,Overdue
6667,911,2026-05-01,2620,Paid
6668,911,2026-06-01,2620,Paid
6669,911,2026-07-02,2620,Paid
6670,911,2026-08-01,2620,Paid
10073,912,2026-06-10,3067,Paid
10074,912,2026-07-01,3067,Paid
10075,912,2026-08-01,3067,Paid
10076,912,2026-09-01,3067,Paid
10077,912,2026-10-01,3067,Paid
10078,912,2026-11-03,3067,Paid
10079,912,2026-12-02,3067,Paid
15758,913,2026-11-03,2965,Paid
15759,913,2026-12-01,2965,Paid
12484,914,2026-08-17,3409,Paid
12485,914,2026-08-30,3409,Paid
12486,914,2026-10-01,3409,Paid
12487,914,2026-11-04,3409,Paid
12488,914,2026-12-01,3409,Paid
7840,915,2026-03-26,2992,Paid
7841,915,2026-04-01,2992,Pending
3410,916,2025-08-28,2998,Paid
3411,916,2025-09-01,2998,Paid
3412,916,2025-10-02,2998,Paid
3413,916,2025-11-01,2998,Paid
3414,916,2025-12-01,2998,Paid
3415,916,2026-01-01,2998,Paid
3416,916,2026-02-02,2998,Paid
15958,917,2026-12-01,3341,Paid
1763,918,2025-04-13,2604,Paid
1764,918,2025-05-02,2604,Paid
1765,918,2025-06-01,2604,Pending
1766,918,2025-07-03,2604,Paid
1767,918,2025-07-31,2604,Paid
1768,918,2025-09-02,2604,Overdue
1769,918,2025-10-01,2604,Paid
1770,918,2025-11-03,2604,Paid
1771,918,2025-12-01,2604,Overdue
1772,918,2025-12-31,2604,Paid
1773,918,2026-01-31,2604,Paid
1774,918,2026-03-02,2604,Paid
1775,918,2026-04-08,2604,Paid
1776,918,2026-05-01,2604,Paid
1777,918,2026-06-01,2604,Paid
1778,918,2026-06-30,2604,Paid
1779,918,2026-08-01,2604,Paid
1780,918,2026-09-01,2604,Paid
1781,918,2026-09-29,2604,Paid
14200,919,2026-09-29,4447,Paid
14201,919,2026-09-30,4447,Pending
14202,919,2026-11-01,4447,Paid
14203,919,2026-12-01,4447,Paid
12661,920,2026-08-22,2293,Paid
12662,920,2026-09-03,2293,Pending
5992,921,2026-01-18,3671,Paid
5993,921,2026-01-31,3671,Paid
5994,921,2026-03-01,3671,Paid
5995,921,2026-04-01,3671,Pending
5996,921,2026-05-02,3671,Failed
5997,921,2026-06-01,3671,Pending
5998,921,2026-07-02,3671,Paid
5999,921,2026-08-02,3671,Paid
6000,921,2026-09-02,3671,Paid
6001,921,2026-10-01,3671,Paid
6002,921,2026-11-01,3671,Paid
6003,921,2026-11-30,3671,Paid
14966,922,2026-10-18,2171,Pending
14967,922,2026-11-01,2171,Paid
11790,923,2026-07-31,3030,Paid
11791,923,2026-08-01,3030,Paid
11792,923,2026-09-01,3030,Paid
11793,923,2026-10-01,3030,Paid
14432,924,2026-10-06,4643,Paid
14433,924,2026-11-01,4643,Paid
14434,924,2026-12-03,4643,Paid
8035,925,2026-04-03,2565,Paid
8036,925,2026-05-01,2565,Paid
12237,926,2026-08-12,3640,Paid
12238,926,2026-09-01,3640,Pending
12239,926,2026-10-01,3640,Paid
12240,926,2026-11-04,3640,Paid
12241,926,2026-12-03,3640,Pending
10256,927,2026-06-18,3645,Paid
10257,927,2026-07-06,3645,Paid
7752,928,2026-03-23,2488,Paid
7753,928,2026-04-01,2488,Paid
4768,929,2025-11-18,2657,Pending
4769,929,2025-11-29,2657,Paid
4770,929,2026-01-04,2657,Paid
4771,929,2026-02-01,2657,Paid
4772,929,2026-03-04,2657,Paid
4773,929,2026-03-30,2657,Paid
4774,929,2026-05-01,2657,Paid
11726,930,2026-07-30,2969,Paid
11727,930,2026-08-01,2969,Paid
11728,930,2026-08-31,2969,Paid
11729,930,2026-10-06,2969,Paid
11730,930,2026-11-01,2969,Paid
11731,930,2026-12-01,2969,Paid
4145,931,2025-10-14,2545,Paid
4146,931,2025-11-01,2545,Paid
4147,931,2025-12-01,2545,Paid
4148,931,2026-01-08,2545,Paid
4149,931,2026-02-01,2545,Paid
4150,931,2026-02-28,2545,Paid
4151,931,2026-04-01,2545,Paid
4152,931,2026-05-01,2545,Pending
4153,931,2026-05-31,2545,Paid
4154,931,2026-07-01,2545,Paid
4155,931,2026-07-31,2545,Overdue
4156,931,2026-09-01,2545,Overdue
4157,931,2026-10-01,2545,Failed
4158,931,2026-11-01,2545,Overdue
4159,931,2026-11-29,2545,Paid
1501,932,2025-03-22,3355,Paid
1502,932,2025-04-06,3355,Failed
1503,932,2025-05-01,3355,Failed
1504,932,2025-06-01,3355,Paid
1505,932,2025-07-01,3355,Paid
1506,932,2025-07-31,3355,Paid
1507,932,2025-09-08,3355,Paid
2040,933,2025-05-09,2943,Paid
2041,933,2025-06-01,2943,Paid
2042,933,2025-06-30,2943,Paid
2043,933,2025-08-01,2943,Paid
2044,933,2025-09-01,2943,Paid
2045,933,2025-10-01,2943,Overdue
2046,933,2025-11-02,2943,Failed
8150,934,2026-04-07,3247,Paid
8151,934,2026-05-01,3247,Paid
8152,934,2026-06-01,3247,Pending
8153,934,2026-07-02,3247,Paid
650,935,2024-12-01,4256,Paid
651,935,2025-01-01,4256,Paid
14881,936,2026-10-16,4884,Paid
14882,936,2026-11-01,4884,Paid
4089,937,2025-10-10,2329,Paid
4090,937,2025-11-03,2329,Paid
4091,937,2025-12-03,2329,Paid
4092,937,2026-01-08,2329,Paid
4093,937,2026-01-30,2329,Failed
4094,937,2026-03-01,2329,Paid
4095,937,2026-04-01,2329,Paid
1397,938,2025-03-10,2511,Paid
1398,938,2025-04-01,2511,Paid
1399,938,2025-05-01,2511,Paid
1400,938,2025-06-01,2511,Paid
1401,938,2025-07-01,2511,Paid
1402,938,2025-08-01,2511,Paid
1403,938,2025-09-02,2511,Paid
13338,939,2026-09-08,4049,Paid
13339,939,2026-10-01,4049,Paid
13340,939,2026-11-01,4049,Paid
13341,939,2026-12-01,4049,Paid
11285,940,2026-07-18,4294,Pending
11286,940,2026-08-01,4294,Paid
11287,940,2026-09-04,4294,Pending
11288,940,2026-10-08,4294,Paid
11289,940,2026-11-01,4294,Paid
11290,940,2026-12-01,4294,Failed
935,941,2025-01-11,2578,Paid
936,941,2025-02-03,2578,Paid
937,941,2025-03-01,2578,Paid
938,941,2025-04-01,2578,Pending
939,941,2025-05-02,2578,Paid
940,941,2025-05-30,2578,Paid
941,941,2025-07-01,2578,Paid
14346,942,2026-10-04,2668,Paid
14347,942,2026-10-31,2668,Paid
8039,943,2026-04-03,4009,Paid
8040,943,2026-05-01,4009,Pending
8041,943,2026-06-01,4009,Paid
11269,944,2026-07-18,3482,Paid
11270,944,2026-08-02,3482,Paid
11271,944,2026-09-01,3482,Paid
11272,944,2026-10-06,3482,Pending
11273,944,2026-11-03,3482,Paid
11274,944,2026-12-01,3482,Paid
12115,945,2026-08-08,2679,Paid
12116,945,2026-09-06,2679,Paid
12117,945,2026-10-08,2679,Paid
12118,945,2026-11-01,2679,Paid
12119,945,2026-12-01,2679,Paid
13345,946,2026-09-08,2259,Paid
13346,946,2026-10-01,2259,Paid
13347,946,2026-11-01,2259,Paid
13348,946,2026-12-06,2259,Paid
16148,947,2026-12-30,4528,Overdue
11758,948,2026-07-30,3796,Paid
11759,948,2026-08-01,3796,Pending
11760,948,2026-08-31,3796,Paid
11761,948,2026-10-01,3796,Paid
11762,948,2026-11-01,3796,Overdue
11763,948,2026-12-01,3796,Pending
2968,949,2025-07-31,3119,Paid
2969,949,2025-08-01,3119,Overdue
2970,949,2025-09-03,3119,Paid
12776,950,2026-08-25,3354,Paid
12777,950,2026-09-04,3354,Paid
7025,951,2026-03-02,2859,Paid
7026,951,2026-04-03,2859,Paid
7027,951,2026-04-30,2859,Failed
7028,951,2026-05-30,2859,Overdue
7029,951,2026-07-01,2859,Paid
7030,951,2026-08-01,2859,Failed
7031,951,2026-09-06,2859,Paid
7032,951,2026-10-01,2859,Paid
7033,951,2026-11-01,2859,Paid
7034,951,2026-12-01,2859,Overdue
2767,952,2025-07-13,3316,Paid
2768,952,2025-08-01,3316,Paid
2769,952,2025-09-01,3316,Pending
13115,953,2026-09-02,2356,Overdue
13116,953,2026-10-01,2356,Paid
13117,953,2026-11-01,2356,Paid
13118,953,2026-12-01,2356,Paid
13435,954,2026-09-10,2956,Paid
13436,954,2026-10-02,2956,Paid
15238,955,2026-10-24,2938,Paid
15239,955,2026-11-01,2938,Paid
15240,955,2026-12-01,2938,Paid
348,956,2024-09-20,4854,Paid
349,956,2024-10-01,4854,Paid
350,956,2024-10-30,4854,Paid
351,956,2024-12-01,4854,Paid
352,956,2025-01-01,4854,Overdue
353,956,2025-02-01,4854,Paid
354,956,2025-03-02,4854,Paid
355,956,2025-04-01,4854,Paid
356,956,2025-05-01,4854,Paid
357,956,2025-06-01,4854,Paid
358,956,2025-07-01,4854,Paid
359,956,2025-08-01,4854,Paid
360,956,2025-09-01,4854,Failed
361,956,2025-10-01,4854,Paid
362,956,2025-11-01,4854,Paid
363,956,2025-12-01,4854,Paid
364,956,2026-01-01,4854,Paid
365,956,2026-02-01,4854,Overdue
366,956,2026-03-01,4854,Paid
15192,957,2026-10-23,3438,Paid
15193,957,2026-11-03,3438,Pending
15194,957,2026-12-04,3438,Paid
7059,958,2026-03-03,4759,Paid
7060,958,2026-04-02,4759,Paid
7061,958,2026-05-01,4759,Failed
7062,958,2026-06-01,4759,Paid
7063,958,2026-07-01,4759,Paid
7064,958,2026-08-04,4759,Paid
7065,958,2026-09-01,4759,Pending
13765,959,2026-09-20,2821,Paid
13766,959,2026-10-01,2821,Paid
13767,959,2026-10-31,2821,Paid
5313,960,2025-12-20,2498,Paid
5314,960,2026-01-01,2498,Pending
5315,960,2026-02-01,2498,Paid
5316,960,2026-03-01,2498,Paid
5317,960,2026-04-06,2498,Paid
5318,960,2026-05-01,2498,Pending
5319,960,2026-06-01,2498,Paid
5977,961,2026-01-17,4273,Paid
5978,961,2026-02-01,4273,Paid
5979,961,2026-03-01,4273,Paid
5980,961,2026-04-01,4273,Paid
16023,962,2026-12-08,4665,Paid
15804,963,2026-11-06,4169,Overdue
15805,963,2026-12-01,4169,Paid
10842,964,2026-07-06,4253,Paid
10843,964,2026-08-01,4253,Paid
11064,965,2026-07-11,3605,Paid
11065,965,2026-08-03,3605,Paid
11066,965,2026-09-03,3605,Paid
11067,965,2026-10-01,3605,Paid
11068,965,2026-11-01,3605,Paid
11069,965,2026-12-01,3605,Paid
4118,966,2025-10-11,3230,Paid
4119,966,2025-11-01,3230,Paid
4120,966,2025-12-01,3230,Paid
4121,966,2025-12-31,3230,Paid
11924,967,2026-08-02,3507,Paid
11925,967,2026-09-01,3507,Paid
11926,967,2026-10-08,3507,Overdue
15152,968,2026-10-22,3832,Paid
15153,968,2026-11-01,3832,Paid
15154,968,2026-12-01,3832,Failed
7912,969,2026-03-29,3159,Paid
7913,969,2026-04-02,3159,Paid
7914,969,2026-05-03,3159,Paid
371,970,2024-09-25,2476,Paid
372,970,2024-10-01,2476,Paid
373,970,2024-11-04,2476,Paid
374,970,2024-12-01,2476,Paid
375,970,2025-01-02,2476,Paid
376,970,2025-02-01,2476,Paid
377,970,2025-03-01,2476,Paid
378,970,2025-04-01,2476,Paid
379,970,2025-05-01,2476,Paid
380,970,2025-06-01,2476,Paid
381,970,2025-07-01,2476,Paid
382,970,2025-08-01,2476,Paid
383,970,2025-08-31,2476,Failed
3857,971,2025-09-26,2869,Paid
3858,971,2025-10-01,2869,Paid
3859,971,2025-11-01,2869,Paid
3860,971,2025-12-03,2869,Paid
3861,971,2026-01-01,2869,Paid
3862,971,2026-02-01,2869,Pending
3863,971,2026-03-01,2869,Paid
3864,971,2026-04-01,2869,Paid
3865,971,2026-05-08,2869,Paid
3866,971,2026-06-01,2869,Paid
3867,971,2026-07-01,2869,Paid
3868,971,2026-08-02,2869,Paid
3869,971,2026-09-01,2869,Overdue
3870,971,2026-10-01,2869,Paid
3871,971,2026-11-01,2869,Paid
3872,971,2026-12-01,2869,Paid
16102,972,2026-12-25,4046,Paid
4037,973,2025-10-08,2534,Paid
4038,973,2025-11-01,2534,Pending
4039,973,2025-11-30,2534,Paid
4040,973,2026-01-03,2534,Paid
4041,973,2026-02-01,2534,Paid
4042,973,2026-03-03,2534,Paid
4043,973,2026-04-01,2534,Paid
4044,973,2026-05-04,2534,Paid
4045,973,2026-06-01,2534,Paid
4046,973,2026-07-04,2534,Pending
4047,973,2026-08-08,2534,Paid
4048,973,2026-09-01,2534,Paid
4049,973,2026-10-02,2534,Paid
5941,974,2026-01-16,4329,Paid
5942,974,2026-02-01,4329,Paid
5943,974,2026-02-28,4329,Overdue
5944,974,2026-04-01,4329,Pending
5945,974,2026-05-01,4329,Paid
5946,974,2026-06-01,4329,Paid
5947,974,2026-07-06,4329,Paid
13247,975,2026-09-06,2596,Paid
13248,975,2026-10-01,2596,Failed
1323,976,2025-03-06,2729,Paid
1324,976,2025-04-01,2729,Overdue
1325,976,2025-05-01,2729,Paid
1326,976,2025-06-01,2729,Paid
1327,976,2025-07-01,2729,Paid
1328,976,2025-08-01,2729,Paid
1329,976,2025-09-08,2729,Pending
16082,977,2026-12-21,2526,Paid
9680,978,2026-05-29,2870,Paid
9681,978,2026-06-02,2870,Paid
9682,978,2026-07-01,2870,Paid
9683,978,2026-08-01,2870,Paid
9684,978,2026-09-01,2870,Paid
9685,978,2026-10-01,2870,Paid
9686,978,2026-11-01,2870,Paid
12313,979,2026-08-13,4323,Paid
12314,979,2026-09-01,4323,Pending
12315,979,2026-10-01,4323,Paid
12316,979,2026-11-01,4323,Paid
12317,979,2026-12-01,4323,Paid
10670,980,2026-06-30,4668,Paid
10671,980,2026-07-01,4668,Failed
10672,980,2026-08-01,4668,Overdue
10673,980,2026-09-01,4668,Paid
9328,981,2026-05-17,2554,Paid
9329,981,2026-06-03,2554,Failed
9330,981,2026-07-01,2554,Paid
9331,981,2026-08-01,2554,Paid
9332,981,2026-09-01,2554,Paid
9333,981,2026-10-08,2554,Paid
9334,981,2026-11-01,2554,Paid
9335,981,2026-12-01,2554,Paid
8731,982,2026-04-29,2723,Paid
8732,982,2026-05-01,2723,Pending
8733,982,2026-06-01,2723,Paid
8734,982,2026-07-01,2723,Paid
8735,982,2026-08-02,2723,Paid
8736,982,2026-09-01,2723,Paid
8737,982,2026-09-30,2723,Paid
8738,982,2026-11-01,2723,Paid
8739,982,2026-12-01,2723,Failed
3327,983,2025-08-21,2814,Paid
3328,983,2025-09-01,2814,Failed
3329,983,2025-09-29,2814,Paid
3330,983,2025-11-02,2814,Paid
14381,984,2026-10-05,4651,Paid
14382,984,2026-11-01,4651,Failed
14383,984,2026-12-01,4651,Paid
13511,985,2026-09-13,2531,Paid
13512,985,2026-09-30,2531,Paid
13513,985,2026-10-31,2531,Paid
6363,986,2026-02-01,2392,Paid
6364,986,2026-03-01,2392,Pending
6365,986,2026-04-01,2392,Paid
6366,986,2026-05-01,2392,Paid
6367,986,2026-06-01,2392,Paid
6368,986,2026-07-03,2392,Pending
6369,986,2026-08-01,2392,Paid
6370,986,2026-09-01,2392,Paid
6371,986,2026-09-29,2392,Failed
6372,986,2026-11-01,2392,Paid
6373,986,2026-12-03,2392,Paid
15950,987,2026-11-27,3718,Paid
15951,987,2026-12-01,3718,Pending
11358,988,2026-07-20,4481,Paid
11359,988,2026-08-04,4481,Paid
14911,989,2026-10-17,3352,Paid
14912,989,2026-11-01,3352,Pending
14913,989,2026-11-29,3352,Paid
5082,990,2025-12-03,3743,Paid
5083,990,2026-01-01,3743,Overdue
5084,990,2026-02-02,3743,Paid
5085,990,2026-03-03,3743,Paid
5086,990,2026-04-02,3743,Pending
5087,990,2026-05-01,3743,Paid
5088,990,2026-06-01,3743,Paid
6852,991,2026-02-23,3951,Paid
6853,991,2026-03-01,3951,Paid
15201,992,2026-10-23,3429,Overdue
15202,992,2026-11-01,3429,Paid
15595,993,2026-10-29,2715,Paid
15596,993,2026-11-01,2715,Paid
15597,993,2026-12-01,2715,Paid
13492,994,2026-09-12,3056,Paid
13493,994,2026-10-01,3056,Paid
13494,994,2026-11-04,3056,Paid
13495,994,2026-11-29,3056,Paid
15179,995,2026-10-22,2865,Paid
15180,995,2026-11-01,2865,Paid
15181,995,2026-12-01,2865,Paid
16021,996,2026-12-08,4982,Paid
11838,997,2026-07-31,2898,Overdue
11839,997,2026-08-01,2898,Paid
6444,998,2026-02-04,2330,Failed
6445,998,2026-03-01,2330,Pending
6446,998,2026-03-30,2330,Paid
6447,998,2026-05-01,2330,Paid
6448,998,2026-06-01,2330,Paid
6449,998,2026-06-30,2330,Paid
6450,998,2026-08-01,2330,Paid
15994,999,2026-12-05,4188,Paid
5924,1000,2026-01-14,2310,Paid
5925,1000,2026-02-04,2310,Paid
5926,1000,2026-03-01,2310,Paid
15991,1001,2026-12-03,3317,Paid
10265,1002,2026-06-18,2718,Paid
10266,1002,2026-07-01,2718,Pending
10267,1002,2026-08-04,2718,Paid
10268,1002,2026-09-08,2718,Paid
10269,1002,2026-10-01,2718,Paid
10270,1002,2026-11-01,2718,Paid
10271,1002,2026-12-01,2718,Pending
15169,1003,2026-10-22,4645,Paid
15170,1003,2026-11-01,4645,Paid
10657,1004,2026-06-29,3210,Paid
10658,1004,2026-07-01,3210,Paid
4560,1005,2025-11-08,3758,Paid
4561,1005,2025-12-06,3758,Paid
5680,1006,2026-01-06,2847,Paid
5681,1006,2026-02-01,2847,Paid
5682,1006,2026-03-01,2847,Paid
5683,1006,2026-04-01,2847,Pending
5684,1006,2026-05-01,2847,Paid
5685,1006,2026-06-02,2847,Paid
5686,1006,2026-06-30,2847,Overdue
5687,1006,2026-07-31,2847,Paid
5688,1006,2026-09-02,2847,Overdue
5689,1006,2026-09-30,2847,Paid
5690,1006,2026-11-01,2847,Paid
5691,1006,2026-12-01,2847,Paid
11139,1007,2026-07-14,4157,Overdue
11140,1007,2026-08-01,4157,Paid
11141,1007,2026-09-03,4157,Paid
11142,1007,2026-10-01,4157,Paid
11143,1007,2026-11-03,4157,Paid
11144,1007,2026-11-30,4157,Paid
15988,1008,2026-12-03,2911,Paid
4239,1009,2025-10-23,3747,Paid
4240,1009,2025-11-01,3747,Paid
4241,1009,2025-11-29,3747,Pending
4242,1009,2025-12-31,3747,Overdue
4243,1009,2026-02-03,3747,Paid
4244,1009,2026-03-01,3747,Paid
4245,1009,2026-04-01,3747,Paid
13673,1010,2026-09-18,2152,Paid
13674,1010,2026-10-01,2152,Paid
13675,1010,2026-11-01,2152,Paid
13676,1010,2026-12-01,2152,Paid
16062,1011,2026-12-16,2391,Paid
14362,1012,2026-10-04,3830,Paid
14363,1012,2026-11-01,3830,Paid
14364,1012,2026-12-01,3830,Overdue
437,1013,2024-10-17,3454,Paid
438,1013,2024-11-01,3454,Paid
1853,1014,2025-04-24,4169,Failed
1854,1014,2025-05-08,4169,Paid
1855,1014,2025-06-02,4169,Paid
1856,1014,2025-07-01,4169,Paid
1857,1014,2025-08-01,4169,Paid
1858,1014,2025-09-01,4169,Paid
1859,1014,2025-10-04,4169,Paid
14565,1015,2026-10-09,2853,Paid
14566,1015,2026-11-01,2853,Paid
14567,1015,2026-12-02,2853,Paid
14462,1016,2026-10-07,3229,Paid
14463,1016,2026-11-02,3229,Overdue
14464,1016,2026-12-02,3229,Paid
837,1017,2025-01-02,4751,Pending
838,1017,2025-02-01,4751,Paid
839,1017,2025-03-01,4751,Paid
840,1017,2025-04-03,4751,Overdue
1638,1018,2025-04-07,2693,Paid
1639,1018,2025-05-01,2693,Paid
1640,1018,2025-06-01,2693,Paid
12032,1019,2026-08-07,3029,Paid
12033,1019,2026-09-01,3029,Paid
12034,1019,2026-10-01,3029,Overdue
12035,1019,2026-11-01,3029,Paid
12036,1019,2026-12-08,3029,Paid
14465,1020,2026-10-07,2844,Pending
14466,1020,2026-11-01,2844,Paid
14467,1020,2026-12-04,2844,Paid
8929,1021,2026-05-05,2638,Paid
8930,1021,2026-06-01,2638,Paid
8931,1021,2026-07-03,2638,Paid
8932,1021,2026-08-01,2638,Paid
8933,1021,2026-08-31,2638,Paid
8934,1021,2026-10-01,2638,Paid
8935,1021,2026-11-01,2638,Paid
8936,1021,2026-12-01,2638,Paid
3718,1022,2025-09-21,4797,Paid
3719,1022,2025-10-01,4797,Paid
3720,1022,2025-11-01,4797,Paid
3721,1022,2025-11-30,4797,Paid
5929,1023,2026-01-15,2977,Paid
5930,1023,2026-02-01,2977,Paid
5931,1023,2026-03-01,2977,Pending
5932,1023,2026-04-01,2977,Paid
5933,1023,2026-05-01,2977,Paid
5934,1023,2026-05-31,2977,Pending
5935,1023,2026-07-01,2977,Paid
5936,1023,2026-08-01,2977,Pending
5937,1023,2026-09-01,2977,Pending
5938,1023,2026-10-01,2977,Overdue
5939,1023,2026-11-01,2977,Paid
5940,1023,2026-12-01,2977,Paid
15983,1024,2026-12-03,2979,Paid
15784,1025,2026-11-06,2587,Paid
15785,1025,2026-12-03,2587,Paid
13443,1026,2026-09-11,4197,Paid
13444,1026,2026-10-01,4197,Paid
13445,1026,2026-11-01,4197,Paid
13446,1026,2026-12-01,4197,Paid
9729,1027,2026-05-30,2694,Paid
9730,1027,2026-06-01,2694,Paid
9731,1027,2026-06-29,2694,Paid
9732,1027,2026-08-04,2694,Paid
9733,1027,2026-09-01,2694,Paid
9734,1027,2026-10-02,2694,Paid
9735,1027,2026-11-03,2694,Paid
14076,1028,2026-09-26,2539,Paid
14077,1028,2026-10-01,2539,Paid
14078,1028,2026-11-01,2539,Paid
14079,1028,2026-12-04,2539,Paid
13757,1029,2026-09-20,2829,Paid
13758,1029,2026-10-06,2829,Paid
13759,1029,2026-10-31,2829,Paid
13760,1029,2026-12-06,2829,Paid
8355,1030,2026-04-15,3669,Paid
8356,1030,2026-05-01,3669,Paid
8357,1030,2026-06-01,3669,Paid
8358,1030,2026-07-04,3669,Paid
8359,1030,2026-08-01,3669,Paid
8360,1030,2026-09-03,3669,Paid
8361,1030,2026-10-01,3669,Failed
8362,1030,2026-11-01,3669,Paid
8363,1030,2026-12-01,3669,Paid
1298,1031,2025-03-04,4348,Paid
1299,1031,2025-04-01,4348,Paid
16136,1032,2026-12-29,3733,Paid
2127,1033,2025-05-21,3966,Pending
2128,1033,2025-06-06,3966,Paid
2129,1033,2025-07-01,3966,Pending
2130,1033,2025-08-04,3966,Paid
2131,1033,2025-08-31,3966,Paid
2132,1033,2025-10-01,3966,Paid
2133,1033,2025-10-30,3966,Paid
2134,1033,2025-11-29,3966,Paid
2135,1033,2026-01-01,3966,Paid
2136,1033,2026-02-01,3966,Paid
2137,1033,2026-03-06,3966,Paid
2138,1033,2026-04-01,3966,Paid
2139,1033,2026-05-01,3966,Overdue
2140,1033,2026-06-01,3966,Paid
2141,1033,2026-06-30,3966,Paid
2142,1033,2026-08-03,3966,Paid
2143,1033,2026-09-01,3966,Paid
2144,1033,2026-10-02,3966,Overdue
2145,1033,2026-11-01,3966,Paid
15904,1034,2026-11-17,3276,Paid
15905,1034,2026-11-30,3276,Paid
921,1035,2025-01-10,2419,Paid
922,1035,2025-02-01,2419,Paid
923,1035,2025-02-28,2419,Paid
924,1035,2025-04-01,2419,Paid
925,1035,2025-05-08,2419,Paid
926,1035,2025-06-01,2419,Failed
927,1035,2025-07-01,2419,Paid
6591,1036,2026-02-11,4345,Paid
6592,1036,2026-03-01,4345,Paid
6593,1036,2026-04-01,4345,Paid
6594,1036,2026-05-01,4345,Paid
2599,1037,2025-06-24,2761,Paid
2600,1037,2025-07-02,2761,Paid
1241,1038,2025-02-28,4505,Paid
1242,1038,2025-03-01,4505,Paid
1243,1038,2025-04-01,4505,Overdue
1244,1038,2025-05-01,4505,Paid
1245,1038,2025-06-01,4505,Paid
1246,1038,2025-07-01,4505,Paid
1247,1038,2025-08-03,4505,Paid
1248,1038,2025-09-01,4505,Failed
1249,1038,2025-10-01,4505,Paid
1250,1038,2025-11-01,4505,Paid
1251,1038,2025-12-01,4505,Overdue
1252,1038,2026-01-01,4505,Paid
1253,1038,2026-02-01,4505,Pending
6682,1039,2026-02-15,3190,Paid
6683,1039,2026-03-01,3190,Paid
6684,1039,2026-04-03,3190,Paid
6685,1039,2026-05-01,3190,Pending
6686,1039,2026-05-31,3190,Paid
6687,1039,2026-07-01,3190,Paid
6688,1039,2026-08-04,3190,Paid
6689,1039,2026-08-31,3190,Paid
6690,1039,2026-10-01,3190,Overdue
6691,1039,2026-11-01,3190,Paid
6692,1039,2026-12-01,3190,Paid
3399,1040,2025-08-26,3807,Paid
3400,1040,2025-09-01,3807,Overdue
3401,1040,2025-10-01,3807,Paid
1760,1041,2025-04-13,3423,Paid
1761,1041,2025-05-03,3423,Pending
1762,1041,2025-06-03,3423,Paid
15952,1042,2026-11-28,2633,Overdue
15953,1042,2026-12-01,2633,Paid
2680,1043,2025-06-28,2953,Paid
2681,1043,2025-07-03,2953,Paid
13181,1044,2026-09-04,3021,Paid
13182,1044,2026-10-01,3021,Paid
13183,1044,2026-11-01,3021,Paid
13184,1044,2026-12-01,3021,Paid
6329,1045,2026-01-30,3288,Paid
6330,1045,2026-02-01,3288,Paid
6331,1045,2026-03-01,3288,Paid
8134,1046,2026-04-07,2831,Paid
8135,1046,2026-05-01,2831,Paid
8136,1046,2026-06-01,2831,Paid
8137,1046,2026-07-03,2831,Paid
8138,1046,2026-08-02,2831,Paid
8139,1046,2026-09-03,2831,Paid
8140,1046,2026-10-01,2831,Paid
13612,1047,2026-09-15,3343,Paid
13613,1047,2026-10-01,3343,Paid
13614,1047,2026-11-01,3343,Paid
13615,1047,2026-12-01,3343,Paid
10727,1048,2026-07-02,3749,Paid
10728,1048,2026-08-01,3749,Failed
10729,1048,2026-09-01,3749,Paid
10730,1048,2026-10-01,3749,Paid
10731,1048,2026-11-01,3749,Paid
10732,1048,2026-12-01,3749,Paid
12997,1049,2026-08-30,3618,Paid
12998,1049,2026-09-03,3618,Paid
12999,1049,2026-10-04,3618,Paid
13000,1049,2026-11-04,3618,Overdue
9960,1050,2026-06-07,2683,Paid
9961,1050,2026-07-01,2683,Paid
9962,1050,2026-08-01,2683,Paid
9963,1050,2026-09-01,2683,Paid
9964,1050,2026-10-02,2683,Paid
9965,1050,2026-11-01,2683,Paid
9966,1050,2026-12-01,2683,Overdue
14883,1051,2026-10-16,4483,Paid
14884,1051,2026-10-30,4483,Paid
14885,1051,2026-12-01,4483,Paid
12230,1052,2026-08-12,4298,Paid
12231,1052,2026-09-01,4298,Paid
12232,1052,2026-10-01,4298,Failed
4306,1053,2025-10-26,2685,Paid
4307,1053,2025-11-01,2685,Paid
4308,1053,2025-12-01,2685,Paid
4309,1053,2026-01-04,2685,Paid
4310,1053,2026-02-01,2685,Paid
4311,1053,2026-03-01,2685,Overdue
4312,1053,2026-04-01,2685,Paid
4313,1053,2026-05-02,2685,Paid
4314,1053,2026-06-01,2685,Paid
4315,1053,2026-07-03,2685,Paid
4316,1053,2026-08-01,2685,Paid
4317,1053,2026-09-01,2685,Paid
4318,1053,2026-10-01,2685,Paid
4319,1053,2026-11-01,2685,Overdue
4320,1053,2026-12-01,2685,Pending
7293,1054,2026-03-10,3392,Paid
7294,1054,2026-04-03,3392,Paid
7295,1054,2026-05-01,3392,Paid
7296,1054,2026-06-01,3392,Paid
7297,1054,2026-07-04,3392,Paid
7298,1054,2026-08-01,3392,Paid
7299,1054,2026-09-01,3392,Paid
7300,1054,2026-10-01,3392,Paid
7301,1054,2026-11-01,3392,Overdue
7302,1054,2026-12-01,3392,Paid
14316,1055,2026-10-03,2837,Paid
14317,1055,2026-11-02,2837,Paid
14318,1055,2026-12-01,2837,Paid
13565,1056,2026-09-14,3126,Paid
13566,1056,2026-10-01,3126,Paid
13567,1056,2026-11-01,3126,Paid
13568,1056,2026-12-01,3126,Paid
16074,1057,2026-12-19,3158,Paid
14106,1058,2026-09-27,3507,Pending
14107,1058,2026-10-01,3507,Paid
16051,1059,2026-12-15,4488,Pending
5171,1060,2025-12-09,3282,Overdue
5172,1060,2026-01-02,3282,Paid
5173,1060,2026-02-01,3282,Paid
5174,1060,2026-03-02,3282,Paid
5175,1060,2026-04-01,3282,Paid
5176,1060,2026-05-01,3282,Paid
5177,1060,2026-06-01,3282,Paid
5178,1060,2026-07-01,3282,Paid
5179,1060,2026-08-01,3282,Paid
5180,1060,2026-09-02,3282,Paid
5181,1060,2026-09-30,3282,Paid
5182,1060,2026-11-02,3282,Paid
5183,1060,2026-12-01,3282,Paid
12552,1061,2026-08-19,3074,Paid
12553,1061,2026-09-01,3074,Pending
12554,1061,2026-10-03,3074,Paid
12555,1061,2026-11-01,3074,Paid
12556,1061,2026-12-01,3074,Paid
966,1062,2025-01-17,3306,Paid
967,1062,2025-02-01,3306,Paid
968,1062,2025-03-01,3306,Paid
969,1062,2025-03-31,3306,Paid
970,1062,2025-04-29,3306,Overdue
971,1062,2025-06-02,3306,Paid
972,1062,2025-07-01,3306,Paid
973,1062,2025-08-02,3306,Paid
974,1062,2025-09-01,3306,Paid
975,1062,2025-10-01,3306,Paid
976,1062,2025-11-02,3306,Paid
977,1062,2025-11-29,3306,Paid
978,1062,2026-01-06,3306,Paid
742,1063,2024-12-22,2976,Paid
743,1063,2025-01-03,2976,Paid
16079,1064,2026-12-20,4606,Paid
13964,1065,2026-09-24,2710,Paid
13965,1065,2026-10-02,2710,Paid
13966,1065,2026-10-31,2710,Paid
9096,1066,2026-05-09,2489,Overdue
9097,1066,2026-06-01,2489,Paid
9098,1066,2026-07-02,2489,Paid
9099,1066,2026-08-01,2489,Paid
15434,1067,2026-10-27,2638,Paid
15435,1067,2026-11-02,2638,Paid
12192,1068,2026-08-11,3690,Paid
12193,1068,2026-09-03,3690,Paid
12194,1068,2026-10-01,3690,Pending
12195,1068,2026-11-01,3690,Paid
12196,1068,2026-12-01,3690,Paid
15982,1069,2026-12-03,3170,Pending
10051,1070,2026-06-09,4042,Paid
10052,1070,2026-07-01,4042,Pending
10053,1070,2026-08-01,4042,Paid
10054,1070,2026-09-01,4042,Paid
10055,1070,2026-10-03,4042,Failed
10056,1070,2026-11-01,4042,Paid
10057,1070,2026-12-01,4042,Paid
13080,1071,2026-09-01,2634,Pending
13081,1071,2026-10-01,2634,Paid
13082,1071,2026-11-01,2634,Paid
13083,1071,2026-12-03,2634,Paid
12698,1072,2026-08-23,3410,Paid
12699,1072,2026-09-01,3410,Paid
12700,1072,2026-10-01,3410,Paid
12701,1072,2026-11-01,3410,Paid
12702,1072,2026-12-01,3410,Paid
13401,1073,2026-09-09,4078,Paid
13402,1073,2026-10-01,4078,Paid
13403,1073,2026-11-01,4078,Paid
13404,1073,2026-12-01,4078,Paid
5025,1074,2025-11-30,3261,Paid
5026,1074,2025-12-01,3261,Paid
5027,1074,2026-01-03,3261,Paid
5028,1074,2026-02-01,3261,Paid
5029,1074,2026-03-04,3261,Paid
5030,1074,2026-04-01,3261,Paid
5031,1074,2026-05-02,3261,Paid
5032,1074,2026-06-02,3261,Paid
5033,1074,2026-07-01,3261,Paid
5034,1074,2026-08-01,3261,Paid
5035,1074,2026-09-06,3261,Paid
5036,1074,2026-10-01,3261,Paid
5037,1074,2026-11-01,3261,Pending
5038,1074,2026-12-02,3261,Paid
6832,1075,2026-02-22,2386,Paid
6833,1075,2026-03-08,2386,Paid
12280,1076,2026-08-12,3469,Paid
12281,1076,2026-09-02,3469,Overdue
12282,1076,2026-10-01,3469,Paid
12283,1076,2026-11-01,3469,Failed
12284,1076,2026-12-02,3469,Paid
15961,1077,2026-12-01,3352,Pending
5353,1078,2025-12-21,3818,Paid
5354,1078,2026-01-01,3818,Paid
12382,1079,2026-08-15,3197,Paid
12383,1079,2026-09-04,3197,Paid
7323,1080,2026-03-11,2677,Paid
7324,1080,2026-04-01,2677,Paid
7325,1080,2026-05-03,2677,Paid
7326,1080,2026-06-01,2677,Paid
9747,1081,2026-05-31,4046,Paid
9748,1081,2026-06-01,4046,Paid
9749,1081,2026-07-01,4046,Paid
9750,1081,2026-08-01,4046,Paid
9751,1081,2026-09-01,4046,Paid
9752,1081,2026-10-02,4046,Paid
9753,1081,2026-10-31,4046,Paid
9754,1081,2026-12-03,4046,Paid
10663,1082,2026-06-30,2486,Paid
10664,1082,2026-07-02,2486,Paid
10665,1082,2026-08-01,2486,Paid
10666,1082,2026-09-01,2486,Paid
10667,1082,2026-10-08,2486,Paid
10668,1082,2026-11-01,2486,Paid
10669,1082,2026-12-01,2486,Paid
10694,1083,2026-06-30,4470,Overdue
10695,1083,2026-07-01,4470,Pending
10696,1083,2026-08-01,4470,Paid
10697,1083,2026-09-01,4470,Paid
10698,1083,2026-10-01,4470,Paid
10699,1083,2026-11-01,4470,Paid
10700,1083,2026-12-01,4470,Pending
1954,1084,2025-05-01,2499,Paid
1955,1084,2025-06-01,2499,Paid
10015,1085,2026-06-09,4040,Paid
10016,1085,2026-07-01,4040,Paid
2279,1086,2025-05-29,2512,Paid
2280,1086,2025-06-02,2512,Paid
2281,1086,2025-07-01,2512,Paid
2282,1086,2025-08-01,2512,Paid
2283,1086,2025-09-01,2512,Paid
2284,1086,2025-10-04,2512,Paid
2285,1086,2025-11-01,2512,Paid
2286,1086,2025-12-06,2512,Paid
2287,1086,2025-12-31,2512,Paid
2288,1086,2026-02-01,2512,Paid
2289,1086,2026-03-01,2512,Failed
2290,1086,2026-04-01,2512,Paid
2291,1086,2026-05-01,2512,Paid
4558,1087,2025-11-08,2450,Overdue
4559,1087,2025-12-01,2450,Paid
15425,1088,2026-10-26,3073,Paid
15426,1088,2026-11-02,3073,Paid
15427,1088,2026-12-01,3073,Paid
5773,1089,2026-01-08,3738,Paid
5774,1089,2026-01-31,3738,Overdue
5775,1089,2026-03-01,3738,Pending
5776,1089,2026-04-02,3738,Overdue
5777,1089,2026-05-01,3738,Paid
5778,1089,2026-06-01,3738,Paid
5779,1089,2026-07-01,3738,Paid
5780,1089,2026-08-08,3738,Paid
5781,1089,2026-09-01,3738,Paid
5782,1089,2026-10-01,3738,Paid
5783,1089,2026-11-01,3738,Paid
5784,1089,2026-12-01,3738,Overdue
11535,1090,2026-07-24,4490,Paid
11536,1090,2026-08-01,4490,Paid
11537,1090,2026-09-06,4490,Paid
2083,1091,2025-05-20,2643,Paid
2084,1091,2025-05-31,2643,Paid
2085,1091,2025-07-01,2643,Paid
2086,1091,2025-08-02,2643,Paid
2087,1091,2025-09-01,2643,Paid
2088,1091,2025-10-03,2643,Paid
2089,1091,2025-11-01,2643,Paid
1612,1092,2025-04-02,2871,Paid
1613,1092,2025-05-03,2871,Paid
13163,1093,2026-09-04,4636,Paid
13164,1093,2026-10-01,4636,Paid
13165,1093,2026-11-01,4636,Paid
13166,1093,2026-12-01,4636,Paid
3442,1094,2025-09-01,2251,Paid
3443,1094,2025-10-02,2251,Paid
13022,1095,2026-08-31,4564,Paid
13023,1095,2026-09-01,4564,Paid
13024,1095,2026-09-30,4564,Pending
13025,1095,2026-11-04,4564,Paid
13026,1095,2026-12-03,4564,Paid
11440,1096,2026-07-22,2052,Paid
11441,1096,2026-08-01,2052,Paid
11442,1096,2026-09-01,2052,Overdue
4163,1097,2025-10-15,3653,Paid
4164,1097,2025-11-01,3653,Paid
4165,1097,2025-11-29,3653,Paid
4166,1097,2026-01-01,3653,Paid
9112,1098,2026-05-09,2692,Paid
9113,1098,2026-05-31,2692,Overdue
9114,1098,2026-07-01,2692,Paid
9115,1098,2026-08-01,2692,Paid
9116,1098,2026-09-01,2692,Paid
9117,1098,2026-10-04,2692,Paid
9118,1098,2026-11-01,2692,Pending
3564,1099,2025-09-10,2890,Paid
3565,1099,2025-10-01,2890,Paid
9829,1100,2026-06-03,3580,Paid
9830,1100,2026-07-06,3580,Paid
9831,1100,2026-08-01,3580,Paid
9832,1100,2026-09-01,3580,Paid
9833,1100,2026-09-30,3580,Overdue
9834,1100,2026-11-01,3580,Paid
9835,1100,2026-11-30,3580,Paid
16144,1101,2026-12-30,3296,Paid
1992,1102,2025-05-05,2497,Pending
1993,1102,2025-06-04,2497,Pending
1994,1102,2025-07-02,2497,Paid
1995,1102,2025-08-01,2497,Overdue
1996,1102,2025-08-30,2497,Paid
1997,1102,2025-10-01,2497,Paid
1998,1102,2025-11-08,2497,Paid
9037,1103,2026-05-07,2446,Paid
9038,1103,2026-06-01,2446,Paid
16064,1104,2026-12-16,3022,Paid
11691,1105,2026-07-29,2683,Pending
11692,1105,2026-08-02,2683,Overdue
12933,1106,2026-08-29,4535,Overdue
12934,1106,2026-09-01,4535,Paid
12935,1106,2026-10-01,4535,Paid
12936,1106,2026-10-31,4535,Paid
12037,1107,2026-08-07,2332,Paid
12038,1107,2026-08-31,2332,Paid
12039,1107,2026-10-01,2332,Paid
12639,1108,2026-08-22,4743,Paid
12640,1108,2026-09-02,4743,Paid
12641,1108,2026-10-01,4743,Paid
12642,1108,2026-11-01,4743,Paid
12643,1108,2026-12-01,4743,Paid
9926,1109,2026-06-05,3011,Paid
9927,1109,2026-07-02,3011,Paid
9928,1109,2026-08-01,3011,Paid
3171,1110,2025-08-11,2671,Overdue
3172,1110,2025-09-02,2671,Paid
3173,1110,2025-10-01,2671,Paid
3174,1110,2025-11-01,2671,Paid
3175,1110,2025-12-01,2671,Paid
3176,1110,2026-01-04,2671,Paid
3177,1110,2026-02-06,2671,Paid
3178,1110,2026-03-01,2671,Paid
3179,1110,2026-04-01,2671,Paid
3180,1110,2026-05-01,2671,Paid
3181,1110,2026-06-01,2671,Paid
3182,1110,2026-07-01,2671,Paid
3183,1110,2026-08-01,2671,Overdue
3184,1110,2026-09-01,2671,Paid
3185,1110,2026-10-01,2671,Paid
3186,1110,2026-11-08,2671,Paid
3187,1110,2026-12-01,2671,Paid
16090,1111,2026-12-24,4991,Paid
1845,1112,2025-04-23,4689,Paid
1846,1112,2025-05-08,4689,Paid
1847,1112,2025-06-01,4689,Paid
2548,1113,2025-06-21,3193,Paid
2549,1113,2025-07-01,3193,Paid
2550,1113,2025-08-01,3193,Paid
2551,1113,2025-09-01,3193,Paid
2552,1113,2025-10-01,3193,Paid
2553,1113,2025-11-08,3193,Paid
2554,1113,2025-11-30,3193,Paid
2812,1114,2025-07-16,2563,Paid
2813,1114,2025-07-31,2563,Paid
524,1115,2024-11-07,3011,Paid
525,1115,2024-12-01,3011,Paid
526,1115,2025-01-01,3011,Overdue
527,1115,2025-02-02,3011,Paid
9169,1116,2026-05-11,4712,Paid
9170,1116,2026-05-30,4712,Pending
9171,1116,2026-07-01,4712,Paid
9172,1116,2026-07-31,4712,Paid
9173,1116,2026-09-04,4712,Pending
9174,1116,2026-10-01,4712,Paid
9175,1116,2026-11-01,4712,Paid
10678,1117,2026-06-30,3643,Paid
10679,1117,2026-07-01,3643,Paid
10680,1117,2026-08-02,3643,Paid
10681,1117,2026-09-01,3643,Paid
10682,1117,2026-10-02,3643,Paid
10683,1117,2026-11-01,3643,Paid
10684,1117,2026-12-01,3643,Paid
8315,1118,2026-04-13,3604,Paid
8316,1118,2026-05-01,3604,Paid
8317,1118,2026-05-30,3604,Paid
8318,1118,2026-07-01,3604,Overdue
8319,1118,2026-08-01,3604,Paid
8320,1118,2026-09-01,3604,Overdue
8321,1118,2026-10-01,3604,Paid
4548,1119,2025-11-07,2673,Paid
4549,1119,2025-11-29,2673,Paid
4550,1119,2026-01-01,2673,Paid
2927,1120,2025-07-25,2806,Paid
2928,1120,2025-08-03,2806,Paid
2929,1120,2025-09-03,2806,Paid
2930,1120,2025-10-01,2806,Paid
14186,1121,2026-09-29,4564,Paid
14187,1121,2026-10-01,4564,Paid
6142,1122,2026-01-24,3388,Paid
6143,1122,2026-02-04,3388,Overdue
6144,1122,2026-03-01,3388,Paid
6145,1122,2026-04-01,3388,Overdue
6146,1122,2026-05-01,3388,Paid
6147,1122,2026-06-01,3388,Paid
6148,1122,2026-07-01,3388,Paid
11487,1123,2026-07-23,4375,Paid
11488,1123,2026-08-01,4375,Paid
11489,1123,2026-09-01,4375,Paid
11490,1123,2026-10-01,4375,Paid
5420,1124,2025-12-23,2676,Overdue
5421,1124,2026-01-01,2676,Paid
5422,1124,2026-02-01,2676,Paid
5423,1124,2026-03-01,2676,Paid
5424,1124,2026-03-30,2676,Paid
5425,1124,2026-05-08,2676,Paid
5426,1124,2026-06-01,2676,Overdue
15436,1125,2026-10-27,2820,Paid
15437,1125,2026-11-03,2820,Paid
15438,1125,2026-12-01,2820,Paid
2001,1126,2025-05-06,3534,Paid
2002,1126,2025-06-01,3534,Pending
2003,1126,2025-07-04,3534,Paid
4854,1127,2025-11-23,3483,Failed
4855,1127,2025-12-01,3483,Overdue
4856,1127,2026-01-04,3483,Paid
4857,1127,2026-02-01,3483,Paid
11833,1128,2026-07-31,2763,Overdue
11834,1128,2026-08-02,2763,Paid
14679,1129,2026-10-11,2864,Paid
14680,1129,2026-11-03,2864,Paid
14681,1129,2026-12-02,2864,Paid
15588,1130,2026-10-29,2651,Paid
15589,1130,2026-11-04,2651,Paid
15590,1130,2026-12-01,2651,Paid
14555,1131,2026-10-08,2675,Paid
14556,1131,2026-11-01,2675,Paid
14557,1131,2026-12-01,2675,Overdue
4383,1132,2025-10-28,3218,Paid
4384,1132,2025-11-01,3218,Overdue
4385,1132,2025-12-01,3218,Paid
4386,1132,2026-01-01,3218,Paid
4387,1132,2026-02-01,3218,Paid
4388,1132,2026-03-06,3218,Paid
4389,1132,2026-04-01,3218,Overdue
7009,1133,2026-03-01,2004,Paid
7010,1133,2026-04-01,2004,Paid
7011,1133,2026-05-04,2004,Paid
7012,1133,2026-06-01,2004,Failed
6149,1134,2026-01-24,2533,Paid
6150,1134,2026-02-01,2533,Paid
6351,1135,2026-01-31,3468,Paid
6352,1135,2026-02-01,3468,Paid
6353,1135,2026-03-02,3468,Pending
6354,1135,2026-04-04,3468,Paid
6355,1135,2026-05-01,3468,Paid
6356,1135,2026-06-01,3468,Paid
6357,1135,2026-07-01,3468,Paid
6358,1135,2026-08-01,3468,Paid
6359,1135,2026-08-30,3468,Paid
6360,1135,2026-09-29,3468,Paid
6361,1135,2026-11-01,3468,Paid
6362,1135,2026-12-08,3468,Paid
15591,1136,2026-10-29,3550,Paid
15592,1136,2026-11-01,3550,Paid
325,1137,2024-09-13,2882,Paid
326,1137,2024-10-03,2882,Paid
327,1137,2024-11-01,2882,Paid
328,1137,2024-12-01,2882,Paid
329,1137,2025-01-01,2882,Paid
330,1137,2025-02-01,2882,Paid
331,1137,2025-03-01,2882,Paid
332,1137,2025-04-01,2882,Paid
333,1137,2025-05-01,2882,Paid
334,1137,2025-05-31,2882,Paid
335,1137,2025-07-01,2882,Paid
336,1137,2025-08-03,2882,Overdue
337,1137,2025-08-31,2882,Paid
338,1137,2025-10-02,2882,Paid
339,1137,2025-11-01,2882,Paid
340,1137,2025-12-01,2882,Paid
341,1137,2026-01-01,2882,Paid
342,1137,2026-02-01,2882,Paid
343,1137,2026-02-28,2882,Paid
14758,1138,2026-10-13,3664,Paid
14759,1138,2026-11-02,3664,Paid
14760,1138,2026-12-01,3664,Paid
12821,1139,2026-08-26,2847,Pending
12822,1139,2026-09-02,2847,Paid
12823,1139,2026-10-01,2847,Paid
12824,1139,2026-11-01,2847,Paid
15441,1140,2026-10-27,2624,Pending
15442,1140,2026-11-01,2624,Paid
15443,1140,2026-12-02,2624,Paid
10813,1141,2026-07-05,2356,Paid
10814,1141,2026-08-01,2356,Paid
2977,1142,2025-08-01,2526,Paid
2978,1142,2025-08-31,2526,Paid
2979,1142,2025-10-01,2526,Paid
2980,1142,2025-11-01,2526,Paid
2981,1142,2025-12-01,2526,Paid
2982,1142,2026-01-02,2526,Paid
2983,1142,2026-02-01,2526,Paid
10555,1143,2026-06-27,2497,Paid
10556,1143,2026-07-02,2497,Paid
10557,1143,2026-08-01,2497,Paid
10558,1143,2026-09-01,2497,Paid
10559,1143,2026-10-01,2497,Paid
10560,1143,2026-11-01,2497,Paid
10561,1143,2026-12-01,2497,Paid
1548,1144,2025-03-25,3676,Paid
1549,1144,2025-04-01,3676,Paid
1550,1144,2025-05-01,3676,Paid
3970,1145,2025-10-03,2552,Overdue
3971,1145,2025-11-01,2552,Paid
3972,1145,2025-12-01,2552,Paid
3973,1145,2026-01-01,2552,Paid
8172,1146,2026-04-08,2648,Paid
8173,1146,2026-05-01,2648,Paid
8174,1146,2026-06-01,2648,Paid
8175,1146,2026-07-01,2648,Paid
8176,1146,2026-08-01,2648,Paid
8177,1146,2026-09-01,2648,Paid
8178,1146,2026-10-01,2648,Paid
15232,1147,2026-10-23,3002,Paid
15233,1147,2026-11-01,3002,Paid
15234,1147,2026-12-01,3002,Pending
9126,1148,2026-05-09,3369,Paid
9127,1148,2026-05-31,3369,Paid
1734,1149,2025-04-13,2718,Paid
1735,1149,2025-05-01,2718,Overdue
1736,1149,2025-06-01,2718,Paid
1737,1149,2025-07-01,2718,Paid
1738,1149,2025-08-01,2718,Paid
1739,1149,2025-09-01,2718,Paid
1740,1149,2025-10-01,2718,Paid
1741,1149,2025-11-01,2718,Overdue
1742,1149,2025-12-01,2718,Paid
1743,1149,2026-01-01,2718,Paid
1744,1149,2026-02-01,2718,Paid
1745,1149,2026-03-01,2718,Paid
1746,1149,2026-04-01,2718,Paid
1747,1149,2026-05-03,2718,Paid
1748,1149,2026-06-01,2718,Paid
1749,1149,2026-07-01,2718,Paid
1750,1149,2026-08-01,2718,Paid
1751,1149,2026-09-01,2718,Paid
1752,1149,2026-10-01,2718,Overdue
15439,1150,2026-10-27,2451,Pending
15440,1150,2026-11-03,2451,Paid
979,1151,2025-01-21,2582,Paid
980,1151,2025-02-01,2582,Paid
981,1151,2025-03-01,2582,Paid
12604,1152,2026-08-20,3741,Failed
12605,1152,2026-09-01,3741,Paid
12606,1152,2026-10-02,3741,Paid
15888,1153,2026-11-14,2737,Paid
15889,1153,2026-12-01,2737,Paid
8628,1154,2026-04-26,4026,Paid
8629,1154,2026-05-02,4026,Paid
12750,1155,2026-08-24,3603,Paid
12751,1155,2026-09-03,3603,Paid
12752,1155,2026-09-30,3603,Paid
12753,1155,2026-11-02,3603,Paid
12754,1155,2026-11-30,3603,Paid
10616,1156,2026-06-28,2289,Paid
10617,1156,2026-07-02,2289,Pending
10618,1156,2026-08-06,2289,Paid
15249,1157,2026-10-24,2719,Paid
15250,1157,2026-11-02,2719,Paid
14619,1158,2026-10-10,2338,Overdue
14620,1158,2026-11-01,2338,Paid
16033,1159,2026-12-11,2776,Paid
1882,1160,2025-04-27,3910,Pending
1883,1160,2025-05-01,3910,Paid
1884,1160,2025-06-01,3910,Paid
1885,1160,2025-07-08,3910,Paid
1886,1160,2025-08-03,3910,Paid
1887,1160,2025-09-06,3910,Paid
1888,1160,2025-10-03,3910,Paid
1889,1160,2025-11-01,3910,Paid
1890,1160,2025-12-06,3910,Paid
1891,1160,2026-01-03,3910,Overdue
1892,1160,2026-02-01,3910,Paid
1893,1160,2026-02-28,3910,Paid
1894,1160,2026-04-01,3910,Paid
16030,1161,2026-12-11,3486,Paid
6995,1162,2026-02-28,3458,Paid
6996,1162,2026-03-01,3458,Paid
7979,1163,2026-03-31,4642,Paid
7980,1163,2026-04-03,4642,Paid
7981,1163,2026-05-02,4642,Paid
2081,1164,2025-05-19,2985,Paid
2082,1164,2025-06-01,2985,Paid
15651,1165,2026-10-30,3788,Paid
15652,1165,2026-11-01,3788,Paid
10940,1166,2026-07-08,3559,Paid
10941,1166,2026-08-02,3559,Paid
10942,1166,2026-09-01,3559,Paid
10943,1166,2026-10-01,3559,Paid
14441,1167,2026-10-06,2672,Paid
14442,1167,2026-11-02,2672,Paid
14443,1167,2026-12-08,2672,Paid
14151,1168,2026-09-28,3782,Paid
14152,1168,2026-09-30,3782,Paid
14153,1168,2026-11-01,3782,Paid
14154,1168,2026-12-02,3782,Paid
7956,1169,2026-03-31,4193,Paid
7957,1169,2026-04-01,4193,Paid
7958,1169,2026-05-01,4193,Failed
13415,1170,2026-09-10,2830,Paid
13416,1170,2026-10-01,2830,Paid
13417,1170,2026-11-04,2830,Paid
13418,1170,2026-12-04,2830,Paid
4961,1171,2025-11-28,4423,Paid
4962,1171,2025-12-06,4423,Paid
4963,1171,2026-01-01,4423,Overdue
4964,1171,2026-02-01,4423,Paid
4965,1171,2026-03-01,4423,Overdue
4966,1171,2026-03-31,4423,Paid
4967,1171,2026-05-01,4423,Paid
4968,1171,2026-06-01,4423,Overdue
4969,1171,2026-07-04,4423,Paid
4970,1171,2026-08-01,4423,Paid
4971,1171,2026-09-01,4423,Paid
4972,1171,2026-10-04,4423,Pending
4973,1171,2026-11-01,4423,Paid
4974,1171,2026-12-01,4423,Paid
15273,1172,2026-10-24,3522,Paid
15274,1172,2026-11-01,3522,Paid
15275,1172,2026-12-06,3522,Paid
15444,1173,2026-10-27,2603,Paid
15445,1173,2026-11-01,2603,Paid
15446,1173,2026-12-01,2603,Paid
563,1174,2024-11-19,2240,Paid
564,1174,2024-12-01,2240,Paid
565,1174,2025-01-01,2240,Paid
566,1174,2025-02-03,2240,Paid
6713,1175,2026-02-16,3304,Failed
6714,1175,2026-03-01,3304,Paid
6715,1175,2026-04-01,3304,Paid
6716,1175,2026-05-03,3304,Paid
15498,1176,2026-10-28,2902,Paid
15499,1176,2026-10-31,2902,Paid
15500,1176,2026-12-01,2902,Paid
14661,1177,2026-10-11,4476,Overdue
14662,1177,2026-11-01,4476,Paid
14663,1177,2026-12-01,4476,Paid
2566,1178,2025-06-23,4665,Paid
2567,1178,2025-07-01,4665,Paid
2568,1178,2025-07-30,4665,Paid
2569,1178,2025-09-01,4665,Paid
2570,1178,2025-10-01,4665,Pending
2571,1178,2025-10-30,4665,Paid
2572,1178,2025-12-01,4665,Paid
2573,1178,2025-12-31,4665,Paid
2574,1178,2026-02-01,4665,Paid
2575,1178,2026-03-01,4665,Paid
2576,1178,2026-04-03,4665,Overdue
2577,1178,2026-05-01,4665,Paid
2578,1178,2026-06-01,4665,Overdue
14390,1179,2026-10-05,4013,Failed
14391,1179,2026-11-01,4013,Paid
14392,1179,2026-12-06,4013,Paid
4712,1180,2025-11-13,4154,Paid
4713,1180,2025-12-01,4154,Paid
4714,1180,2025-12-31,4154,Paid
4715,1180,2026-02-01,4154,Paid
1818,1181,2025-04-20,3082,Paid
1819,1181,2025-05-01,3082,Paid
1820,1181,2025-06-01,3082,Paid
1821,1181,2025-07-03,3082,Paid
1822,1181,2025-08-01,3082,Paid
1823,1181,2025-09-01,3082,Paid
1824,1181,2025-10-03,3082,Pending
11637,1182,2026-07-28,2606,Failed
11638,1182,2026-08-01,2606,Paid
14717,1183,2026-10-12,3507,Paid
14718,1183,2026-10-31,3507,Paid
14719,1183,2026-12-01,3507,Paid
9427,1184,2026-05-19,3592,Paid
9428,1184,2026-06-01,3592,Paid
9429,1184,2026-07-01,3592,Overdue
9430,1184,2026-08-01,3592,Paid
12370,1185,2026-08-14,2574,Paid
12371,1185,2026-09-01,2574,Failed
12372,1185,2026-10-01,2574,Paid
8322,1186,2026-04-13,3091,Pending
8323,1186,2026-04-30,3091,Paid
8324,1186,2026-06-01,3091,Pending
8325,1186,2026-06-29,3091,Pending
8326,1186,2026-08-01,3091,Paid
8327,1186,2026-09-01,3091,Paid
8328,1186,2026-10-01,3091,Paid
8329,1186,2026-11-01,3091,Paid
8330,1186,2026-12-01,3091,Pending
10143,1187,2026-06-13,2911,Paid
10144,1187,2026-07-03,2911,Paid
1070,1188,2025-02-01,2517,Paid
1071,1188,2025-03-01,2517,Paid
1072,1188,2025-04-02,2517,Paid
1073,1188,2025-05-01,2517,Paid
13243,1189,2026-09-06,4642,Paid
13244,1189,2026-10-01,4642,Paid
13245,1189,2026-11-01,4642,Paid
13246,1189,2026-12-01,4642,Paid
16015,1190,2026-12-08,3554,Paid
3990,1191,2025-10-03,2482,Paid
3991,1191,2025-11-06,2482,Paid
3992,1191,2025-12-01,2482,Paid
3993,1191,2026-01-01,2482,Paid
13863,1192,2026-09-22,3406,Pending
13864,1192,2026-10-01,3406,Paid
13865,1192,2026-11-01,3406,Paid
13866,1192,2026-12-01,3406,Paid
8564,1193,2026-04-23,3168,Paid
8565,1193,2026-05-03,3168,Paid
8566,1193,2026-06-01,3168,Paid
8567,1193,2026-07-01,3168,Paid
8568,1193,2026-08-01,3168,Paid
8569,1193,2026-09-01,3168,Paid
8570,1193,2026-10-02,3168,Pending
11015,1194,2026-07-10,3078,Paid
11016,1194,2026-08-01,3078,Paid
11017,1194,2026-09-01,3078,Paid
11018,1194,2026-10-03,3078,Paid
10169,1195,2026-06-14,2386,Paid
10170,1195,2026-07-03,2386,Paid
10404,1196,2026-06-22,3911,Paid
10405,1196,2026-07-06,3911,Pending
10406,1196,2026-08-01,3911,Overdue
10407,1196,2026-09-01,3911,Failed
14004,1197,2026-09-24,4893,Overdue
14005,1197,2026-10-04,4893,Overdue
14006,1197,2026-10-30,4893,Overdue
14007,1197,2026-12-01,4893,Paid
13892,1198,2026-09-23,3390,Paid
13893,1198,2026-10-01,3390,Paid
13894,1198,2026-11-01,3390,Overdue
13895,1198,2026-12-01,3390,Paid
7758,1199,2026-03-24,4405,Paid
7759,1199,2026-04-01,4405,Paid
7760,1199,2026-05-01,4405,Overdue
7761,1199,2026-06-08,4405,Paid
7762,1199,2026-07-01,4405,Paid
7763,1199,2026-08-01,4405,Paid
7764,1199,2026-09-01,4405,Paid
7765,1199,2026-10-01,4405,Paid
7766,1199,2026-11-01,4405,Paid
7767,1199,2026-12-08,4405,Paid
4538,1200,2025-11-06,3462,Paid
4539,1200,2025-12-01,3462,Paid
4540,1200,2026-01-01,3462,Paid
4541,1200,2026-02-01,3462,Paid
15908,1201,2026-11-20,2964,Paid
15909,1201,2026-12-01,2964,Paid
15971,1202,2026-12-01,2439,Paid
10327,1203,2026-06-20,2799,Paid
10328,1203,2026-07-01,2799,Pending
10329,1203,2026-08-01,2799,Paid
15137,1204,2026-10-21,3036,Paid
15138,1204,2026-11-01,3036,Overdue
15139,1204,2026-12-01,3036,Overdue
692,1205,2024-12-12,2963,Paid
693,1205,2025-01-01,2963,Paid
694,1205,2025-02-01,2963,Paid
695,1205,2025-03-01,2963,Paid
696,1205,2025-04-01,2963,Paid
697,1205,2025-04-30,2963,Paid
698,1205,2025-06-01,2963,Paid
699,1205,2025-07-01,2963,Paid
700,1205,2025-08-02,2963,Paid
701,1205,2025-09-01,2963,Paid
702,1205,2025-10-01,2963,Paid
703,1205,2025-10-31,2963,Overdue
704,1205,2025-11-30,2963,Paid
14878,1206,2026-10-16,2824,Paid
14879,1206,2026-11-01,2824,Paid
14880,1206,2026-12-01,2824,Paid
16025,1207,2026-12-09,2899,Paid
7745,1208,2026-03-23,4491,Paid
7746,1208,2026-04-03,4491,Paid
7747,1208,2026-05-01,4491,Paid
7748,1208,2026-06-01,4491,Paid
11109,1209,2026-07-13,3632,Paid
11110,1209,2026-08-02,3632,Paid
11111,1209,2026-09-01,3632,Paid
11112,1209,2026-10-01,3632,Paid
7892,1210,2026-03-28,4708,Paid
7893,1210,2026-04-01,4708,Paid
7894,1210,2026-05-01,4708,Failed
10889,1211,2026-07-07,2648,Paid
10890,1211,2026-08-04,2648,Paid
5545,1212,2025-12-29,2306,Paid
5546,1212,2026-01-01,2306,Paid
5547,1212,2026-02-06,2306,Paid
6872,1213,2026-02-24,3383,Paid
6873,1213,2026-03-02,3383,Paid
10704,1214,2026-07-01,2934,Paid
10705,1214,2026-08-01,2934,Paid
10706,1214,2026-09-01,2934,Paid
5500,1215,2025-12-27,2320,Paid
5501,1215,2026-01-01,2320,Paid
13875,1216,2026-09-22,4074,Paid
13876,1216,2026-10-01,4074,Paid
13877,1216,2026-11-01,4074,Paid
13878,1216,2026-12-01,4074,Paid
7327,1217,2026-03-11,3581,Paid
7328,1217,2026-04-01,3581,Paid
7329,1217,2026-05-01,3581,Paid
10591,1218,2026-06-28,3444,Paid
10592,1218,2026-07-01,3444,Paid
10593,1218,2026-08-03,3444,Paid
10594,1218,2026-09-03,3444,Paid
10595,1218,2026-10-01,3444,Paid
10596,1218,2026-11-01,3444,Failed
10597,1218,2026-12-01,3444,Paid
404,1219,2024-10-06,3596,Paid
405,1219,2024-11-01,3596,Overdue
406,1219,2024-12-01,3596,Paid
1794,1220,2025-04-16,3599,Paid
1795,1220,2025-05-04,3599,Paid
1796,1220,2025-06-01,3599,Paid
1797,1220,2025-07-03,3599,Paid
10323,1221,2026-06-20,3897,Paid
10324,1221,2026-07-01,3897,Paid
10325,1221,2026-08-03,3897,Pending
10326,1221,2026-09-01,3897,Paid
13113,1222,2026-09-02,2889,Paid
13114,1222,2026-10-08,2889,Paid
9632,1223,2026-05-28,2389,Paid
9633,1223,2026-06-01,2389,Paid
9634,1223,2026-07-01,2389,Paid
9635,1223,2026-08-01,2389,Paid
9636,1223,2026-09-01,2389,Paid
9637,1223,2026-10-01,2389,Paid
9638,1223,2026-11-01,2389,Paid
9639,1223,2026-12-01,2389,Pending
9514,1224,2026-05-22,2567,Paid
9515,1224,2026-06-01,2567,Overdue
10178,1225,2026-06-15,2258,Paid
10179,1225,2026-06-29,2258,Paid
10180,1225,2026-08-04,2258,Overdue
10181,1225,2026-09-02,2258,Failed
10182,1225,2026-10-02,2258,Paid
10183,1225,2026-11-01,2258,Paid
10184,1225,2026-12-01,2258,Paid
11988,1226,2026-08-05,2425,Paid
11989,1226,2026-09-04,2425,Paid
11990,1226,2026-10-01,2425,Paid
11991,1226,2026-11-03,2425,Paid
11992,1226,2026-12-01,2425,Paid
7543,1227,2026-03-17,3029,Paid
7544,1227,2026-04-01,3029,Overdue
7545,1227,2026-04-30,3029,Paid
7546,1227,2026-06-01,3029,Overdue
7547,1227,2026-07-08,3029,Paid
7548,1227,2026-08-06,3029,Paid
7549,1227,2026-09-06,3029,Paid
11497,1228,2026-07-23,2505,Paid
11498,1228,2026-08-01,2505,Paid
11499,1228,2026-09-01,2505,Paid
11500,1228,2026-09-30,2505,Paid
11501,1228,2026-11-01,2505,Paid
11502,1228,2026-12-01,2505,Paid
11651,1229,2026-07-28,2490,Paid
11652,1229,2026-07-30,2490,Paid
11653,1229,2026-09-01,2490,Paid
11654,1229,2026-10-01,2490,Paid
11655,1229,2026-11-01,2490,Paid
11656,1229,2026-12-01,2490,Pending
6271,1230,2026-01-28,2447,Paid
6272,1230,2026-02-01,2447,Paid
6273,1230,2026-03-01,2447,Overdue
6274,1230,2026-04-01,2447,Paid
12663,1231,2026-08-22,2704,Overdue
12664,1231,2026-08-31,2704,Paid
12665,1231,2026-10-01,2704,Paid
12666,1231,2026-11-01,2704,Paid
12667,1231,2026-12-01,2704,Paid
10569,1232,2026-06-27,2257,Pending
10570,1232,2026-07-01,2257,Paid
2732,1233,2025-07-07,3229,Paid
2733,1233,2025-07-31,3229,Paid
3609,1234,2025-09-14,2589,Paid
3610,1234,2025-10-01,2589,Paid
3611,1234,2025-11-01,2589,Paid
3612,1234,2025-12-02,2589,Paid
13068,1235,2026-09-01,3123,Pending
13069,1235,2026-10-02,3123,Paid
13070,1235,2026-11-02,3123,Paid
13071,1235,2026-12-01,3123,Paid
14416,1236,2026-10-05,2509,Paid
14417,1236,2026-10-31,2509,Paid
14418,1236,2026-12-01,2509,Paid
15964,1237,2026-12-01,3410,Paid
12358,1238,2026-08-14,3337,Paid
12359,1238,2026-09-01,3337,Paid
12360,1238,2026-10-01,3337,Paid
12361,1238,2026-11-01,3337,Paid
12362,1238,2026-12-01,3337,Paid
12260,1239,2026-08-12,3474,Paid
12261,1239,2026-08-31,3474,Paid
12262,1239,2026-10-02,3474,Paid
14685,1240,2026-10-11,2987,Paid
14686,1240,2026-10-30,2987,Paid
14687,1240,2026-12-01,2987,Paid
12176,1241,2026-08-10,2624,Paid
12177,1241,2026-09-03,2624,Paid
12178,1241,2026-10-01,2624,Paid
6275,1242,2026-01-28,2029,Overdue
6276,1242,2026-01-30,2029,Paid
6277,1242,2026-03-01,2029,Paid
6278,1242,2026-04-04,2029,Paid
309,1243,2024-09-12,3327,Paid
310,1243,2024-10-01,3327,Paid
6282,1244,2026-01-28,3101,Paid
6283,1244,2026-02-02,3101,Paid
6284,1244,2026-03-01,3101,Paid
6285,1244,2026-04-04,3101,Overdue
8765,1245,2026-04-30,2920,Paid
8766,1245,2026-05-01,2920,Paid
8767,1245,2026-06-01,2920,Paid
8768,1245,2026-07-03,2920,Paid
8769,1245,2026-08-08,2920,Paid
8770,1245,2026-09-01,2920,Paid
8771,1245,2026-10-01,2920,Pending
8772,1245,2026-11-04,2920,Failed
8773,1245,2026-12-01,2920,Paid
15995,1246,2026-12-05,3078,Paid
13657,1247,2026-09-17,2804,Failed
13658,1247,2026-10-01,2804,Paid
13659,1247,2026-11-01,2804,Pending
13660,1247,2026-12-02,2804,Paid
13916,1248,2026-09-23,3045,Paid
13917,1248,2026-10-01,3045,Paid
13918,1248,2026-11-01,3045,Paid
13919,1248,2026-12-06,3045,Paid
9991,1249,2026-06-08,3128,Paid
9992,1249,2026-06-30,3128,Paid
9993,1249,2026-08-06,3128,Paid
9994,1249,2026-09-01,3128,Paid
9995,1249,2026-10-01,3128,Paid
9996,1249,2026-11-02,3128,Paid
9997,1249,2026-12-01,3128,Overdue
86,1250,2024-05-29,4695,Paid
87,1250,2024-06-02,4695,Paid
88,1250,2024-07-01,4695,Paid
89,1250,2024-08-01,4695,Paid
14925,1251,2026-10-17,2021,Paid
14926,1251,2026-11-01,2021,Paid
14927,1251,2026-12-01,2021,Paid
10844,1252,2026-07-06,2890,Paid
10845,1252,2026-08-03,2890,Paid
10846,1252,2026-09-01,2890,Paid
10847,1252,2026-10-01,2890,Paid
10848,1252,2026-11-01,2890,Pending
10849,1252,2026-12-01,2890,Paid
13142,1253,2026-09-03,2916,Paid
13143,1253,2026-10-04,2916,Pending
13144,1253,2026-11-02,2916,Paid
13145,1253,2026-12-01,2916,Paid
7070,1254,2026-03-04,3648,Overdue
7071,1254,2026-04-01,3648,Paid
7072,1254,2026-05-01,3648,Paid
6970,1255,2026-02-27,2598,Paid
6971,1255,2026-03-03,2598,Pending
6972,1255,2026-03-30,2598,Pending
14720,1256,2026-10-13,3671,Paid
14721,1256,2026-11-01,3671,Paid
14722,1256,2026-12-02,3671,Paid
8528,1257,2026-04-22,3546,Paid
8529,1257,2026-05-01,3546,Paid
499,1258,2024-11-07,2925,Paid
500,1258,2024-12-01,2925,Pending
501,1258,2025-01-01,2925,Overdue
502,1258,2025-02-02,2925,Paid
503,1258,2025-02-27,2925,Paid
504,1258,2025-04-01,2925,Paid
505,1258,2025-05-01,2925,Paid
506,1258,2025-06-03,2925,Failed
507,1258,2025-07-01,2925,Paid
508,1258,2025-08-01,2925,Paid
509,1258,2025-09-04,2925,Paid
510,1258,2025-10-01,2925,Paid
511,1258,2025-11-01,2925,Paid
512,1258,2025-12-02,2925,Paid
513,1258,2025-12-30,2925,Paid
514,1258,2026-02-04,2925,Pending
515,1258,2026-03-01,2925,Paid
516,1258,2026-04-01,2925,Paid
517,1258,2026-05-04,2925,Paid
518,1258,2026-06-01,2925,Paid
519,1258,2026-06-30,2925,Paid
520,1258,2026-08-02,2925,Paid
521,1258,2026-09-01,2925,Paid
522,1258,2026-10-01,2925,Paid
523,1258,2026-11-01,2925,Paid
4798,1259,2025-11-20,2506,Paid
4799,1259,2025-12-04,2506,Paid
10436,1260,2026-06-23,2452,Pending
10437,1260,2026-07-01,2452,Overdue
10438,1260,2026-08-08,2452,Overdue
10439,1260,2026-09-02,2452,Paid
10440,1260,2026-10-01,2452,Paid
10441,1260,2026-11-01,2452,Paid
10442,1260,2026-12-08,2452,Paid
14826,1261,2026-10-15,4918,Paid
14827,1261,2026-11-01,4918,Paid
14828,1261,2026-12-01,4918,Paid
3406,1262,2025-08-28,3224,Paid
3407,1262,2025-09-06,3224,Paid
3408,1262,2025-10-01,3224,Paid
3409,1262,2025-10-31,3224,Paid
15339,1263,2026-10-25,3253,Paid
15340,1263,2026-11-01,3253,Overdue
15341,1263,2026-12-01,3253,Paid
4334,1264,2025-10-27,4524,Paid
4335,1264,2025-11-01,4524,Paid
4336,1264,2025-12-03,4524,Paid
4337,1264,2026-01-01,4524,Paid
11234,1265,2026-07-17,2707,Overdue
11235,1265,2026-08-06,2707,Pending
11236,1265,2026-09-01,2707,Overdue
11237,1265,2026-10-01,2707,Paid
11238,1265,2026-11-01,2707,Paid
11239,1265,2026-12-01,2707,Pending
15447,1266,2026-10-27,4508,Paid
15448,1266,2026-10-30,4508,Paid
14785,1267,2026-10-14,3875,Overdue
14786,1267,2026-11-01,3875,Paid
2242,1268,2025-05-26,3499,Paid
2243,1268,2025-06-01,3499,Paid
2244,1268,2025-07-08,3499,Paid
94,1269,2024-06-22,4054,Paid
95,1269,2024-06-29,4054,Paid
96,1269,2024-08-01,4054,Paid
97,1269,2024-09-01,4054,Paid
98,1269,2024-10-01,4054,Overdue
99,1269,2024-11-01,4054,Paid
100,1269,2024-12-01,4054,Overdue
5039,1270,2025-11-30,3982,Failed
5040,1270,2025-12-02,3982,Pending
13109,1271,2026-09-02,4633,Paid
13110,1271,2026-10-01,4633,Paid
14616,1272,2026-10-10,3183,Overdue
14617,1272,2026-11-08,3183,Paid
14618,1272,2026-12-01,3183,Paid
13405,1273,2026-09-09,3262,Paid
13406,1273,2026-10-04,3262,Paid
13407,1273,2026-10-31,3262,Paid
13408,1273,2026-12-02,3262,Paid
1162,1274,2025-02-20,2863,Paid
1163,1274,2025-03-01,2863,Paid
1164,1274,2025-04-01,2863,Paid
1165,1274,2025-05-02,2863,Paid
1166,1274,2025-06-01,2863,Paid
1167,1274,2025-07-03,2863,Paid
1168,1274,2025-08-06,2863,Paid
5162,1275,2025-12-09,4425,Pending
5163,1275,2026-01-01,4425,Paid
14673,1276,2026-10-11,2467,Paid
14674,1276,2026-11-01,2467,Paid
10348,1277,2026-06-21,3585,Paid
10349,1277,2026-07-03,3585,Paid
10350,1277,2026-08-04,3585,Paid
10351,1277,2026-09-01,3585,Paid
10352,1277,2026-10-01,3585,Paid
10353,1277,2026-10-30,3585,Overdue
10354,1277,2026-12-01,3585,Overdue
8540,1278,2026-04-22,2848,Overdue
8541,1278,2026-05-03,2848,Paid
8542,1278,2026-06-01,2848,Paid
2008,1279,2025-05-07,4274,Overdue
2009,1279,2025-06-01,4274,Paid
2010,1279,2025-07-01,4274,Paid
2011,1279,2025-08-01,4274,Paid
2012,1279,2025-09-02,4274,Paid
2013,1279,2025-10-04,4274,Paid
2014,1279,2025-11-02,4274,Paid
2015,1279,2025-11-29,4274,Paid
2016,1279,2026-01-01,4274,Paid
2017,1279,2026-02-01,4274,Pending
2018,1279,2026-03-03,4274,Overdue
2019,1279,2026-04-01,4274,Paid
2020,1279,2026-05-01,4274,Paid
12644,1280,2026-08-22,4335,Paid
12645,1280,2026-09-04,4335,Paid
12646,1280,2026-10-01,4335,Paid
12647,1280,2026-11-01,4335,Paid
12648,1280,2026-12-03,4335,Paid
9792,1281,2026-06-01,2941,Overdue
9793,1281,2026-07-01,2941,Pending
9794,1281,2026-08-01,2941,Paid
9795,1281,2026-09-03,2941,Paid
9796,1281,2026-10-01,2941,Paid
9797,1281,2026-11-01,2941,Paid
9798,1281,2026-12-02,2941,Overdue
2841,1282,2025-07-18,2270,Paid
2842,1282,2025-08-04,2270,Paid
15244,1283,2026-10-24,2343,Paid
15245,1283,2026-11-01,2343,Paid
15246,1283,2026-12-02,2343,Paid
3977,1284,2025-10-03,3706,Paid
3978,1284,2025-11-08,3706,Paid
3979,1284,2025-12-01,3706,Paid
3980,1284,2026-01-01,3706,Failed
3981,1284,2026-02-01,3706,Paid
3982,1284,2026-03-01,3706,Paid
3983,1284,2026-04-02,3706,Paid
3984,1284,2026-05-01,3706,Paid
3985,1284,2026-06-01,3706,Overdue
3986,1284,2026-07-01,3706,Paid
3987,1284,2026-07-31,3706,Paid
3988,1284,2026-09-01,3706,Paid
3989,1284,2026-10-01,3706,Paid
5958,1285,2026-01-16,3002,Paid
5959,1285,2026-02-01,3002,Paid
5960,1285,2026-03-02,3002,Overdue
5961,1285,2026-04-01,3002,Paid
5962,1285,2026-05-04,3002,Paid
5963,1285,2026-06-01,3002,Paid
5964,1285,2026-07-04,3002,Paid
9496,1286,2026-05-21,3033,Paid
9497,1286,2026-06-03,3033,Paid
9498,1286,2026-07-01,3033,Paid
9499,1286,2026-08-03,3033,Overdue
11580,1287,2026-07-26,2493,Paid
11581,1287,2026-08-02,2493,Paid
11582,1287,2026-09-01,2493,Paid
13330,1288,2026-09-08,3757,Paid
13331,1288,2026-09-30,3757,Paid
11030,1289,2026-07-11,4821,Paid
11031,1289,2026-08-01,4821,Pending
11032,1289,2026-09-03,4821,Paid
11033,1289,2026-10-01,4821,Paid
6101,1290,2026-01-22,3443,Paid
6102,1290,2026-01-31,3443,Paid
6103,1290,2026-03-01,3443,Paid
6104,1290,2026-04-01,3443,Paid
6105,1290,2026-05-01,3443,Paid
6106,1290,2026-06-01,3443,Paid
6107,1290,2026-06-29,3443,Paid
13711,1291,2026-09-19,4874,Paid
13712,1291,2026-10-01,4874,Failed
13713,1291,2026-11-01,4874,Paid
13714,1291,2026-12-08,4874,Paid
15090,1292,2026-10-20,2566,Paid
15091,1292,2026-10-31,2566,Paid
15092,1292,2026-12-01,2566,Paid
9970,1293,2026-06-07,4392,Paid
9971,1293,2026-07-02,4392,Paid
9972,1293,2026-08-01,4392,Pending
9973,1293,2026-09-02,4392,Paid
2308,1294,2025-06-02,3400,Paid
2309,1294,2025-07-01,3400,Paid
2310,1294,2025-08-01,3400,Overdue
2311,1294,2025-09-01,3400,Paid
2312,1294,2025-10-01,3400,Paid
2313,1294,2025-11-01,3400,Paid
2314,1294,2025-12-01,3400,Overdue
16044,1295,2026-12-13,3438,Paid
15514,1296,2026-10-28,3414,Paid
15515,1296,2026-11-02,3414,Paid
15866,1297,2026-11-12,4638,Paid
15867,1297,2026-12-01,4638,Paid
12464,1298,2026-08-16,2968,Overdue
12465,1298,2026-09-01,2968,Paid
11192,1299,2026-07-16,2783,Paid
11193,1299,2026-08-02,2783,Paid
11194,1299,2026-09-01,2783,Failed
11195,1299,2026-10-08,2783,Overdue
11196,1299,2026-11-01,2783,Paid
11197,1299,2026-12-01,2783,Paid
14658,1300,2026-10-11,4960,Paid
14659,1300,2026-11-01,4960,Paid
14660,1300,2026-12-01,4960,Failed
7593,1301,2026-03-18,2545,Paid
7594,1301,2026-04-01,2545,Paid
7595,1301,2026-05-01,2545,Paid
7596,1301,2026-05-30,2545,Paid
7597,1301,2026-07-01,2545,Paid
7598,1301,2026-08-01,2545,Paid
7599,1301,2026-08-31,2545,Paid
7600,1301,2026-10-04,2545,Paid
7601,1301,2026-11-01,2545,Paid
7602,1301,2026-12-01,2545,Paid
10780,1302,2026-07-04,3331,Paid
10781,1302,2026-08-01,3331,Pending
10782,1302,2026-09-01,3331,Overdue
8418,1303,2026-04-16,2651,Overdue
8419,1303,2026-05-01,2651,Paid
8420,1303,2026-06-01,2651,Paid
8421,1303,2026-07-01,2651,Paid
8422,1303,2026-07-31,2651,Paid
8423,1303,2026-09-02,2651,Paid
8424,1303,2026-10-01,2651,Paid
8425,1303,2026-10-30,2651,Paid
8426,1303,2026-12-01,2651,Paid
15313,1304,2026-10-25,2210,Overdue
15314,1304,2026-11-03,2210,Failed
13967,1305,2026-09-24,2366,Paid
13968,1305,2026-10-01,2366,Paid
13969,1305,2026-11-01,2366,Paid
13970,1305,2026-12-01,2366,Paid
2868,1306,2025-07-19,3243,Paid
2869,1306,2025-08-01,3243,Paid
2637,1307,2025-06-25,2385,Paid
2638,1307,2025-07-01,2385,Paid
2639,1307,2025-08-01,2385,Overdue
2640,1307,2025-09-01,2385,Overdue
2641,1307,2025-10-01,2385,Paid
2642,1307,2025-11-01,2385,Pending
2643,1307,2025-12-01,2385,Paid
2644,1307,2026-01-01,2385,Paid
2645,1307,2026-02-04,2385,Paid
2646,1307,2026-03-01,2385,Paid
2647,1307,2026-04-01,2385,Overdue
2648,1307,2026-05-02,2385,Paid
2649,1307,2026-06-03,2385,Paid
2650,1307,2026-07-01,2385,Paid
2651,1307,2026-08-01,2385,Paid
2652,1307,2026-09-04,2385,Paid
2653,1307,2026-10-01,2385,Overdue
2654,1307,2026-11-01,2385,Paid
2655,1307,2026-12-01,2385,Overdue
5049,1308,2025-12-02,3078,Pending
5050,1308,2026-01-01,3078,Paid
5051,1308,2026-02-01,3078,Paid
5052,1308,2026-03-01,3078,Paid
5053,1308,2026-04-02,3078,Paid
5054,1308,2026-05-02,3078,Paid
5055,1308,2026-05-31,3078,Pending
4761,1309,2025-11-18,3645,Paid
4762,1309,2025-12-01,3645,Paid
4763,1309,2026-01-01,3645,Overdue
4764,1309,2026-01-31,3645,Paid
4765,1309,2026-03-01,3645,Overdue
4766,1309,2026-03-31,3645,Paid
4767,1309,2026-05-03,3645,Paid
9755,1310,2026-05-31,3819,Paid
9756,1310,2026-06-04,3819,Paid
9757,1310,2026-07-06,3819,Paid
9758,1310,2026-07-30,3819,Paid
9759,1310,2026-09-01,3819,Paid
9760,1310,2026-10-02,3819,Pending
9761,1310,2026-11-01,3819,Paid
9762,1310,2026-12-01,3819,Paid
12942,1311,2026-08-29,2603,Pending
12943,1311,2026-09-01,2603,Paid
13905,1312,2026-09-23,2131,Paid
13906,1312,2026-10-01,2131,Paid
3444,1313,2025-09-01,2903,Failed
3445,1313,2025-10-01,2903,Paid
3446,1313,2025-11-01,2903,Paid
3447,1313,2025-12-03,2903,Paid
3448,1313,2026-01-03,2903,Paid
3449,1313,2026-02-03,2903,Paid
3450,1313,2026-03-03,2903,Paid
3451,1313,2026-04-01,2903,Paid
3452,1313,2026-05-04,2903,Paid
3453,1313,2026-06-01,2903,Pending
3454,1313,2026-07-01,2903,Paid
3455,1313,2026-08-01,2903,Paid
3456,1313,2026-09-04,2903,Paid
10901,1314,2026-07-07,3287,Paid
10902,1314,2026-08-01,3287,Paid
10903,1314,2026-09-01,3287,Paid
9890,1315,2026-06-04,2346,Overdue
9891,1315,2026-07-01,2346,Failed
1179,1316,2025-02-23,3056,Paid
1180,1316,2025-03-01,3056,Overdue
1181,1316,2025-04-03,3056,Paid
1182,1316,2025-05-02,3056,Paid
5116,1317,2025-12-04,3726,Paid
5117,1317,2025-12-30,3726,Paid
5118,1317,2026-02-01,3726,Paid
5119,1317,2026-03-01,3726,Paid
5120,1317,2026-04-01,3726,Paid
5121,1317,2026-05-01,3726,Paid
5122,1317,2026-06-01,3726,Paid
13681,1318,2026-09-18,4484,Paid
13682,1318,2026-10-08,4484,Paid
1176,1319,2025-02-23,3189,Paid
1177,1319,2025-03-01,3189,Paid
1178,1319,2025-04-01,3189,Paid
11538,1320,2026-07-24,3047,Paid
11539,1320,2026-07-30,3047,Paid
2168,1321,2025-05-22,2686,Paid
2169,1321,2025-06-01,2686,Paid
2170,1321,2025-07-01,2686,Paid
2171,1321,2025-08-08,2686,Paid
2888,1322,2025-07-24,4285,Paid
2889,1322,2025-08-01,4285,Failed
2890,1322,2025-09-01,4285,Paid
2891,1322,2025-10-02,4285,Paid
2892,1322,2025-11-01,4285,Paid
2893,1322,2025-12-01,4285,Paid
2894,1322,2026-01-01,4285,Paid
2895,1322,2026-02-01,4285,Paid
2896,1322,2026-03-02,4285,Paid
2897,1322,2026-04-01,4285,Paid
2898,1322,2026-05-01,4285,Paid
2899,1322,2026-06-01,4285,Paid
2900,1322,2026-07-01,4285,Overdue
2901,1322,2026-08-01,4285,Pending
2902,1322,2026-09-01,4285,Paid
2903,1322,2026-10-03,4285,Paid
2904,1322,2026-11-01,4285,Paid
2905,1322,2026-12-01,4285,Paid
7463,1323,2026-03-15,2339,Overdue
7464,1323,2026-04-02,2339,Overdue
7465,1323,2026-04-29,2339,Overdue
7466,1323,2026-06-01,2339,Paid
7467,1323,2026-07-01,2339,Paid
7468,1323,2026-08-01,2339,Paid
7469,1323,2026-09-01,2339,Paid
7470,1323,2026-09-29,2339,Paid
7471,1323,2026-11-01,2339,Paid
7472,1323,2026-12-01,2339,Paid
13571,1324,2026-09-14,2711,Paid
13572,1324,2026-10-08,2711,Pending
13573,1324,2026-11-01,2711,Paid
13574,1324,2026-12-01,2711,Paid
3282,1325,2025-08-20,2285,Pending
3283,1325,2025-09-01,2285,Pending
10480,1326,2026-06-25,3409,Paid
10481,1326,2026-07-01,3409,Failed
10482,1326,2026-08-01,3409,Paid
10483,1326,2026-09-04,3409,Pending
10484,1326,2026-09-30,3409,Paid
10485,1326,2026-11-01,3409,Paid
10486,1326,2026-12-01,3409,Failed
5522,1327,2025-12-27,2849,Paid
5523,1327,2026-01-01,2849,Paid
5524,1327,2026-02-01,2849,Pending
5525,1327,2026-03-01,2849,Paid
5526,1327,2026-04-01,2849,Paid
5527,1327,2026-05-01,2849,Pending
5528,1327,2026-06-01,2849,Paid
5678,1328,2026-01-05,2429,Paid
5679,1328,2026-02-01,2429,Paid
3101,1329,2025-08-08,2330,Paid
3102,1329,2025-09-01,2330,Paid
3103,1329,2025-10-01,2330,Paid
3104,1329,2025-11-02,2330,Overdue
3105,1329,2025-12-04,2330,Paid
3106,1329,2026-01-03,2330,Paid
3107,1329,2026-02-01,2330,Paid
3108,1329,2026-03-01,2330,Overdue
3109,1329,2026-04-01,2330,Paid
3110,1329,2026-05-01,2330,Paid
3111,1329,2026-05-30,2330,Paid
3112,1329,2026-07-01,2330,Paid
3113,1329,2026-08-02,2330,Paid
3114,1329,2026-09-01,2330,Paid
3115,1329,2026-10-01,2330,Paid
3116,1329,2026-10-30,2330,Overdue
3117,1329,2026-12-01,2330,Paid
3383,1330,2025-08-25,3102,Paid
3384,1330,2025-09-01,3102,Paid
3385,1330,2025-10-03,3102,Paid
3386,1330,2025-11-06,3102,Paid
3387,1330,2025-12-01,3102,Paid
3388,1330,2026-01-06,3102,Paid
3389,1330,2026-02-03,3102,Pending
3390,1330,2026-03-01,3102,Paid
3391,1330,2026-04-01,3102,Paid
3392,1330,2026-05-02,3102,Paid
3393,1330,2026-06-01,3102,Paid
3394,1330,2026-07-01,3102,Paid
3395,1330,2026-08-01,3102,Paid
11995,1331,2026-08-05,2939,Paid
11996,1331,2026-09-03,2939,Paid
11997,1331,2026-10-02,2939,Paid
11998,1331,2026-11-01,2939,Paid
11999,1331,2026-11-29,2939,Overdue
13454,1332,2026-09-11,3484,Overdue
13455,1332,2026-10-01,3484,Paid
13456,1332,2026-11-01,3484,Pending
13457,1332,2026-12-04,3484,Paid
13909,1333,2026-09-23,4872,Paid
13910,1333,2026-10-01,4872,Paid
13911,1333,2026-11-01,4872,Paid
7157,1334,2026-03-06,3611,Failed
7158,1334,2026-04-06,3611,Paid
7159,1334,2026-05-01,3611,Paid
6016,1335,2026-01-18,3027,Overdue
6017,1335,2026-02-01,3027,Failed
6018,1335,2026-03-02,3027,Overdue
6019,1335,2026-04-01,3027,Paid
6020,1335,2026-04-29,3027,Paid
6021,1335,2026-06-01,3027,Paid
6022,1335,2026-07-03,3027,Pending
14532,1336,2026-10-08,3809,Paid
14533,1336,2026-11-01,3809,Failed
14534,1336,2026-12-01,3809,Paid
593,1337,2024-11-24,2948,Paid
594,1337,2024-12-01,2948,Paid
595,1337,2025-01-01,2948,Paid
596,1337,2025-02-06,2948,Pending
3314,1338,2025-08-21,4619,Paid
3315,1338,2025-09-01,4619,Paid
3316,1338,2025-10-03,4619,Paid
3317,1338,2025-11-01,4619,Paid
3318,1338,2025-12-01,4619,Paid
3319,1338,2026-01-01,4619,Paid
3320,1338,2026-02-08,4619,Paid
3321,1338,2026-03-01,4619,Paid
3322,1338,2026-04-01,4619,Paid
3323,1338,2026-05-03,4619,Paid
3324,1338,2026-06-01,4619,Paid
3325,1338,2026-07-01,4619,Paid
3326,1338,2026-08-01,4619,Paid
15125,1339,2026-10-21,4861,Paid
15126,1339,2026-11-01,4861,Paid
15127,1339,2026-12-01,4861,Paid
1577,1340,2025-03-29,3873,Paid
1578,1340,2025-04-01,3873,Paid
1579,1340,2025-05-01,3873,Paid
1580,1340,2025-06-01,3873,Paid
14137,1341,2026-09-27,2736,Overdue
14138,1341,2026-10-01,2736,Pending
14139,1341,2026-11-01,2736,Paid
14140,1341,2026-12-02,2736,Paid
6461,1342,2026-02-05,3203,Pending
6462,1342,2026-03-03,3203,Paid
6463,1342,2026-04-06,3203,Paid
6464,1342,2026-05-04,3203,Overdue
6465,1342,2026-06-03,3203,Paid
6466,1342,2026-07-01,3203,Paid
6467,1342,2026-08-01,3203,Pending
6468,1342,2026-09-01,3203,Paid
6469,1342,2026-10-02,3203,Paid
6470,1342,2026-11-01,3203,Paid
6471,1342,2026-12-01,3203,Paid
8914,1343,2026-05-04,4162,Paid
8915,1343,2026-06-01,4162,Paid
8916,1343,2026-07-01,4162,Paid
8917,1343,2026-08-01,4162,Paid
8918,1343,2026-09-01,4162,Paid
8919,1343,2026-10-01,4162,Paid
8920,1343,2026-11-01,4162,Paid
8294,1344,2026-04-13,2864,Failed
8295,1344,2026-05-01,2864,Paid
8296,1344,2026-05-30,2864,Paid
5972,1345,2026-01-17,3422,Paid
5973,1345,2026-02-04,3422,Paid
5974,1345,2026-03-01,3422,Paid
16105,1346,2026-12-25,3612,Paid
15978,1347,2026-12-02,2475,Paid
5714,1348,2026-01-06,3672,Paid
5715,1348,2026-02-08,3672,Paid
5716,1348,2026-03-01,3672,Paid
15642,1349,2026-10-30,3235,Paid
15643,1349,2026-11-01,3235,Paid
15644,1349,2026-12-01,3235,Paid
1064,1350,2025-01-29,2381,Paid
1065,1350,2025-02-03,2381,Pending
1066,1350,2025-03-01,2381,Paid
1067,1350,2025-04-01,2381,Paid
10192,1351,2026-06-15,4746,Paid
10193,1351,2026-07-08,4746,Paid
10194,1351,2026-08-03,4746,Paid
10195,1351,2026-09-01,4746,Paid
10196,1351,2026-10-02,4746,Paid
10197,1351,2026-11-01,4746,Paid
10198,1351,2026-12-01,4746,Paid
14771,1352,2026-10-14,3782,Paid
14772,1352,2026-11-01,3782,Paid
15382,1353,2026-10-26,3712,Failed
15383,1353,2026-11-02,3712,Paid
15384,1353,2026-12-01,3712,Paid
14275,1354,2026-10-01,3805,Paid
14276,1354,2026-11-01,3805,Paid
14277,1354,2026-12-01,3805,Paid
15353,1355,2026-10-25,2601,Paid
15354,1355,2026-10-31,2601,Paid
15333,1356,2026-10-25,2842,Paid
15334,1356,2026-11-01,2842,Paid
15335,1356,2026-12-01,2842,Paid
15918,1357,2026-11-21,2455,Paid
15919,1357,2026-12-01,2455,Paid
10359,1358,2026-06-21,3011,Paid
10360,1358,2026-07-01,3011,Paid
10361,1358,2026-08-01,3011,Paid
10362,1358,2026-09-01,3011,Paid
9148,1359,2026-05-10,4578,Overdue
9149,1359,2026-06-01,4578,Failed
9150,1359,2026-07-01,4578,Paid
9151,1359,2026-08-02,4578,Paid
9152,1359,2026-09-01,4578,Paid
9153,1359,2026-10-01,4578,Paid
9154,1359,2026-11-01,4578,Paid
9155,1359,2026-12-02,4578,Paid
11609,1360,2026-07-27,2402,Pending
11610,1360,2026-08-01,2402,Paid
11611,1360,2026-09-01,2402,Paid
4817,1361,2025-11-22,2913,Paid
4818,1361,2025-12-01,2913,Paid
4819,1361,2026-01-01,2913,Paid
4820,1361,2026-02-01,2913,Paid
4821,1361,2026-03-03,2913,Paid
4822,1361,2026-04-01,2913,Paid
4823,1361,2026-05-01,2913,Pending
9849,1362,2026-06-03,2796,Paid
9850,1362,2026-07-01,2796,Failed
11583,1363,2026-07-26,3122,Failed
11584,1363,2026-08-04,3122,Pending
11585,1363,2026-09-01,3122,Paid
11586,1363,2026-10-03,3122,Paid
11587,1363,2026-11-01,3122,Overdue
11588,1363,2026-12-01,3122,Paid
3310,1364,2025-08-21,2602,Overdue
3311,1364,2025-09-01,2602,Paid
3312,1364,2025-09-30,2602,Paid
3313,1364,2025-11-01,2602,Paid
14736,1365,2026-10-13,2676,Paid
14737,1365,2026-11-06,2676,Pending
14738,1365,2026-12-01,2676,Paid
10654,1366,2026-06-29,3648,Paid
10655,1366,2026-07-01,3648,Paid
10656,1366,2026-07-31,3648,Paid
12708,1367,2026-08-23,3942,Paid
12709,1367,2026-09-01,3942,Paid
12710,1367,2026-10-01,3942,Paid
12711,1367,2026-11-01,3942,Paid
12712,1367,2026-12-01,3942,Overdue
11297,1368,2026-07-18,4764,Paid
11298,1368,2026-08-01,4764,Paid
11299,1368,2026-09-01,4764,Paid
11300,1368,2026-10-02,4764,Paid
11301,1368,2026-11-01,4764,Paid
11302,1368,2026-12-01,4764,Pending
16059,1369,2026-12-16,2800,Paid
4782,1370,2025-11-19,4206,Paid
4783,1370,2025-12-04,4206,Paid
4784,1370,2026-01-01,4206,Paid
4785,1370,2026-02-04,4206,Paid
4786,1370,2026-03-01,4206,Paid
4787,1370,2026-04-01,4206,Paid
4788,1370,2026-05-01,4206,Paid
9016,1371,2026-05-06,2306,Paid
9017,1371,2026-06-06,2306,Paid
9018,1371,2026-07-02,2306,Paid
9019,1371,2026-08-04,2306,Paid
14636,1372,2026-10-10,2750,Overdue
14637,1372,2026-11-01,2750,Paid
14638,1372,2026-12-06,2750,Paid
10080,1373,2026-06-10,3168,Overdue
10081,1373,2026-07-01,3168,Paid
10082,1373,2026-08-01,3168,Paid
10083,1373,2026-09-01,3168,Paid
15577,1374,2026-10-29,2513,Paid
15578,1374,2026-11-03,2513,Paid
15579,1374,2026-12-01,2513,Overdue
9900,1375,2026-06-04,2982,Paid
9901,1375,2026-07-01,2982,Paid
9902,1375,2026-08-01,2982,Paid
9903,1375,2026-09-03,2982,Pending
9904,1375,2026-10-01,2982,Paid
9905,1375,2026-11-02,2982,Paid
9906,1375,2026-12-02,2982,Paid
9100,1376,2026-05-09,3785,Paid
9101,1376,2026-06-01,3785,Pending
9102,1376,2026-07-03,3785,Paid
9103,1376,2026-08-01,3785,Paid
4160,1377,2025-10-14,4590,Overdue
4161,1377,2025-11-01,4590,Paid
4162,1377,2025-12-01,4590,Overdue
738,1378,2024-12-21,2132,Overdue
739,1378,2025-01-01,2132,Paid
740,1378,2025-02-06,2132,Paid
741,1378,2025-03-03,2132,Paid
7049,1379,2026-03-03,3011,Paid
7050,1379,2026-04-01,3011,Overdue
7051,1379,2026-05-03,3011,Paid
7052,1379,2026-06-01,3011,Paid
7053,1379,2026-07-01,3011,Failed
7054,1379,2026-08-01,3011,Overdue
7055,1379,2026-09-01,3011,Failed
7056,1379,2026-10-01,3011,Paid
7057,1379,2026-11-01,3011,Paid
7058,1379,2026-11-30,3011,Pending
9914,1380,2026-06-04,3410,Paid
9915,1380,2026-07-01,3410,Paid
9916,1380,2026-08-01,3410,Paid
15031,1381,2026-10-20,2987,Paid
15032,1381,2026-11-01,2987,Paid
15033,1381,2026-12-04,2987,Paid
9320,1382,2026-05-17,2986,Overdue
9321,1382,2026-06-03,2986,Failed
9322,1382,2026-07-01,2986,Failed
9323,1382,2026-08-03,2986,Paid
9324,1382,2026-09-01,2986,Paid
9325,1382,2026-09-29,2986,Paid
9326,1382,2026-10-30,2986,Paid
9327,1382,2026-12-01,2986,Paid
433,1383,2024-10-15,3916,Pending
434,1383,2024-11-04,3916,Paid
435,1383,2024-12-01,3916,Overdue
436,1383,2025-01-01,3916,Paid
901,1384,2025-01-10,3752,Paid
902,1384,2025-02-03,3752,Pending
903,1384,2025-03-02,3752,Paid
904,1384,2025-04-01,3752,Paid
905,1384,2025-05-01,3752,Paid
906,1384,2025-06-01,3752,Paid
907,1384,2025-07-06,3752,Paid
531,1385,2024-11-10,2037,Paid
532,1385,2024-12-01,2037,Paid
533,1385,2025-01-01,2037,Paid
13569,1386,2026-09-14,3066,Paid
13570,1386,2026-10-02,3066,Paid
8971,1387,2026-05-05,4128,Paid
8972,1387,2026-06-01,4128,Paid
8973,1387,2026-07-01,4128,Paid
8974,1387,2026-07-30,4128,Paid
8975,1387,2026-09-02,4128,Paid
8976,1387,2026-10-01,4128,Paid
8977,1387,2026-11-08,4128,Paid
8978,1387,2026-12-01,4128,Paid
4536,1388,2025-11-06,4628,Paid
4537,1388,2025-12-01,4628,Paid
11835,1389,2026-07-31,2986,Paid
11836,1389,2026-08-01,2986,Paid
11837,1389,2026-08-31,2986,Pending
3262,1390,2025-08-20,3545,Pending
3263,1390,2025-09-01,3545,Paid
3264,1390,2025-10-01,3545,Paid
3265,1390,2025-11-01,3545,Paid
3266,1390,2025-12-01,3545,Paid
3267,1390,2026-01-01,3545,Paid
3268,1390,2026-02-04,3545,Paid
3269,1390,2026-03-01,3545,Paid
3270,1390,2026-04-01,3545,Paid
3271,1390,2026-05-01,3545,Paid
3272,1390,2026-06-01,3545,Paid
3273,1390,2026-07-01,3545,Overdue
3274,1390,2026-08-01,3545,Paid
3626,1391,2025-09-17,4677,Paid
3627,1391,2025-10-01,4677,Paid
3628,1391,2025-11-06,4677,Paid
3629,1391,2025-12-01,4677,Paid
15215,1392,2026-10-23,2604,Paid
15216,1392,2026-11-02,2604,Paid
15217,1392,2026-12-01,2604,Paid
12318,1393,2026-08-13,3432,Paid
12319,1393,2026-09-01,3432,Failed
12320,1393,2026-10-03,3432,Paid
12321,1393,2026-11-03,3432,Paid
12322,1393,2026-12-02,3432,Paid
15972,1394,2026-12-01,3444,Overdue
15970,1395,2026-12-01,3059,Paid
13939,1396,2026-09-23,3138,Paid
13940,1396,2026-10-02,3138,Paid
13941,1396,2026-11-01,3138,Overdue
13942,1396,2026-12-01,3138,Paid
4519,1397,2025-11-04,2457,Failed
4520,1397,2025-12-01,2457,Paid
4521,1397,2026-01-01,2457,Paid
4522,1397,2026-02-01,2457,Overdue
11104,1398,2026-07-13,4928,Paid
11105,1398,2026-08-01,4928,Paid
4920,1399,2025-11-27,4524,Pending
4921,1399,2025-12-03,4524,Paid
4922,1399,2026-01-01,4524,Overdue
4923,1399,2026-02-01,4524,Overdue
4924,1399,2026-03-01,4524,Paid
4925,1399,2026-04-01,4524,Overdue
4926,1399,2026-05-01,4524,Paid
15960,1400,2026-12-01,2216,Paid
6317,1401,2026-01-30,4427,Paid
6318,1401,2026-02-02,4427,Overdue
6319,1401,2026-03-01,4427,Paid
6320,1401,2026-04-01,4427,Overdue
6321,1401,2026-05-04,4427,Paid
6322,1401,2026-06-01,4427,Paid
6323,1401,2026-07-01,4427,Paid
6324,1401,2026-08-01,4427,Paid
6325,1401,2026-09-04,4427,Failed
6326,1401,2026-10-01,4427,Paid
6327,1401,2026-11-03,4427,Paid
6328,1401,2026-12-01,4427,Paid
14145,1402,2026-09-28,2506,Paid
14146,1402,2026-10-01,2506,Paid
11850,1403,2026-08-01,3260,Overdue
11851,1403,2026-09-01,3260,Paid
13171,1404,2026-09-04,2903,Paid
13172,1404,2026-10-01,2903,Paid
16061,1405,2026-12-16,3080,Failed
4875,1406,2025-11-23,4253,Paid
4876,1406,2025-12-01,4253,Pending
4877,1406,2026-01-02,4253,Paid
4878,1406,2026-02-01,4253,Paid
4879,1406,2026-03-06,4253,Paid
4880,1406,2026-04-01,4253,Paid
4881,1406,2026-05-01,4253,Paid
13881,1407,2026-09-22,3126,Paid
13882,1407,2026-10-01,3126,Paid
13883,1407,2026-10-31,3126,Paid
13884,1407,2026-12-01,3126,Paid
2058,1408,2025-05-13,2819,Paid
2059,1408,2025-06-01,2819,Paid
2060,1408,2025-07-01,2819,Pending
2061,1408,2025-08-01,2819,Paid
4330,1409,2025-10-27,2774,Paid
4331,1409,2025-11-06,2774,Failed
4332,1409,2025-12-01,2774,Paid
4333,1409,2026-01-01,2774,Paid
6242,1410,2026-01-27,2991,Paid
6243,1410,2026-02-01,2991,Paid
6244,1410,2026-03-03,2991,Pending
14793,1411,2026-10-14,4326,Paid
14794,1411,2026-11-01,4326,Failed
14795,1411,2026-12-01,4326,Paid
14546,1412,2026-10-08,3450,Paid
14547,1412,2026-11-01,3450,Paid
14548,1412,2026-12-01,3450,Paid
12275,1413,2026-08-12,4425,Paid
12276,1413,2026-08-31,4425,Overdue
12277,1413,2026-10-01,4425,Failed
12278,1413,2026-11-01,4425,Pending
12279,1413,2026-12-01,4425,Paid
8077,1414,2026-04-06,2846,Paid
8078,1414,2026-05-01,2846,Paid
8079,1414,2026-06-01,2846,Paid
631,1415,2024-11-30,3559,Pending
632,1415,2024-12-01,3559,Paid
633,1415,2025-01-01,3559,Paid
634,1415,2025-02-08,3559,Paid
635,1415,2025-03-01,3559,Paid
636,1415,2025-04-01,3559,Paid
637,1415,2025-05-01,3559,Paid
638,1415,2025-06-01,3559,Overdue
639,1415,2025-07-01,3559,Paid
640,1415,2025-08-04,3559,Paid
641,1415,2025-09-04,3559,Paid
642,1415,2025-09-30,3559,Paid
643,1415,2025-11-01,3559,Paid
644,1415,2025-12-01,3559,Paid
645,1415,2026-01-01,3559,Paid
646,1415,2026-02-03,3559,Failed
647,1415,2026-03-06,3559,Paid
648,1415,2026-04-01,3559,Paid
649,1415,2026-04-29,3559,Paid
9952,1416,2026-06-06,4834,Paid
9953,1416,2026-07-03,4834,Paid
7698,1417,2026-03-22,3567,Paid
7699,1417,2026-04-01,3567,Paid
7700,1417,2026-05-01,3567,Paid
7701,1417,2026-06-03,3567,Overdue
7702,1417,2026-07-06,3567,Overdue
7703,1417,2026-08-01,3567,Paid
7704,1417,2026-09-01,3567,Paid
7705,1417,2026-10-03,3567,Pending
7706,1417,2026-11-01,3567,Paid
7707,1417,2026-12-01,3567,Paid
13719,1418,2026-09-19,4378,Paid
13720,1418,2026-10-01,4378,Paid
15709,1419,2026-10-31,4600,Paid
15710,1419,2026-11-02,4600,Paid
15711,1419,2026-12-03,4600,Paid
6828,1420,2026-02-21,4661,Paid
6829,1420,2026-03-01,4661,Paid
6830,1420,2026-04-01,4661,Paid
6831,1420,2026-05-01,4661,Paid
278,1421,2024-09-05,4655,Overdue
279,1421,2024-10-01,4655,Paid
280,1421,2024-11-01,4655,Overdue
281,1421,2024-12-03,4655,Paid
8905,1422,2026-05-04,3538,Paid
8906,1422,2026-06-01,3538,Overdue
8907,1422,2026-07-01,3538,Paid
8908,1422,2026-08-01,3538,Paid
8909,1422,2026-09-01,3538,Paid
8910,1422,2026-10-01,3538,Paid
8911,1422,2026-11-01,3538,Paid
12949,1423,2026-08-29,3438,Overdue
12950,1423,2026-09-01,3438,Paid
12951,1423,2026-10-01,3438,Paid
12952,1423,2026-11-02,3438,Paid
7539,1424,2026-03-17,3536,Paid
7540,1424,2026-04-02,3536,Paid
7541,1424,2026-05-03,3536,Paid
7542,1424,2026-06-01,3536,Paid
11961,1425,2026-08-04,2621,Paid
11962,1425,2026-09-01,2621,Paid
11963,1425,2026-10-04,2621,Paid
11964,1425,2026-11-01,2621,Paid
11965,1425,2026-12-01,2621,Paid
15956,1426,2026-11-30,2443,Paid
15957,1426,2026-12-01,2443,Overdue
4122,1427,2025-10-12,2983,Paid
4123,1427,2025-11-02,2983,Paid
4124,1427,2025-12-02,2983,Paid
4125,1427,2026-01-01,2983,Paid
4126,1427,2026-02-01,2983,Paid
4127,1427,2026-03-01,2983,Paid
4128,1427,2026-04-01,2983,Paid
4129,1427,2026-05-01,2983,Paid
4130,1427,2026-06-01,2983,Pending
4131,1427,2026-07-01,2983,Paid
4132,1427,2026-08-01,2983,Pending
4133,1427,2026-09-01,2983,Paid
4134,1427,2026-10-01,2983,Paid
12937,1428,2026-08-29,2954,Paid
12938,1428,2026-08-30,2954,Paid
12939,1428,2026-10-01,2954,Paid
12027,1429,2026-08-07,3867,Paid
12028,1429,2026-09-01,3867,Paid
12029,1429,2026-10-02,3867,Paid
12030,1429,2026-11-01,3867,Paid
12031,1429,2026-11-29,3867,Paid
15040,1430,2026-10-20,4258,Paid
15041,1430,2026-11-01,4258,Paid
15042,1430,2026-12-01,4258,Paid
3402,1431,2025-08-26,3746,Paid
3403,1431,2025-08-30,3746,Paid
3404,1431,2025-10-01,3746,Paid
3405,1431,2025-11-01,3746,Paid
16031,1432,2026-12-11,3222,Paid
14917,1433,2026-10-17,3568,Paid
14918,1433,2026-11-03,3568,Paid
14919,1433,2026-12-01,3568,Paid
14920,1434,2026-10-17,3964,Paid
14921,1434,2026-11-01,3964,Paid
6754,1435,2026-02-18,2374,Paid
6755,1435,2026-03-02,2374,Pending
6756,1435,2026-04-02,2374,Paid
8879,1436,2026-05-04,4514,Paid
8880,1436,2026-06-01,4514,Paid
3457,1437,2025-09-01,3406,Paid
3458,1437,2025-10-08,3406,Paid
3459,1437,2025-10-31,3406,Paid
3460,1437,2025-12-01,3406,Paid
3461,1437,2026-01-04,3406,Paid
3462,1437,2026-02-01,3406,Paid
3463,1437,2026-03-01,3406,Overdue
5200,1438,2025-12-12,2518,Paid
5201,1438,2025-12-30,2518,Paid
5202,1438,2026-02-01,2518,Paid
5203,1438,2026-03-01,2518,Paid
5204,1438,2026-04-01,2518,Paid
5205,1438,2026-05-01,2518,Paid
5206,1438,2026-06-01,2518,Paid
3188,1439,2025-08-11,3741,Paid
3189,1439,2025-09-06,3741,Paid
3190,1439,2025-10-01,3741,Paid
3191,1439,2025-11-01,3741,Paid
3192,1439,2025-12-01,3741,Paid
3193,1439,2026-01-03,3741,Paid
3194,1439,2026-02-01,3741,Paid
3195,1439,2026-03-08,3741,Paid
3196,1439,2026-04-02,3741,Paid
3197,1439,2026-05-01,3741,Paid
3198,1439,2026-06-01,3741,Paid
3199,1439,2026-07-01,3741,Paid
3200,1439,2026-08-03,3741,Overdue
3201,1439,2026-09-01,3741,Paid
3202,1439,2026-09-29,3741,Paid
3203,1439,2026-11-02,3741,Paid
3204,1439,2026-12-01,3741,Paid
8278,1440,2026-04-12,3637,Overdue
8279,1440,2026-05-03,3637,Overdue
8280,1440,2026-06-01,3637,Paid
8281,1440,2026-07-02,3637,Paid
8282,1440,2026-08-03,3637,Paid
8283,1440,2026-09-08,3637,Paid
8284,1440,2026-10-03,3637,Paid
14507,1441,2026-10-07,2818,Paid
14508,1441,2026-11-01,2818,Paid
6198,1442,2026-01-26,2801,Failed
6199,1442,2026-02-01,2801,Paid
6200,1442,2026-03-01,2801,Paid
6201,1442,2026-04-01,2801,Paid
6202,1442,2026-05-02,2801,Paid
6203,1442,2026-06-01,2801,Paid
6204,1442,2026-07-01,2801,Paid
6205,1442,2026-08-01,2801,Paid
6206,1442,2026-09-01,2801,Paid
6207,1442,2026-10-01,2801,Overdue
6208,1442,2026-11-01,2801,Paid
6209,1442,2026-12-02,2801,Paid
12167,1443,2026-08-10,4799,Paid
12168,1443,2026-09-02,4799,Paid
12169,1443,2026-10-01,4799,Pending
12170,1443,2026-11-03,4799,Paid
12171,1443,2026-12-04,4799,Paid
10872,1444,2026-07-07,3619,Paid
10873,1444,2026-08-01,3619,Paid
10874,1444,2026-09-01,3619,Paid
10875,1444,2026-10-04,3619,Paid
5894,1445,2026-01-13,3200,Paid
5895,1445,2026-02-01,3200,Paid
5896,1445,2026-03-01,3200,Paid
5897,1445,2026-04-01,3200,Paid
5898,1445,2026-05-01,3200,Paid
5899,1445,2026-06-02,3200,Paid
5900,1445,2026-07-03,3200,Paid
15376,1446,2026-10-26,4883,Paid
15377,1446,2026-11-01,4883,Paid
15378,1446,2026-12-01,4883,Paid
14196,1447,2026-09-29,3787,Paid
14197,1447,2026-10-06,3787,Paid
14198,1447,2026-11-03,3787,Paid
14199,1447,2026-12-04,3787,Paid
15373,1448,2026-10-26,3353,Paid
15374,1448,2026-11-01,3353,Paid
15375,1448,2026-12-01,3353,Paid
11874,1449,2026-08-01,2422,Paid
11875,1449,2026-09-03,2422,Failed
15205,1450,2026-10-23,3349,Paid
15206,1450,2026-11-01,3349,Paid
15207,1450,2026-12-02,3349,Paid
16134,1451,2026-12-28,2049,Paid
11076,1452,2026-07-12,2863,Failed
11077,1452,2026-08-01,2863,Paid
11078,1452,2026-09-01,2863,Overdue
11079,1452,2026-10-01,2863,Paid
11080,1452,2026-11-01,2863,Paid
11081,1452,2026-12-01,2863,Paid
6210,1453,2026-01-26,3353,Paid
6211,1453,2026-01-31,3353,Paid
6212,1453,2026-03-01,3353,Failed
6213,1453,2026-04-01,3353,Pending
6214,1453,2026-05-01,3353,Paid
6215,1453,2026-06-01,3353,Pending
6216,1453,2026-07-03,3353,Paid
6217,1453,2026-08-01,3353,Paid
6218,1453,2026-08-31,3353,Paid
6219,1453,2026-10-03,3353,Paid
6220,1453,2026-11-02,3353,Paid
6221,1453,2026-12-01,3353,Paid
3652,1454,2025-09-19,3382,Paid
3653,1454,2025-10-01,3382,Paid
3654,1454,2025-11-01,3382,Paid
3655,1454,2025-12-01,3382,Failed
3656,1454,2025-12-31,3382,Paid
3657,1454,2026-02-01,3382,Paid
3658,1454,2026-03-01,3382,Paid
3659,1454,2026-04-03,3382,Overdue
3660,1454,2026-05-02,3382,Pending
3661,1454,2026-06-01,3382,Pending
3662,1454,2026-07-01,3382,Paid
3663,1454,2026-08-01,3382,Paid
3664,1454,2026-09-01,3382,Overdue
3665,1454,2026-10-01,3382,Paid
3666,1454,2026-11-01,3382,Paid
3667,1454,2026-12-01,3382,Paid
9212,1455,2026-05-13,2661,Paid
9213,1455,2026-06-01,2661,Paid
9214,1455,2026-07-02,2661,Paid
9215,1455,2026-08-04,2661,Paid
9940,1456,2026-06-06,2864,Paid
9941,1456,2026-07-04,2864,Paid
15330,1457,2026-10-25,2712,Paid
15331,1457,2026-11-01,2712,Paid
15332,1457,2026-11-30,2712,Paid
2579,1458,2025-06-23,4289,Paid
2580,1458,2025-07-01,4289,Paid
2581,1458,2025-08-01,4289,Paid
2582,1458,2025-09-02,4289,Paid
2583,1458,2025-10-01,4289,Paid
2584,1458,2025-10-31,4289,Overdue
2585,1458,2025-12-01,4289,Pending
13547,1459,2026-09-14,4455,Paid
13548,1459,2026-10-01,4455,Paid
13549,1459,2026-11-01,4455,Paid
12713,1460,2026-08-23,4310,Paid
12714,1460,2026-09-01,4310,Paid
12715,1460,2026-10-01,4310,Overdue
12716,1460,2026-11-01,4310,Paid
10455,1461,2026-06-24,4349,Paid
10456,1461,2026-07-01,4349,Pending
10457,1461,2026-08-01,4349,Paid
10458,1461,2026-09-01,4349,Paid
10459,1461,2026-10-08,4349,Paid
10460,1461,2026-11-06,4349,Paid
10461,1461,2026-12-01,4349,Paid
16123,1462,2026-12-27,3160,Paid
11145,1463,2026-07-14,4380,Paid
11146,1463,2026-08-01,4380,Paid
11147,1463,2026-09-01,4380,Paid
11148,1463,2026-10-01,4380,Paid
12690,1464,2026-08-23,4789,Paid
12691,1464,2026-09-01,4789,Paid
12692,1464,2026-10-04,4789,Paid
14094,1465,2026-09-26,3588,Paid
14095,1465,2026-09-29,3588,Paid
14096,1465,2026-11-01,3588,Paid
14097,1465,2026-12-01,3588,Failed
9500,1466,2026-05-21,3155,Overdue
9501,1466,2026-05-30,3155,Overdue
9502,1466,2026-06-30,3155,Paid
9503,1466,2026-08-01,3155,Paid
9504,1466,2026-09-01,3155,Paid
9505,1466,2026-10-04,3155,Paid
9506,1466,2026-11-01,3155,Overdue
11566,1467,2026-07-26,2633,Paid
11567,1467,2026-08-01,2633,Overdue
11568,1467,2026-09-01,2633,Paid
11569,1467,2026-10-01,2633,Paid
4213,1468,2025-10-21,2031,Overdue
4214,1468,2025-11-01,2031,Paid
4215,1468,2025-12-01,2031,Paid
10148,1469,2026-06-13,3367,Paid
10149,1469,2026-07-01,3367,Paid
10150,1469,2026-08-01,3367,Failed
10151,1469,2026-09-06,3367,Overdue
10152,1469,2026-10-01,3367,Failed
10153,1469,2026-11-01,3367,Pending
10154,1469,2026-12-01,3367,Paid
8042,1470,2026-04-03,2897,Paid
8043,1470,2026-05-01,2897,Pending
8044,1470,2026-06-01,2897,Paid
1296,1471,2025-03-04,4766,Paid
1297,1471,2025-04-01,4766,Paid
1091,1472,2025-02-05,4715,Paid
1092,1472,2025-03-02,4715,Failed
1093,1472,2025-04-01,4715,Paid
1094,1472,2025-05-01,4715,Paid
1095,1472,2025-06-01,4715,Failed
1096,1472,2025-07-01,4715,Paid
1097,1472,2025-08-01,4715,Paid
14805,1473,2026-10-15,3465,Paid
14806,1473,2026-11-01,3465,Paid
14807,1473,2026-12-02,3465,Paid
8489,1474,2026-04-19,2600,Paid
8490,1474,2026-05-01,2600,Paid
8491,1474,2026-06-01,2600,Paid
8492,1474,2026-07-01,2600,Paid
8493,1474,2026-08-01,2600,Paid
8494,1474,2026-09-01,2600,Paid
8495,1474,2026-10-04,2600,Paid
16143,1475,2026-12-30,4487,Paid
6657,1476,2026-02-14,3714,Paid
6658,1476,2026-03-01,3714,Paid
6659,1476,2026-04-06,3714,Paid
6660,1476,2026-05-06,3714,Paid
6661,1476,2026-06-01,3714,Paid
6662,1476,2026-07-02,3714,Paid
6663,1476,2026-08-01,3714,Overdue
8722,1477,2026-04-29,4672,Paid
8723,1477,2026-05-08,4672,Paid
8724,1477,2026-06-03,4672,Paid
13419,1478,2026-09-10,4098,Paid
13420,1478,2026-10-02,4098,Paid
15539,1479,2026-10-29,2819,Paid
15540,1479,2026-11-01,2819,Paid
5590,1480,2026-01-01,3368,Paid
5591,1480,2026-02-01,3368,Paid
5592,1480,2026-03-01,3368,Pending
5593,1480,2026-04-01,3368,Paid
5594,1480,2026-05-02,3368,Paid
5595,1480,2026-06-01,3368,Paid
5596,1480,2026-07-03,3368,Pending
5597,1480,2026-08-06,3368,Pending
5598,1480,2026-08-30,3368,Paid
5599,1480,2026-10-02,3368,Paid
5600,1480,2026-11-01,3368,Paid
5601,1480,2026-12-01,3368,Overdue
15986,1481,2026-12-03,2515,Pending
6532,1482,2026-02-08,4329,Paid
6533,1482,2026-03-01,4329,Paid
6534,1482,2026-04-01,4329,Paid
9249,1483,2026-05-14,2582,Pending
9250,1483,2026-06-01,2582,Paid
9251,1483,2026-07-06,2582,Paid
9252,1483,2026-08-01,2582,Paid
9253,1483,2026-09-01,2582,Paid
9254,1483,2026-10-01,2582,Paid
9255,1483,2026-11-01,2582,Overdue
9256,1483,2026-12-01,2582,Paid
13981,1484,2026-09-24,4627,Paid
13982,1484,2026-10-03,4627,Paid
13983,1484,2026-11-01,4627,Paid
13984,1484,2026-12-01,4627,Paid
13929,1485,2026-09-23,3560,Paid
13930,1485,2026-10-01,3560,Paid
13931,1485,2026-11-01,3560,Paid
13932,1485,2026-12-01,3560,Paid
10761,1486,2026-07-03,4558,Paid
10762,1486,2026-08-01,4558,Paid
10763,1486,2026-09-01,4558,Paid
10764,1486,2026-10-02,4558,Paid
2330,1487,2025-06-04,2412,Paid
2331,1487,2025-07-01,2412,Paid
2332,1487,2025-08-01,2412,Paid
2333,1487,2025-08-31,2412,Paid
2334,1487,2025-10-04,2412,Paid
2335,1487,2025-11-01,2412,Paid
2336,1487,2025-11-30,2412,Pending
4031,1488,2025-10-07,3507,Paid
4032,1488,2025-11-01,3507,Paid
12504,1489,2026-08-18,3258,Paid
12505,1489,2026-09-02,3258,Paid
12506,1489,2026-10-01,3258,Paid
12507,1489,2026-11-01,3258,Failed
7648,1490,2026-03-21,4576,Paid
7649,1490,2026-03-31,4576,Paid
7650,1490,2026-05-01,4576,Paid
7651,1490,2026-06-01,4576,Paid
7652,1490,2026-07-01,4576,Paid
7653,1490,2026-08-01,4576,Paid
7654,1490,2026-09-01,4576,Paid
7655,1490,2026-10-01,4576,Paid
7656,1490,2026-11-03,4576,Paid
7657,1490,2026-12-01,4576,Paid
15666,1491,2026-10-30,3404,Paid
15667,1491,2026-11-06,3404,Pending
15668,1491,2026-11-30,3404,Paid
10886,1492,2026-07-07,3333,Paid
10887,1492,2026-08-01,3333,Overdue
10888,1492,2026-09-01,3333,Paid
3876,1493,2025-09-27,2741,Paid
3877,1493,2025-10-04,2741,Overdue
5381,1494,2025-12-22,3530,Paid
5382,1494,2026-01-01,3530,Paid
5383,1494,2026-02-06,3530,Overdue
5384,1494,2026-02-28,3530,Paid
5385,1494,2026-04-01,3530,Paid
5386,1494,2026-05-03,3530,Overdue
5387,1494,2026-06-01,3530,Paid
9772,1495,2026-05-31,3203,Pending
9773,1495,2026-06-01,3203,Paid
9774,1495,2026-07-01,3203,Pending
9775,1495,2026-07-30,3203,Paid
9776,1495,2026-09-01,3203,Paid
9777,1495,2026-10-02,3203,Paid
9778,1495,2026-11-01,3203,Pending
16012,1496,2026-12-07,3168,Paid
5565,1497,2025-12-31,4584,Paid
5566,1497,2026-01-01,4584,Overdue
5567,1497,2026-02-01,4584,Overdue
5568,1497,2026-03-01,4584,Failed
5569,1497,2026-04-01,4584,Overdue
5570,1497,2026-04-30,4584,Paid
5571,1497,2026-06-01,4584,Paid
5572,1497,2026-07-01,4584,Paid
5573,1497,2026-08-01,4584,Paid
5574,1497,2026-09-01,4584,Overdue
5575,1497,2026-09-29,4584,Paid
5576,1497,2026-11-01,4584,Paid
5577,1497,2026-12-01,4584,Paid
15977,1498,2026-12-02,3732,Paid
9957,1499,2026-06-07,3357,Paid
9958,1499,2026-07-01,3357,Paid
9959,1499,2026-08-01,3357,Paid
12983,1500,2026-08-30,3250,Paid
12984,1500,2026-09-01,3250,Paid
12985,1500,2026-10-03,3250,Paid
12986,1500,2026-11-06,3250,Failed
12987,1500,2026-12-01,3250,Paid
5840,1501,2026-01-10,2358,Paid
5841,1501,2026-02-03,2358,Paid
5842,1501,2026-03-01,2358,Paid
7460,1502,2026-03-15,4270,Paid
7461,1502,2026-04-03,4270,Pending
7462,1502,2026-05-06,4270,Paid
2946,1503,2025-07-29,4752,Pending
2947,1503,2025-08-01,4752,Paid
2948,1503,2025-09-01,4752,Paid
2949,1503,2025-10-01,4752,Paid
2950,1503,2025-11-01,4752,Paid
2951,1503,2025-12-01,4752,Paid
2952,1503,2026-01-01,4752,Paid
1454,1504,2025-03-14,3601,Paid
1455,1504,2025-04-01,3601,Failed
1456,1504,2025-05-01,3601,Paid
1457,1504,2025-06-02,3601,Paid
1458,1504,2025-07-01,3601,Paid
1459,1504,2025-07-30,3601,Paid
1460,1504,2025-09-02,3601,Paid
1461,1504,2025-10-01,3601,Paid
1462,1504,2025-10-30,3601,Paid
1463,1504,2025-12-01,3601,Failed
1464,1504,2026-01-03,3601,Paid
1465,1504,2026-02-03,3601,Paid
1466,1504,2026-03-02,3601,Paid
1848,1505,2025-04-23,2717,Paid
1849,1505,2025-05-01,2717,Paid
1551,1506,2025-03-27,2601,Pending
1552,1506,2025-04-01,2601,Paid
1553,1506,2025-04-30,2601,Overdue
1554,1506,2025-06-01,2601,Paid
1555,1506,2025-07-02,2601,Pending
1556,1506,2025-08-01,2601,Paid
1557,1506,2025-09-02,2601,Paid
1558,1506,2025-10-01,2601,Pending
1559,1506,2025-11-01,2601,Paid
1560,1506,2025-12-01,2601,Paid
1561,1506,2026-01-01,2601,Paid
1562,1506,2026-01-30,2601,Paid
1563,1506,2026-03-01,2601,Paid
1564,1506,2026-04-06,2601,Paid
1565,1506,2026-05-01,2601,Paid
1566,1506,2026-06-01,2601,Paid
1567,1506,2026-07-01,2601,Overdue
1568,1506,2026-08-01,2601,Paid
1569,1506,2026-09-02,2601,Pending
15052,1507,2026-10-20,3302,Paid
15053,1507,2026-11-01,3302,Paid
15054,1507,2026-12-01,3302,Paid
8364,1508,2026-04-15,3196,Paid
8365,1508,2026-04-30,3196,Paid
8366,1508,2026-05-30,3196,Pending
12265,1509,2026-08-12,2411,Paid
12266,1509,2026-09-08,2411,Paid
12267,1509,2026-10-01,2411,Paid
12268,1509,2026-10-30,2411,Overdue
12269,1509,2026-12-01,2411,Paid
15776,1510,2026-11-06,4936,Paid
15777,1510,2026-12-01,4936,Overdue
1437,1511,2025-03-13,3816,Paid
1438,1511,2025-04-02,3816,Paid
1439,1511,2025-05-01,3816,Paid
1440,1511,2025-06-01,3816,Paid
11804,1512,2026-07-31,3168,Paid
11805,1512,2026-08-01,3168,Paid
11806,1512,2026-09-04,3168,Paid
11807,1512,2026-10-03,3168,Paid
11808,1512,2026-11-01,3168,Paid
11809,1512,2026-11-30,3168,Paid
1689,1513,2025-04-12,2967,Paid
1690,1513,2025-05-01,2967,Paid
1691,1513,2025-06-01,2967,Overdue
1692,1513,2025-07-01,2967,Paid
1693,1513,2025-08-01,2967,Paid
1694,1513,2025-09-03,2967,Paid
1695,1513,2025-10-02,2967,Paid
1696,1513,2025-11-01,2967,Paid
1697,1513,2025-12-01,2967,Paid
1698,1513,2026-01-01,2967,Paid
1699,1513,2026-02-04,2967,Paid
1700,1513,2026-03-02,2967,Paid
1701,1513,2026-04-01,2967,Paid
1702,1513,2026-05-01,2967,Paid
1703,1513,2026-05-31,2967,Paid
1704,1513,2026-07-04,2967,Paid
1705,1513,2026-08-02,2967,Paid
1706,1513,2026-09-01,2967,Paid
1707,1513,2026-10-01,2967,Paid
1708,1513,2026-10-31,2967,Paid
1709,1513,2026-12-01,2967,Pending
12967,1514,2026-08-29,2989,Paid
12968,1514,2026-09-01,2989,Paid
16041,1515,2026-12-13,3217,Failed
10608,1516,2026-06-28,3478,Failed
10609,1516,2026-07-02,3478,Paid
10610,1516,2026-08-01,3478,Paid
10611,1516,2026-09-03,3478,Overdue
15544,1517,2026-10-29,2777,Paid
15545,1517,2026-11-01,2777,Paid
15546,1517,2026-12-06,2777,Paid
14163,1518,2026-09-29,2859,Pending
14164,1518,2026-10-01,2859,Overdue
14165,1518,2026-11-01,2859,Paid
14166,1518,2026-12-01,2859,Paid
15748,1519,2026-11-02,3531,Paid
15749,1519,2026-12-01,3531,Pending
7833,1520,2026-03-25,3727,Paid
7834,1520,2026-04-04,3727,Failed
7835,1520,2026-05-01,3727,Paid
7836,1520,2026-06-01,3727,Paid
7837,1520,2026-06-29,3727,Paid
7838,1520,2026-07-31,3727,Paid
7839,1520,2026-08-31,3727,Pending
15969,1521,2026-12-01,2311,Paid
15379,1522,2026-10-26,3598,Overdue
15380,1522,2026-11-01,3598,Paid
15381,1522,2026-12-01,3598,Paid
9534,1523,2026-05-22,2711,Paid
9535,1523,2026-06-02,2711,Overdue
9536,1523,2026-07-01,2711,Paid
9537,1523,2026-08-01,2711,Paid
9538,1523,2026-09-06,2711,Paid
9539,1523,2026-10-01,2711,Paid
9540,1523,2026-11-01,2711,Paid
9541,1523,2026-12-01,2711,Paid
13518,1524,2026-09-13,3140,Paid
13519,1524,2026-10-01,3140,Overdue
13520,1524,2026-11-02,3140,Paid
13521,1524,2026-12-02,3140,Paid
13431,1525,2026-09-10,2782,Paid
13432,1525,2026-10-01,2782,Paid
13433,1525,2026-11-02,2782,Paid
13434,1525,2026-12-01,2782,Paid
109,1526,2024-06-26,3718,Overdue
110,1526,2024-07-03,3718,Paid
111,1526,2024-08-01,3718,Paid
13427,1527,2026-09-10,3279,Paid
13428,1527,2026-10-01,3279,Paid
13429,1527,2026-10-31,3279,Paid
13430,1527,2026-12-01,3279,Paid
7527,1528,2026-03-16,4253,Paid
7528,1528,2026-04-02,4253,Paid
7529,1528,2026-05-04,4253,Paid
8545,1529,2026-04-23,4232,Paid
8546,1529,2026-04-30,4232,Paid
8547,1529,2026-06-01,4232,Paid
12246,1530,2026-08-12,3176,Paid
12247,1530,2026-09-06,3176,Paid
12248,1530,2026-10-01,3176,Paid
12249,1530,2026-11-01,3176,Overdue
12250,1530,2026-11-29,3176,Paid
16008,1531,2026-12-07,4204,Paid
12263,1532,2026-08-12,2725,Pending
12264,1532,2026-09-01,2725,Overdue
14856,1533,2026-10-16,3090,Paid
14857,1533,2026-11-02,3090,Paid
16140,1534,2026-12-29,2390,Paid
13933,1535,2026-09-23,3655,Paid
13934,1535,2026-10-01,3655,Paid
13193,1536,2026-09-05,2743,Paid
13194,1536,2026-09-30,2743,Paid
13195,1536,2026-11-01,2743,Overdue
13196,1536,2026-12-01,2743,Paid
6222,1537,2026-01-27,2378,Paid
6223,1537,2026-02-03,2378,Paid
6224,1537,2026-02-27,2378,Paid
2870,1538,2025-07-20,4998,Paid
2871,1538,2025-08-01,4998,Paid
5390,1539,2025-12-22,4126,Pending
5391,1539,2026-01-01,4126,Paid
5392,1539,2026-02-01,4126,Paid
13694,1540,2026-09-19,2102,Paid
13695,1540,2026-10-01,2102,Paid
13696,1540,2026-11-01,2102,Paid
13697,1540,2026-12-01,2102,Paid
146,1541,2024-07-23,4122,Failed
147,1541,2024-08-01,4122,Paid
148,1541,2024-09-03,4122,Paid
149,1541,2024-10-01,4122,Paid
150,1541,2024-11-01,4122,Paid
151,1541,2024-12-02,4122,Paid
152,1541,2025-01-03,4122,Overdue
14580,1542,2026-10-09,3489,Paid
14581,1542,2026-11-01,3489,Paid
14582,1542,2026-12-01,3489,Overdue
9084,1543,2026-05-08,2233,Paid
9085,1543,2026-06-01,2233,Overdue
9086,1543,2026-07-02,2233,Overdue
9087,1543,2026-08-01,2233,Paid
9088,1543,2026-09-03,2233,Paid
9089,1543,2026-10-02,2233,Paid
9090,1543,2026-11-02,2233,Paid
9091,1543,2026-12-01,2233,Paid
10469,1544,2026-06-24,3143,Paid
10470,1544,2026-06-29,3143,Paid
10471,1544,2026-08-01,3143,Failed
10472,1544,2026-09-08,3143,Pending
8725,1545,2026-04-29,2789,Pending
8726,1545,2026-05-01,2789,Overdue
8727,1545,2026-06-01,2789,Paid
8728,1545,2026-07-01,2789,Paid
14978,1546,2026-10-19,3886,Paid
14979,1546,2026-11-06,3886,Paid
14980,1546,2026-12-01,3886,Paid
9275,1547,2026-05-15,2846,Overdue
9276,1547,2026-06-01,2846,Paid
9277,1547,2026-07-02,2846,Paid
9278,1547,2026-08-01,2846,Overdue
2446,1548,2025-06-18,3237,Paid
2447,1548,2025-07-01,3237,Paid
2448,1548,2025-07-30,3237,Paid
1081,1549,2025-02-01,3184,Paid
1082,1549,2025-02-28,3184,Paid
1083,1549,2025-03-31,3184,Paid
1084,1549,2025-05-04,3184,Paid
1085,1549,2025-06-01,3184,Paid
1086,1549,2025-07-01,3184,Overdue
1087,1549,2025-07-30,3184,Paid
3900,1550,2025-09-28,3440,Paid
3901,1550,2025-10-02,3440,Overdue
3902,1550,2025-11-01,3440,Paid
15478,1551,2026-10-27,2240,Paid
15479,1551,2026-11-01,2240,Paid
15480,1551,2026-12-02,2240,Paid
4390,1552,2025-10-28,3049,Paid
4391,1552,2025-11-01,3049,Paid
10571,1553,2026-06-27,3061,Paid
10572,1553,2026-06-29,3061,Paid
10573,1553,2026-08-01,3061,Paid
14847,1554,2026-10-16,4005,Paid
14848,1554,2026-11-02,4005,Paid
14849,1554,2026-12-01,4005,Paid
534,1555,2024-11-13,2797,Paid
535,1555,2024-12-01,2797,Paid
536,1555,2025-01-01,2797,Paid
537,1555,2025-02-02,2797,Paid
538,1555,2025-03-01,2797,Paid
539,1555,2025-04-01,2797,Paid
540,1555,2025-05-01,2797,Overdue
541,1555,2025-06-01,2797,Overdue
542,1555,2025-07-01,2797,Paid
543,1555,2025-08-01,2797,Pending
544,1555,2025-09-02,2797,Paid
545,1555,2025-10-01,2797,Paid
546,1555,2025-11-03,2797,Paid
547,1555,2025-12-01,2797,Paid
548,1555,2026-01-08,2797,Overdue
549,1555,2026-01-31,2797,Paid
550,1555,2026-03-04,2797,Paid
551,1555,2026-04-01,2797,Overdue
552,1555,2026-04-30,2797,Paid
16019,1556,2026-12-08,4304,Paid
12386,1557,2026-08-15,2153,Paid
12387,1557,2026-09-01,2153,Paid
12388,1557,2026-09-30,2153,Pending
12389,1557,2026-11-02,2153,Failed
12390,1557,2026-12-04,2153,Paid
9367,1558,2026-05-18,2731,Paid
9368,1558,2026-06-01,2731,Paid
9369,1558,2026-07-01,2731,Paid
10314,1559,2026-06-20,3667,Paid
10315,1559,2026-07-01,3667,Paid
9136,1560,2026-05-10,3548,Paid
9137,1560,2026-06-03,3548,Paid
628,1561,2024-11-29,3545,Paid
629,1561,2024-12-01,3545,Paid
630,1561,2025-01-01,3545,Paid
9130,1562,2026-05-10,3079,Paid
9131,1562,2026-06-01,3079,Paid
12384,1563,2026-08-15,2381,Paid
12385,1563,2026-08-31,2381,Paid
6517,1564,2026-02-07,3367,Paid
6518,1564,2026-03-06,3367,Paid
6519,1564,2026-04-01,3367,Paid
6520,1564,2026-05-04,3367,Paid
6521,1564,2026-06-01,3367,Failed
6522,1564,2026-07-03,3367,Paid
6523,1564,2026-08-01,3367,Paid
6524,1564,2026-09-01,3367,Overdue
6525,1564,2026-10-01,3367,Pending
6526,1564,2026-11-01,3367,Paid
6527,1564,2026-11-29,3367,Paid
15553,1565,2026-10-29,4154,Paid
15554,1565,2026-11-02,4154,Paid
8021,1566,2026-04-02,2272,Paid
8022,1566,2026-05-01,2272,Paid
8023,1566,2026-06-01,2272,Paid
8024,1566,2026-06-29,2272,Paid
8025,1566,2026-08-01,2272,Paid
8026,1566,2026-09-01,2272,Paid
8027,1566,2026-10-01,2272,Paid
8297,1567,2026-04-13,3893,Pending
8298,1567,2026-04-29,3893,Paid
8299,1567,2026-06-02,3893,Paid
8300,1567,2026-07-02,3893,Paid
5164,1568,2025-12-09,4289,Paid
5165,1568,2025-12-31,4289,Paid
5166,1568,2026-02-01,4289,Paid
5167,1568,2026-03-02,4289,Paid
14705,1569,2026-10-12,2894,Overdue
14706,1569,2026-11-01,2894,Paid
14707,1569,2026-12-01,2894,Paid
15698,1570,2026-10-31,2557,Paid
15699,1570,2026-11-01,2557,Paid
15700,1570,2026-12-01,2557,Paid
665,1571,2024-12-07,2864,Paid
666,1571,2025-01-03,2864,Paid
667,1571,2025-02-01,2864,Paid
12783,1572,2026-08-25,2500,Paid
12784,1572,2026-09-01,2500,Paid
12785,1572,2026-10-01,2500,Paid
12786,1572,2026-11-01,2500,Paid
12787,1572,2026-12-01,2500,Overdue
2605,1573,2025-06-24,2215,Overdue
2606,1573,2025-07-06,2215,Paid
2607,1573,2025-07-31,2215,Paid
2608,1573,2025-09-01,2215,Overdue
2609,1573,2025-10-01,2215,Paid
2610,1573,2025-11-01,2215,Failed
2611,1573,2025-12-01,2215,Paid
2612,1573,2026-01-01,2215,Paid
2613,1573,2026-02-01,2215,Paid
2614,1573,2026-03-04,2215,Overdue
2615,1573,2026-04-03,2215,Paid
2616,1573,2026-05-02,2215,Paid
2617,1573,2026-06-01,2215,Paid
1238,1574,2025-02-28,3065,Paid
1239,1574,2025-03-01,3065,Paid
1240,1574,2025-04-01,3065,Paid
15409,1575,2026-10-26,3870,Paid
15410,1575,2026-11-03,3870,Pending
10390,1576,2026-06-22,2510,Paid
10391,1576,2026-07-01,2510,Paid
10392,1576,2026-08-01,2510,Overdue
10393,1576,2026-09-01,2510,Paid
10394,1576,2026-10-01,2510,Paid
10395,1576,2026-11-01,2510,Paid
10396,1576,2026-11-29,2510,Failed
8414,1577,2026-04-16,3414,Paid
8415,1577,2026-05-01,3414,Paid
8416,1577,2026-06-01,3414,Overdue
8417,1577,2026-07-01,3414,Paid
15928,1578,2026-11-24,2094,Paid
15929,1578,2026-12-01,2094,Paid
10836,1579,2026-07-05,3992,Paid
10837,1579,2026-08-02,3992,Paid
10838,1579,2026-09-01,3992,Overdue
10839,1579,2026-10-01,3992,Paid
5952,1580,2026-01-16,3264,Paid
5953,1580,2026-02-04,3264,Paid
4483,1581,2025-11-01,3021,Paid
4484,1581,2025-12-01,3021,Paid
4485,1581,2026-01-01,3021,Paid
4486,1581,2026-02-02,3021,Paid
4487,1581,2026-03-04,3021,Pending
4488,1581,2026-04-01,3021,Paid
4489,1581,2026-05-01,3021,Paid
11171,1582,2026-07-15,2649,Paid
11172,1582,2026-08-02,2649,Paid
11173,1582,2026-09-01,2649,Failed
11174,1582,2026-10-01,2649,Paid
11175,1582,2026-11-01,2649,Paid
11176,1582,2026-12-06,2649,Paid
13421,1583,2026-09-10,3046,Paid
13422,1583,2026-10-01,3046,Pending
13423,1583,2026-11-01,3046,Paid
13602,1584,2026-09-15,3955,Paid
13603,1584,2026-10-03,3955,Paid
13604,1584,2026-11-01,3955,Paid
13605,1584,2026-12-06,3955,Paid
3014,1585,2025-08-04,2398,Paid
3015,1585,2025-09-06,2398,Paid
3016,1585,2025-10-01,2398,Paid
3017,1585,2025-11-01,2398,Paid
3018,1585,2025-12-01,2398,Paid
3019,1585,2026-01-01,2398,Paid
3020,1585,2026-02-01,2398,Paid
3021,1585,2026-03-01,2398,Pending
3022,1585,2026-04-03,2398,Paid
3023,1585,2026-05-01,2398,Paid
3024,1585,2026-06-01,2398,Pending
3025,1585,2026-07-01,2398,Paid
3026,1585,2026-08-03,2398,Pending
12745,1586,2026-08-24,2409,Paid
12746,1586,2026-09-06,2409,Paid
12747,1586,2026-10-01,2409,Paid
12748,1586,2026-11-02,2409,Paid
12749,1586,2026-12-01,2409,Paid
10840,1587,2026-07-06,2630,Paid
10841,1587,2026-08-01,2630,Paid
16000,1588,2026-12-06,3354,Paid
6584,1589,2026-02-11,2647,Paid
6585,1589,2026-03-01,2647,Paid
6586,1589,2026-04-01,2647,Paid
6587,1589,2026-05-01,2647,Paid
6588,1589,2026-06-01,2647,Overdue
6589,1589,2026-07-01,2647,Paid
6590,1589,2026-08-01,2647,Paid
10501,1590,2026-06-26,2380,Paid
10502,1590,2026-07-03,2380,Paid
10503,1590,2026-08-01,2380,Failed
10504,1590,2026-09-01,2380,Paid
10505,1590,2026-10-01,2380,Paid
10506,1590,2026-11-01,2380,Overdue
10507,1590,2026-12-01,2380,Pending
14645,1591,2026-10-10,3432,Paid
14646,1591,2026-11-01,3432,Pending
14647,1591,2026-12-01,3432,Paid
13556,1592,2026-09-14,2551,Paid
13557,1592,2026-10-08,2551,Paid
15070,1593,2026-10-20,3144,Paid
15071,1593,2026-11-01,3144,Overdue
15072,1593,2026-12-01,3144,Paid
15388,1594,2026-10-26,2794,Paid
15389,1594,2026-11-01,2794,Paid
15390,1594,2026-12-01,2794,Paid
15826,1595,2026-11-07,3643,Paid
15827,1595,2026-12-01,3643,Paid
13943,1596,2026-09-23,2755,Paid
13944,1596,2026-10-01,2755,Paid
13945,1596,2026-11-01,2755,Paid
13946,1596,2026-12-01,2755,Paid
16147,1597,2026-12-30,3668,Paid
12373,1598,2026-08-14,4209,Paid
12374,1598,2026-09-06,4209,Pending
12375,1598,2026-10-08,4209,Paid
12376,1598,2026-11-01,4209,Paid
12377,1598,2026-12-01,4209,Paid
11876,1599,2026-08-01,3166,Paid
11877,1599,2026-09-06,3166,Paid
11878,1599,2026-10-01,3166,Paid
4675,1600,2025-11-12,2336,Paid
4676,1600,2025-12-01,2336,Paid
4677,1600,2025-12-31,2336,Paid
4678,1600,2026-02-01,2336,Paid
4679,1600,2026-03-01,2336,Paid
4680,1600,2026-03-30,2336,Paid
4681,1600,2026-05-01,2336,Paid
3464,1601,2025-09-01,2230,Pending
3465,1601,2025-10-01,2230,Paid
3466,1601,2025-11-01,2230,Paid
3467,1601,2025-12-01,2230,Paid
3468,1601,2026-01-01,2230,Paid
3469,1601,2026-01-30,2230,Paid
3470,1601,2026-02-28,2230,Paid
3471,1601,2026-04-01,2230,Overdue
3472,1601,2026-05-01,2230,Paid
3473,1601,2026-06-01,2230,Pending
3474,1601,2026-07-08,2230,Paid
3475,1601,2026-08-01,2230,Overdue
3476,1601,2026-09-01,2230,Paid
3477,1601,2026-10-01,2230,Paid
3478,1601,2026-11-01,2230,Paid
3479,1601,2026-12-01,2230,Overdue
6039,1602,2026-01-19,3753,Paid
6040,1602,2026-02-01,3753,Overdue
6041,1602,2026-03-02,3753,Paid
6042,1602,2026-04-01,3753,Failed
6043,1602,2026-05-01,3753,Paid
6044,1602,2026-06-01,3753,Paid
6045,1602,2026-07-01,3753,Paid
6046,1602,2026-08-01,3753,Paid
6047,1602,2026-09-01,3753,Paid
6048,1602,2026-10-03,3753,Paid
6049,1602,2026-11-01,3753,Overdue
6050,1602,2026-12-01,3753,Paid
6062,1603,2026-01-20,2328,Paid
6063,1603,2026-02-04,2328,Paid
6064,1603,2026-03-01,2328,Paid
6065,1603,2026-04-04,2328,Paid
6066,1603,2026-05-01,2328,Paid
6067,1603,2026-06-01,2328,Paid
6068,1603,2026-07-01,2328,Paid
6069,1603,2026-08-01,2328,Paid
6070,1603,2026-09-03,2328,Paid
6071,1603,2026-10-01,2328,Paid
6072,1603,2026-11-03,2328,Paid
6073,1603,2026-12-01,2328,Paid
783,1604,2024-12-29,4520,Paid
784,1604,2025-01-03,4520,Paid
785,1604,2025-01-31,4520,Overdue
786,1604,2025-03-01,4520,Paid
787,1604,2025-04-01,4520,Paid
788,1604,2025-05-01,4520,Paid
789,1604,2025-06-01,4520,Paid
790,1604,2025-07-08,4520,Paid
791,1604,2025-08-06,4520,Paid
792,1604,2025-09-03,4520,Paid
793,1604,2025-10-01,4520,Paid
794,1604,2025-11-03,4520,Paid
795,1604,2025-12-01,4520,Paid
796,1604,2026-01-02,4520,Paid
797,1604,2026-02-02,4520,Paid
798,1604,2026-03-02,4520,Paid
799,1604,2026-04-01,4520,Paid
800,1604,2026-05-01,4520,Paid
801,1604,2026-06-01,4520,Paid
802,1604,2026-07-01,4520,Paid
803,1604,2026-08-01,4520,Paid
804,1604,2026-09-01,4520,Paid
805,1604,2026-10-01,4520,Paid
806,1604,2026-11-01,4520,Paid
807,1604,2026-12-01,4520,Pending
15844,1605,2026-11-08,3279,Paid
15845,1605,2026-12-04,3279,Paid
15695,1606,2026-10-31,2309,Paid
15696,1606,2026-11-01,2309,Paid
15697,1606,2026-12-01,2309,Paid
9299,1607,2026-05-16,2445,Paid
9300,1607,2026-06-01,2445,Paid
9301,1607,2026-07-02,2445,Paid
9302,1607,2026-08-01,2445,Paid
13526,1608,2026-09-13,3221,Overdue
13527,1608,2026-10-01,3221,Paid
13528,1608,2026-11-01,3221,Paid
13529,1608,2026-12-06,3221,Paid
7695,1609,2026-03-22,4335,Paid
7696,1609,2026-04-01,4335,Paid
7697,1609,2026-05-01,4335,Paid
7473,1610,2026-03-15,3753,Paid
7474,1610,2026-04-01,3753,Paid
7475,1610,2026-05-01,3753,Paid
7476,1610,2026-06-06,3753,Paid
7477,1610,2026-07-01,3753,Paid
7478,1610,2026-08-01,3753,Paid
7479,1610,2026-08-31,3753,Paid
7480,1610,2026-10-01,3753,Paid
7481,1610,2026-11-01,3753,Failed
7482,1610,2026-12-01,3753,Paid
13745,1611,2026-09-20,4759,Paid
13746,1611,2026-10-01,4759,Paid
13747,1611,2026-11-01,4759,Paid
13748,1611,2026-12-01,4759,Paid
14627,1612,2026-10-10,2577,Failed
14628,1612,2026-11-01,2577,Paid
14629,1612,2026-12-01,2577,Paid
2328,1613,2025-06-03,2492,Failed
2329,1613,2025-07-01,2492,Paid
13624,1614,2026-09-16,2900,Paid
13625,1614,2026-10-01,2900,Paid
13626,1614,2026-10-31,2900,Paid
3729,1615,2025-09-23,2408,Overdue
3730,1615,2025-10-01,2408,Paid
3731,1615,2025-11-04,2408,Paid
3732,1615,2025-12-01,2408,Paid
3733,1615,2026-01-01,2408,Paid
3734,1615,2026-02-01,2408,Paid
3735,1615,2026-03-01,2408,Paid
3736,1615,2026-04-01,2408,Paid
3737,1615,2026-05-01,2408,Paid
3738,1615,2026-06-04,2408,Paid
3739,1615,2026-07-01,2408,Paid
3740,1615,2026-08-01,2408,Paid
3741,1615,2026-09-02,2408,Pending
16109,1616,2026-12-26,4291,Paid
5058,1617,2025-12-02,2762,Paid
5059,1617,2026-01-03,2762,Paid
5060,1617,2026-01-30,2762,Paid
5061,1617,2026-03-01,2762,Paid
5062,1617,2026-04-01,2762,Pending
5063,1617,2026-05-04,2762,Paid
5064,1617,2026-06-01,2762,Paid
5065,1617,2026-07-04,2762,Failed
5066,1617,2026-08-01,2762,Paid
5067,1617,2026-09-01,2762,Paid
5068,1617,2026-09-29,2762,Paid
5069,1617,2026-11-01,2762,Paid
5070,1617,2026-12-01,2762,Paid
16124,1618,2026-12-27,2328,Paid
15516,1619,2026-10-28,2862,Paid
15517,1619,2026-11-01,2862,Pending
15518,1619,2026-12-01,2862,Failed
4349,1620,2025-10-28,2558,Paid
4350,1620,2025-11-01,2558,Pending
4351,1620,2025-12-01,2558,Paid
4352,1620,2026-01-01,2558,Paid
5393,1621,2025-12-23,4558,Paid
5394,1621,2026-01-01,4558,Paid
5395,1621,2026-02-01,4558,Paid
5396,1621,2026-03-01,4558,Pending
5397,1621,2026-04-03,4558,Overdue
5398,1621,2026-05-01,4558,Paid
5399,1621,2026-06-01,4558,Paid
8599,1622,2026-04-25,2584,Paid
8600,1622,2026-05-01,2584,Failed
8601,1622,2026-06-01,2584,Paid
8602,1622,2026-07-01,2584,Paid
8603,1622,2026-08-02,2584,Overdue
8604,1622,2026-09-03,2584,Paid
8605,1622,2026-10-01,2584,Paid
9311,1623,2026-05-16,2807,Paid
9312,1623,2026-06-01,2807,Paid
9313,1623,2026-07-01,2807,Failed
9314,1623,2026-08-01,2807,Paid
13490,1624,2026-09-12,2761,Paid
13491,1624,2026-10-01,2761,Paid
14864,1625,2026-10-16,3996,Paid
14865,1625,2026-11-01,3996,Paid
16066,1626,2026-12-16,2930,Paid
11024,1627,2026-07-11,3179,Paid
11025,1627,2026-08-01,3179,Paid
11026,1627,2026-08-31,3179,Paid
11027,1627,2026-10-08,3179,Paid
11028,1627,2026-11-01,3179,Pending
11029,1627,2026-12-02,3179,Paid
12095,1628,2026-08-08,2864,Failed
12096,1628,2026-09-03,2864,Paid
12097,1628,2026-10-06,2864,Paid
12098,1628,2026-11-03,2864,Paid
12099,1628,2026-12-06,2864,Paid
11550,1629,2026-07-25,4675,Paid
11551,1629,2026-07-31,4675,Paid
11552,1629,2026-09-02,4675,Paid
11553,1629,2026-10-01,4675,Paid
14304,1630,2026-10-02,4774,Failed
14305,1630,2026-11-01,4774,Paid
14306,1630,2026-12-01,4774,Paid
5968,1631,2026-01-16,2823,Paid
5969,1631,2026-01-30,2823,Paid
5970,1631,2026-03-01,2823,Paid
5971,1631,2026-04-08,2823,Paid
10526,1632,2026-06-26,2924,Paid
10527,1632,2026-07-01,2924,Paid
11754,1633,2026-07-30,3026,Paid
11755,1633,2026-08-03,3026,Paid
11756,1633,2026-09-06,3026,Paid
11757,1633,2026-10-01,3026,Paid
10422,1634,2026-06-22,4760,Overdue
10423,1634,2026-07-01,4760,Paid
10424,1634,2026-08-01,4760,Paid
10425,1634,2026-09-01,4760,Paid
10426,1634,2026-10-01,4760,Paid
10427,1634,2026-11-01,4760,Paid
10428,1634,2026-12-02,4760,Paid
2097,1635,2025-05-21,2977,Paid
2098,1635,2025-06-02,2977,Paid
2099,1635,2025-07-03,2977,Paid
2100,1635,2025-08-03,2977,Paid
2101,1635,2025-09-01,2977,Overdue
2102,1635,2025-10-01,2977,Pending
2103,1635,2025-11-01,2977,Paid
2104,1635,2025-12-01,2977,Paid
2105,1635,2026-01-01,2977,Paid
2106,1635,2026-02-01,2977,Paid
2107,1635,2026-03-06,2977,Overdue
2108,1635,2026-04-01,2977,Paid
2109,1635,2026-05-01,2977,Paid
14841,1636,2026-10-16,2516,Paid
14842,1636,2026-11-02,2516,Paid
14843,1636,2026-12-01,2516,Paid
10397,1637,2026-06-22,2747,Paid
10398,1637,2026-07-01,2747,Paid
10399,1637,2026-08-01,2747,Paid
10400,1637,2026-09-01,2747,Paid
10401,1637,2026-10-01,2747,Paid
10402,1637,2026-11-01,2747,Pending
10403,1637,2026-12-01,2747,Paid
12703,1638,2026-08-23,2818,Paid
12704,1638,2026-09-03,2818,Paid
12705,1638,2026-09-30,2818,Paid
12706,1638,2026-11-02,2818,Paid
12707,1638,2026-12-01,2818,Paid
6884,1639,2026-02-25,3493,Paid
6885,1639,2026-03-04,3493,Paid
6886,1639,2026-04-01,3493,Paid
6887,1639,2026-05-01,3493,Paid
10917,1640,2026-07-08,4955,Paid
10918,1640,2026-08-03,4955,Paid
16128,1641,2026-12-28,4927,Paid
12110,1642,2026-08-08,3536,Paid
12111,1642,2026-09-03,3536,Failed
12112,1642,2026-10-01,3536,Paid
12113,1642,2026-11-01,3536,Paid
12114,1642,2026-12-01,3536,Paid
16129,1643,2026-12-28,4799,Paid
13476,1644,2026-09-12,3230,Pending
13477,1644,2026-10-04,3230,Paid
13478,1644,2026-11-01,3230,Paid
13479,1644,2026-12-04,3230,Overdue
10343,1645,2026-06-21,3010,Paid
10344,1645,2026-06-30,3010,Paid
11612,1646,2026-07-27,3357,Failed
11613,1646,2026-08-01,3357,Paid
11614,1646,2026-09-01,3357,Paid
841,1647,2025-01-03,2338,Paid
842,1647,2025-02-01,2338,Paid
843,1647,2025-03-01,2338,Pending
844,1647,2025-04-01,2338,Paid
845,1647,2025-05-01,2338,Paid
846,1647,2025-06-01,2338,Paid
847,1647,2025-07-01,2338,Paid
848,1647,2025-08-03,2338,Paid
849,1647,2025-09-01,2338,Paid
850,1647,2025-10-01,2338,Paid
851,1647,2025-11-01,2338,Paid
852,1647,2025-12-01,2338,Paid
853,1647,2026-01-01,2338,Failed
16096,1648,2026-12-25,3708,Failed
7303,1649,2026-03-10,2829,Paid
7304,1649,2026-04-01,2829,Paid
7305,1649,2026-05-04,2829,Paid
7306,1649,2026-06-02,2829,Paid
7307,1649,2026-07-01,2829,Paid
7308,1649,2026-08-04,2829,Paid
7309,1649,2026-09-01,2829,Paid
9593,1650,2026-05-25,2855,Overdue
9594,1650,2026-06-01,2855,Paid
9595,1650,2026-07-06,2855,Failed
9596,1650,2026-08-01,2855,Paid
9597,1650,2026-09-01,2855,Paid
9598,1650,2026-10-01,2855,Paid
9599,1650,2026-10-30,2855,Paid
6023,1651,2026-01-18,4375,Paid
6024,1651,2026-02-01,4375,Paid
10629,1652,2026-06-28,3198,Overdue
10630,1652,2026-07-01,3198,Paid
10631,1652,2026-08-01,3198,Paid
10632,1652,2026-09-03,3198,Paid
10633,1652,2026-10-01,3198,Paid
10634,1652,2026-11-02,3198,Paid
10635,1652,2026-12-01,3198,Overdue
9340,1653,2026-05-17,3722,Paid
9341,1653,2026-06-01,3722,Paid
9342,1653,2026-07-01,3722,Paid
9343,1653,2026-08-01,3722,Paid
9344,1653,2026-09-01,3722,Paid
9345,1653,2026-10-03,3722,Paid
9346,1653,2026-11-01,3722,Paid
9347,1653,2026-12-01,3722,Paid
7411,1654,2026-03-13,2900,Paid
7412,1654,2026-04-01,2900,Paid
7413,1654,2026-05-06,2900,Paid
14263,1655,2026-10-01,3959,Overdue
14264,1655,2026-11-01,3959,Paid
14265,1655,2026-12-01,3959,Paid
9782,1656,2026-06-01,3602,Paid
9783,1656,2026-07-01,3602,Overdue
9784,1656,2026-08-01,3602,Paid
11940,1657,2026-08-03,2733,Paid
11941,1657,2026-09-01,2733,Paid
15930,1658,2026-11-24,4341,Paid
15931,1658,2026-12-01,4341,Paid
7628,1659,2026-03-20,2531,Paid
7629,1659,2026-04-02,2531,Paid
5795,1660,2026-01-09,4610,Pending
5796,1660,2026-02-02,4610,Paid
5797,1660,2026-03-01,4610,Paid
5798,1660,2026-04-02,4610,Paid
5247,1661,2025-12-17,2892,Paid
5248,1661,2026-01-02,2892,Paid
5249,1661,2026-02-06,2892,Pending
5250,1661,2026-03-01,2892,Paid
11007,1662,2026-07-10,3767,Paid
11008,1662,2026-08-01,3767,Paid
11009,1662,2026-09-02,3767,Overdue
11010,1662,2026-09-30,3767,Paid
13503,1663,2026-09-12,3209,Pending
13504,1663,2026-10-01,3209,Paid
13505,1663,2026-11-06,3209,Failed
13506,1663,2026-12-01,3209,Paid
3566,1664,2025-09-10,2691,Paid
3567,1664,2025-10-01,2691,Paid
3568,1664,2025-11-01,2691,Paid
11683,1665,2026-07-29,3769,Pending
11684,1665,2026-08-03,3769,Pending
14595,1666,2026-10-09,3937,Paid
14596,1666,2026-11-01,3937,Paid
14597,1666,2026-12-08,3937,Paid
11957,1667,2026-08-04,2076,Paid
11958,1667,2026-09-01,2076,Paid
11959,1667,2026-10-01,2076,Paid
11960,1667,2026-11-02,2076,Overdue
9026,1668,2026-05-06,3034,Paid
9027,1668,2026-06-02,3034,Paid
9028,1668,2026-07-01,3034,Pending
8744,1669,2026-04-30,4383,Paid
8745,1669,2026-05-01,4383,Paid
8746,1669,2026-06-01,4383,Paid
8747,1669,2026-07-03,4383,Paid
8748,1669,2026-08-04,4383,Paid
8749,1669,2026-09-02,4383,Overdue
8750,1669,2026-10-04,4383,Paid
8751,1669,2026-11-01,4383,Paid
8752,1669,2026-12-01,4383,Paid
6391,1670,2026-02-02,4690,Paid
6392,1670,2026-02-28,4690,Paid
6393,1670,2026-04-02,4690,Paid
6394,1670,2026-05-04,4690,Paid
6395,1670,2026-06-01,4690,Paid
6396,1670,2026-07-02,4690,Paid
6397,1670,2026-08-01,4690,Paid
6398,1670,2026-09-01,4690,Pending
6399,1670,2026-10-01,4690,Failed
6400,1670,2026-10-31,4690,Overdue
6401,1670,2026-12-02,4690,Paid
14983,1671,2026-10-19,3483,Paid
14984,1671,2026-11-01,3483,Paid
14985,1671,2026-12-04,3483,Paid
11453,1672,2026-07-22,3112,Paid
11454,1672,2026-08-01,3112,Paid
11455,1672,2026-09-02,3112,Paid
11456,1672,2026-10-01,3112,Paid
11523,1673,2026-07-23,2843,Paid
11524,1673,2026-07-30,2843,Paid
9383,1674,2026-05-19,4148,Paid
9384,1674,2026-06-01,4148,Paid
9385,1674,2026-07-01,4148,Paid
9386,1674,2026-08-02,4148,Paid
9387,1674,2026-09-01,4148,Paid
9388,1674,2026-10-01,4148,Paid
9389,1674,2026-11-01,4148,Paid
10012,1675,2026-06-08,3179,Paid
10013,1675,2026-07-06,3179,Paid
10014,1675,2026-08-01,3179,Paid
5554,1676,2025-12-31,2749,Paid
5555,1676,2026-01-01,2749,Paid
5556,1676,2026-02-01,2749,Paid
5557,1676,2026-03-01,2749,Paid
7398,1677,2026-03-13,2394,Pending
7399,1677,2026-04-01,2394,Paid
6854,1678,2026-02-24,2516,Paid
6855,1678,2026-03-01,2516,Paid
6856,1678,2026-04-04,2516,Paid
6857,1678,2026-05-01,2516,Paid
6858,1678,2026-06-01,2516,Paid
6859,1678,2026-07-02,2516,Paid
6860,1678,2026-08-02,2516,Paid
6861,1678,2026-09-01,2516,Paid
6862,1678,2026-10-03,2516,Overdue
6863,1678,2026-11-01,2516,Paid
6864,1678,2026-12-01,2516,Paid
13237,1679,2026-09-05,2416,Paid
13238,1679,2026-10-01,2416,Paid
10235,1680,2026-06-17,4482,Paid
10236,1680,2026-07-01,4482,Paid
10237,1680,2026-08-06,4482,Paid
10238,1680,2026-09-01,4482,Overdue
10239,1680,2026-10-01,4482,Paid
10240,1680,2026-11-01,4482,Pending
10241,1680,2026-12-03,4482,Paid
16028,1681,2026-12-10,3532,Paid
10231,1682,2026-06-16,4603,Paid
10232,1682,2026-07-06,4603,Paid
10233,1682,2026-07-31,4603,Paid
10234,1682,2026-09-01,4603,Paid
15916,1683,2026-11-21,2645,Paid
15917,1683,2026-12-01,2645,Paid
2843,1684,2025-07-18,4655,Failed
2844,1684,2025-08-01,4655,Paid
2845,1684,2025-09-03,4655,Paid
2846,1684,2025-10-01,4655,Failed
2847,1684,2025-10-31,4655,Paid
2848,1684,2025-12-01,4655,Paid
2849,1684,2026-01-01,4655,Paid
10562,1685,2026-06-27,2115,Paid
10563,1685,2026-07-01,2115,Paid
10564,1685,2026-08-01,2115,Paid
10565,1685,2026-09-01,2115,Paid
10566,1685,2026-10-01,2115,Overdue
10567,1685,2026-11-01,2115,Paid
10568,1685,2026-12-04,2115,Paid
7113,1686,2026-03-05,4462,Overdue
7114,1686,2026-04-01,4462,Paid
7115,1686,2026-05-01,4462,Paid
7116,1686,2026-06-01,4462,Paid
9542,1687,2026-05-23,3743,Overdue
9543,1687,2026-06-02,3743,Paid
9544,1687,2026-07-04,3743,Failed
9545,1687,2026-08-01,3743,Paid
9546,1687,2026-09-01,3743,Paid
9547,1687,2026-09-29,3743,Paid
9548,1687,2026-10-31,3743,Paid
9549,1687,2026-12-01,3743,Paid
15131,1688,2026-10-21,3192,Paid
15132,1688,2026-11-02,3192,Failed
15133,1688,2026-12-01,3192,Paid
13795,1689,2026-09-21,3346,Paid
13796,1689,2026-10-01,3346,Paid
13797,1689,2026-11-01,3346,Paid
13798,1689,2026-12-04,3346,Pending
10882,1690,2026-07-07,2815,Paid
10883,1690,2026-08-01,2815,Paid
10884,1690,2026-09-01,2815,Pending
10885,1690,2026-10-01,2815,Pending
16116,1691,2026-12-27,2809,Paid
16069,1692,2026-12-17,3871,Paid
411,1693,2024-10-11,4259,Paid
412,1693,2024-11-01,4259,Paid
413,1693,2024-12-03,4259,Paid
414,1693,2025-01-01,4259,Paid
415,1693,2025-02-01,4259,Paid
416,1693,2025-02-28,4259,Paid
417,1693,2025-04-02,4259,Pending
418,1693,2025-05-01,4259,Pending
419,1693,2025-06-01,4259,Pending
420,1693,2025-07-01,4259,Paid
421,1693,2025-08-02,4259,Paid
422,1693,2025-09-01,4259,Paid
423,1693,2025-10-01,4259,Paid
6577,1694,2026-02-11,3376,Pending
6578,1694,2026-02-28,3376,Failed
6579,1694,2026-04-01,3376,Paid
6580,1694,2026-04-30,3376,Paid
6581,1694,2026-06-01,3376,Paid
6582,1694,2026-07-01,3376,Overdue
6583,1694,2026-08-01,3376,Paid
15772,1695,2026-11-04,2976,Paid
15773,1695,2026-12-01,2976,Paid
5905,1696,2026-01-13,2655,Paid
5906,1696,2026-02-04,2655,Paid
5907,1696,2026-02-27,2655,Paid
5908,1696,2026-04-01,2655,Paid
16155,1697,2026-12-31,3113,Paid
15812,1698,2026-11-06,3336,Paid
15813,1698,2026-12-01,3336,Failed
8251,1699,2026-04-12,4007,Overdue
8252,1699,2026-05-01,4007,Paid
8253,1699,2026-06-04,4007,Paid
8254,1699,2026-07-01,4007,Paid
8255,1699,2026-08-01,4007,Paid
8256,1699,2026-09-01,4007,Paid
8257,1699,2026-10-08,4007,Paid
8258,1699,2026-11-01,4007,Overdue
8259,1699,2026-12-01,4007,Paid
8485,1700,2026-04-19,2464,Failed
8486,1700,2026-05-01,2464,Paid
15818,1701,2026-11-07,3082,Paid
15819,1701,2026-12-01,3082,Overdue
11385,1702,2026-07-21,4303,Overdue
11386,1702,2026-08-03,4303,Paid
11387,1702,2026-09-01,4303,Paid
11388,1702,2026-09-30,4303,Paid
11389,1702,2026-10-30,4303,Paid
11390,1702,2026-12-04,4303,Paid
15403,1703,2026-10-26,3419,Paid
15404,1703,2026-11-01,3419,Paid
15405,1703,2026-12-01,3419,Overdue
10952,1704,2026-07-09,2314,Overdue
10953,1704,2026-08-01,2314,Overdue
13715,1705,2026-09-19,2116,Paid
13716,1705,2026-10-01,2116,Paid
13717,1705,2026-11-01,2116,Paid
13718,1705,2026-12-01,2116,Paid
4975,1706,2025-11-29,3530,Paid
4976,1706,2025-12-03,3530,Overdue
4977,1706,2026-01-01,3530,Overdue
4978,1706,2026-02-01,3530,Paid
4979,1706,2026-03-01,3530,Paid
4980,1706,2026-04-04,3530,Paid
4981,1706,2026-05-02,3530,Paid
16156,1707,2026-12-31,2055,Paid
15400,1708,2026-10-26,4574,Paid
15401,1708,2026-11-02,4574,Paid
15402,1708,2026-12-02,4574,Paid
15992,1709,2026-12-03,3655,Paid
13277,1710,2026-09-06,3749,Paid
13278,1710,2026-10-01,3749,Paid
13279,1710,2026-11-01,3749,Paid
13280,1710,2026-12-01,3749,Failed
15906,1711,2026-11-19,2307,Paid
15907,1711,2026-12-01,2307,Paid
2277,1712,2025-05-29,2521,Overdue
2278,1712,2025-05-30,2521,Paid
6305,1713,2026-01-29,3496,Paid
6306,1713,2026-01-30,3496,Paid
6307,1713,2026-03-01,3496,Paid
6308,1713,2026-04-04,3496,Paid
6309,1713,2026-05-01,3496,Paid
6310,1713,2026-06-01,3496,Paid
6311,1713,2026-07-01,3496,Paid
6312,1713,2026-08-01,3496,Paid
6313,1713,2026-09-01,3496,Overdue
6314,1713,2026-10-01,3496,Paid
6315,1713,2026-11-01,3496,Paid
6316,1713,2026-12-01,3496,Paid
2382,1714,2025-06-09,4863,Paid
2383,1714,2025-07-02,4863,Paid
9158,1715,2026-05-10,4296,Overdue
9159,1715,2026-05-30,4296,Pending
9160,1715,2026-07-01,4296,Paid
9722,1716,2026-05-30,3180,Paid
9723,1716,2026-06-03,3180,Paid
9724,1716,2026-07-01,3180,Paid
9725,1716,2026-08-01,3180,Overdue
12449,1717,2026-08-16,2650,Paid
12450,1717,2026-08-30,2650,Pending
12451,1717,2026-10-01,2650,Paid
12452,1717,2026-11-01,2650,Paid
12453,1717,2026-12-01,2650,Paid
13092,1718,2026-09-01,4401,Paid
13093,1718,2026-10-02,4401,Paid
13094,1718,2026-11-01,4401,Paid
13095,1718,2026-12-01,4401,Paid
14375,1719,2026-10-05,2611,Paid
14376,1719,2026-11-01,2611,Paid
14377,1719,2026-12-01,2611,Paid
12585,1720,2026-08-20,3182,Paid
12586,1720,2026-09-01,3182,Paid
12587,1720,2026-10-02,3182,Paid
12588,1720,2026-11-02,3182,Overdue
12589,1720,2026-12-01,3182,Paid
15878,1721,2026-11-13,3661,Paid
15879,1721,2026-12-02,3661,Paid
8912,1722,2026-05-04,4456,Paid
8913,1722,2026-06-01,4456,Paid
16054,1723,2026-12-16,2631,Paid
14850,1724,2026-10-16,3392,Failed
14851,1724,2026-11-01,3392,Overdue
14852,1724,2026-12-08,3392,Paid
12334,1725,2026-08-14,4830,Overdue
12335,1725,2026-08-30,4830,Pending
12336,1725,2026-10-01,4830,Paid
12337,1725,2026-11-03,4830,Pending
14538,1726,2026-10-08,3360,Failed
14539,1726,2026-11-01,3360,Paid
14540,1726,2026-12-01,3360,Pending
15128,1727,2026-10-21,2577,Overdue
15129,1727,2026-11-01,2577,Paid
15130,1727,2026-12-03,2577,Paid
14059,1728,2026-09-26,3196,Paid
14060,1728,2026-10-01,3196,Paid
14061,1728,2026-11-06,3196,Paid
14062,1728,2026-12-01,3196,Paid
13285,1729,2026-09-07,2796,Paid
13286,1729,2026-10-06,2796,Paid
6417,1730,2026-02-04,2654,Pending
6418,1730,2026-03-04,2654,Paid
6419,1730,2026-04-01,2654,Paid
4246,1731,2025-10-23,3359,Paid
4247,1731,2025-10-31,3359,Paid
4248,1731,2025-12-01,3359,Pending
4249,1731,2026-01-01,3359,Pending
4250,1731,2026-02-01,3359,Paid
4251,1731,2026-03-01,3359,Paid
4252,1731,2026-04-01,3359,Paid
11469,1732,2026-07-22,3502,Paid
11470,1732,2026-08-04,3502,Paid
11471,1732,2026-09-01,3502,Paid
11472,1732,2026-10-01,3502,Pending
15768,1733,2026-11-04,2937,Paid
15769,1733,2026-12-03,2937,Pending
15832,1734,2026-11-08,3025,Paid
15833,1734,2026-12-01,3025,Paid
15026,1735,2026-10-20,3355,Overdue
15027,1735,2026-11-04,3355,Pending
15028,1735,2026-12-01,3355,Paid
15146,1736,2026-10-22,3685,Paid
15147,1736,2026-11-04,3685,Paid
15148,1736,2026-12-01,3685,Paid
6405,1737,2026-02-02,3697,Paid
6406,1737,2026-03-01,3697,Paid
6407,1737,2026-04-01,3697,Paid
10202,1738,2026-06-15,3172,Paid
10203,1738,2026-07-01,3172,Paid
10204,1738,2026-08-01,3172,Pending
10205,1738,2026-09-02,3172,Paid
8587,1739,2026-04-25,4773,Paid
8588,1739,2026-05-04,4773,Overdue
8589,1739,2026-06-01,4773,Overdue
8590,1739,2026-07-01,4773,Paid
8591,1739,2026-07-31,4773,Paid
8592,1739,2026-09-01,4773,Paid
8593,1739,2026-10-01,4773,Paid
8594,1739,2026-11-01,4773,Paid
8595,1739,2026-12-01,4773,Overdue
11821,1740,2026-07-31,3500,Pending
11822,1740,2026-08-01,3500,Failed
11823,1740,2026-09-01,3500,Paid
11824,1740,2026-10-01,3500,Paid
5621,1741,2026-01-02,2778,Paid
5622,1741,2026-02-01,2778,Paid
5623,1741,2026-03-02,2778,Paid
5624,1741,2026-04-01,2778,Overdue
5625,1741,2026-05-02,2778,Paid
5626,1741,2026-06-01,2778,Paid
5627,1741,2026-07-01,2778,Paid
16060,1742,2026-12-16,2982,Paid
4751,1743,2025-11-18,4225,Pending
4752,1743,2025-12-01,4225,Paid
4753,1743,2026-01-01,4225,Paid
4754,1743,2026-02-01,4225,Paid
4755,1743,2026-03-01,4225,Paid
4756,1743,2026-04-08,4225,Paid
4757,1743,2026-04-30,4225,Pending
10713,1744,2026-07-01,4717,Overdue
10714,1744,2026-08-03,4717,Paid
15049,1745,2026-10-20,3189,Paid
15050,1745,2026-11-01,3189,Pending
15051,1745,2026-12-06,3189,Paid
8190,1746,2026-04-09,3010,Overdue
8191,1746,2026-04-30,3010,Paid
8192,1746,2026-06-01,3010,Paid
8193,1746,2026-07-01,3010,Paid
8194,1746,2026-08-01,3010,Paid
8195,1746,2026-09-01,3010,Paid
8196,1746,2026-10-03,3010,Paid
15198,1747,2026-10-23,3424,Overdue
15199,1747,2026-11-01,3424,Paid
15200,1747,2026-12-01,3424,Paid
7274,1748,2026-03-09,4333,Paid
7275,1748,2026-04-03,4333,Paid
7276,1748,2026-05-01,4333,Failed
7277,1748,2026-06-01,4333,Failed
7278,1748,2026-07-01,4333,Paid
7279,1748,2026-08-02,4333,Paid
7280,1748,2026-09-01,4333,Paid
7574,1749,2026-03-18,2679,Paid
7575,1749,2026-04-01,2679,Paid
7576,1749,2026-05-02,2679,Overdue
7577,1749,2026-06-01,2679,Paid
7578,1749,2026-07-01,2679,Failed
7579,1749,2026-08-03,2679,Overdue
7580,1749,2026-09-01,2679,Paid
12091,1750,2026-08-08,3334,Paid
12092,1750,2026-09-01,3334,Paid
12093,1750,2026-10-04,3334,Paid
12094,1750,2026-11-02,3334,Overdue
15195,1751,2026-10-23,2998,Paid
15196,1751,2026-10-30,2998,Overdue
15197,1751,2026-12-01,2998,Paid
14541,1752,2026-10-08,2584,Paid
14542,1752,2026-11-01,2584,Paid
14543,1752,2026-12-01,2584,Pending
5222,1753,2025-12-14,3920,Paid
5223,1753,2026-01-01,3920,Paid
5224,1753,2026-02-01,3920,Paid
5225,1753,2026-03-01,3920,Paid
6646,1754,2026-02-14,2412,Overdue
6647,1754,2026-03-01,2412,Paid
6648,1754,2026-04-01,2412,Paid
6649,1754,2026-05-04,2412,Paid
6650,1754,2026-06-01,2412,Paid
6651,1754,2026-07-04,2412,Paid
6652,1754,2026-08-01,2412,Overdue
6653,1754,2026-09-01,2412,Paid
6654,1754,2026-10-01,2412,Paid
6655,1754,2026-11-01,2412,Paid
6656,1754,2026-12-01,2412,Paid
5671,1755,2026-01-05,4517,Paid
5672,1755,2026-01-30,4517,Paid
5673,1755,2026-03-01,4517,Paid
5674,1755,2026-04-01,4517,Paid
5675,1755,2026-05-01,4517,Paid
5676,1755,2026-06-01,4517,Paid
5677,1755,2026-07-01,4517,Paid
16058,1756,2026-12-16,2527,Paid
10674,1757,2026-06-30,2827,Paid
10675,1757,2026-06-30,2827,Paid
10676,1757,2026-07-30,2827,Paid
10677,1757,2026-09-02,2827,Paid
9074,1758,2026-05-08,3695,Paid
9075,1758,2026-06-01,3695,Paid
9076,1758,2026-07-02,3695,Paid
9803,1759,2026-06-02,2330,Paid
9804,1759,2026-07-03,2330,Paid
16085,1760,2026-12-22,2161,Paid
13353,1761,2026-09-08,3204,Paid
13354,1761,2026-10-01,3204,Paid
13355,1761,2026-11-01,3204,Paid
13356,1761,2026-12-01,3204,Paid
11240,1762,2026-07-17,2721,Paid
11241,1762,2026-08-01,2721,Paid
11242,1762,2026-09-04,2721,Paid
11243,1762,2026-10-01,2721,Paid
7021,1763,2026-03-01,4901,Paid
7022,1763,2026-04-04,4901,Paid
7023,1763,2026-04-30,4901,Paid
7024,1763,2026-06-01,4901,Overdue
3784,1764,2025-09-25,2745,Overdue
3785,1764,2025-10-02,2745,Paid
3786,1764,2025-11-01,2745,Paid
3787,1764,2025-12-08,2745,Paid
3788,1764,2026-01-01,2745,Paid
3789,1764,2026-02-01,2745,Paid
3790,1764,2026-03-01,2745,Paid
3791,1764,2026-04-03,2745,Paid
3792,1764,2026-05-01,2745,Paid
3793,1764,2026-06-01,2745,Paid
3794,1764,2026-07-01,2745,Paid
3795,1764,2026-08-01,2745,Overdue
3796,1764,2026-09-01,2745,Paid
3797,1764,2026-09-29,2745,Paid
3798,1764,2026-11-01,2745,Pending
3799,1764,2026-12-01,2745,Overdue
3243,1765,2025-08-15,3943,Paid
3244,1765,2025-09-03,3943,Paid
3245,1765,2025-10-01,3943,Paid
3246,1765,2025-11-01,3943,Paid
13123,1766,2026-09-02,3926,Paid
13124,1766,2026-10-01,3926,Paid
13125,1766,2026-11-01,3926,Paid
13126,1766,2026-12-02,3926,Paid
14515,1767,2026-10-08,2803,Overdue
14516,1767,2026-11-02,2803,Paid
11121,1768,2026-07-14,4750,Pending
11122,1768,2026-08-01,4750,Paid
14030,1769,2026-09-25,3920,Paid
14031,1769,2026-10-02,3920,Pending
14032,1769,2026-11-01,3920,Paid
14033,1769,2026-12-02,3920,Paid
3959,1770,2025-10-01,4183,Overdue
3960,1770,2025-11-01,4183,Paid
3961,1770,2025-12-01,4183,Paid
3962,1770,2026-01-01,4183,Paid
3963,1770,2026-02-08,4183,Overdue
3964,1770,2026-03-01,4183,Pending
3965,1770,2026-04-01,4183,Paid
391,1771,2024-10-02,4081,Paid
392,1771,2024-11-02,4081,Overdue
393,1771,2024-12-01,4081,Paid
394,1771,2025-01-02,4081,Paid
395,1771,2025-02-03,4081,Paid
396,1771,2025-03-02,4081,Paid
397,1771,2025-04-01,4081,Paid
398,1771,2025-05-02,4081,Paid
399,1771,2025-06-01,4081,Paid
400,1771,2025-07-03,4081,Paid
401,1771,2025-08-02,4081,Paid
402,1771,2025-09-01,4081,Paid
403,1771,2025-10-01,4081,Paid
15118,1772,2026-10-21,3557,Paid
15119,1772,2026-11-01,3557,Paid
9443,1773,2026-05-20,3035,Paid
9444,1773,2026-06-01,3035,Paid
9445,1773,2026-07-01,3035,Paid
9446,1773,2026-08-03,3035,Pending
9447,1773,2026-09-02,3035,Paid
9448,1773,2026-10-08,3035,Paid
9449,1773,2026-11-01,3035,Paid
10954,1774,2026-07-09,3190,Paid
10955,1774,2026-08-01,3190,Paid
10956,1774,2026-09-01,3190,Paid
13360,1775,2026-09-08,3257,Paid
13361,1775,2026-10-01,3257,Paid
13362,1775,2026-11-02,3257,Pending
4927,1776,2025-11-27,4713,Paid
4928,1776,2025-12-01,4713,Paid
8045,1777,2026-04-03,3253,Paid
8046,1777,2026-05-03,3253,Paid
12722,1778,2026-08-24,4646,Paid
12723,1778,2026-09-01,4646,Paid
12724,1778,2026-10-01,4646,Paid
7281,1779,2026-03-09,4991,Pending
7282,1779,2026-04-01,4991,Paid
9648,1780,2026-05-28,2523,Paid
9649,1780,2026-06-01,2523,Paid
9650,1780,2026-07-01,2523,Paid
9651,1780,2026-08-01,2523,Paid
9652,1780,2026-08-30,2523,Paid
9653,1780,2026-10-01,2523,Paid
9654,1780,2026-11-01,2523,Pending
9655,1780,2026-12-01,2523,Paid
15979,1781,2026-12-03,3739,Pending
15451,1782,2026-10-27,2554,Paid
15452,1782,2026-11-02,2554,Paid
2984,1783,2025-08-01,3549,Pending
2985,1783,2025-09-01,3549,Paid
2986,1783,2025-10-01,3549,Paid
5431,1784,2025-12-24,2803,Paid
5432,1784,2025-12-31,2803,Paid
5433,1784,2026-02-01,2803,Paid
5434,1784,2026-03-01,2803,Paid
5435,1784,2026-04-02,2803,Paid
5436,1784,2026-05-03,2803,Overdue
5437,1784,2026-06-02,2803,Paid
11019,1785,2026-07-10,2626,Paid
11020,1785,2026-08-01,2626,Paid
9977,1786,2026-06-08,2969,Overdue
9978,1786,2026-06-30,2969,Paid
9979,1786,2026-08-01,2969,Paid
9980,1786,2026-09-01,2969,Paid
9981,1786,2026-09-29,2969,Paid
9982,1786,2026-11-01,2969,Paid
9983,1786,2026-12-01,2969,Paid
15924,1787,2026-11-24,2485,Paid
15925,1787,2026-12-01,2485,Failed
2827,1788,2025-07-16,2494,Paid
2828,1788,2025-08-01,2494,Pending
2829,1788,2025-09-01,2494,Paid
105,1789,2024-06-25,3535,Paid
106,1789,2024-07-03,3535,Overdue
107,1789,2024-08-01,3535,Paid
108,1789,2024-09-01,3535,Paid
7591,1790,2026-03-18,3633,Pending
7592,1790,2026-04-01,3633,Paid
13635,1791,2026-09-16,2707,Paid
13636,1791,2026-10-01,2707,Paid
13637,1791,2026-11-01,2707,Paid
13638,1791,2026-12-01,2707,Pending
7793,1792,2026-03-24,2632,Paid
7794,1792,2026-03-30,2632,Paid
7795,1792,2026-05-01,2632,Paid
7796,1792,2026-06-01,2632,Paid
11825,1793,2026-07-31,4562,Failed
11826,1793,2026-08-03,4562,Paid
11827,1793,2026-09-04,4562,Paid
13643,1794,2026-09-16,4419,Paid
13644,1794,2026-10-02,4419,Paid
13645,1794,2026-11-01,4419,Paid
14549,1795,2026-10-08,2668,Paid
14550,1795,2026-11-01,2668,Paid
14551,1795,2026-12-03,2668,Paid
15458,1796,2026-10-27,3426,Paid
15459,1796,2026-11-02,3426,Paid
15460,1796,2026-11-30,3426,Paid
2971,1797,2025-07-31,3706,Paid
2972,1797,2025-08-02,3706,Paid
7810,1798,2026-03-25,2922,Overdue
7811,1798,2026-04-01,2922,Paid
7812,1798,2026-05-01,2922,Paid
7813,1798,2026-06-01,2922,Paid
7814,1798,2026-07-01,2922,Paid
7815,1798,2026-08-03,2922,Paid
7816,1798,2026-09-01,2922,Overdue
9842,1799,2026-06-03,3032,Paid
9843,1799,2026-07-01,3032,Paid
9844,1799,2026-08-01,3032,Paid
9845,1799,2026-09-04,3032,Paid
9846,1799,2026-10-02,3032,Pending
9847,1799,2026-11-06,3032,Paid
9848,1799,2026-12-01,3032,Paid
14147,1800,2026-09-28,4780,Paid
14148,1800,2026-10-06,4780,Paid
14149,1800,2026-11-01,4780,Paid
14150,1800,2026-12-01,4780,Paid
13049,1801,2026-08-31,2543,Paid
13050,1801,2026-09-01,2543,Paid
187,1802,2024-08-16,2781,Paid
188,1802,2024-09-01,2781,Paid
189,1802,2024-10-01,2781,Paid
190,1802,2024-11-01,2781,Paid
191,1802,2024-12-01,2781,Paid
192,1802,2025-01-01,2781,Paid
193,1802,2025-02-01,2781,Paid
194,1802,2025-03-01,2781,Pending
195,1802,2025-04-01,2781,Paid
196,1802,2025-04-30,2781,Paid
197,1802,2025-05-30,2781,Paid
198,1802,2025-07-04,2781,Paid
199,1802,2025-08-01,2781,Paid
1508,1803,2025-03-23,4123,Paid
1509,1803,2025-04-04,4123,Overdue
1510,1803,2025-05-06,4123,Paid
1511,1803,2025-06-06,4123,Paid
1512,1803,2025-07-01,4123,Paid
1513,1803,2025-08-01,4123,Paid
1514,1803,2025-09-01,4123,Paid
12995,1804,2026-08-30,2566,Paid
12996,1804,2026-09-02,2566,Overdue
16131,1805,2026-12-28,2526,Pending
14583,1806,2026-10-09,2536,Paid
14584,1806,2026-11-08,2536,Pending
14585,1806,2026-12-01,2536,Paid
10999,1807,2026-07-10,2177,Paid
11000,1807,2026-08-04,2177,Failed
11001,1807,2026-09-01,2177,Paid
11002,1807,2026-10-01,2177,Paid
11003,1807,2026-11-01,2177,Paid
11004,1807,2026-11-30,2177,Paid
8455,1808,2026-04-17,4138,Paid
8456,1808,2026-05-01,4138,Paid
14292,1809,2026-10-02,2851,Paid
14293,1809,2026-11-01,2851,Paid
14294,1809,2026-12-01,2851,Paid
78,1810,2024-05-13,2071,Paid
79,1810,2024-06-01,2071,Paid
80,1810,2024-07-01,2071,Paid
81,1810,2024-07-31,2071,Paid
15790,1811,2026-11-06,2651,Overdue
15791,1811,2026-12-01,2651,Paid
15310,1812,2026-10-25,2922,Overdue
15311,1812,2026-11-01,2922,Paid
15312,1812,2026-12-02,2922,Paid
10944,1813,2026-07-09,3672,Paid
10945,1813,2026-08-01,3672,Paid
10946,1813,2026-08-31,3672,Paid
10947,1813,2026-10-01,3672,Paid
10948,1813,2026-11-02,3672,Paid
10949,1813,2026-12-01,3672,Paid
4181,1814,2025-10-17,2604,Paid
4182,1814,2025-11-01,2604,Paid
4183,1814,2025-12-01,2604,Paid
4184,1814,2026-01-01,2604,Paid
4185,1814,2026-02-01,2604,Paid
4186,1814,2026-03-01,2604,Paid
4187,1814,2026-04-01,2604,Paid
4188,1814,2026-05-01,2604,Paid
4189,1814,2026-06-01,2604,Paid
4190,1814,2026-07-01,2604,Paid
4191,1814,2026-08-03,2604,Paid
4192,1814,2026-09-01,2604,Paid
4193,1814,2026-10-03,2604,Paid
4194,1814,2026-11-04,2604,Paid
4195,1814,2026-12-01,2604,Overdue
8516,1815,2026-04-20,2720,Paid
8517,1815,2026-05-03,2720,Paid
8518,1815,2026-06-03,2720,Paid
1860,1816,2025-04-24,4062,Paid
1861,1816,2025-05-01,4062,Paid
1862,1816,2025-06-01,4062,Paid
1863,1816,2025-07-01,4062,Paid
1864,1816,2025-08-01,4062,Paid
1865,1816,2025-09-01,4062,Paid
1866,1816,2025-10-01,4062,Pending
1867,1816,2025-11-01,4062,Paid
1868,1816,2025-12-02,4062,Paid
1869,1816,2026-01-01,4062,Pending
1870,1816,2026-02-02,4062,Overdue
1871,1816,2026-03-01,4062,Paid
1872,1816,2026-04-01,4062,Paid
14286,1817,2026-10-01,4897,Paid
14287,1817,2026-11-01,4897,Paid
14288,1817,2026-12-03,4897,Paid
2344,1818,2025-06-06,3717,Paid
2345,1818,2025-07-01,3717,Paid
2346,1818,2025-08-01,3717,Paid
14459,1819,2026-10-06,4483,Paid
14460,1819,2026-11-01,4483,Paid
14461,1819,2026-12-03,4483,Paid
8843,1820,2026-05-03,2798,Paid
8844,1820,2026-06-01,2798,Paid
8845,1820,2026-07-01,2798,Paid
8846,1820,2026-08-01,2798,Paid
8847,1820,2026-09-01,2798,Paid
8848,1820,2026-10-01,2798,Overdue
8849,1820,2026-10-31,2798,Paid
10221,1821,2026-06-16,3160,Paid
10222,1821,2026-07-01,3160,Paid
10223,1821,2026-08-03,3160,Pending
15504,1822,2026-10-28,3541,Paid
15505,1822,2026-11-01,3541,Overdue
10162,1823,2026-06-14,3270,Paid
10163,1823,2026-07-01,3270,Paid
10164,1823,2026-08-01,3270,Paid
15461,1824,2026-10-27,3196,Paid
15462,1824,2026-11-01,3196,Paid
15463,1824,2026-12-04,3196,Pending
14141,1825,2026-09-28,3991,Pending
14142,1825,2026-10-01,3991,Pending
14143,1825,2026-11-08,3991,Paid
14144,1825,2026-12-01,3991,Paid
15569,1826,2026-10-29,3570,Overdue
15570,1826,2026-11-01,3570,Paid
14742,1827,2026-10-13,3584,Paid
14743,1827,2026-11-01,3584,Pending
14744,1827,2026-12-01,3584,Paid
747,1828,2024-12-25,3081,Overdue
748,1828,2025-01-01,3081,Paid
749,1828,2025-02-01,3081,Paid
750,1828,2025-03-01,3081,Overdue
751,1828,2025-04-01,3081,Paid
752,1828,2025-04-30,3081,Paid
753,1828,2025-06-01,3081,Paid
2422,1829,2025-06-12,3490,Paid
2423,1829,2025-07-01,3490,Paid
3219,1830,2025-08-13,3910,Paid
3220,1830,2025-09-01,3910,Paid
3221,1830,2025-10-06,3910,Paid
3222,1830,2025-11-01,3910,Paid
3223,1830,2025-12-01,3910,Overdue
3224,1830,2026-01-01,3910,Pending
3225,1830,2026-01-30,3910,Paid
8116,1831,2026-04-07,2508,Paid
8117,1831,2026-05-02,2508,Paid
8118,1831,2026-06-02,2508,Paid
8119,1831,2026-07-01,2508,Pending
8120,1831,2026-08-04,2508,Paid
8121,1831,2026-09-01,2508,Paid
8122,1831,2026-10-02,2508,Paid
10860,1832,2026-07-06,2338,Paid
10861,1832,2026-08-02,2338,Paid
10862,1832,2026-09-01,2338,Paid
10863,1832,2026-10-01,2338,Failed
10864,1832,2026-11-02,2338,Paid
10865,1832,2026-12-01,2338,Paid
12565,1833,2026-08-19,3775,Paid
12566,1833,2026-09-01,3775,Paid
8762,1834,2026-04-30,3225,Paid
8763,1834,2026-05-01,3225,Paid
8764,1834,2026-06-01,3225,Paid
59,1835,2024-05-08,4261,Paid
60,1835,2024-06-02,4261,Paid
61,1835,2024-06-30,4261,Paid
62,1835,2024-08-01,4261,Overdue
63,1835,2024-09-02,4261,Paid
64,1835,2024-10-03,4261,Paid
65,1835,2024-11-01,4261,Overdue
66,1835,2024-12-01,4261,Paid
67,1835,2025-01-03,4261,Paid
68,1835,2025-02-01,4261,Paid
69,1835,2025-03-01,4261,Paid
70,1835,2025-04-03,4261,Paid
71,1835,2025-05-01,4261,Paid
72,1835,2025-06-01,4261,Paid
73,1835,2025-07-01,4261,Overdue
74,1835,2025-08-01,4261,Paid
75,1835,2025-09-01,4261,Paid
76,1835,2025-10-06,4261,Overdue
77,1835,2025-11-01,4261,Paid
7195,1836,2026-03-07,3445,Paid
7196,1836,2026-04-04,3445,Overdue
7197,1836,2026-05-01,3445,Paid
7198,1836,2026-06-01,3445,Paid
7199,1836,2026-07-01,3445,Paid
7200,1836,2026-08-01,3445,Paid
7201,1836,2026-09-01,3445,Pending
7202,1836,2026-10-01,3445,Paid
7203,1836,2026-11-01,3445,Paid
7204,1836,2026-12-01,3445,Paid
12732,1837,2026-08-24,4669,Paid
12733,1837,2026-09-01,4669,Paid
12734,1837,2026-10-02,4669,Paid
12735,1837,2026-11-01,4669,Paid
12736,1837,2026-12-06,4669,Paid
2814,1838,2025-07-16,3551,Pending
2815,1838,2025-08-01,3551,Paid
2816,1838,2025-09-01,3551,Paid
2817,1838,2025-10-01,3551,Paid
2818,1838,2025-11-01,3551,Paid
2819,1838,2025-12-01,3551,Paid
2820,1838,2025-12-31,3551,Paid
2821,1838,2026-02-06,3551,Paid
2822,1838,2026-03-01,3551,Overdue
2823,1838,2026-04-01,3551,Paid
2824,1838,2026-05-02,3551,Pending
2825,1838,2026-06-01,3551,Paid
2826,1838,2026-07-01,3551,Overdue
14360,1839,2026-10-04,2673,Paid
14361,1839,2026-11-01,2673,Paid
2067,1840,2025-05-18,2930,Paid
2068,1840,2025-06-01,2930,Paid
2069,1840,2025-07-01,2930,Paid
2070,1840,2025-08-01,2930,Paid
2071,1840,2025-09-06,2930,Paid
2072,1840,2025-10-01,2930,Paid
2073,1840,2025-11-01,2930,Paid
11927,1841,2026-08-02,2655,Paid
11928,1841,2026-09-02,2655,Paid
11929,1841,2026-09-30,2655,Paid
13829,1842,2026-09-21,3613,Pending
13830,1842,2026-10-04,3613,Pending
13831,1842,2026-11-01,3613,Pending
4900,1843,2025-11-26,2678,Paid
4901,1843,2025-12-01,2678,Paid
4902,1843,2026-01-01,2678,Paid
4903,1843,2026-02-01,2678,Failed
4904,1843,2026-03-01,2678,Paid
4905,1843,2026-04-01,2678,Paid
4906,1843,2026-05-01,2678,Paid
4907,1843,2026-06-01,2678,Pending
4908,1843,2026-07-01,2678,Paid
4909,1843,2026-08-04,2678,Paid
4910,1843,2026-09-01,2678,Paid
4911,1843,2026-10-01,2678,Paid
4912,1843,2026-11-01,2678,Paid
84,1844,2024-05-19,2850,Paid
85,1844,2024-06-08,2850,Paid
387,1845,2024-10-02,2568,Paid
388,1845,2024-11-01,2568,Paid
389,1845,2024-12-01,2568,Overdue
390,1845,2025-01-03,2568,Overdue
9161,1846,2026-05-11,3686,Paid
9162,1846,2026-06-01,3686,Paid
9163,1846,2026-07-01,3686,Paid
9164,1846,2026-08-02,3686,Paid
9165,1846,2026-09-01,3686,Paid
9166,1846,2026-10-01,3686,Failed
9167,1846,2026-11-01,3686,Paid
9168,1846,2026-12-01,3686,Paid
8830,1847,2026-05-03,3375,Paid
8831,1847,2026-06-01,3375,Paid
8832,1847,2026-07-02,3375,Paid
16013,1848,2026-12-07,4153,Paid
2510,1849,2025-06-20,2362,Paid
2511,1849,2025-07-01,2362,Paid
2512,1849,2025-08-02,2362,Pending
2513,1849,2025-09-01,2362,Paid
2514,1849,2025-10-03,2362,Paid
2515,1849,2025-11-01,2362,Paid
2516,1849,2025-12-03,2362,Paid
2517,1849,2026-01-01,2362,Paid
2518,1849,2026-02-03,2362,Paid
2519,1849,2026-03-06,2362,Paid
2520,1849,2026-04-01,2362,Paid
2521,1849,2026-05-01,2362,Overdue
2522,1849,2026-06-01,2362,Paid
2523,1849,2026-07-01,2362,Paid
2524,1849,2026-07-30,2362,Paid
2525,1849,2026-09-06,2362,Paid
2526,1849,2026-10-01,2362,Paid
2527,1849,2026-11-01,2362,Paid
2528,1849,2026-12-03,2362,Paid
15618,1850,2026-10-30,3708,Overdue
15619,1850,2026-11-03,3708,Paid
15620,1850,2026-11-30,3708,Paid
5320,1851,2025-12-20,3791,Paid
5321,1851,2026-01-01,3791,Paid
12367,1852,2026-08-14,3114,Paid
12368,1852,2026-08-31,3114,Overdue
12369,1852,2026-10-02,3114,Paid
13386,1853,2026-09-09,2820,Paid
13387,1853,2026-09-30,2820,Paid
13388,1853,2026-10-30,2820,Paid
13389,1853,2026-12-03,2820,Paid
11830,1854,2026-07-31,2449,Paid
11831,1854,2026-08-02,2449,Paid
11832,1854,2026-09-01,2449,Paid
12489,1855,2026-08-17,4494,Paid
12490,1855,2026-09-02,4494,Paid
12491,1855,2026-10-01,4494,Paid
9029,1856,2026-05-07,3180,Paid
9030,1856,2026-06-01,3180,Pending
9031,1856,2026-07-01,3180,Paid
9032,1856,2026-08-06,3180,Overdue
9033,1856,2026-09-01,3180,Paid
9034,1856,2026-10-01,3180,Paid
9035,1856,2026-10-30,3180,Paid
9036,1856,2026-12-04,3180,Pending
14688,1857,2026-10-11,3439,Paid
14689,1857,2026-11-03,3439,Paid
8989,1858,2026-05-05,3903,Failed
8990,1858,2026-06-01,3903,Paid
8991,1858,2026-07-01,3903,Overdue
8992,1858,2026-08-02,3903,Paid
8993,1858,2026-09-08,3903,Paid
8994,1858,2026-10-03,3903,Paid
8995,1858,2026-11-01,3903,Paid
8996,1858,2026-12-01,3903,Paid
11607,1859,2026-07-27,2815,Paid
11608,1859,2026-08-01,2815,Overdue
959,1860,2025-01-16,4764,Pending
960,1860,2025-01-31,4764,Overdue
961,1860,2025-03-01,4764,Paid
962,1860,2025-04-01,4764,Overdue
963,1860,2025-05-01,4764,Paid
964,1860,2025-05-31,4764,Paid
965,1860,2025-07-01,4764,Paid
4630,1861,2025-11-11,2029,Paid
4631,1861,2025-12-03,2029,Paid
4632,1861,2026-01-01,2029,Paid
4633,1861,2026-02-03,2029,Paid
4634,1861,2026-03-01,2029,Overdue
4635,1861,2026-04-02,2029,Paid
4636,1861,2026-05-01,2029,Paid
4637,1861,2026-06-01,2029,Paid
4638,1861,2026-07-01,2029,Paid
4639,1861,2026-08-03,2029,Paid
4640,1861,2026-09-01,2029,Paid
4641,1861,2026-10-01,2029,Paid
4642,1861,2026-11-01,2029,Pending
4643,1861,2026-12-01,2029,Overdue
13530,1862,2026-09-13,3466,Paid
13531,1862,2026-10-01,3466,Paid
13532,1862,2026-11-01,3466,Paid
12621,1863,2026-08-21,3525,Overdue
12622,1863,2026-09-01,3525,Paid
12623,1863,2026-10-03,3525,Paid
16063,1864,2026-12-16,3248,Paid
8639,1865,2026-04-27,2515,Paid
8640,1865,2026-04-30,2515,Paid
8641,1865,2026-06-03,2515,Paid
8642,1865,2026-07-01,2515,Paid
8643,1865,2026-08-01,2515,Paid
8644,1865,2026-09-01,2515,Pending
8645,1865,2026-10-01,2515,Paid
4824,1866,2025-11-22,3610,Overdue
4825,1866,2025-12-01,3610,Pending
4826,1866,2026-01-02,3610,Overdue
4827,1866,2026-02-01,3610,Paid
4828,1866,2026-03-01,3610,Pending
4829,1866,2026-03-30,3610,Paid
4830,1866,2026-05-01,3610,Paid
14319,1867,2026-10-03,4371,Paid
14320,1867,2026-11-01,4371,Paid
14321,1867,2026-12-01,4371,Pending
3593,1868,2025-09-13,3212,Paid
3594,1868,2025-10-02,3212,Paid
3595,1868,2025-11-01,3212,Paid
14829,1869,2026-10-15,2406,Paid
14830,1869,2026-11-01,2406,Paid
14831,1869,2026-12-01,2406,Paid
10316,1870,2026-06-20,2678,Paid
10317,1870,2026-07-01,2678,Paid
10318,1870,2026-08-01,2678,Paid
10319,1870,2026-09-01,2678,Paid
10320,1870,2026-10-01,2678,Paid
10321,1870,2026-11-01,2678,Paid
10322,1870,2026-12-03,2678,Paid
14711,1871,2026-10-12,2661,Overdue
14712,1871,2026-11-01,2661,Overdue
14713,1871,2026-12-02,2661,Pending
10993,1872,2026-07-10,3782,Failed
10994,1872,2026-07-31,3782,Paid
10995,1872,2026-09-01,3782,Paid
10996,1872,2026-10-01,3782,Pending
10997,1872,2026-10-30,3782,Paid
10998,1872,2026-12-01,3782,Overdue
14535,1873,2026-10-08,3768,Paid
14536,1873,2026-11-01,3768,Failed
14537,1873,2026-12-01,3768,Pending
15298,1874,2026-10-24,2483,Pending
15299,1874,2026-11-01,2483,Paid
15300,1874,2026-12-01,2483,Paid
82,1875,2024-05-15,2966,Overdue
83,1875,2024-06-01,2966,Paid
13533,1876,2026-09-13,3096,Paid
13534,1876,2026-09-30,3096,Paid
13535,1876,2026-11-01,3096,Paid
13536,1876,2026-12-02,3096,Paid
16026,1877,2026-12-10,2597,Paid
5468,1878,2025-12-25,3298,Paid
5469,1878,2026-01-08,3298,Paid
6888,1879,2026-02-25,4782,Overdue
6889,1879,2026-03-01,4782,Paid
6890,1879,2026-04-02,4782,Paid
6891,1879,2026-05-01,4782,Paid
450,1880,2024-10-27,2797,Paid
451,1880,2024-11-04,2797,Paid
452,1880,2024-12-01,2797,Paid
453,1880,2025-01-01,2797,Paid
454,1880,2025-02-01,2797,Paid
455,1880,2025-03-01,2797,Paid
456,1880,2025-04-01,2797,Overdue
457,1880,2025-05-01,2797,Paid
458,1880,2025-06-01,2797,Paid
459,1880,2025-07-01,2797,Paid
460,1880,2025-08-06,2797,Paid
461,1880,2025-09-01,2797,Paid
462,1880,2025-10-08,2797,Paid
11919,1881,2026-08-02,3172,Paid
11920,1881,2026-09-01,3172,Paid
11921,1881,2026-10-01,3172,Paid
11922,1881,2026-11-01,3172,Paid
11923,1881,2026-11-30,3172,Paid
14167,1882,2026-09-29,2689,Paid
14168,1882,2026-10-01,2689,Paid
14169,1882,2026-11-01,2689,Paid
14170,1882,2026-12-02,2689,Paid
3800,1883,2025-09-25,2715,Paid
3801,1883,2025-10-01,2715,Paid
3802,1883,2025-11-02,2715,Paid
3803,1883,2025-12-03,2715,Overdue
3804,1883,2026-01-04,2715,Paid
3805,1883,2026-02-01,2715,Paid
3806,1883,2026-03-01,2715,Paid
3807,1883,2026-03-31,2715,Paid
3808,1883,2026-05-01,2715,Paid
3809,1883,2026-06-01,2715,Paid
3810,1883,2026-07-01,2715,Paid
3811,1883,2026-08-01,2715,Paid
3812,1883,2026-09-01,2715,Paid
3813,1883,2026-10-01,2715,Paid
3814,1883,2026-11-01,2715,Paid
3815,1883,2026-12-01,2715,Paid
16011,1884,2026-12-07,2925,Overdue
11947,1885,2026-08-03,2996,Paid
11948,1885,2026-09-03,2996,Paid
11949,1885,2026-10-01,2996,Paid
11950,1885,2026-11-01,2996,Paid
11951,1885,2026-12-01,2996,Paid
4430,1886,2025-10-30,4740,Paid
4431,1886,2025-11-01,4740,Overdue
4432,1886,2025-12-01,4740,Paid
4433,1886,2026-01-01,4740,Paid
4434,1886,2026-02-01,4740,Paid
4435,1886,2026-03-01,4740,Paid
4436,1886,2026-04-02,4740,Paid
4437,1886,2026-05-01,4740,Paid
4438,1886,2026-06-01,4740,Paid
4439,1886,2026-07-01,4740,Paid
4440,1886,2026-08-01,4740,Paid
4441,1886,2026-08-30,4740,Paid
4442,1886,2026-10-01,4740,Paid
4689,1887,2025-11-13,3366,Paid
4690,1887,2025-12-01,3366,Paid
4691,1887,2026-01-04,3366,Pending
4692,1887,2026-02-01,3366,Paid
4693,1887,2026-03-01,3366,Paid
4694,1887,2026-04-02,3366,Paid
4695,1887,2026-04-30,3366,Paid
4283,1888,2025-10-24,2085,Overdue
4284,1888,2025-10-31,2085,Paid
4285,1888,2025-11-30,2085,Overdue
13975,1889,2026-09-24,2422,Paid
13976,1889,2026-10-01,2422,Paid
15814,1890,2026-11-06,2417,Paid
15815,1890,2026-12-01,2417,Paid
6119,1891,2026-01-22,3258,Paid
6120,1891,2026-02-01,3258,Paid
6121,1891,2026-03-03,3258,Paid
6122,1891,2026-04-03,3258,Paid
12100,1892,2026-08-08,3381,Paid
12101,1892,2026-09-01,3381,Paid
12102,1892,2026-10-06,3381,Paid
12103,1892,2026-11-01,3381,Pending
12104,1892,2026-12-01,3381,Paid
16157,1893,2026-12-31,3491,Pending
7073,1894,2026-03-04,2714,Paid
7074,1894,2026-03-30,2714,Paid
7075,1894,2026-05-06,2714,Paid
7076,1894,2026-06-01,2714,Paid
7077,1894,2026-07-01,2714,Paid
7078,1894,2026-08-01,2714,Overdue
7079,1894,2026-09-08,2714,Paid
15149,1895,2026-10-22,3098,Paid
15150,1895,2026-11-01,3098,Pending
15151,1895,2026-12-01,3098,Paid
8211,1896,2026-04-11,2539,Paid
8212,1896,2026-05-01,2539,Paid
8213,1896,2026-06-01,2539,Paid
8214,1896,2026-07-01,2539,Paid
8215,1896,2026-08-01,2539,Paid
8216,1896,2026-09-01,2539,Paid
8217,1896,2026-09-30,2539,Paid
13318,1897,2026-09-08,3184,Paid
13319,1897,2026-10-01,3184,Overdue
13320,1897,2026-11-01,3184,Overdue
13321,1897,2026-12-02,3184,Paid
10462,1898,2026-06-24,3202,Paid
10463,1898,2026-07-01,3202,Paid
10464,1898,2026-08-01,3202,Paid
10465,1898,2026-09-01,3202,Paid
10466,1898,2026-10-01,3202,Paid
10467,1898,2026-11-01,3202,Paid
10468,1898,2026-12-04,3202,Overdue
14682,1899,2026-10-11,3036,Paid
14683,1899,2026-10-31,3036,Paid
14684,1899,2026-12-01,3036,Pending
12433,1900,2026-08-16,2719,Paid
12434,1900,2026-09-01,2719,Paid
12435,1900,2026-10-04,2719,Overdue
12436,1900,2026-10-31,2719,Paid
15806,1901,2026-11-06,3863,Paid
15807,1901,2026-12-01,3863,Paid
9390,1902,2026-05-19,2394,Paid
9391,1902,2026-06-01,2394,Pending
13253,1903,2026-09-06,4965,Paid
13254,1903,2026-10-02,4965,Paid
13255,1903,2026-11-01,4965,Overdue
13256,1903,2026-12-01,4965,Paid
14422,1904,2026-10-05,4472,Paid
14423,1904,2026-10-31,4472,Paid
9879,1905,2026-06-04,2949,Pending
9880,1905,2026-07-01,2949,Paid
9881,1905,2026-08-01,2949,Paid
9882,1905,2026-09-01,2949,Paid
9883,1905,2026-10-02,2949,Paid
9884,1905,2026-11-04,2949,Paid
9885,1905,2026-12-01,2949,Paid
13076,1906,2026-09-01,2287,Paid
13077,1906,2026-10-01,2287,Pending
13078,1906,2026-11-01,2287,Overdue
13079,1906,2026-11-30,2287,Pending
15892,1907,2026-11-15,3911,Paid
15893,1907,2026-12-01,3911,Paid
10977,1908,2026-07-09,2699,Paid
10978,1908,2026-08-01,2699,Paid
10979,1908,2026-09-01,2699,Paid
10980,1908,2026-10-04,2699,Paid
10981,1908,2026-11-01,2699,Pending
10982,1908,2026-11-30,2699,Paid
11820,1909,2026-07-30,2527,Paid
11819,1909,2026-07-31,2527,Paid
5788,1910,2026-01-09,4541,Paid
5789,1910,2026-02-01,4541,Paid
5790,1910,2026-03-01,4541,Paid
5791,1910,2026-04-03,4541,Paid
5792,1910,2026-05-01,4541,Paid
5793,1910,2026-06-01,4541,Paid
5794,1910,2026-07-01,4541,Paid
13575,1911,2026-09-14,2435,Pending
13576,1911,2026-10-02,2435,Pending
13577,1911,2026-11-01,2435,Paid
13578,1911,2026-12-01,2435,Paid
15630,1912,2026-10-30,2758,Paid
15631,1912,2026-11-01,2758,Paid
15632,1912,2026-12-03,2758,Paid
14373,1913,2026-10-05,2842,Paid
14374,1913,2026-11-01,2842,Paid
16010,1914,2026-12-07,2709,Paid
10643,1915,2026-06-29,3524,Overdue
10644,1915,2026-07-01,3524,Paid
10645,1915,2026-07-31,3524,Paid
10646,1915,2026-09-01,3524,Paid
10647,1915,2026-10-01,3524,Paid
10648,1915,2026-11-01,3524,Paid
10649,1915,2026-12-03,3524,Paid
11852,1916,2026-08-01,3880,Overdue
11853,1916,2026-09-02,3880,Paid
11854,1916,2026-10-01,3880,Paid
11855,1916,2026-11-06,3880,Paid
11856,1916,2026-12-03,3880,Paid
5954,1917,2026-01-16,2508,Paid
5955,1917,2026-02-01,2508,Paid
5956,1917,2026-03-01,2508,Pending
5957,1917,2026-03-30,2508,Paid
9805,1918,2026-06-02,3105,Pending
9806,1918,2026-07-01,3105,Paid
9807,1918,2026-08-04,3105,Paid
9808,1918,2026-09-02,3105,Pending
9809,1918,2026-10-01,3105,Paid
9810,1918,2026-11-01,3105,Pending
9811,1918,2026-12-01,3105,Paid
7618,1919,2026-03-20,2475,Paid
7619,1919,2026-04-06,2475,Paid
7620,1919,2026-05-01,2475,Paid
7621,1919,2026-06-02,2475,Paid
7622,1919,2026-06-29,2475,Paid
7623,1919,2026-08-06,2475,Paid
7624,1919,2026-09-01,2475,Overdue
7625,1919,2026-10-01,2475,Paid
7626,1919,2026-11-01,2475,Failed
7627,1919,2026-12-01,2475,Overdue
8430,1920,2026-04-16,2953,Overdue
8431,1920,2026-05-04,2953,Overdue
8432,1920,2026-06-01,2953,Paid
8433,1920,2026-07-02,2953,Paid
8434,1920,2026-08-01,2953,Paid
8435,1920,2026-09-01,2953,Paid
8436,1920,2026-10-01,2953,Paid
8437,1920,2026-11-03,2953,Paid
8438,1920,2026-12-03,2953,Paid
3258,1921,2025-08-18,3148,Paid
3259,1921,2025-09-01,3148,Pending
3260,1921,2025-10-01,3148,Paid
3261,1921,2025-11-01,3148,Pending
1850,1922,2025-04-24,3396,Overdue
1851,1922,2025-05-04,3396,Paid
1852,1922,2025-06-01,3396,Paid
15115,1923,2026-10-21,2331,Paid
15116,1923,2026-11-01,2331,Paid
15117,1923,2026-12-02,2331,Paid
5890,1924,2026-01-13,2417,Pending
5891,1924,2026-02-01,2417,Paid
5892,1924,2026-03-01,2417,Paid
5893,1924,2026-04-03,2417,Pending
4142,1925,2025-10-13,3707,Paid
4143,1925,2025-11-03,3707,Paid
4144,1925,2025-12-01,3707,Overdue
9224,1926,2026-05-13,2190,Paid
9225,1926,2026-06-01,2190,Paid
9226,1926,2026-07-01,2190,Paid
10783,1927,2026-07-04,2373,Paid
10784,1927,2026-08-01,2373,Paid
10785,1927,2026-09-01,2373,Paid
10786,1927,2026-10-01,2373,Paid
10787,1927,2026-11-01,2373,Paid
10788,1927,2026-12-01,2373,Failed
12363,1928,2026-08-14,4122,Paid
12364,1928,2026-09-06,4122,Paid
5850,1929,2026-01-11,3426,Paid
5851,1929,2026-02-01,3426,Overdue
5852,1929,2026-03-01,3426,Pending
5853,1929,2026-04-01,3426,Paid
5854,1929,2026-05-03,3426,Paid
5855,1929,2026-06-03,3426,Paid
5856,1929,2026-07-01,3426,Pending
14499,1930,2026-10-07,4070,Paid
14500,1930,2026-11-06,4070,Paid
15840,1931,2026-11-08,3085,Paid
15841,1931,2026-12-01,3085,Paid
14161,1932,2026-09-29,2719,Paid
14162,1932,2026-09-30,2719,Paid
3011,1933,2025-08-03,3672,Paid
3012,1933,2025-09-04,3672,Paid
3013,1933,2025-10-01,3672,Paid
1441,1934,2025-03-13,3613,Overdue
1442,1934,2025-04-01,3613,Paid
1443,1934,2025-04-30,3613,Paid
1444,1934,2025-06-01,3613,Paid
1445,1934,2025-07-03,3613,Paid
1446,1934,2025-08-01,3613,Paid
1447,1934,2025-08-30,3613,Paid
1448,1934,2025-10-01,3613,Paid
1449,1934,2025-11-01,3613,Paid
1450,1934,2025-12-01,3613,Paid
1451,1934,2026-01-01,3613,Overdue
1452,1934,2026-02-01,3613,Paid
1453,1934,2026-03-01,3613,Paid
4929,1935,2025-11-27,2629,Paid
4930,1935,2025-12-01,2629,Paid
4931,1935,2026-01-01,2629,Paid
4932,1935,2026-02-01,2629,Paid
4933,1935,2026-03-06,2629,Paid
4934,1935,2026-04-02,2629,Paid
4935,1935,2026-05-01,2629,Paid
4936,1935,2026-06-01,2629,Paid
4937,1935,2026-07-01,2629,Paid
4938,1935,2026-08-01,2629,Paid
4939,1935,2026-09-01,2629,Paid
4940,1935,2026-10-04,2629,Paid
4941,1935,2026-11-01,2629,Paid
4942,1935,2026-12-04,2629,Paid
13377,1936,2026-09-09,2838,Paid
13378,1936,2026-09-30,2838,Paid
13379,1936,2026-11-01,2838,Paid
8112,1937,2026-04-07,2737,Paid
8113,1937,2026-05-01,2737,Paid
8114,1937,2026-06-02,2737,Paid
8115,1937,2026-07-01,2737,Failed
12979,1938,2026-08-30,3496,Paid
12980,1938,2026-09-01,3496,Paid
12981,1938,2026-10-02,3496,Paid
12982,1938,2026-11-08,3496,Paid
4443,1939,2025-10-30,3578,Paid
4444,1939,2025-11-01,3578,Overdue
4445,1939,2025-12-02,3578,Overdue
4446,1939,2026-01-06,3578,Paid
4447,1939,2026-02-01,3578,Paid
4448,1939,2026-03-03,3578,Paid
4449,1939,2026-04-08,3578,Paid
4450,1939,2026-05-02,3578,Paid
4451,1939,2026-06-01,3578,Paid
4452,1939,2026-06-29,3578,Paid
4453,1939,2026-07-30,3578,Paid
4454,1939,2026-09-01,3578,Paid
4455,1939,2026-10-01,3578,Paid
7898,1940,2026-03-29,3663,Paid
7899,1940,2026-04-01,3663,Paid
7900,1940,2026-05-03,3663,Overdue
7901,1940,2026-06-08,3663,Paid
7902,1940,2026-07-08,3663,Paid
7903,1940,2026-08-01,3663,Paid
7904,1940,2026-09-01,3663,Paid
7905,1940,2026-10-03,3663,Paid
7906,1940,2026-11-01,3663,Paid
7907,1940,2026-12-01,3663,Paid
13776,1941,2026-09-20,2904,Paid
13777,1941,2026-10-01,2904,Paid
13778,1941,2026-11-01,2904,Overdue
13779,1941,2026-12-02,2904,Paid
15006,1942,2026-10-19,2861,Paid
15007,1942,2026-11-01,2861,Paid
15008,1942,2026-12-01,2861,Paid
4456,1943,2025-10-31,2784,Paid
4457,1943,2025-10-31,2784,Paid
4458,1943,2025-12-01,2784,Paid
4459,1943,2026-01-01,2784,Paid
4460,1943,2026-02-01,2784,Paid
4461,1943,2026-03-01,2784,Failed
4462,1943,2026-04-03,2784,Paid
4463,1943,2026-05-01,2784,Pending
4464,1943,2026-06-01,2784,Paid
4465,1943,2026-06-30,2784,Paid
4466,1943,2026-08-06,2784,Paid
4467,1943,2026-08-31,2784,Paid
4468,1943,2026-10-02,2784,Pending
13977,1944,2026-09-24,3422,Paid
13978,1944,2026-10-08,3422,Paid
6074,1945,2026-01-20,3792,Paid
6075,1945,2026-02-01,3792,Paid
6076,1945,2026-03-01,3792,Pending
6077,1945,2026-04-01,3792,Paid
13332,1946,2026-09-08,2672,Paid
13333,1946,2026-10-01,2672,Paid
13334,1946,2026-11-01,2672,Paid
13335,1946,2026-12-01,2672,Paid
3551,1947,2025-09-10,3756,Paid
3552,1947,2025-10-01,3756,Paid
3553,1947,2025-11-03,3756,Paid
3554,1947,2025-12-01,3756,Paid
3555,1947,2026-01-01,3756,Overdue
3556,1947,2026-02-01,3756,Paid
3557,1947,2026-03-01,3756,Paid
3558,1947,2026-04-02,3756,Paid
3559,1947,2026-05-01,3756,Paid
3560,1947,2026-06-01,3756,Overdue
3561,1947,2026-07-01,3756,Pending
3562,1947,2026-08-02,3756,Paid
3563,1947,2026-08-31,3756,Paid
1074,1948,2025-02-01,3410,Paid
1075,1948,2025-03-01,3410,Overdue
1076,1948,2025-03-31,3410,Paid
1077,1948,2025-05-01,3410,Paid
1078,1948,2025-06-01,3410,Overdue
1079,1948,2025-07-01,3410,Paid
1080,1948,2025-08-02,3410,Paid
10307,1949,2026-06-20,3327,Paid
10308,1949,2026-07-01,3327,Failed
10309,1949,2026-08-01,3327,Overdue
10310,1949,2026-09-01,3327,Paid
10311,1949,2026-10-04,3327,Paid
10312,1949,2026-11-02,3327,Paid
10313,1949,2026-12-03,3327,Paid
16097,1950,2026-12-25,3735,Paid
1430,1951,2025-03-11,4170,Paid
1431,1951,2025-04-01,4170,Pending
1432,1951,2025-05-03,4170,Paid
1433,1951,2025-06-01,4170,Paid
1434,1951,2025-07-03,4170,Paid
1435,1951,2025-08-01,4170,Paid
1436,1951,2025-09-01,4170,Paid
11866,1952,2026-08-01,4327,Paid
11867,1952,2026-09-01,4327,Paid
11868,1952,2026-10-01,4327,Paid
11869,1952,2026-11-01,4327,Paid
11870,1952,2026-12-01,4327,Paid
15854,1953,2026-11-09,3262,Paid
15855,1953,2026-12-01,3262,Paid
4529,1954,2025-11-06,2679,Paid
4530,1954,2025-12-01,2679,Paid
4531,1954,2025-12-30,2679,Paid
4532,1954,2026-02-01,2679,Paid
4533,1954,2026-03-01,2679,Failed
4534,1954,2026-04-01,2679,Paid
4535,1954,2026-05-01,2679,Paid
3639,1955,2025-09-19,3093,Paid
3640,1955,2025-10-08,3093,Paid
3641,1955,2025-11-01,3093,Paid
3642,1955,2025-12-01,3093,Paid
3643,1955,2025-12-30,3093,Paid
3644,1955,2026-02-03,3093,Paid
3645,1955,2026-03-08,3093,Paid
3646,1955,2026-04-01,3093,Paid
3647,1955,2026-05-01,3093,Paid
3648,1955,2026-06-02,3093,Overdue
3649,1955,2026-07-06,3093,Paid
3650,1955,2026-08-03,3093,Paid
3651,1955,2026-09-01,3093,Pending
11930,1956,2026-08-03,2613,Paid
11931,1956,2026-09-01,2613,Paid
2442,1957,2025-06-16,2862,Paid
2443,1957,2025-07-01,2862,Paid
2444,1957,2025-08-01,2862,Paid
2445,1957,2025-09-01,2862,Paid
10301,1958,2026-06-19,3919,Paid
10302,1958,2026-07-01,3919,Paid
10303,1958,2026-08-01,3919,Paid
10304,1958,2026-09-04,3919,Paid
12673,1959,2026-08-22,2051,Paid
12674,1959,2026-09-01,2051,Failed
12675,1959,2026-10-01,2051,Paid
12676,1959,2026-11-03,2051,Paid
12677,1959,2026-12-03,2051,Paid
8827,1960,2026-05-03,3118,Paid
8828,1960,2026-06-02,3118,Paid
8829,1960,2026-07-01,3118,Paid
10581,1961,2026-06-27,3704,Paid
10582,1961,2026-07-01,3704,Paid
10583,1961,2026-08-04,3704,Paid
10584,1961,2026-09-01,3704,Paid
10585,1961,2026-10-01,3704,Paid
10586,1961,2026-11-01,3704,Paid
10587,1961,2026-12-01,3704,Paid
10084,1962,2026-06-10,3300,Pending
10085,1962,2026-06-30,3300,Pending
10086,1962,2026-08-03,3300,Paid
10087,1962,2026-09-01,3300,Paid
10088,1962,2026-10-08,3300,Paid
10089,1962,2026-11-01,3300,Paid
10090,1962,2026-12-04,3300,Paid
15780,1963,2026-11-06,3030,Overdue
15781,1963,2026-11-29,3030,Paid
7238,1964,2026-03-08,2756,Paid
7239,1964,2026-04-01,2756,Paid
7240,1964,2026-04-30,2756,Paid
7241,1964,2026-06-01,2756,Pending
7242,1964,2026-06-30,2756,Paid
7243,1964,2026-08-01,2756,Paid
7244,1964,2026-08-31,2756,Paid
7245,1964,2026-10-08,2756,Paid
7246,1964,2026-11-01,2756,Paid
7247,1964,2026-12-01,2756,Paid
8921,1965,2026-05-04,3684,Paid
8922,1965,2026-06-01,3684,Overdue
8923,1965,2026-07-02,3684,Pending
8924,1965,2026-08-04,3684,Paid
8925,1965,2026-09-03,3684,Paid
8926,1965,2026-09-29,3684,Paid
8927,1965,2026-10-31,3684,Failed
8928,1965,2026-12-01,3684,Paid
10229,1966,2026-06-16,3344,Paid
10230,1966,2026-06-30,3344,Paid
15472,1967,2026-10-27,4537,Paid
15473,1967,2026-11-01,4537,Paid
15474,1967,2026-12-01,4537,Paid
8835,1968,2026-05-03,2245,Failed
8836,1968,2026-06-01,2245,Paid
8837,1968,2026-06-29,2245,Paid
8838,1968,2026-08-01,2245,Paid
8839,1968,2026-09-03,2245,Paid
8840,1968,2026-10-01,2245,Paid
8841,1968,2026-11-04,2245,Paid
8842,1968,2026-12-01,2245,Paid
2661,1969,2025-06-27,3686,Overdue
2662,1969,2025-07-01,3686,Paid
2663,1969,2025-08-02,3686,Pending
2664,1969,2025-09-01,3686,Paid
2665,1969,2025-10-01,3686,Paid
2666,1969,2025-11-01,3686,Paid
2667,1969,2025-12-01,3686,Paid
2668,1969,2026-01-01,3686,Paid
2669,1969,2026-02-01,3686,Paid
2670,1969,2026-03-01,3686,Paid
2671,1969,2026-04-01,3686,Paid
2672,1969,2026-05-06,3686,Paid
2673,1969,2026-06-06,3686,Paid
2674,1969,2026-07-01,3686,Overdue
2675,1969,2026-08-01,3686,Paid
2676,1969,2026-09-01,3686,Paid
2677,1969,2026-10-01,3686,Paid
2678,1969,2026-10-30,3686,Paid
2679,1969,2026-12-06,3686,Paid
15824,1970,2026-11-07,3782,Paid
15825,1970,2026-12-01,3782,Paid
1782,1971,2025-04-15,4065,Paid
1783,1971,2025-05-01,4065,Paid
11249,1972,2026-07-17,3539,Paid
11250,1972,2026-07-30,3539,Overdue
15557,1973,2026-10-29,3100,Pending
15558,1973,2026-11-01,3100,Paid
15559,1973,2026-12-01,3100,Paid
8571,1974,2026-04-24,2961,Paid
8572,1974,2026-05-01,2961,Paid
15655,1975,2026-10-30,4941,Paid
15656,1975,2026-11-06,4941,Paid
15657,1975,2026-12-01,4941,Paid
9066,1976,2026-05-08,3285,Overdue
9067,1976,2026-06-06,3285,Paid
9068,1976,2026-07-01,3285,Paid
9069,1976,2026-08-01,3285,Paid
9070,1976,2026-09-04,3285,Overdue
9071,1976,2026-10-04,3285,Paid
9072,1976,2026-11-01,3285,Paid
9073,1976,2026-12-01,3285,Paid
15721,1977,2026-10-31,4574,Paid
15722,1977,2026-11-01,4574,Paid
14116,1978,2026-09-27,3208,Paid
14117,1978,2026-10-01,3208,Paid
14118,1978,2026-10-30,3208,Paid
14119,1978,2026-12-01,3208,Paid
15822,1979,2026-11-07,3549,Pending
15823,1979,2026-12-01,3549,Failed
2682,1980,2025-06-29,3283,Paid
2683,1980,2025-07-01,3283,Paid
2684,1980,2025-08-02,3283,Paid
2685,1980,2025-09-06,3283,Paid
2686,1980,2025-10-01,3283,Paid
2687,1980,2025-10-31,3283,Overdue
2688,1980,2025-12-01,3283,Paid
2689,1980,2026-01-02,3283,Paid
2690,1980,2026-02-01,3283,Paid
2691,1980,2026-03-03,3283,Paid
2692,1980,2026-04-03,3283,Paid
2693,1980,2026-05-02,3283,Pending
2694,1980,2026-06-01,3283,Paid
3335,1981,2025-08-22,4032,Paid
3336,1981,2025-09-01,4032,Pending
3337,1981,2025-10-01,4032,Paid
15260,1982,2026-10-24,2988,Paid
15261,1982,2026-11-03,2988,Paid
15262,1982,2026-11-29,2988,Paid
15733,1983,2026-10-31,2657,Paid
15734,1983,2026-11-01,2657,Paid
15735,1983,2026-12-01,2657,Paid
11514,1984,2026-07-23,2377,Paid
11515,1984,2026-08-01,2377,Paid
11516,1984,2026-09-01,2377,Paid
13027,1985,2026-08-31,2671,Overdue
13028,1985,2026-09-01,2671,Paid
13920,1986,2026-09-23,3348,Paid
13921,1986,2026-10-01,3348,Paid
13922,1986,2026-11-01,3348,Paid
13923,1986,2026-12-01,3348,Paid
10972,1987,2026-07-09,2892,Paid
10973,1987,2026-07-31,2892,Paid
10974,1987,2026-09-01,2892,Paid
12148,1988,2026-08-10,3426,Paid
12149,1988,2026-09-01,3426,Paid
12150,1988,2026-10-01,3426,Paid
12151,1988,2026-11-03,3426,Overdue
12152,1988,2026-11-30,3426,Paid
5289,1989,2025-12-19,3901,Overdue
5290,1989,2026-01-02,3901,Paid
5291,1989,2026-02-01,3901,Paid
5292,1989,2026-03-01,3901,Paid
5293,1989,2026-04-02,3901,Paid
5294,1989,2026-05-08,3901,Paid
5295,1989,2026-06-01,3901,Pending
5296,1989,2026-07-01,3901,Paid
5297,1989,2026-08-06,3901,Paid
5298,1989,2026-09-01,3901,Paid
5299,1989,2026-10-01,3901,Paid
5300,1989,2026-11-01,3901,Paid
5301,1989,2026-12-01,3901,Paid
11210,1990,2026-07-17,3759,Paid
11211,1990,2026-08-01,3759,Paid
11212,1990,2026-09-01,3759,Paid
11213,1990,2026-10-01,3759,Paid
8083,1991,2026-04-06,2848,Paid
8084,1991,2026-05-01,2848,Overdue
8085,1991,2026-06-01,2848,Paid
8086,1991,2026-07-01,2848,Paid
8087,1991,2026-08-01,2848,Paid
8088,1991,2026-09-01,2848,Paid
8089,1991,2026-10-04,2848,Paid
3586,1992,2025-09-13,3283,Paid
3587,1992,2025-10-01,3283,Paid
3588,1992,2025-11-01,3283,Paid
3589,1992,2025-12-01,3283,Paid
3590,1992,2026-01-01,3283,Paid
3591,1992,2026-02-01,3283,Paid
3592,1992,2026-03-03,3283,Paid
3484,1993,2025-09-02,2831,Paid
3485,1993,2025-10-02,2831,Paid
3486,1993,2025-11-06,2831,Paid
3487,1993,2025-12-04,2831,Paid
3488,1993,2026-01-01,2831,Paid
3489,1993,2026-02-01,2831,Paid
3490,1993,2026-03-01,2831,Paid
3491,1993,2026-03-30,2831,Paid
3492,1993,2026-05-01,2831,Overdue
3493,1993,2026-06-01,2831,Paid
3494,1993,2026-07-01,2831,Paid
3495,1993,2026-08-01,2831,Paid
3496,1993,2026-09-01,2831,Overdue
9628,1994,2026-05-27,4293,Paid
9629,1994,2026-06-03,4293,Paid
9630,1994,2026-07-04,4293,Paid
9631,1994,2026-08-01,4293,Paid
14243,1995,2026-09-30,2648,Paid
14244,1995,2026-10-01,2648,Paid
14245,1995,2026-11-01,2648,Overdue
9209,1996,2026-05-12,3482,Paid
9210,1996,2026-06-02,3482,Paid
9211,1996,2026-07-01,3482,Paid
2799,1997,2025-07-16,3052,Failed
2800,1997,2025-08-01,3052,Paid
2801,1997,2025-09-06,3052,Paid
2802,1997,2025-10-02,3052,Paid
2803,1997,2025-11-03,3052,Paid
2804,1997,2025-12-04,3052,Paid
2805,1997,2026-01-01,3052,Paid
14301,1998,2026-10-02,2542,Paid
14302,1998,2026-11-01,2542,Paid
14303,1998,2026-12-01,2542,Paid
6614,1999,2026-02-12,3342,Paid
6615,1999,2026-03-08,3342,Paid
6616,1999,2026-03-31,3342,Pending
6617,1999,2026-05-04,3342,Paid
11185,2000,2026-07-16,3471,Paid
11186,2000,2026-08-08,3471,Paid
2792,2001,2025-07-15,4694,Overdue
2793,2001,2025-08-01,4694,Paid
2794,2001,2025-09-01,4694,Paid
2795,2001,2025-10-04,4694,Paid
2796,2001,2025-11-02,4694,Paid
2797,2001,2025-11-30,4694,Paid
2798,2001,2026-01-01,4694,Paid
11905,2002,2026-08-02,3690,Overdue
11906,2002,2026-09-01,3690,Paid
11907,2002,2026-10-01,3690,Paid
5921,2003,2026-01-14,2282,Paid
5922,2003,2026-02-01,2282,Paid
5923,2003,2026-03-01,2282,Paid
7066,2004,2026-03-03,3361,Paid
7067,2004,2026-04-01,3361,Overdue
7068,2004,2026-05-01,3361,Paid
7069,2004,2026-06-01,3361,Pending
652,2005,2024-12-03,2112,Paid
653,2005,2025-01-01,2112,Paid
654,2005,2025-02-08,2112,Paid
3037,2006,2025-08-04,3778,Paid
3038,2006,2025-09-01,3778,Pending
3039,2006,2025-09-29,3778,Paid
3040,2006,2025-11-01,3778,Paid
3041,2006,2025-12-01,3778,Paid
3042,2006,2026-01-01,3778,Paid
3043,2006,2026-01-30,3778,Paid
12142,2007,2026-08-09,2861,Paid
12143,2007,2026-08-31,2861,Paid
12144,2007,2026-10-01,2861,Pending
12145,2007,2026-11-01,2861,Paid
13953,2008,2026-09-24,4109,Overdue
13954,2008,2026-10-01,4109,Paid
13955,2008,2026-11-02,4109,Paid
13956,2008,2026-12-01,4109,Overdue
12944,2009,2026-08-29,3707,Overdue
12945,2009,2026-09-01,3707,Paid
12946,2009,2026-10-01,3707,Paid
12947,2009,2026-11-01,3707,Paid
12948,2009,2026-12-01,3707,Paid
597,2010,2024-11-25,2765,Overdue
598,2010,2024-12-08,2765,Paid
599,2010,2025-01-01,2765,Paid
9156,2011,2026-05-10,4323,Paid
9157,2011,2026-06-01,4323,Paid
8702,2012,2026-04-29,4630,Paid
8703,2012,2026-05-04,4630,Paid
8704,2012,2026-06-01,4630,Paid
8705,2012,2026-07-02,4630,Paid
8706,2012,2026-08-01,4630,Paid
8707,2012,2026-09-03,4630,Paid
8708,2012,2026-10-01,4630,Failed
8709,2012,2026-11-01,4630,Paid
8710,2012,2026-12-01,4630,Paid
7185,2013,2026-03-07,3808,Paid
7186,2013,2026-04-01,3808,Paid
7187,2013,2026-05-01,3808,Paid
7188,2013,2026-06-01,3808,Paid
11129,2014,2026-07-14,3121,Paid
11130,2014,2026-08-01,3121,Paid
11131,2014,2026-09-01,3121,Paid
11132,2014,2026-10-04,3121,Overdue
16014,2015,2026-12-08,3789,Paid
11529,2016,2026-07-24,2867,Paid
11530,2016,2026-08-03,2867,Pending
11531,2016,2026-09-01,2867,Paid
11532,2016,2026-10-01,2867,Paid
11574,2017,2026-07-26,4379,Paid
11575,2017,2026-08-03,4379,Paid
11576,2017,2026-09-01,4379,Paid
11577,2017,2026-10-01,4379,Paid
11578,2017,2026-11-01,4379,Paid
11579,2017,2026-12-01,4379,Paid
4587,2018,2025-11-09,3281,Paid
4588,2018,2025-12-01,3281,Overdue
4589,2018,2026-01-01,3281,Paid
4590,2018,2026-02-01,3281,Paid
4591,2018,2026-03-01,3281,Paid
4592,2018,2026-04-01,3281,Overdue
4593,2018,2026-05-04,3281,Paid
11360,2019,2026-07-20,2661,Pending
11361,2019,2026-08-01,2661,Paid
11362,2019,2026-09-01,2661,Overdue
11363,2019,2026-10-01,2661,Paid
11364,2019,2026-11-08,2661,Pending
11365,2019,2026-12-01,2661,Failed
15423,2020,2026-10-26,3823,Paid
15424,2020,2026-11-01,3823,Paid
7046,2021,2026-03-03,3016,Paid
7047,2021,2026-04-01,3016,Paid
7048,2021,2026-05-01,3016,Pending
1183,2022,2025-02-25,4320,Paid
1184,2022,2025-03-04,4320,Paid
1185,2022,2025-04-01,4320,Paid
1186,2022,2025-05-01,4320,Paid
1187,2022,2025-06-03,4320,Paid
1188,2022,2025-07-01,4320,Failed
1189,2022,2025-08-01,4320,Paid
1190,2022,2025-08-31,4320,Paid
1191,2022,2025-10-04,4320,Paid
1192,2022,2025-11-03,4320,Paid
1193,2022,2025-12-04,4320,Paid
1194,2022,2026-01-02,4320,Paid
1195,2022,2026-02-06,4320,Paid
9104,2023,2026-05-09,3066,Paid
9105,2023,2026-06-01,3066,Overdue
9106,2023,2026-07-01,3066,Paid
9107,2023,2026-08-01,3066,Paid
9108,2023,2026-08-31,3066,Paid
9109,2023,2026-10-01,3066,Paid
9110,2023,2026-11-01,3066,Paid
9111,2023,2026-12-03,3066,Overdue
5881,2024,2026-01-12,4673,Pending
5882,2024,2026-02-01,4673,Paid
1652,2025,2025-04-10,2993,Overdue
1653,2025,2025-05-01,2993,Paid
1654,2025,2025-06-01,2993,Paid
1655,2025,2025-07-01,2993,Paid
14083,2026,2026-09-26,4640,Paid
14084,2026,2026-10-02,4640,Paid
14085,2026,2026-11-01,4640,Paid
1,2027,2024-02-28,2895,Paid
2,2027,2024-03-06,2895,Paid
8187,2028,2026-04-09,2958,Overdue
8188,2028,2026-04-29,2958,Paid
8189,2028,2026-06-02,2958,Paid
10167,2029,2026-06-14,4212,Paid
10168,2029,2026-07-01,4212,Paid
15774,2030,2026-11-05,4510,Paid
15775,2030,2026-12-01,4510,Paid
14931,2031,2026-10-18,2474,Paid
14932,2031,2026-11-01,2474,Paid
14933,2031,2026-12-01,2474,Paid
13819,2032,2026-09-21,2617,Paid
13820,2032,2026-10-06,2617,Paid
5669,2033,2026-01-05,3140,Paid
5670,2033,2026-02-01,3140,Paid
2624,2034,2025-06-25,3461,Paid
2625,2034,2025-07-01,3461,Paid
2626,2034,2025-08-01,3461,Pending
2627,2034,2025-09-01,3461,Paid
2628,2034,2025-10-02,3461,Paid
2629,2034,2025-11-01,3461,Pending
2630,2034,2025-12-01,3461,Paid
2631,2034,2025-12-30,3461,Paid
2632,2034,2026-02-01,3461,Paid
2633,2034,2026-03-01,3461,Paid
2634,2034,2026-04-01,3461,Paid
2635,2034,2026-05-01,3461,Paid
2636,2034,2026-06-01,3461,Overdue
9381,2035,2026-05-18,3661,Paid
9382,2035,2026-06-01,3661,Paid
15926,2036,2026-11-24,3680,Pending
15927,2036,2026-12-01,3680,Paid
15229,2037,2026-10-23,4224,Paid
15230,2037,2026-11-01,4224,Pending
15231,2037,2026-12-01,4224,Paid
7581,2038,2026-03-18,3968,Paid
7582,2038,2026-04-01,3968,Overdue
7583,2038,2026-04-29,3968,Overdue
7584,2038,2026-06-01,3968,Paid
7585,2038,2026-07-01,3968,Paid
7586,2038,2026-08-01,3968,Paid
7587,2038,2026-09-01,3968,Paid
9942,2039,2026-06-06,3520,Paid
9943,2039,2026-07-01,3520,Pending
9944,2039,2026-08-01,3520,Paid
3417,2040,2025-08-29,3798,Paid
3418,2040,2025-09-01,3798,Failed
7144,2041,2026-03-06,2259,Paid
7145,2041,2026-04-01,2259,Pending
7146,2041,2026-05-01,2259,Paid
9531,2042,2026-05-22,4556,Paid
9532,2042,2026-06-03,4556,Paid
9533,2042,2026-07-01,4556,Paid
4199,2043,2025-10-20,2965,Paid
4200,2043,2025-11-01,2965,Paid
4201,2043,2025-12-04,2965,Paid
4202,2043,2026-01-01,2965,Paid
6248,2044,2026-01-27,3639,Paid
6249,2044,2026-02-02,3639,Paid
6250,2044,2026-02-27,3639,Paid
6251,2044,2026-04-01,3639,Paid
6252,2044,2026-05-01,3639,Paid
6253,2044,2026-06-01,3639,Paid
6254,2044,2026-07-02,3639,Paid
9265,2045,2026-05-15,4936,Paid
9266,2045,2026-06-01,4936,Overdue
9267,2045,2026-07-02,4936,Pending
4469,2046,2025-10-31,2536,Paid
4470,2046,2025-11-01,2536,Paid
14049,2047,2026-09-25,3451,Paid
14050,2047,2026-10-01,3451,Paid
14051,2047,2026-11-01,3451,Paid
14052,2047,2026-12-01,3451,Overdue
9268,2048,2026-05-15,3965,Paid
9269,2048,2026-06-01,3965,Paid
9270,2048,2026-07-01,3965,Paid
9271,2048,2026-08-01,3965,Paid
9272,2048,2026-09-01,3965,Paid
9273,2048,2026-10-04,3965,Paid
9274,2048,2026-11-01,3965,Paid
9929,2049,2026-06-05,3458,Paid
9930,2049,2026-07-01,3458,Paid
9931,2049,2026-08-01,3458,Paid
9932,2049,2026-09-01,3458,Paid
9933,2049,2026-10-01,3458,Paid
9934,2049,2026-10-31,3458,Paid
9935,2049,2026-12-06,3458,Paid
2555,2050,2025-06-21,3433,Paid
2556,2050,2025-07-01,3433,Paid
2557,2050,2025-08-01,3433,Paid
2558,2050,2025-09-01,3433,Paid
2559,2050,2025-10-03,3433,Pending
2560,2050,2025-10-30,3433,Paid
2561,2050,2025-12-01,3433,Failed
14129,2051,2026-09-27,2850,Paid
14130,2051,2026-10-01,2850,Paid
14131,2051,2026-11-08,2850,Paid
14132,2051,2026-12-04,2850,Paid
5102,2052,2025-12-03,3491,Paid
5103,2052,2025-12-30,3491,Paid
5104,2052,2026-02-01,3491,Paid
5105,2052,2026-03-06,3491,Overdue
5106,2052,2026-04-04,3491,Paid
5107,2052,2026-05-01,3491,Paid
5108,2052,2026-06-01,3491,Pending
5363,2053,2025-12-22,2532,Paid
5364,2053,2026-01-01,2532,Paid
5365,2053,2026-02-03,2532,Paid
5366,2053,2026-03-04,2532,Paid
5367,2053,2026-03-30,2532,Paid
5368,2053,2026-05-01,2532,Paid
5369,2053,2026-06-01,2532,Paid
5370,2053,2026-07-01,2532,Paid
5371,2053,2026-08-01,2532,Paid
5372,2053,2026-09-01,2532,Paid
5373,2053,2026-10-01,2532,Paid
5374,2053,2026-11-02,2532,Paid
5375,2053,2026-12-01,2532,Paid
6757,2054,2026-02-18,3214,Paid
6758,2054,2026-03-01,3214,Paid
6759,2054,2026-04-08,3214,Paid
6760,2054,2026-05-06,3214,Paid
6761,2054,2026-06-03,3214,Paid
6762,2054,2026-07-08,3214,Paid
6763,2054,2026-08-01,3214,Paid
6764,2054,2026-09-01,3214,Paid
6765,2054,2026-10-08,3214,Paid
6766,2054,2026-11-01,3214,Paid
6767,2054,2026-12-03,3214,Paid
16119,2055,2026-12-27,3549,Pending
12134,2056,2026-08-09,4498,Paid
12135,2056,2026-09-01,4498,Paid
12136,2056,2026-10-04,4498,Paid
15838,2057,2026-11-08,3503,Paid
15839,2057,2026-12-06,3503,Paid
5724,2058,2026-01-06,2915,Paid
5725,2058,2026-02-01,2915,Paid
5726,2058,2026-03-01,2915,Paid
5727,2058,2026-04-04,2915,Paid
11420,2059,2026-07-21,2304,Paid
11421,2059,2026-08-01,2304,Paid
11422,2059,2026-09-01,2304,Paid
11423,2059,2026-10-01,2304,Paid
11424,2059,2026-11-01,2304,Paid
11425,2059,2026-12-01,2304,Paid
9092,2060,2026-05-08,3395,Paid
9093,2060,2026-06-01,3395,Paid
9094,2060,2026-07-03,3395,Paid
9095,2060,2026-08-01,3395,Paid
5207,2061,2025-12-13,4312,Paid
5208,2061,2026-01-01,4312,Paid
14474,2062,2026-10-07,4299,Paid
14475,2062,2026-11-01,4299,Paid
14476,2062,2026-11-29,4299,Paid
11348,2063,2026-07-20,2687,Paid
11349,2063,2026-08-01,2687,Paid
11350,2063,2026-09-01,2687,Overdue
11351,2063,2026-10-01,2687,Paid
11352,2063,2026-11-02,2687,Paid
11353,2063,2026-12-01,2687,Paid
2656,2064,2025-06-27,3056,Paid
2657,2064,2025-07-02,3056,Paid
2658,2064,2025-08-01,3056,Paid
8802,2065,2026-05-01,2454,Overdue
8803,2065,2026-06-01,2454,Pending
8804,2065,2026-07-01,2454,Paid
8805,2065,2026-08-01,2454,Paid
8806,2065,2026-09-01,2454,Paid
8807,2065,2026-10-01,2454,Overdue
8808,2065,2026-11-01,2454,Paid
11879,2066,2026-08-01,3912,Paid
11880,2066,2026-09-01,3912,Paid
11881,2066,2026-09-29,3912,Paid
11882,2066,2026-11-01,3912,Paid
14322,2067,2026-10-03,3904,Paid
14323,2067,2026-11-03,3904,Pending
14324,2067,2026-12-01,3904,Paid
14367,2068,2026-10-05,3347,Paid
14368,2068,2026-11-01,3347,Pending
14369,2068,2026-12-01,3347,Paid
13840,2069,2026-09-22,3150,Paid
13841,2069,2026-10-01,3150,Paid
13842,2069,2026-11-03,3150,Paid
13843,2069,2026-12-01,3150,Paid
8858,2070,2026-05-04,2474,Overdue
8859,2070,2026-06-01,2474,Paid
8860,2070,2026-07-02,2474,Overdue
8861,2070,2026-08-01,2474,Failed
8862,2070,2026-09-01,2474,Paid
8863,2070,2026-10-01,2474,Paid
8864,2070,2026-10-30,2474,Paid
15800,2071,2026-11-06,3457,Overdue
15801,2071,2026-12-01,3457,Failed
7080,2072,2026-03-05,3089,Paid
7081,2072,2026-04-01,3089,Paid
7082,2072,2026-05-01,3089,Paid
7083,2072,2026-06-01,3089,Paid
5376,2073,2025-12-22,2278,Paid
5377,2073,2026-01-01,2278,Paid
5378,2073,2026-02-01,2278,Paid
15580,2074,2026-10-29,2757,Paid
15581,2074,2026-11-01,2757,Paid
15582,2074,2026-12-01,2757,Overdue
5438,2075,2025-12-24,2362,Paid
5439,2075,2026-01-08,2362,Paid
5440,2075,2026-02-01,2362,Paid
6115,2076,2026-01-22,2470,Paid
6116,2076,2026-02-04,2470,Paid
6117,2076,2026-03-01,2470,Paid
6118,2076,2026-03-31,2470,Overdue
4996,2077,2025-11-30,3574,Paid
4997,2077,2025-12-02,3574,Paid
4998,2077,2026-01-01,3574,Paid
4999,2077,2026-02-01,3574,Paid
5000,2077,2026-03-01,3574,Paid
5001,2077,2026-04-01,3574,Paid
5002,2077,2026-05-01,3574,Paid
5003,2077,2026-06-01,3574,Paid
5004,2077,2026-06-29,3574,Paid
5005,2077,2026-08-01,3574,Overdue
5006,2077,2026-09-01,3574,Paid
5007,2077,2026-10-03,3574,Paid
5008,2077,2026-11-01,3574,Pending
13753,2078,2026-09-20,3164,Paid
13754,2078,2026-10-04,3164,Paid
13755,2078,2026-10-31,3164,Paid
13756,2078,2026-12-01,3164,Overdue
15218,2079,2026-10-23,2591,Paid
15219,2079,2026-11-01,2591,Paid
15220,2079,2026-12-01,2591,Pending
7421,2080,2026-03-13,3230,Paid
7422,2080,2026-04-04,3230,Overdue
7423,2080,2026-05-08,3230,Paid
1060,2081,2025-01-28,3468,Paid
1061,2081,2025-02-03,3468,Paid
1062,2081,2025-03-01,3468,Paid
1063,2081,2025-04-04,3468,Paid
13100,2082,2026-09-02,2273,Paid
13101,2082,2026-10-01,2273,Paid
13102,2082,2026-11-01,2273,Paid
14761,2083,2026-10-13,4678,Paid
14762,2083,2026-11-01,4678,Paid
3064,2084,2025-08-06,2807,Paid
3065,2084,2025-09-01,2807,Overdue
3066,2084,2025-10-01,2807,Paid
3067,2084,2025-11-01,2807,Paid
3068,2084,2025-12-01,2807,Paid
3069,2084,2026-01-02,2807,Paid
3070,2084,2026-02-01,2807,Paid
3071,2084,2026-03-08,2807,Paid
3072,2084,2026-04-01,2807,Paid
3073,2084,2026-05-01,2807,Paid
3074,2084,2026-06-04,2807,Paid
3075,2084,2026-07-03,2807,Paid
3076,2084,2026-08-01,2807,Overdue
5113,2085,2025-12-03,2862,Paid
5114,2085,2026-01-01,2862,Paid
5115,2085,2026-02-02,2862,Overdue
7042,2086,2026-03-03,2847,Paid
7043,2086,2026-04-01,2847,Paid
7044,2086,2026-05-01,2847,Paid
7045,2086,2026-06-01,2847,Paid
12222,2087,2026-08-11,3154,Paid
12223,2087,2026-09-01,3154,Paid
12224,2087,2026-10-01,3154,Paid
12225,2087,2026-10-30,3154,Paid
754,2088,2024-12-28,2597,Pending
755,2088,2025-01-01,2597,Paid
756,2088,2025-02-01,2597,Paid
757,2088,2025-03-01,2597,Paid
758,2088,2025-03-31,2597,Paid
759,2088,2025-05-01,2597,Paid
760,2088,2025-06-03,2597,Paid
761,2088,2025-07-01,2597,Pending
762,2088,2025-08-01,2597,Paid
763,2088,2025-09-01,2597,Paid
764,2088,2025-10-01,2597,Overdue
765,2088,2025-10-31,2597,Paid
766,2088,2025-12-01,2597,Overdue
767,2088,2026-01-01,2597,Paid
768,2088,2026-01-31,2597,Paid
769,2088,2026-03-08,2597,Overdue
770,2088,2026-03-30,2597,Overdue
771,2088,2026-05-01,2597,Pending
772,2088,2026-06-01,2597,Paid
773,2088,2026-07-01,2597,Paid
774,2088,2026-08-01,2597,Paid
775,2088,2026-09-01,2597,Paid
776,2088,2026-10-01,2597,Paid
777,2088,2026-11-06,2597,Paid
778,2088,2026-12-01,2597,Paid
13220,2089,2026-09-05,3693,Paid
13221,2089,2026-09-30,3693,Paid
13222,2089,2026-11-06,3693,Paid
13223,2089,2026-12-01,3693,Paid
8615,2090,2026-04-26,3045,Paid
8616,2090,2026-05-04,3045,Paid
626,2091,2024-11-29,3503,Pending
627,2091,2024-11-29,3503,Pending
9507,2092,2026-05-21,4990,Paid
9508,2092,2026-06-01,4990,Paid
9509,2092,2026-07-01,4990,Paid
9510,2092,2026-08-01,4990,Pending
9511,2092,2026-09-01,4990,Paid
9512,2092,2026-09-30,4990,Paid
9513,2092,2026-11-01,4990,Overdue
16086,2093,2026-12-22,4103,Paid
2054,2094,2025-05-11,3738,Pending
2055,2094,2025-06-02,3738,Paid
2056,2094,2025-07-01,3738,Paid
2057,2094,2025-08-02,3738,Paid
3823,2095,2025-09-25,3149,Paid
3824,2095,2025-10-01,3149,Pending
3825,2095,2025-10-30,3149,Paid
3826,2095,2025-12-06,3149,Paid
9827,2096,2026-06-02,2883,Paid
9828,2096,2026-07-01,2883,Paid
4338,2097,2025-10-27,3199,Overdue
4339,2097,2025-11-01,3199,Paid
4340,2097,2025-12-01,3199,Paid
4341,2097,2026-01-01,3199,Paid
4342,2097,2026-02-01,3199,Paid
4343,2097,2026-03-01,3199,Overdue
4344,2097,2026-04-01,3199,Overdue
12073,2098,2026-08-08,2909,Paid
12074,2098,2026-09-01,2909,Pending
12075,2098,2026-10-01,2909,Overdue
12076,2098,2026-11-01,2909,Paid
1219,2099,2025-02-26,3025,Paid
1220,2099,2025-03-01,3025,Overdue
14675,2100,2026-10-11,3046,Paid
14676,2100,2026-11-04,3046,Paid
15894,2101,2026-11-15,2317,Paid
15895,2101,2026-12-01,2317,Paid
1983,2102,2025-05-04,3024,Paid
1984,2102,2025-05-31,3024,Paid
1098,2103,2025-02-06,3404,Paid
1099,2103,2025-03-01,3404,Pending
1100,2103,2025-04-01,3404,Paid
1101,2103,2025-05-01,3404,Pending
1102,2103,2025-06-01,3404,Paid
1103,2103,2025-07-01,3404,Paid
1104,2103,2025-08-01,3404,Paid
1596,2104,2025-03-31,4499,Pending
1597,2104,2025-04-01,4499,Paid
1598,2104,2025-05-01,4499,Overdue
4408,2105,2025-10-30,4223,Paid
4409,2105,2025-10-31,4223,Failed
4410,2105,2025-12-01,4223,Paid
15120,2106,2026-10-21,4119,Failed
15121,2106,2026-10-30,4119,Paid
10242,2107,2026-06-17,3252,Overdue
10243,2107,2026-07-01,3252,Paid
10244,2107,2026-08-03,3252,Paid
10245,2107,2026-09-04,3252,Paid
10246,2107,2026-10-01,3252,Overdue
10247,2107,2026-11-01,3252,Overdue
10248,2107,2026-12-06,3252,Pending
13152,2108,2026-09-03,3431,Paid
13153,2108,2026-10-01,3431,Paid
13154,2108,2026-11-01,3431,Paid
13155,2108,2026-12-08,3431,Paid
14080,2109,2026-09-26,4000,Paid
14081,2109,2026-10-01,4000,Paid
14082,2109,2026-11-03,4000,Overdue
8776,2110,2026-04-30,4415,Pending
8777,2110,2026-05-04,4415,Paid
8778,2110,2026-06-01,4415,Paid
16121,2111,2026-12-27,3199,Paid
1292,2112,2025-03-04,2619,Paid
1293,2112,2025-04-01,2619,Paid
1294,2112,2025-05-01,2619,Paid
1295,2112,2025-06-01,2619,Paid
12805,2113,2026-08-26,2875,Paid
12806,2113,2026-09-01,2875,Paid
9119,2114,2026-05-09,3528,Paid
9120,2114,2026-06-03,3528,Overdue
9121,2114,2026-07-01,3528,Overdue
9122,2114,2026-08-01,3528,Paid
9123,2114,2026-09-01,3528,Paid
9124,2114,2026-10-04,3528,Paid
9125,2114,2026-11-01,3528,Paid
15896,2115,2026-11-15,3952,Paid
15897,2115,2026-12-01,3952,Paid
5448,2116,2025-12-25,2956,Paid
5449,2116,2026-01-01,2956,Pending
5450,2116,2026-02-02,2956,Paid
5451,2116,2026-03-01,2956,Paid
5452,2116,2026-04-01,2956,Paid
5453,2116,2026-05-06,2956,Paid
5454,2116,2026-06-08,2956,Paid
5455,2116,2026-07-01,2956,Paid
5456,2116,2026-08-01,2956,Paid
5457,2116,2026-09-01,2956,Paid
5458,2116,2026-10-01,2956,Paid
5459,2116,2026-11-01,2956,Paid
5460,2116,2026-12-01,2956,Paid
10932,2117,2026-07-08,3037,Paid
10933,2117,2026-08-04,3037,Paid
580,2118,2024-11-24,4498,Paid
581,2118,2024-11-30,4498,Paid
582,2118,2025-01-08,4498,Paid
583,2118,2025-02-01,4498,Paid
584,2118,2025-03-01,4498,Overdue
585,2118,2025-04-02,4498,Paid
586,2118,2025-05-01,4498,Pending
587,2118,2025-06-04,4498,Paid
588,2118,2025-07-01,4498,Paid
589,2118,2025-08-08,4498,Paid
590,2118,2025-09-04,4498,Paid
591,2118,2025-10-01,4498,Paid
592,2118,2025-11-01,4498,Paid
8369,2119,2026-04-15,3270,Paid
8370,2119,2026-05-01,3270,Paid
8371,2119,2026-06-01,3270,Paid
8372,2119,2026-07-01,3270,Paid
8373,2119,2026-08-01,3270,Failed
8374,2119,2026-09-01,3270,Paid
8375,2119,2026-10-01,3270,Pending
8376,2119,2026-10-30,3270,Paid
8377,2119,2026-12-01,3270,Paid
14010,2120,2026-09-25,3126,Paid
14011,2120,2026-09-29,3126,Paid
681,2121,2024-12-11,4718,Paid
682,2121,2025-01-01,4718,Paid
683,2121,2025-02-01,4718,Paid
684,2121,2025-02-27,4718,Paid
15996,2122,2026-12-05,2864,Paid
6339,2123,2026-01-30,3427,Paid
6340,2123,2026-02-01,3427,Paid
6341,2123,2026-03-01,3427,Paid
7507,2124,2026-03-16,2105,Paid
7508,2124,2026-04-01,2105,Paid
7509,2124,2026-05-01,2105,Paid
16073,2125,2026-12-19,4269,Paid
14456,2126,2026-10-06,4092,Paid
14457,2126,2026-11-01,4092,Paid
14458,2126,2026-11-30,4092,Paid
6431,2127,2026-02-04,2695,Paid
6432,2127,2026-02-28,2695,Failed
6433,2127,2026-04-01,2695,Paid
6434,2127,2026-05-01,2695,Paid
6435,2127,2026-06-02,2695,Paid
6436,2127,2026-07-01,2695,Paid
6437,2127,2026-08-04,2695,Paid
6438,2127,2026-09-01,2695,Overdue
6439,2127,2026-10-04,2695,Failed
6440,2127,2026-11-03,2695,Failed
6441,2127,2026-12-01,2695,Pending
13899,2128,2026-09-23,2644,Paid
13900,2128,2026-10-01,2644,Paid
2850,2129,2025-07-18,4873,Paid
2851,2129,2025-08-02,4873,Paid
2852,2129,2025-09-01,4873,Paid
2853,2129,2025-10-01,4873,Paid
2854,2129,2025-11-02,4873,Paid
2855,2129,2025-12-02,4873,Overdue
2856,2129,2026-01-01,4873,Paid
2857,2129,2026-02-01,4873,Paid
2858,2129,2026-03-03,4873,Overdue
2859,2129,2026-04-01,4873,Paid
2860,2129,2026-05-04,4873,Overdue
2861,2129,2026-06-01,4873,Paid
2862,2129,2026-07-01,4873,Overdue
2863,2129,2026-08-01,4873,Paid
2864,2129,2026-09-01,4873,Paid
2865,2129,2026-10-01,4873,Failed
2866,2129,2026-10-31,4873,Paid
2867,2129,2026-12-01,4873,Paid
3974,2130,2025-10-03,4647,Paid
3975,2130,2025-11-01,4647,Paid
3976,2130,2025-12-01,4647,Paid
12867,2131,2026-08-28,2970,Pending
12868,2131,2026-09-01,2970,Paid
12869,2131,2026-10-03,2970,Paid
12870,2131,2026-10-31,2970,Paid
12871,2131,2026-12-02,2970,Paid
6387,2132,2026-02-01,2515,Paid
6388,2132,2026-03-01,2515,Paid
6389,2132,2026-04-02,2515,Paid
6390,2132,2026-05-01,2515,Overdue
2149,2133,2025-05-21,4316,Paid
2150,2133,2025-06-01,4316,Paid
14598,2134,2026-10-10,2759,Paid
14599,2134,2026-11-01,2759,Paid
14600,2134,2026-12-02,2759,Paid
9356,2135,2026-05-18,3433,Paid
9357,2135,2026-06-01,3433,Paid
9358,2135,2026-07-02,3433,Paid
13825,2136,2026-09-21,3074,Paid
13826,2136,2026-10-02,3074,Paid
13827,2136,2026-11-01,3074,Paid
13828,2136,2026-12-01,3074,Paid
13594,2137,2026-09-15,4764,Paid
13595,2137,2026-10-01,4764,Paid
13596,2137,2026-11-01,4764,Paid
13597,2137,2026-12-04,4764,Paid
12492,2138,2026-08-17,2584,Paid
12493,2138,2026-09-01,2584,Paid
12494,2138,2026-10-01,2584,Paid
12495,2138,2026-11-01,2584,Overdue
1221,2139,2025-02-27,2783,Paid
1222,2139,2025-03-01,2783,Paid
1223,2139,2025-04-01,2783,Paid
1224,2139,2025-05-01,2783,Paid
15718,2140,2026-10-31,2671,Paid
15719,2140,2026-11-01,2671,Paid
15720,2140,2026-12-01,2671,Paid
3630,2141,2025-09-18,2069,Overdue
3631,2141,2025-10-01,2069,Paid
12974,2142,2026-08-30,2878,Paid
12975,2142,2026-09-01,2878,Paid
12976,2142,2026-10-02,2878,Failed
12977,2142,2026-11-01,2878,Pending
12978,2142,2026-12-01,2878,Paid
14914,2143,2026-10-17,2801,Paid
14915,2143,2026-11-01,2801,Paid
14916,2143,2026-12-02,2801,Paid
14020,2144,2026-09-25,2754,Paid
14021,2144,2026-10-01,2754,Paid
6504,2145,2026-02-06,4143,Paid
6505,2145,2026-03-01,4143,Pending
12850,2146,2026-08-27,3191,Pending
12851,2146,2026-09-03,3191,Paid
12852,2146,2026-10-01,3191,Paid
12853,2146,2026-11-02,3191,Paid
12854,2146,2026-11-30,3191,Overdue
13791,2147,2026-09-21,3133,Paid
13792,2147,2026-10-04,3133,Paid
13793,2147,2026-11-01,3133,Paid
13794,2147,2026-11-30,3133,Paid
2806,2148,2025-07-16,3216,Paid
2807,2148,2025-08-01,3216,Paid
2808,2148,2025-09-02,3216,Paid
2809,2148,2025-09-30,3216,Paid
2922,2149,2025-07-24,3923,Paid
2923,2149,2025-08-01,3923,Paid
14690,2150,2026-10-11,2212,Paid
14691,2150,2026-11-02,2212,Paid
14692,2150,2026-12-01,2212,Paid
13336,2151,2026-09-08,2399,Paid
13337,2151,2026-10-01,2399,Paid
13397,2152,2026-09-09,3435,Paid
13398,2152,2026-10-02,3435,Paid
13399,2152,2026-11-04,3435,Failed
13400,2152,2026-12-04,3435,Pending
13537,2153,2026-09-13,2807,Overdue
13538,2153,2026-10-01,2807,Paid
13539,2153,2026-11-01,2807,Paid
13540,2153,2026-12-04,2807,Paid
12544,2154,2026-08-19,2677,Paid
12545,2154,2026-09-02,2677,Paid
12546,2154,2026-10-04,2677,Paid
9823,2155,2026-06-02,3974,Paid
9824,2155,2026-07-01,3974,Paid
9825,2155,2026-08-01,3974,Overdue
9826,2155,2026-09-02,3974,Paid
2529,2156,2025-06-21,4771,Paid
2530,2156,2025-07-01,4771,Failed
2531,2156,2025-08-01,4771,Paid
2532,2156,2025-09-01,4771,Paid
2533,2156,2025-10-01,4771,Paid
2534,2156,2025-11-02,4771,Paid
2535,2156,2025-12-02,4771,Paid
2536,2156,2026-01-01,4771,Paid
2537,2156,2026-02-01,4771,Paid
2538,2156,2026-03-01,4771,Paid
2539,2156,2026-04-01,4771,Failed
2540,2156,2026-05-01,4771,Overdue
2541,2156,2026-06-01,4771,Paid
2542,2156,2026-07-01,4771,Paid
2543,2156,2026-08-01,4771,Paid
2544,2156,2026-09-04,4771,Pending
2545,2156,2026-10-02,4771,Paid
2546,2156,2026-11-01,4771,Paid
2547,2156,2026-12-01,4771,Overdue
3722,2157,2025-09-22,3311,Paid
3723,2157,2025-09-30,3311,Paid
3724,2157,2025-11-02,3311,Pending
3725,2157,2025-12-01,3311,Paid
3726,2157,2026-01-06,3311,Paid
3727,2157,2026-02-01,3311,Paid
3728,2157,2026-03-01,3311,Paid
13029,2158,2026-08-31,4310,Paid
13030,2158,2026-09-01,4310,Paid
13031,2158,2026-10-01,4310,Paid
13032,2158,2026-11-01,4310,Paid
13033,2158,2026-12-08,4310,Paid
15295,2159,2026-10-24,2182,Paid
15296,2159,2026-11-01,2182,Paid
15297,2159,2026-12-01,2182,Paid
11319,2160,2026-07-18,3796,Overdue
11320,2160,2026-08-01,3796,Paid
11321,2160,2026-09-02,3796,Paid
11322,2160,2026-10-01,3796,Paid
11323,2160,2026-11-04,3796,Pending
11324,2160,2026-12-01,3796,Paid
15613,2161,2026-10-30,2464,Failed
15614,2161,2026-11-01,2464,Paid
3338,2162,2025-08-22,3314,Paid
3339,2162,2025-09-01,3314,Overdue
6411,2163,2026-02-03,2089,Paid
6412,2163,2026-03-01,2089,Paid
6413,2163,2026-03-30,2089,Paid
2937,2164,2025-07-26,2454,Paid
2938,2164,2025-08-01,2454,Paid
2939,2164,2025-09-01,2454,Paid
2940,2164,2025-10-06,2454,Overdue
1305,2165,2025-03-04,2737,Paid
1306,2165,2025-03-31,2737,Paid
1307,2165,2025-05-01,2737,Paid
1308,2165,2025-05-30,2737,Paid
1309,2165,2025-07-01,2737,Paid
1310,2165,2025-08-04,2737,Paid
1311,2165,2025-09-06,2737,Paid
1312,2165,2025-10-03,2737,Paid
1313,2165,2025-11-02,2737,Failed
1314,2165,2025-12-01,2737,Overdue
1315,2165,2026-01-01,2737,Paid
1316,2165,2026-02-01,2737,Paid
1317,2165,2026-03-01,2737,Paid
14219,2166,2026-09-30,3033,Paid
14220,2166,2026-10-01,3033,Pending
14221,2166,2026-11-01,3033,Pending
14222,2166,2026-12-01,3033,Paid
15836,2167,2026-11-08,3026,Paid
15837,2167,2026-12-01,3026,Pending
14577,2168,2026-10-09,2557,Paid
14578,2168,2026-11-01,2557,Paid
14579,2168,2026-12-01,2557,Paid
3708,2169,2025-09-20,3041,Paid
3709,2169,2025-10-02,3041,Paid
3710,2169,2025-11-01,3041,Paid
3711,2169,2025-12-04,3041,Overdue
3712,2169,2026-01-01,3041,Paid
3713,2169,2026-02-01,3041,Paid
3714,2169,2026-03-01,3041,Overdue
9886,2170,2026-06-04,4521,Paid
9887,2170,2026-07-01,4521,Paid
9888,2170,2026-08-02,4521,Paid
9889,2170,2026-09-01,4521,Paid
1753,2171,2025-04-13,2917,Paid
1754,2171,2025-05-01,2917,Paid
1755,2171,2025-05-30,2917,Paid
1756,2171,2025-06-30,2917,Paid
1757,2171,2025-08-01,2917,Paid
1758,2171,2025-09-01,2917,Paid
1759,2171,2025-09-29,2917,Paid
11416,2172,2026-07-21,2901,Paid
11417,2172,2026-08-04,2901,Pending
11418,2172,2026-09-01,2901,Paid
11419,2172,2026-09-30,2901,Paid
12918,2173,2026-08-28,4505,Overdue
12919,2173,2026-09-01,4505,Paid
10091,2174,2026-06-10,4341,Paid
10092,2174,2026-07-01,4341,Paid
10093,2174,2026-08-01,4341,Pending
10094,2174,2026-09-02,4341,Paid
10095,2174,2026-10-01,4341,Paid
10096,2174,2026-11-01,4341,Paid
10097,2174,2026-12-01,4341,Paid
11177,2175,2026-07-15,2838,Paid
11178,2175,2026-08-01,2838,Paid
13375,2176,2026-09-09,4018,Paid
13376,2176,2026-10-01,4018,Paid
16076,2177,2026-12-20,2696,Paid
11887,2178,2026-08-02,3545,Paid
11888,2178,2026-09-02,3545,Paid
11889,2178,2026-10-01,3545,Paid
1656,2179,2025-04-10,3029,Paid
1657,2179,2025-05-03,3029,Overdue
1658,2179,2025-06-01,3029,Paid
1659,2179,2025-07-04,3029,Paid
1660,2179,2025-08-03,3029,Paid
1661,2179,2025-09-01,3029,Paid
1662,2179,2025-10-01,3029,Paid
5531,2180,2025-12-28,4920,Paid
5532,2180,2026-01-06,4920,Paid
5533,2180,2026-02-02,4920,Failed
4177,2181,2025-10-16,3499,Paid
4178,2181,2025-11-01,3499,Paid
4179,2181,2025-12-02,3499,Paid
4180,2181,2026-01-03,3499,Overdue
13685,2182,2026-09-18,3975,Paid
13686,2182,2026-10-01,3975,Failed
13687,2182,2026-11-01,3975,Paid
7806,2183,2026-03-25,2573,Paid
7807,2183,2026-04-01,2573,Paid
7808,2183,2026-05-08,2573,Overdue
7809,2183,2026-05-30,2573,Pending
9020,2184,2026-05-06,2834,Paid
9021,2184,2026-06-01,2834,Paid
9022,2184,2026-07-01,2834,Paid
9023,2184,2026-08-01,2834,Paid
4808,2185,2025-11-21,2932,Paid
4809,2185,2025-12-01,2932,Paid
4810,2185,2026-01-02,2932,Paid
4811,2185,2026-02-01,2932,Paid
4812,2185,2026-02-28,2932,Paid
4813,2185,2026-04-02,2932,Paid
4814,2185,2026-05-01,2932,Paid
15018,2186,2026-10-20,2687,Paid
15019,2186,2026-11-01,2687,Paid
15020,2186,2026-12-01,2687,Paid
10108,2187,2026-06-11,3074,Paid
10109,2187,2026-07-02,3074,Paid
10110,2187,2026-08-04,3074,Paid
10111,2187,2026-08-30,3074,Paid
10112,2187,2026-10-01,3074,Paid
10113,2187,2026-11-01,3074,Paid
10114,2187,2026-12-01,3074,Paid
4849,2188,2025-11-23,2795,Paid
4850,2188,2025-12-01,2795,Paid
10535,2189,2026-06-26,3407,Paid
10536,2189,2026-07-03,3407,Paid
10537,2189,2026-08-01,3407,Paid
10538,2189,2026-09-01,3407,Overdue
13249,2190,2026-09-06,3538,Paid
13250,2190,2026-10-06,3538,Paid
13251,2190,2026-11-02,3538,Paid
13252,2190,2026-12-01,3538,Paid
14861,2191,2026-10-16,4657,Pending
14862,2191,2026-11-04,4657,Paid
14863,2191,2026-11-30,4657,Paid
8072,2192,2026-04-06,3677,Paid
8073,2192,2026-05-01,3677,Paid
7738,2193,2026-03-23,3132,Paid
7739,2193,2026-04-01,3132,Paid
7740,2193,2026-05-01,3132,Paid
7741,2193,2026-06-01,3132,Paid
7742,2193,2026-07-01,3132,Paid
7743,2193,2026-08-01,3132,Paid
7744,2193,2026-09-01,3132,Paid
2315,2194,2025-06-02,2318,Paid
2316,2194,2025-07-01,2318,Pending
2317,2194,2025-08-01,2318,Paid
2318,2194,2025-09-01,2318,Pending
2319,2194,2025-10-02,2318,Paid
2320,2194,2025-11-04,2318,Paid
2321,2194,2025-12-03,2318,Failed
2322,2194,2026-01-01,2318,Paid
2323,2194,2026-01-31,2318,Paid
2324,2194,2026-03-01,2318,Paid
2325,2194,2026-04-04,2318,Paid
2326,2194,2026-05-01,2318,Paid
2327,2194,2026-06-06,2318,Paid
655,2195,2024-12-04,4615,Paid
656,2195,2025-01-01,4615,Paid
657,2195,2025-02-01,4615,Paid
12212,2196,2026-08-11,2978,Paid
12213,2196,2026-09-01,2978,Paid
12214,2196,2026-10-01,2978,Paid
12215,2196,2026-11-01,2978,Paid
12216,2196,2026-12-04,2978,Pending
11693,2197,2026-07-29,3567,Paid
11694,2197,2026-08-04,3567,Paid
15932,2198,2026-11-24,2366,Paid
15933,2198,2026-12-01,2366,Pending
14413,2199,2026-10-05,2677,Paid
14414,2199,2026-11-02,2677,Overdue
14415,2199,2026-12-01,2677,Paid
14310,2200,2026-10-03,2962,Paid
14311,2200,2026-11-01,2962,Paid
14312,2200,2026-12-08,2962,Pending
7147,2201,2026-03-06,2012,Failed
7148,2201,2026-04-02,2012,Overdue
7149,2201,2026-05-01,2012,Paid
7150,2201,2026-06-01,2012,Paid
2810,2202,2025-07-16,3035,Paid
2811,2202,2025-08-01,3035,Paid
16106,2203,2026-12-25,4691,Overdue
14667,2204,2026-10-11,2269,Paid
14668,2204,2026-11-01,2269,Paid
14669,2204,2026-12-01,2269,Paid
4749,2205,2025-11-17,3593,Paid
4750,2205,2025-12-01,3593,Paid
11746,2206,2026-07-30,2375,Pending
11747,2206,2026-08-01,2375,Pending
11748,2206,2026-09-01,2375,Paid
11749,2206,2026-10-01,2375,Paid
11750,2206,2026-11-03,2375,Paid
11751,2206,2026-12-01,2375,Paid
9132,2207,2026-05-10,3112,Paid
9133,2207,2026-06-01,3112,Paid
9134,2207,2026-07-01,3112,Paid
9135,2207,2026-08-01,3112,Paid
15211,2208,2026-10-23,3756,Paid
15212,2208,2026-11-01,3756,Paid
10701,2209,2026-07-01,2216,Pending
10702,2209,2026-08-01,2216,Failed
10703,2209,2026-08-31,2216,Paid
15188,2210,2026-10-23,2449,Overdue
15189,2210,2026-10-31,2449,Paid
13507,2211,2026-09-13,4393,Paid
13508,2211,2026-10-01,4393,Paid
13509,2211,2026-11-01,4393,Overdue
13510,2211,2026-12-01,4393,Pending
4893,2212,2025-11-25,4664,Paid
4894,2212,2025-12-01,4664,Pending
4895,2212,2026-01-02,4664,Paid
4896,2212,2026-02-01,4664,Paid
4897,2212,2026-03-02,4664,Paid
4898,2212,2026-04-02,4664,Paid
4899,2212,2026-05-01,4664,Paid
5628,2213,2026-01-02,3684,Paid
5629,2213,2026-02-01,3684,Paid
5630,2213,2026-03-02,3684,Pending
5631,2213,2026-04-01,3684,Pending
13287,2214,2026-09-07,2531,Paid
13288,2214,2026-10-01,2531,Paid
13289,2214,2026-11-06,2531,Paid
13290,2214,2026-12-01,2531,Failed
7852,2215,2026-03-26,3475,Overdue
7853,2215,2026-04-02,3475,Paid
7854,2215,2026-05-01,3475,Paid
7855,2215,2026-06-01,3475,Paid
7856,2215,2026-07-01,3475,Overdue
7857,2215,2026-08-01,3475,Paid
7858,2215,2026-09-04,3475,Pending
7859,2215,2026-10-01,3475,Paid
7860,2215,2026-11-01,3475,Paid
7861,2215,2026-12-01,3475,Pending
15464,2216,2026-10-27,2609,Paid
15465,2216,2026-10-30,2609,Paid
15466,2216,2026-12-01,2609,Paid
5529,2217,2025-12-28,3216,Paid
5530,2217,2026-01-01,3216,Paid
10415,2218,2026-06-22,2841,Paid
10416,2218,2026-07-01,2841,Paid
10417,2218,2026-08-01,2841,Paid
10418,2218,2026-09-01,2841,Overdue
10419,2218,2026-10-01,2841,Overdue
10420,2218,2026-11-01,2841,Paid
10421,2218,2026-12-01,2841,Paid
11742,2219,2026-07-30,2147,Overdue
11743,2219,2026-08-01,2147,Overdue
11744,2219,2026-09-01,2147,Paid
11745,2219,2026-10-02,2147,Paid
2430,2220,2025-06-13,3155,Paid
2431,2220,2025-07-01,3155,Overdue
2432,2220,2025-08-01,3155,Paid
2433,2220,2025-09-03,3155,Paid
2434,2220,2025-10-03,3155,Paid
2435,2220,2025-11-02,3155,Paid
2436,2220,2025-12-02,3155,Overdue
6917,2221,2026-02-26,3566,Paid
6918,2221,2026-03-01,3566,Paid
6919,2221,2026-03-31,3566,Paid
6920,2221,2026-04-30,3566,Paid
6921,2221,2026-06-02,3566,Paid
6922,2221,2026-07-01,3566,Paid
6923,2221,2026-08-01,3566,Paid
14179,2222,2026-09-29,2869,Paid
14180,2222,2026-10-02,2869,Paid
14181,2222,2026-11-01,2869,Paid
14182,2222,2026-12-08,2869,Paid
14447,2223,2026-10-06,3047,Paid
14448,2223,2026-11-04,3047,Paid
14449,2223,2026-12-01,3047,Paid
11214,2224,2026-07-17,2942,Paid
11215,2224,2026-08-02,2942,Paid
5441,2225,2025-12-24,4096,Paid
5442,2225,2026-01-06,4096,Paid
5443,2225,2026-02-01,4096,Paid
5444,2225,2026-03-01,4096,Paid
5445,2225,2026-04-01,4096,Paid
5446,2225,2026-05-01,4096,Paid
5447,2225,2026-06-01,4096,Paid
14970,2226,2026-10-19,2398,Failed
14971,2226,2026-11-02,2398,Paid
9672,2227,2026-05-29,3651,Overdue
9673,2227,2026-06-01,3651,Paid
9674,2227,2026-07-01,3651,Paid
9675,2227,2026-08-01,3651,Pending
9676,2227,2026-09-01,3651,Paid
9677,2227,2026-10-01,3651,Paid
9678,2227,2026-11-01,3651,Paid
9679,2227,2026-12-01,3651,Pending
15856,2228,2026-11-10,2981,Paid
15857,2228,2026-12-01,2981,Paid
2021,2229,2025-05-08,4147,Paid
2022,2229,2025-06-01,4147,Paid
16154,2230,2026-12-30,3685,Paid
12256,2231,2026-08-12,3668,Paid
12257,2231,2026-08-31,3668,Paid
12258,2231,2026-10-01,3668,Paid
12259,2231,2026-11-01,3668,Paid
14053,2232,2026-09-26,2506,Paid
14054,2232,2026-10-01,2506,Paid
14055,2232,2026-11-02,2506,Paid
5127,2233,2025-12-05,3020,Paid
5128,2233,2026-01-01,3020,Paid
5129,2233,2026-02-01,3020,Paid
5130,2233,2026-03-01,3020,Paid
5131,2233,2026-03-31,3020,Paid
5132,2233,2026-05-01,3020,Paid
5133,2233,2026-06-01,3020,Paid
15420,2234,2026-10-26,2160,Paid
15421,2234,2026-11-01,2160,Paid
15422,2234,2026-12-01,2160,Paid
12793,2235,2026-08-25,4812,Paid
12794,2235,2026-09-01,4812,Paid
11153,2236,2026-07-14,2639,Paid
11154,2236,2026-08-01,2639,Paid
11155,2236,2026-09-01,2639,Paid
14399,2237,2026-10-05,3429,Paid
14400,2237,2026-11-02,3429,Paid
14401,2237,2026-12-01,3429,Paid
6570,2238,2026-02-10,4998,Paid
6571,2238,2026-03-01,4998,Paid
6572,2238,2026-04-01,4998,Paid
6573,2238,2026-05-01,4998,Paid
6574,2238,2026-06-01,4998,Pending
6575,2238,2026-07-02,4998,Paid
6576,2238,2026-08-01,4998,Paid
15292,2239,2026-10-24,3203,Paid
15293,2239,2026-11-01,3203,Paid
15294,2239,2026-12-01,3203,Paid
15946,2240,2026-11-27,3176,Paid
15947,2240,2026-12-01,3176,Pending
12572,2241,2026-08-20,3322,Paid
12573,2241,2026-09-01,3322,Paid
12574,2241,2026-10-01,3322,Paid
9318,2242,2026-05-17,2784,Paid
9319,2242,2026-06-01,2784,Paid
2906,2243,2025-07-24,3172,Paid
2907,2243,2025-08-03,3172,Paid
2908,2243,2025-09-06,3172,Overdue
567,2244,2024-11-23,3711,Paid
568,2244,2024-11-29,3711,Pending
569,2244,2024-12-30,3711,Pending
570,2244,2025-02-01,3711,Overdue
571,2244,2025-03-02,3711,Failed
572,2244,2025-04-01,3711,Paid
573,2244,2025-05-01,3711,Paid
574,2244,2025-06-01,3711,Pending
575,2244,2025-07-08,3711,Paid
576,2244,2025-08-01,3711,Paid
577,2244,2025-09-02,3711,Paid
578,2244,2025-10-01,3711,Paid
579,2244,2025-11-01,3711,Paid
12437,2245,2026-08-16,2630,Paid
12438,2245,2026-09-01,2630,Paid
12439,2245,2026-10-01,2630,Paid
12440,2245,2026-11-01,2630,Paid
12441,2245,2026-12-01,2630,Paid
12445,2246,2026-08-16,2815,Paid
12446,2246,2026-09-01,2815,Paid
12447,2246,2026-10-01,2815,Paid
12448,2246,2026-10-30,2815,Paid
3162,2247,2025-08-10,4714,Paid
3163,2247,2025-09-02,4714,Paid
2065,2248,2025-05-15,4999,Overdue
2066,2248,2025-06-01,4999,Overdue
6092,2249,2026-01-21,2535,Paid
6093,2249,2026-02-02,2535,Paid
6094,2249,2026-03-01,2535,Overdue
4017,2250,2025-10-06,2740,Paid
4018,2250,2025-11-01,2740,Paid
4019,2250,2025-12-01,2740,Paid
4020,2250,2026-01-01,2740,Overdue
4021,2250,2026-02-01,2740,Paid
4022,2250,2026-03-01,2740,Pending
4023,2250,2026-04-01,2740,Paid
897,2251,2025-01-08,4280,Failed
898,2251,2025-02-03,4280,Paid
4050,2252,2025-10-08,2587,Paid
4051,2252,2025-11-02,2587,Paid
4052,2252,2025-12-01,2587,Paid
4053,2252,2026-01-01,2587,Paid
4054,2252,2026-02-01,2587,Paid
4055,2252,2026-03-01,2587,Paid
4056,2252,2026-04-01,2587,Paid
4057,2252,2026-05-01,2587,Paid
4058,2252,2026-06-01,2587,Paid
4059,2252,2026-07-03,2587,Paid
4060,2252,2026-08-02,2587,Paid
4061,2252,2026-09-01,2587,Paid
4062,2252,2026-10-01,2587,Paid
4063,2252,2026-11-01,2587,Failed
4064,2252,2026-12-01,2587,Paid
10797,2253,2026-07-05,2725,Paid
10798,2253,2026-08-01,2725,Paid
10799,2253,2026-09-04,2725,Paid
10800,2253,2026-10-02,2725,Paid
15397,2254,2026-10-26,3442,Paid
15398,2254,2026-10-31,3442,Paid
15399,2254,2026-12-01,3442,Paid
2497,2255,2025-06-20,2996,Overdue
2498,2255,2025-07-01,2996,Paid
2499,2255,2025-08-02,2996,Paid
2500,2255,2025-09-04,2996,Paid
2501,2255,2025-10-03,2996,Paid
2502,2255,2025-11-01,2996,Paid
2503,2255,2025-12-01,2996,Paid
2504,2255,2026-01-03,2996,Paid
2505,2255,2026-01-31,2996,Paid
2506,2255,2026-03-01,2996,Pending
2507,2255,2026-04-01,2996,Paid
2508,2255,2026-05-03,2996,Paid
2509,2255,2026-06-01,2996,Paid
12082,2256,2026-08-08,2875,Paid
12083,2256,2026-09-01,2875,Pending
12084,2256,2026-10-01,2875,Paid
12085,2256,2026-11-01,2875,Paid
12086,2256,2026-12-01,2875,Paid
8548,2257,2026-04-23,3481,Paid
8549,2257,2026-05-01,3481,Paid
8550,2257,2026-06-01,3481,Paid
8551,2257,2026-07-01,3481,Overdue
8552,2257,2026-08-06,3481,Paid
8553,2257,2026-09-04,3481,Paid
8554,2257,2026-09-30,3481,Failed
14939,2258,2026-10-18,2503,Paid
14940,2258,2026-11-01,2503,Paid
14941,2258,2026-12-06,2503,Paid
7862,2259,2026-03-26,4488,Paid
7863,2259,2026-04-01,4488,Failed
7864,2259,2026-04-30,4488,Paid
7865,2259,2026-06-02,4488,Paid
7866,2259,2026-07-01,4488,Paid
7867,2259,2026-08-03,4488,Paid
7868,2259,2026-09-01,4488,Paid
11695,2260,2026-07-29,3160,Paid
11696,2260,2026-08-02,3160,Paid
11697,2260,2026-09-01,3160,Paid
11698,2260,2026-10-08,3160,Paid
11699,2260,2026-11-01,3160,Paid
11700,2260,2026-12-01,3160,Paid
4323,2261,2025-10-26,3274,Paid
4324,2261,2025-11-02,3274,Paid
4325,2261,2025-12-01,3274,Paid
4326,2261,2026-01-01,3274,Paid
4327,2261,2026-02-01,3274,Paid
4328,2261,2026-03-02,3274,Paid
4329,2261,2026-04-01,3274,Pending
4696,2262,2025-11-13,4903,Paid
4697,2262,2025-12-01,4903,Paid
4698,2262,2026-01-01,4903,Pending
4699,2262,2026-02-03,4903,Paid
4700,2262,2026-03-01,4903,Pending
4701,2262,2026-04-01,4903,Paid
4702,2262,2026-05-02,4903,Paid
4703,2262,2026-06-01,4903,Pending
4704,2262,2026-07-01,4903,Paid
4705,2262,2026-08-01,4903,Paid
4706,2262,2026-09-01,4903,Paid
4707,2262,2026-10-02,4903,Paid
4708,2262,2026-11-01,4903,Paid
4709,2262,2026-12-08,4903,Paid
5825,2263,2026-01-09,3240,Paid
5826,2263,2026-02-01,3240,Paid
5827,2263,2026-03-02,3240,Paid
5828,2263,2026-04-02,3240,Paid
5829,2263,2026-05-01,3240,Paid
5830,2263,2026-06-01,3240,Paid
5831,2263,2026-07-02,3240,Paid
5832,2263,2026-08-01,3240,Pending
5833,2263,2026-08-31,3240,Overdue
5834,2263,2026-10-08,3240,Paid
5835,2263,2026-11-01,3240,Paid
5836,2263,2026-12-02,3240,Paid
15672,2264,2026-10-31,2303,Pending
15673,2264,2026-11-01,2303,Paid
15674,2264,2026-11-29,2303,Paid
15536,2265,2026-10-28,3585,Paid
15537,2265,2026-11-02,3585,Paid
15538,2265,2026-12-01,3585,Paid
11366,2266,2026-07-20,3069,Paid
11367,2266,2026-08-01,3069,Paid
11368,2266,2026-09-01,3069,Paid
13047,2267,2026-08-31,3985,Paid
13048,2267,2026-09-01,3985,Paid
12528,2268,2026-08-18,3431,Paid
12529,2268,2026-09-01,3431,Paid
12530,2268,2026-10-08,3431,Paid
12531,2268,2026-11-01,3431,Paid
9450,2269,2026-05-20,3710,Failed
9451,2269,2026-06-01,3710,Paid
9452,2269,2026-06-30,3710,Paid
9453,2269,2026-08-02,3710,Paid
9454,2269,2026-09-01,3710,Paid
9455,2269,2026-10-01,3710,Paid
9456,2269,2026-11-01,3710,Paid
11601,2270,2026-07-27,2986,Paid
11602,2270,2026-08-02,2986,Paid
11603,2270,2026-09-01,2986,Paid
11604,2270,2026-10-01,2986,Paid
11605,2270,2026-11-01,2986,Paid
11606,2270,2026-12-01,2986,Failed
6631,2271,2026-02-13,2228,Paid
6632,2271,2026-03-01,2228,Overdue
6633,2271,2026-03-31,2228,Overdue
6634,2271,2026-05-01,2228,Paid
5,2272,2024-03-29,3071,Paid
6,2272,2024-04-03,3071,Paid
7,2272,2024-05-01,3071,Paid
8,2272,2024-06-06,3071,Pending
9,2272,2024-07-01,3071,Paid
10,2272,2024-08-01,3071,Paid
11,2272,2024-09-01,3071,Paid
13867,2273,2026-09-22,2567,Paid
13868,2273,2026-10-01,2567,Paid
13869,2273,2026-11-04,2567,Failed
13870,2273,2026-12-01,2567,Paid
4815,2274,2025-11-21,2726,Paid
4816,2274,2025-12-01,2726,Failed
12594,2275,2026-08-20,3301,Paid
12595,2275,2026-09-01,3301,Paid
12596,2275,2026-10-01,3301,Pending
12597,2275,2026-11-03,3301,Paid
12598,2275,2026-12-01,3301,Paid
11379,2276,2026-07-20,3453,Paid
11380,2276,2026-08-01,3453,Pending
11381,2276,2026-09-01,3453,Paid
11382,2276,2026-10-01,3453,Paid
11383,2276,2026-11-06,3453,Paid
11384,2276,2026-12-01,3453,Pending
14817,2277,2026-10-15,4456,Paid
14818,2277,2026-11-01,4456,Paid
12050,2278,2026-08-07,3369,Paid
12051,2278,2026-09-01,3369,Paid
12052,2278,2026-10-01,3369,Paid
12053,2278,2026-11-01,3369,Paid
12054,2278,2026-12-01,3369,Paid
11052,2279,2026-07-11,2386,Paid
11053,2279,2026-08-01,2386,Paid
11054,2279,2026-09-03,2386,Paid
11055,2279,2026-10-01,2386,Overdue
11056,2279,2026-11-01,2386,Paid
11057,2279,2026-12-01,2386,Pending
13688,2280,2026-09-18,3348,Paid
13689,2280,2026-10-01,3348,Paid
6090,2281,2026-01-21,2221,Paid
6091,2281,2026-02-01,2221,Paid
13871,2282,2026-09-22,3489,Paid
13872,2282,2026-10-01,3489,Paid
13873,2282,2026-11-01,3489,Paid
13874,2282,2026-12-02,3489,Paid
4345,2283,2025-10-27,2896,Paid
4346,2283,2025-11-01,2896,Paid
4347,2283,2025-12-01,2896,Paid
4348,2283,2026-01-01,2896,Paid
13424,2284,2026-09-10,2937,Paid
13425,2284,2026-10-01,2937,Paid
13426,2284,2026-11-01,2937,Paid
7351,2285,2026-03-12,3010,Paid
7352,2285,2026-04-01,3010,Paid
817,2286,2025-01-01,3060,Paid
818,2286,2025-02-01,3060,Overdue
819,2286,2025-03-01,3060,Overdue
820,2286,2025-03-31,3060,Overdue
821,2286,2025-05-01,3060,Paid
822,2286,2025-06-01,3060,Paid
823,2286,2025-07-01,3060,Paid
8439,2287,2026-04-17,4345,Paid
8440,2287,2026-05-01,4345,Paid
8441,2287,2026-06-01,4345,Paid
8442,2287,2026-07-02,4345,Overdue
8443,2287,2026-08-01,4345,Paid
8444,2287,2026-09-01,4345,Paid
8445,2287,2026-10-01,4345,Paid
3542,2288,2025-09-08,2939,Paid
3543,2288,2025-10-01,2939,Overdue
3544,2288,2025-11-01,2939,Paid
3545,2288,2025-12-01,2939,Pending
3546,2288,2026-01-04,2939,Paid
3547,2288,2026-02-01,2939,Paid
3548,2288,2026-03-01,2939,Paid
8378,2289,2026-04-16,3498,Paid
8379,2289,2026-05-01,3498,Paid
12958,2290,2026-08-29,3810,Paid
12959,2290,2026-09-01,3810,Paid
12960,2290,2026-10-06,3810,Paid
12961,2290,2026-11-08,3810,Paid
12962,2290,2026-12-01,3810,Paid
6739,2291,2026-02-17,3797,Paid
6740,2291,2026-03-01,3797,Paid
6741,2291,2026-04-01,3797,Paid
6742,2291,2026-05-01,3797,Paid
13135,2292,2026-09-03,2534,Paid
13136,2292,2026-10-01,2534,Paid
13137,2292,2026-11-01,2534,Paid
13707,2293,2026-09-19,2516,Paid
13708,2293,2026-10-01,2516,Paid
13709,2293,2026-11-01,2516,Paid
13710,2293,2026-12-01,2516,Pending
12340,2294,2026-08-14,4220,Paid
12341,2294,2026-09-01,4220,Paid
12342,2294,2026-10-01,4220,Paid
12343,2294,2026-11-01,4220,Paid
6895,2295,2026-02-25,4215,Paid
6896,2295,2026-03-03,4215,Paid
6897,2295,2026-04-01,4215,Paid
6898,2295,2026-05-01,4215,Paid
6899,2295,2026-06-01,4215,Paid
6900,2295,2026-07-01,4215,Paid
6901,2295,2026-08-04,4215,Paid
6902,2295,2026-09-01,4215,Paid
6903,2295,2026-10-01,4215,Paid
6904,2295,2026-11-01,4215,Paid
6905,2295,2026-12-01,4215,Paid
14404,2296,2026-10-05,4931,Paid
14405,2296,2026-11-01,4931,Paid
14406,2296,2026-12-04,4931,Paid
2299,2297,2025-05-31,3018,Paid
2300,2297,2025-06-01,3018,Paid
2301,2297,2025-07-01,3018,Paid
8679,2298,2026-04-28,2768,Paid
8680,2298,2026-04-29,2768,Failed
8681,2298,2026-06-01,2768,Paid
8682,2298,2026-06-30,2768,Paid
8683,2298,2026-08-01,2768,Paid
8684,2298,2026-09-01,2768,Paid
8685,2298,2026-10-08,2768,Paid
8686,2298,2026-11-01,2768,Failed
8687,2298,2026-12-02,2768,Failed
4614,2299,2025-11-11,4137,Paid
4615,2299,2025-11-30,4137,Paid
4616,2299,2026-01-02,4137,Pending
4617,2299,2026-02-01,4137,Overdue
4618,2299,2026-03-01,4137,Pending
4619,2299,2026-04-01,4137,Paid
4620,2299,2026-05-04,4137,Overdue
4621,2299,2026-06-01,4137,Paid
4622,2299,2026-07-01,4137,Paid
4623,2299,2026-08-01,4137,Paid
4624,2299,2026-09-03,4137,Paid
4625,2299,2026-10-01,4137,Paid
4626,2299,2026-11-01,4137,Paid
7770,2300,2026-03-24,2974,Paid
7771,2300,2026-04-01,2974,Pending
7772,2300,2026-04-30,2974,Paid
7773,2300,2026-06-08,2974,Paid
7774,2300,2026-07-06,2974,Paid
7775,2300,2026-08-03,2974,Paid
7776,2300,2026-09-02,2974,Paid
7777,2300,2026-10-04,2974,Pending
7778,2300,2026-11-03,2974,Paid
7779,2300,2026-12-01,2974,Paid
8303,2301,2026-04-13,4848,Paid
8304,2301,2026-05-01,4848,Paid
8305,2301,2026-06-06,4848,Paid
718,2302,2024-12-14,2089,Paid
719,2302,2025-01-01,2089,Paid
720,2302,2025-02-01,2089,Failed
721,2302,2025-03-06,2089,Paid
722,2302,2025-04-01,2089,Paid
723,2302,2025-04-30,2089,Paid
724,2302,2025-06-01,2089,Paid
11932,2303,2026-08-03,4565,Paid
11933,2303,2026-09-01,4565,Paid
11934,2303,2026-10-01,4565,Paid
6984,2304,2026-02-28,3281,Paid
6985,2304,2026-03-04,3281,Paid
6986,2304,2026-04-01,3281,Paid
6987,2304,2026-05-01,3281,Paid
6988,2304,2026-06-02,3281,Paid
6989,2304,2026-07-02,3281,Paid
6990,2304,2026-08-01,3281,Paid
6991,2304,2026-09-01,3281,Paid
6992,2304,2026-09-30,3281,Paid
6993,2304,2026-11-01,3281,Paid
6994,2304,2026-12-01,3281,Paid
4612,2305,2025-11-10,2587,Paid
4613,2305,2025-12-01,2587,Paid
177,2306,2024-08-14,3980,Paid
178,2306,2024-09-01,3980,Paid
179,2306,2024-10-01,3980,Paid
180,2306,2024-11-06,3980,Paid
181,2306,2024-12-01,3980,Paid
182,2306,2025-01-01,3980,Paid
183,2306,2025-02-01,3980,Paid
14496,2307,2026-10-07,2936,Paid
14497,2307,2026-11-01,2936,Paid
14498,2307,2026-12-01,2936,Paid
12426,2308,2026-08-15,2500,Overdue
12427,2308,2026-09-01,2500,Overdue
12428,2308,2026-09-30,2500,Paid
6924,2309,2026-02-26,2351,Paid
6925,2309,2026-03-01,2351,Paid
6926,2309,2026-03-30,2351,Paid
6927,2309,2026-05-02,2351,Overdue
6928,2309,2026-06-01,2351,Paid
6929,2309,2026-07-01,2351,Paid
6930,2309,2026-08-01,2351,Paid
15087,2310,2026-10-20,3602,Paid
15088,2310,2026-11-06,3602,Paid
15089,2310,2026-12-01,3602,Paid
6497,2311,2026-02-06,3198,Pending
6498,2311,2026-03-06,3198,Paid
6499,2311,2026-03-31,3198,Paid
6500,2311,2026-05-01,3198,Paid
6501,2311,2026-06-01,3198,Paid
6502,2311,2026-07-01,3198,Paid
6503,2311,2026-08-01,3198,Pending
15842,2312,2026-11-08,4728,Paid
15843,2312,2026-12-03,4728,Paid
16141,2313,2026-12-29,4237,Failed
13807,2314,2026-09-21,3669,Paid
13808,2314,2026-10-01,3669,Paid
13809,2314,2026-11-03,3669,Paid
13810,2314,2026-12-01,3669,Paid
463,2315,2024-10-31,4989,Paid
464,2315,2024-10-31,4989,Paid
465,2315,2024-12-01,4989,Overdue
466,2315,2025-01-01,4989,Paid
8626,2316,2026-04-26,4827,Paid
8627,2316,2026-05-01,4827,Overdue
15084,2317,2026-10-20,3926,Paid
15085,2317,2026-11-01,3926,Pending
15086,2317,2026-12-01,3926,Paid
15081,2318,2026-10-20,2609,Paid
15082,2318,2026-11-01,2609,Paid
15083,2318,2026-11-29,2609,Paid
12693,2319,2026-08-23,2814,Overdue
12694,2319,2026-09-01,2814,Paid
12695,2319,2026-10-02,2814,Paid
12696,2319,2026-11-02,2814,Paid
12697,2319,2026-12-03,2814,Paid
8269,2320,2026-04-12,2567,Paid
8270,2320,2026-05-01,2567,Paid
8271,2320,2026-06-01,2567,Paid
8272,2320,2026-07-01,2567,Paid
8273,2320,2026-07-30,2567,Paid
8274,2320,2026-09-01,2567,Paid
8275,2320,2026-10-01,2567,Paid
8276,2320,2026-11-01,2567,Paid
8277,2320,2026-12-01,2567,Overdue
2834,2321,2025-07-18,3769,Failed
2835,2321,2025-08-01,3769,Paid
2836,2321,2025-09-01,3769,Pending
2837,2321,2025-10-01,3769,Paid
2838,2321,2025-11-01,3769,Paid
2839,2321,2025-12-02,3769,Paid
2840,2321,2026-01-01,3769,Paid
10950,2322,2026-07-09,2388,Paid
10951,2322,2026-08-01,2388,Paid
5927,2323,2026-01-14,2607,Paid
5928,2323,2026-02-04,2607,Paid
15981,2324,2026-12-03,3589,Paid
16071,2325,2026-12-17,2459,Paid
14998,2326,2026-10-19,3846,Paid
14999,2326,2026-11-01,3846,Paid
13326,2327,2026-09-08,2624,Paid
13327,2327,2026-10-04,2624,Paid
13328,2327,2026-11-08,2624,Paid
13329,2327,2026-12-01,2624,Paid
15571,2328,2026-10-29,2666,Paid
15572,2328,2026-11-01,2666,Paid
15573,2328,2026-12-04,2666,Pending
1784,2329,2025-04-15,3556,Paid
1785,2329,2025-05-02,3556,Paid
1786,2329,2025-05-31,3556,Paid
5240,2330,2025-12-17,2067,Paid
5241,2330,2026-01-01,2067,Pending
5242,2330,2026-02-01,2067,Paid
5243,2330,2026-03-01,2067,Paid
5244,2330,2026-04-01,2067,Paid
5245,2330,2026-05-01,2067,Paid
5246,2330,2026-06-02,2067,Paid
4682,2331,2025-11-13,3386,Paid
4683,2331,2025-12-01,3386,Paid
4684,2331,2026-01-01,3386,Paid
4685,2331,2026-02-01,3386,Paid
4686,2331,2026-03-01,3386,Paid
4687,2331,2026-03-30,3386,Paid
4688,2331,2026-05-01,3386,Overdue
14278,2332,2026-10-01,2191,Paid
14279,2332,2026-11-01,2191,Paid
14280,2332,2026-12-01,2191,Failed
14354,2333,2026-10-04,2727,Paid
14355,2333,2026-11-01,2727,Paid
14356,2333,2026-12-01,2727,Paid
7446,2334,2026-03-14,3631,Paid
7447,2334,2026-04-01,3631,Paid
7448,2334,2026-05-02,3631,Paid
7449,2334,2026-06-02,3631,Pending
7450,2334,2026-07-04,3631,Paid
7451,2334,2026-08-01,3631,Paid
7452,2334,2026-09-01,3631,Failed
5717,2335,2026-01-06,2515,Paid
5718,2335,2026-01-31,2515,Overdue
5719,2335,2026-03-02,2515,Paid
5720,2335,2026-04-02,2515,Paid
5721,2335,2026-05-01,2515,Paid
5722,2335,2026-06-03,2515,Paid
5723,2335,2026-07-01,2515,Paid
32,2336,2024-04-26,2676,Overdue
33,2336,2024-05-01,2676,Paid
34,2336,2024-05-31,2676,Paid
35,2336,2024-07-01,2676,Paid
36,2336,2024-08-02,2676,Paid
37,2336,2024-09-01,2676,Paid
38,2336,2024-10-01,2676,Paid
13051,2337,2026-08-31,2560,Paid
13052,2337,2026-09-01,2560,Pending
16043,2338,2026-12-13,4380,Pending
12087,2339,2026-08-08,3125,Paid
12088,2339,2026-09-01,3125,Paid
12089,2339,2026-10-01,3125,Paid
12090,2339,2026-10-31,3125,Paid
11457,2340,2026-07-22,2606,Pending
11458,2340,2026-08-01,2606,Paid
11459,2340,2026-09-01,2606,Paid
11460,2340,2026-10-01,2606,Paid
11461,2340,2026-10-31,2606,Paid
11462,2340,2026-12-01,2606,Overdue
14633,2341,2026-10-10,2178,Paid
14634,2341,2026-11-03,2178,Paid
14635,2341,2026-12-01,2178,Paid
13480,2342,2026-09-12,3894,Paid
13481,2342,2026-10-01,3894,Paid
13482,2342,2026-11-01,3894,Overdue
13483,2342,2026-12-01,3894,Pending
112,2343,2024-06-26,3668,Paid
113,2343,2024-07-03,3668,Paid
114,2343,2024-07-30,3668,Paid
13232,2344,2026-09-05,4075,Paid
13233,2344,2026-10-01,4075,Paid
13234,2344,2026-11-02,4075,Paid
13608,2345,2026-09-15,3461,Paid
13609,2345,2026-10-01,3461,Paid
13610,2345,2026-10-31,3461,Paid
13611,2345,2026-12-01,3461,Overdue
6108,2346,2026-01-22,2497,Overdue
6109,2346,2026-02-01,2497,Paid
6110,2346,2026-02-28,2497,Paid
6111,2346,2026-04-01,2497,Paid
4627,2347,2025-11-11,2968,Paid
4628,2347,2025-12-02,2968,Pending
4629,2347,2026-01-01,2968,Paid
14102,2348,2026-09-26,3607,Paid
14103,2348,2026-10-01,3607,Paid
14104,2348,2026-11-04,3607,Paid
14105,2348,2026-12-01,3607,Paid
8367,2349,2026-04-15,2668,Paid
8368,2349,2026-05-01,2668,Paid
11701,2350,2026-07-29,4608,Paid
11702,2350,2026-08-01,4608,Paid
11703,2350,2026-09-01,4608,Paid
11704,2350,2026-10-01,4608,Paid
11705,2350,2026-11-04,4608,Pending
11706,2350,2026-12-01,4608,Paid
12021,2351,2026-08-06,2456,Paid
12022,2351,2026-09-04,2456,Overdue
1330,2352,2025-03-06,4699,Paid
1331,2352,2025-04-01,4699,Paid
1332,2352,2025-05-01,4699,Paid
1333,2352,2025-05-31,4699,Paid
1334,2352,2025-07-01,4699,Paid
1335,2352,2025-08-06,4699,Overdue
1336,2352,2025-09-01,4699,Paid
1337,2352,2025-10-03,4699,Paid
1338,2352,2025-11-02,4699,Paid
1339,2352,2025-12-02,4699,Paid
1340,2352,2026-01-03,4699,Overdue
1341,2352,2026-02-01,4699,Paid
1342,2352,2026-03-08,4699,Paid
1343,2352,2026-04-03,4699,Paid
1344,2352,2026-05-01,4699,Paid
1345,2352,2026-06-01,4699,Paid
1346,2352,2026-07-01,4699,Paid
1347,2352,2026-08-01,4699,Paid
1348,2352,2026-09-03,4699,Failed
7228,2353,2026-03-08,2371,Paid
7229,2353,2026-04-01,2371,Pending
7230,2353,2026-05-01,2371,Paid
7231,2353,2026-06-01,2371,Paid
7232,2353,2026-07-01,2371,Overdue
7233,2353,2026-08-06,2371,Paid
7234,2353,2026-09-02,2371,Paid
7235,2353,2026-10-01,2371,Paid
7236,2353,2026-11-01,2371,Paid
7237,2353,2026-12-01,2371,Paid
11621,2354,2026-07-27,2522,Paid
11622,2354,2026-08-04,2522,Paid
11623,2354,2026-09-01,2522,Paid
11624,2354,2026-10-01,2522,Overdue
11625,2354,2026-11-01,2522,Paid
11626,2354,2026-12-01,2522,Paid
13064,2355,2026-09-01,2575,Overdue
13065,2355,2026-10-01,2575,Paid
13066,2355,2026-11-01,2575,Paid
13067,2355,2026-12-01,2575,Paid
2452,2356,2025-06-18,4469,Pending
2453,2356,2025-07-01,4469,Paid
2454,2356,2025-08-01,4469,Paid
2455,2356,2025-09-04,4469,Failed
14894,2357,2026-10-17,2572,Paid
14895,2357,2026-11-01,2572,Paid
14896,2357,2026-12-01,2572,Paid
13173,2358,2026-09-04,4423,Paid
13174,2358,2026-09-30,4423,Overdue
13175,2358,2026-11-08,4423,Paid
13176,2358,2026-12-01,4423,Paid
7982,2359,2026-04-01,3670,Paid
7983,2359,2026-05-01,3670,Paid
7984,2359,2026-06-01,3670,Paid
3884,2360,2025-09-28,2453,Paid
3885,2360,2025-10-01,2453,Paid
3886,2360,2025-11-01,2453,Paid
3887,2360,2025-12-01,2453,Paid
3888,2360,2026-01-01,2453,Overdue
3889,2360,2026-02-04,2453,Overdue
3890,2360,2026-03-01,2453,Paid
8865,2361,2026-05-04,3468,Paid
8866,2361,2026-06-02,3468,Paid
8867,2361,2026-07-01,3468,Paid
8868,2361,2026-07-30,3468,Paid
3125,2362,2025-08-09,2506,Paid
3126,2362,2025-09-01,2506,Paid
3127,2362,2025-10-01,2506,Paid
3128,2362,2025-11-01,2506,Failed
3129,2362,2025-12-01,2506,Paid
3130,2362,2026-01-01,2506,Failed
3131,2362,2026-02-02,2506,Paid
10925,2363,2026-07-08,2487,Paid
10926,2363,2026-08-01,2487,Paid
10927,2363,2026-09-02,2487,Overdue
14254,2364,2026-09-30,3203,Paid
14255,2364,2026-10-06,3203,Paid
14256,2364,2026-11-01,3203,Paid
14257,2364,2026-12-01,3203,Paid
16132,2365,2026-12-28,4106,Paid
4167,2366,2025-10-15,3148,Overdue
4168,2366,2025-11-01,3148,Paid
14745,2367,2026-10-13,4538,Paid
14746,2367,2026-11-02,4538,Pending
14747,2367,2026-12-01,4538,Failed
8054,2368,2026-04-04,3459,Paid
8055,2368,2026-05-01,3459,Paid
864,2369,2025-01-05,2524,Paid
865,2369,2025-01-31,2524,Paid
908,2370,2025-01-10,2629,Pending
909,2370,2025-02-01,2629,Pending
910,2370,2025-03-04,2629,Paid
911,2370,2025-04-01,2629,Paid
912,2370,2025-05-01,2629,Paid
913,2370,2025-06-01,2629,Paid
914,2370,2025-07-01,2629,Paid
915,2370,2025-07-30,2629,Paid
916,2370,2025-09-06,2629,Paid
917,2370,2025-10-06,2629,Paid
918,2370,2025-11-01,2629,Paid
919,2370,2025-12-01,2629,Paid
920,2370,2026-01-01,2629,Paid
14427,2371,2026-10-06,4763,Paid
14428,2371,2026-11-01,4763,Paid
556,2372,2024-11-18,4274,Pending
557,2372,2024-12-03,4274,Paid
558,2372,2025-01-02,4274,Paid
559,2372,2025-02-01,4274,Paid
560,2372,2025-03-01,4274,Paid
561,2372,2025-04-01,4274,Paid
562,2372,2025-05-01,4274,Paid
7310,2373,2026-03-10,2659,Paid
7311,2373,2026-04-01,2659,Pending
7312,2373,2026-05-01,2659,Pending
12496,2374,2026-08-17,3717,Paid
12497,2374,2026-09-01,3717,Paid
12498,2374,2026-10-02,3717,Paid
12499,2374,2026-11-04,3717,Paid
12500,2374,2026-12-03,3717,Paid
16081,2375,2026-12-21,4843,Pending
11331,2376,2026-07-19,3353,Paid
11332,2376,2026-08-01,3353,Pending
11333,2376,2026-09-08,3353,Paid
2270,2377,2025-05-28,3220,Paid
2271,2377,2025-06-01,3220,Overdue
2272,2377,2025-07-02,3220,Paid
2273,2377,2025-08-02,3220,Paid
2274,2377,2025-09-01,3220,Paid
2275,2377,2025-10-01,3220,Paid
2276,2377,2025-11-01,3220,Paid
9435,2378,2026-05-20,3679,Paid
9436,2378,2026-06-01,3679,Paid
9437,2378,2026-07-02,3679,Paid
9438,2378,2026-08-01,3679,Overdue
16053,2379,2026-12-16,4051,Paid
11976,2380,2026-08-04,4134,Paid
11977,2380,2026-09-01,4134,Paid
15794,2381,2026-11-06,3200,Paid
15795,2381,2026-12-01,3200,Paid
9812,2382,2026-06-02,2698,Paid
9813,2382,2026-07-01,2698,Overdue
9814,2382,2026-08-03,2698,Failed
9815,2382,2026-09-01,2698,Paid
14468,2383,2026-10-07,4569,Paid
14469,2383,2026-11-01,4569,Paid
14470,2383,2026-12-01,4569,Paid
12725,2384,2026-08-24,3718,Paid
12726,2384,2026-09-04,3718,Paid
12727,2384,2026-09-30,3718,Paid
12728,2384,2026-10-31,3718,Paid
12729,2384,2026-12-01,3718,Paid
11966,2385,2026-08-04,2667,Pending
11967,2385,2026-09-01,2667,Overdue
11968,2385,2026-09-30,2667,Failed
11969,2385,2026-11-03,2667,Paid
15251,2386,2026-10-24,2676,Paid
15252,2386,2026-11-02,2676,Paid
15253,2386,2026-12-01,2676,Paid
3620,2387,2025-09-15,3767,Paid
3621,2387,2025-10-01,3767,Paid
3622,2387,2025-11-01,3767,Paid
3623,2387,2025-12-02,3767,Paid
11179,2388,2026-07-15,2606,Paid
11180,2388,2026-08-01,2606,Paid
11181,2388,2026-09-01,2606,Paid
11182,2388,2026-10-01,2606,Paid
11183,2388,2026-11-01,2606,Paid
11184,2388,2026-12-01,2606,Paid
8185,2389,2026-04-09,3010,Paid
8186,2389,2026-05-02,3010,Paid
15281,2390,2026-10-24,2888,Paid
15282,2390,2026-11-04,2888,Paid
15283,2390,2026-12-01,2888,Paid
15257,2391,2026-10-24,3194,Paid
15258,2391,2026-11-01,3194,Failed
15259,2391,2026-12-04,3194,Failed
3583,2392,2025-09-13,3177,Paid
3584,2392,2025-10-03,3177,Paid
3585,2392,2025-11-03,3177,Paid
14213,2393,2026-09-30,2547,Pending
14214,2393,2026-10-01,2547,Paid
14038,2394,2026-09-25,3024,Pending
14039,2394,2026-10-01,3024,Paid
14040,2394,2026-11-01,3024,Paid
15254,2395,2026-10-24,3430,Pending
15255,2395,2026-11-01,3430,Paid
15256,2395,2026-12-01,3430,Paid
10815,2396,2026-07-05,3672,Paid
10816,2396,2026-08-03,3672,Overdue
10817,2396,2026-09-01,3672,Paid
4542,2397,2025-11-06,4005,Paid
4543,2397,2025-12-08,4005,Paid
4544,2397,2026-01-01,4005,Paid
4545,2397,2026-02-01,4005,Paid
13951,2398,2026-09-23,4353,Paid
13952,2398,2026-10-02,4353,Paid
12520,2399,2026-08-18,2397,Paid
12521,2399,2026-09-01,2397,Paid
12522,2399,2026-10-01,2397,Paid
12523,2399,2026-11-01,2397,Pending
8499,2400,2026-04-20,2793,Paid
8500,2400,2026-04-29,2793,Paid
8501,2400,2026-06-02,2793,Paid
8502,2400,2026-07-04,2793,Paid
8503,2400,2026-08-01,2793,Overdue
8504,2400,2026-09-01,2793,Paid
8505,2400,2026-10-01,2793,Paid
8389,2401,2026-04-16,3751,Paid
8390,2401,2026-05-01,3751,Paid
8391,2401,2026-06-01,3751,Paid
8392,2401,2026-07-03,3751,Paid
8393,2401,2026-08-01,3751,Paid
8394,2401,2026-09-01,3751,Paid
8395,2401,2026-10-01,3751,Paid
8396,2401,2026-11-01,3751,Paid
8397,2401,2026-12-01,3751,Paid
6706,2402,2026-02-16,3349,Paid
6707,2402,2026-03-06,3349,Failed
6708,2402,2026-04-01,3349,Pending
6709,2402,2026-05-01,3349,Failed
6710,2402,2026-06-01,3349,Paid
6711,2402,2026-07-01,3349,Paid
6712,2402,2026-08-02,3349,Paid
4353,2403,2025-10-28,3339,Paid
4354,2403,2025-11-01,3339,Paid
4355,2403,2025-12-01,3339,Paid
4356,2403,2026-01-01,3339,Paid
4357,2403,2026-02-06,3339,Paid
4358,2403,2026-02-28,3339,Pending
4359,2403,2026-04-03,3339,Paid
4360,2403,2026-05-01,3339,Failed
4361,2403,2026-06-01,3339,Overdue
4362,2403,2026-07-01,3339,Paid
4363,2403,2026-08-01,3339,Paid
4364,2403,2026-09-02,3339,Failed
4365,2403,2026-10-01,3339,Paid
15701,2404,2026-10-31,2884,Paid
15702,2404,2026-11-01,2884,Paid
15703,2404,2026-12-01,2884,Paid
10722,2405,2026-07-02,3503,Paid
10723,2405,2026-08-01,3503,Paid
7457,2406,2026-03-14,3726,Paid
7458,2406,2026-04-01,3726,Paid
7459,2406,2026-05-01,3726,Paid
13306,2407,2026-09-08,2633,Paid
13307,2407,2026-09-29,2633,Paid
13308,2407,2026-11-01,2633,Paid
13309,2407,2026-12-01,2633,Paid
14188,2408,2026-09-29,2770,Paid
14189,2408,2026-10-01,2770,Paid
14190,2408,2026-11-01,2770,Paid
14191,2408,2026-12-01,2770,Pending
5639,2409,2026-01-03,2807,Paid
5640,2409,2026-02-03,2807,Failed
5641,2409,2026-03-01,2807,Paid
5642,2409,2026-04-01,2807,Paid
5643,2409,2026-05-01,2807,Failed
5644,2409,2026-06-01,2807,Overdue
5645,2409,2026-07-03,2807,Overdue
5646,2409,2026-08-02,2807,Paid
5647,2409,2026-09-01,2807,Paid
5648,2409,2026-09-29,2807,Paid
5649,2409,2026-11-01,2807,Paid
5650,2409,2026-12-06,2807,Overdue
15782,2410,2026-11-06,3389,Overdue
15783,2410,2026-12-01,3389,Paid
14574,2411,2026-10-09,2979,Paid
14575,2411,2026-11-01,2979,Paid
14576,2411,2026-12-03,2979,Failed
14056,2412,2026-09-26,4062,Paid
14057,2412,2026-10-02,4062,Paid
14058,2412,2026-11-01,4062,Paid
14723,2413,2026-10-13,2458,Pending
14724,2413,2026-11-01,2458,Pending
14725,2413,2026-12-01,2458,Paid
9373,2414,2026-05-18,2625,Paid
9374,2414,2026-06-01,2625,Paid
9375,2414,2026-07-01,2625,Overdue
9376,2414,2026-08-01,2625,Paid
9377,2414,2026-09-01,2625,Paid
9378,2414,2026-10-01,2625,Paid
9379,2414,2026-11-03,2625,Paid
9380,2414,2026-12-01,2625,Paid
10908,2415,2026-07-07,2458,Paid
10909,2415,2026-08-01,2458,Paid
10910,2415,2026-09-01,2458,Paid
10911,2415,2026-10-01,2458,Paid
10912,2415,2026-11-01,2458,Paid
10913,2415,2026-12-02,2458,Paid
16075,2416,2026-12-19,2160,Paid
446,2417,2024-10-23,3777,Paid
447,2417,2024-10-31,3777,Paid
448,2417,2024-12-02,3777,Paid
449,2417,2025-01-01,3777,Paid
9477,2418,2026-05-20,4139,Paid
9478,2418,2026-06-01,4139,Failed
9479,2418,2026-07-01,4139,Paid
9480,2418,2026-08-01,4139,Paid
11810,2419,2026-07-31,2654,Paid
11811,2419,2026-08-01,2654,Paid
11812,2419,2026-09-03,2654,Paid
10659,2420,2026-06-30,2485,Paid
10660,2420,2026-07-01,2485,Paid
10661,2420,2026-08-02,2485,Pending
10662,2420,2026-09-04,2485,Paid
12940,2421,2026-08-29,2931,Paid
12941,2421,2026-09-01,2931,Paid
8637,2422,2026-04-27,4550,Paid
8638,2422,2026-05-03,4550,Paid
8405,2423,2026-04-16,3503,Paid
8406,2423,2026-05-03,3503,Paid
8407,2423,2026-06-01,3503,Paid
8408,2423,2026-06-30,3503,Paid
8409,2423,2026-08-01,3503,Paid
8410,2423,2026-08-30,3503,Failed
8411,2423,2026-10-01,3503,Pending
8412,2423,2026-11-01,3503,Paid
8413,2423,2026-12-02,3503,Paid
16072,2424,2026-12-19,3535,Paid
14601,2425,2026-10-10,2566,Paid
14602,2425,2026-11-01,2566,Paid
14603,2425,2026-12-01,2566,Paid
13935,2426,2026-09-23,2841,Overdue
13936,2426,2026-10-01,2841,Paid
13937,2426,2026-11-01,2841,Paid
13938,2426,2026-12-03,2841,Paid
15760,2427,2026-11-03,2095,Paid
15761,2427,2026-12-01,2095,Paid
16107,2428,2026-12-26,2214,Paid
14607,2429,2026-10-10,2193,Paid
14608,2429,2026-11-01,2193,Paid
14609,2429,2026-12-01,2193,Paid
6999,2430,2026-03-01,4513,Paid
7000,2430,2026-04-01,4513,Pending
7001,2430,2026-05-01,4513,Paid
7002,2430,2026-06-01,4513,Paid
7003,2430,2026-07-06,4513,Overdue
7004,2430,2026-08-01,4513,Failed
7005,2430,2026-08-30,4513,Paid
7006,2430,2026-10-02,4513,Paid
7007,2430,2026-10-31,4513,Paid
7008,2430,2026-12-01,4513,Paid
12396,2431,2026-08-15,3184,Paid
12397,2431,2026-08-30,3184,Failed
12398,2431,2026-10-01,3184,Paid
12399,2431,2026-11-01,3184,Paid
12400,2431,2026-12-01,3184,Paid
3027,2432,2025-08-04,2038,Paid
3028,2432,2025-09-01,2038,Paid
3029,2432,2025-10-01,2038,Overdue
4424,2433,2025-10-30,2938,Paid
4425,2433,2025-10-30,2938,Paid
4426,2433,2025-12-01,2938,Paid
4427,2433,2026-01-01,2938,Paid
11631,2434,2026-07-27,4438,Paid
11632,2434,2026-08-02,4438,Paid
11633,2434,2026-09-02,4438,Paid
11634,2434,2026-10-01,4438,Overdue
13848,2435,2026-09-22,2705,Paid
13849,2435,2026-10-04,2705,Paid
13850,2435,2026-11-01,2705,Overdue
13851,2435,2026-12-01,2705,Paid
9457,2436,2026-05-20,3441,Paid
9458,2436,2026-06-01,3441,Paid
9459,2436,2026-07-04,3441,Paid
9460,2436,2026-08-01,3441,Paid
9461,2436,2026-09-01,3441,Overdue
9462,2436,2026-10-01,3441,Paid
9463,2436,2026-11-06,3441,Paid
9464,2436,2026-11-29,3441,Paid
10224,2437,2026-06-16,2554,Failed
10225,2437,2026-07-01,2554,Pending
10226,2437,2026-08-01,2554,Paid
2659,2438,2025-06-27,2783,Pending
2660,2438,2025-07-01,2783,Paid
10206,2439,2026-06-16,3070,Paid
10207,2439,2026-07-01,3070,Pending
10208,2439,2026-08-01,3070,Paid
10209,2439,2026-09-02,3070,Paid
15058,2440,2026-10-20,2748,Paid
15059,2440,2026-11-01,2748,Paid
15060,2440,2026-12-04,2748,Paid
10473,2441,2026-06-24,4297,Paid
10474,2441,2026-07-06,4297,Paid
10475,2441,2026-08-02,4297,Paid
13811,2442,2026-09-21,2672,Paid
13812,2442,2026-10-03,2672,Paid
13813,2442,2026-11-01,2672,Paid
13814,2442,2026-12-01,2672,Paid
9205,2443,2026-05-12,4378,Paid
9206,2443,2026-06-01,4378,Pending
9207,2443,2026-07-04,4378,Paid
9208,2443,2026-08-02,4378,Paid
5651,2444,2026-01-03,3134,Paid
5652,2444,2026-02-01,3134,Paid
16112,2445,2026-12-26,3170,Paid
8957,2446,2026-05-05,3901,Paid
8958,2446,2026-06-03,3901,Paid
8959,2446,2026-07-01,3901,Paid
8960,2446,2026-08-03,3901,Paid
8961,2446,2026-09-01,3901,Overdue
8962,2446,2026-10-01,3901,Paid
8963,2446,2026-11-01,3901,Paid
5413,2447,2025-12-23,2637,Overdue
5414,2447,2026-01-01,2637,Paid
5415,2447,2026-01-30,2637,Failed
5416,2447,2026-03-03,2637,Overdue
5417,2447,2026-04-01,2637,Paid
5418,2447,2026-05-03,2637,Paid
5419,2447,2026-06-01,2637,Paid
14802,2448,2026-10-15,3447,Paid
14803,2448,2026-11-01,3447,Paid
14804,2448,2026-12-01,3447,Paid
15023,2449,2026-10-20,2956,Failed
15024,2449,2026-11-01,2956,Overdue
15025,2449,2026-12-01,2956,Pending
13441,2450,2026-09-10,4313,Paid
13442,2450,2026-10-01,4313,Paid
14552,2451,2026-10-08,3322,Paid
14553,2451,2026-11-03,3322,Paid
14554,2451,2026-12-04,3322,Overdue
13261,2452,2026-09-06,4141,Paid
13262,2452,2026-10-01,4141,Paid
13263,2452,2026-11-02,4141,Paid
13264,2452,2026-12-01,4141,Paid
4562,2453,2025-11-08,3943,Overdue
4563,2453,2025-12-04,3943,Paid
4564,2453,2026-01-02,3943,Failed
4565,2453,2026-02-01,3943,Paid
4566,2453,2026-03-01,3943,Paid
4567,2453,2026-03-30,3943,Paid
4568,2453,2026-05-01,3943,Paid
15744,2454,2026-11-01,2352,Paid
15745,2454,2026-12-01,2352,Paid
1300,2455,2025-03-04,3295,Failed
1301,2455,2025-04-01,3295,Paid
1302,2455,2025-05-01,3295,Paid
11291,2456,2026-07-18,4293,Paid
11292,2456,2026-08-03,4293,Paid
11293,2456,2026-09-01,4293,Overdue
11294,2456,2026-10-02,4293,Failed
11295,2456,2026-11-02,4293,Paid
11296,2456,2026-12-01,4293,Overdue
15324,2457,2026-10-25,3610,Paid
15325,2457,2026-11-01,3610,Paid
14529,2458,2026-10-08,3877,Paid
14530,2458,2026-11-03,3877,Paid
14531,2458,2026-12-01,3877,Paid
5226,2459,2025-12-14,2952,Paid
5227,2459,2026-01-01,2952,Paid
10287,2460,2026-06-19,3618,Failed
10288,2460,2026-07-01,3618,Paid
10289,2460,2026-08-01,3618,Paid
10290,2460,2026-09-02,3618,Paid
10291,2460,2026-10-08,3618,Paid
10292,2460,2026-10-31,3618,Paid
10293,2460,2026-11-30,3618,Paid
14517,2461,2026-10-08,2449,Overdue
14518,2461,2026-11-01,2449,Paid
14519,2461,2026-12-01,2449,Paid
10363,2462,2026-06-22,2994,Paid
10364,2462,2026-07-01,2994,Paid
10365,2462,2026-08-01,2994,Paid
10366,2462,2026-09-06,2994,Overdue
10367,2462,2026-10-01,2994,Failed
10368,2462,2026-11-01,2994,Paid
10369,2462,2026-12-01,2994,Overdue
9234,2463,2026-05-13,3438,Overdue
9235,2463,2026-06-01,3438,Overdue
9236,2463,2026-07-02,3438,Paid
9237,2463,2026-08-01,3438,Paid
9238,2463,2026-09-06,3438,Paid
9239,2463,2026-10-01,3438,Paid
9240,2463,2026-11-02,3438,Paid
9241,2463,2026-12-01,3438,Paid
9420,2464,2026-05-19,3550,Paid
9421,2464,2026-06-01,3550,Paid
9422,2464,2026-07-01,3550,Paid
9423,2464,2026-08-02,3550,Paid
9424,2464,2026-09-01,3550,Paid
9425,2464,2026-10-01,3550,Paid
9426,2464,2026-11-01,3550,Paid
3364,2465,2025-08-24,2509,Paid
3365,2465,2025-09-01,2509,Paid
3366,2465,2025-10-01,2509,Paid
3367,2465,2025-11-01,2509,Paid
3368,2465,2025-12-01,2509,Paid
3369,2465,2026-01-03,2509,Paid
3370,2465,2026-02-01,2509,Pending
12607,2466,2026-08-21,3387,Paid
12608,2466,2026-09-02,3387,Paid
12609,2466,2026-10-01,3387,Paid
12610,2466,2026-11-02,3387,Paid
13885,2467,2026-09-22,3497,Paid
13886,2467,2026-10-01,3497,Overdue
13887,2467,2026-11-04,3497,Paid
13208,2468,2026-09-05,4192,Paid
13209,2468,2026-10-02,4192,Paid
13210,2468,2026-11-02,4192,Paid
13211,2468,2026-12-01,4192,Paid
2292,2469,2025-05-30,2849,Pending
2293,2469,2025-06-01,2849,Paid
2294,2469,2025-07-01,2849,Paid
2295,2469,2025-08-01,2849,Paid
2296,2469,2025-09-02,2849,Overdue
2297,2469,2025-10-01,2849,Overdue
2298,2469,2025-11-01,2849,Paid
9138,2470,2026-05-10,3126,Paid
9139,2470,2026-06-01,3126,Paid
9140,2470,2026-06-30,3126,Pending
9141,2470,2026-08-04,3126,Pending
9142,2470,2026-09-02,3126,Paid
9143,2470,2026-10-01,3126,Paid
9144,2470,2026-11-02,3126,Paid
9145,2470,2026-12-01,3126,Paid
14664,2471,2026-10-11,2978,Paid
14665,2471,2026-11-01,2978,Paid
14666,2471,2026-12-04,2978,Overdue
15766,2472,2026-11-04,3276,Overdue
15767,2472,2026-12-01,3276,Paid
12011,2473,2026-08-06,4750,Paid
12012,2473,2026-09-02,4750,Overdue
12013,2473,2026-10-01,4750,Paid
12014,2473,2026-11-01,4750,Overdue
12015,2473,2026-12-08,4750,Paid
274,2474,2024-09-04,4162,Paid
275,2474,2024-10-01,4162,Paid
276,2474,2024-11-01,4162,Paid
277,2474,2024-12-04,4162,Pending
9907,2475,2026-06-04,2267,Paid
9908,2475,2026-07-01,2267,Paid
9909,2475,2026-08-01,2267,Paid
9910,2475,2026-09-01,2267,Paid
9911,2475,2026-10-01,2267,Paid
9912,2475,2026-11-01,2267,Paid
9913,2475,2026-12-01,2267,Paid
153,2476,2024-07-25,3615,Paid
154,2476,2024-08-01,3615,Paid
155,2476,2024-09-01,3615,Paid
156,2476,2024-10-02,3615,Overdue
157,2476,2024-11-01,3615,Paid
158,2476,2024-12-01,3615,Paid
159,2476,2024-12-31,3615,Paid
160,2476,2025-02-01,3615,Paid
161,2476,2025-03-01,3615,Paid
162,2476,2025-03-31,3615,Pending
163,2476,2025-05-01,3615,Paid
164,2476,2025-06-01,3615,Paid
165,2476,2025-07-01,3615,Paid
166,2476,2025-08-01,3615,Paid
167,2476,2025-09-01,3615,Paid
168,2476,2025-10-01,3615,Paid
169,2476,2025-11-06,3615,Paid
170,2476,2025-12-01,3615,Paid
171,2476,2026-01-01,3615,Paid
14523,2477,2026-10-08,3053,Paid
14524,2477,2026-11-01,3053,Paid
14525,2477,2026-12-01,3053,Paid
7943,2478,2026-03-31,4583,Paid
7944,2478,2026-04-02,4583,Paid
7945,2478,2026-04-30,4583,Paid
7946,2478,2026-06-02,4583,Paid
7947,2478,2026-07-03,4583,Paid
7948,2478,2026-07-30,4583,Paid
7949,2478,2026-09-01,4583,Paid
7950,2478,2026-10-01,4583,Paid
7951,2478,2026-11-02,4583,Overdue
7952,2478,2026-12-01,4583,Pending
11011,2479,2026-07-10,4852,Paid
11012,2479,2026-08-01,4852,Pending
11013,2479,2026-09-01,4852,Paid
11014,2479,2026-10-01,4852,Paid
16091,2480,2026-12-24,3063,Paid
15876,2481,2026-11-13,3381,Paid
15877,2481,2026-12-01,3381,Paid
12560,2482,2026-08-19,3202,Pending
12561,2482,2026-09-04,3202,Paid
12562,2482,2026-10-03,3202,Paid
12563,2482,2026-11-02,3202,Paid
12564,2482,2026-12-01,3202,Paid
1105,2483,2025-02-10,4496,Paid
1106,2483,2025-03-01,4496,Overdue
1107,2483,2025-04-03,4496,Paid
7205,2484,2026-03-07,3142,Paid
7206,2484,2026-04-01,3142,Paid
7207,2484,2026-05-01,3142,Overdue
7208,2484,2026-06-01,3142,Paid
7209,2484,2026-07-01,3142,Pending
7210,2484,2026-08-01,3142,Paid
7211,2484,2026-09-03,3142,Paid
7212,2484,2026-10-01,3142,Paid
7213,2484,2026-11-03,3142,Paid
7214,2484,2026-12-01,3142,Paid
12903,2485,2026-08-28,3245,Paid
12904,2485,2026-09-08,3245,Paid
12905,2485,2026-10-01,3245,Pending
12906,2485,2026-11-01,3245,Paid
12907,2485,2026-12-06,3245,Overdue
7830,2486,2026-03-25,2757,Pending
7831,2486,2026-04-08,2757,Paid
7832,2486,2026-05-03,2757,Paid
15484,2487,2026-10-27,4706,Paid
15485,2487,2026-11-04,4706,Paid
15486,2487,2026-12-01,4706,Paid
10377,2488,2026-06-22,4008,Paid
10378,2488,2026-07-01,4008,Paid
10379,2488,2026-08-04,4008,Paid
10380,2488,2026-09-01,4008,Pending
10381,2488,2026-10-01,4008,Paid
10382,2488,2026-11-01,4008,Pending
10383,2488,2026-12-04,4008,Paid
9557,2489,2026-05-23,2591,Paid
9558,2489,2026-06-01,2591,Paid
9559,2489,2026-07-01,2591,Pending
9560,2489,2026-08-02,2591,Paid
9561,2489,2026-09-01,2591,Paid
9562,2489,2026-10-01,2591,Paid
9563,2489,2026-11-01,2591,Paid
13654,2490,2026-09-17,3684,Paid
13655,2490,2026-10-01,3684,Paid
13656,2490,2026-11-01,3684,Paid
16142,2491,2026-12-30,3648,Paid
12515,2492,2026-08-18,3316,Paid
12516,2492,2026-09-01,3316,Paid
12517,2492,2026-10-01,3316,Paid
12518,2492,2026-11-01,3316,Paid
12519,2492,2026-12-01,3316,Paid
16118,2493,2026-12-27,2457,Paid
7780,2494,2026-03-24,2864,Overdue
7781,2494,2026-04-01,2864,Paid
7782,2494,2026-05-01,2864,Pending
13314,2495,2026-09-08,2813,Paid
13315,2495,2026-10-01,2813,Paid
13316,2495,2026-11-01,2813,Paid
13317,2495,2026-12-02,2813,Paid
9056,2496,2026-05-07,2544,Paid
9057,2496,2026-06-01,2544,Paid
9058,2496,2026-07-01,2544,Paid
9059,2496,2026-08-01,2544,Paid
9060,2496,2026-09-01,2544,Paid
9061,2496,2026-10-01,2544,Paid
9062,2496,2026-10-31,2544,Pending
7842,2497,2026-03-26,2773,Paid
7843,2497,2026-04-01,2773,Paid
7844,2497,2026-05-01,2773,Paid
7845,2497,2026-06-02,2773,Paid
7846,2497,2026-07-01,2773,Paid
7847,2497,2026-08-02,2773,Overdue
7848,2497,2026-08-31,2773,Paid
7849,2497,2026-09-30,2773,Paid
7850,2497,2026-11-03,2773,Paid
7851,2497,2026-12-04,2773,Paid
7453,2498,2026-03-14,3433,Paid
7454,2498,2026-04-01,3433,Paid
7455,2498,2026-05-01,3433,Paid
7456,2498,2026-06-01,3433,Paid
11391,2499,2026-07-21,4898,Overdue
11392,2499,2026-08-01,4898,Paid
11393,2499,2026-09-01,4898,Paid
11394,2499,2026-10-01,4898,Pending
15278,2500,2026-10-24,2196,Paid
15279,2500,2026-11-01,2196,Overdue
15280,2500,2026-12-01,2196,Pending
11774,2501,2026-07-31,2524,Paid
11775,2501,2026-08-01,2524,Paid
11776,2501,2026-09-01,2524,Pending
11777,2501,2026-10-01,2524,Paid
3688,2502,2025-09-20,3594,Paid
3689,2502,2025-10-01,3594,Paid
3690,2502,2025-11-04,3594,Paid
3691,2502,2025-12-01,3594,Paid
3692,2502,2026-01-01,3594,Paid
3693,2502,2026-02-01,3594,Overdue
3694,2502,2026-03-04,3594,Paid
9583,2503,2026-05-24,4213,Paid
9584,2503,2026-06-01,4213,Paid
9585,2503,2026-07-06,4213,Pending
9586,2503,2026-07-31,4213,Paid
9587,2503,2026-09-01,4213,Failed
9588,2503,2026-10-01,4213,Paid
9589,2503,2026-11-01,4213,Pending
14485,2504,2026-10-07,3059,Paid
14486,2504,2026-10-31,3059,Paid
14487,2504,2026-12-01,3059,Pending
12993,2505,2026-08-30,2722,Failed
12994,2505,2026-09-01,2722,Paid
7373,2506,2026-03-12,3363,Paid
7374,2506,2026-04-01,3363,Paid
7375,2506,2026-05-01,3363,Paid
7376,2506,2026-06-01,3363,Paid
8774,2507,2026-04-30,2529,Paid
8775,2507,2026-05-01,2529,Paid
16029,2508,2026-12-11,2256,Paid
9279,2509,2026-05-15,2653,Paid
9280,2509,2026-06-01,2653,Overdue
9281,2509,2026-07-01,2653,Pending
9282,2509,2026-08-04,2653,Paid
9283,2509,2026-09-01,2653,Paid
9284,2509,2026-09-30,2653,Pending
9285,2509,2026-11-03,2653,Paid
9286,2509,2026-12-01,2653,Paid
6877,2510,2026-02-24,4659,Paid
6878,2510,2026-03-04,4659,Paid
6879,2510,2026-04-02,4659,Paid
6880,2510,2026-05-01,4659,Paid
6881,2510,2026-06-01,4659,Paid
6882,2510,2026-07-01,4659,Paid
6883,2510,2026-08-01,4659,Paid
15880,2511,2026-11-13,4090,Paid
15881,2511,2026-12-01,4090,Paid
942,2512,2025-01-13,3643,Paid
943,2512,2025-02-02,3643,Paid
944,2512,2025-03-01,3643,Paid
945,2512,2025-03-30,3643,Paid
5134,2513,2025-12-07,2917,Paid
5135,2513,2026-01-01,2917,Paid
5136,2513,2026-02-01,2917,Overdue
5137,2513,2026-03-01,2917,Paid
5138,2513,2026-04-01,2917,Overdue
5139,2513,2026-05-01,2917,Failed
5140,2513,2026-06-04,2917,Paid
5141,2513,2026-07-04,2917,Paid
5142,2513,2026-08-03,2917,Paid
5143,2513,2026-09-01,2917,Paid
5144,2513,2026-10-02,2917,Paid
5145,2513,2026-11-01,2917,Paid
5146,2513,2026-12-01,2917,Paid
12840,2514,2026-08-27,2873,Overdue
12841,2514,2026-08-31,2873,Paid
12842,2514,2026-10-01,2873,Paid
12843,2514,2026-11-04,2873,Paid
12844,2514,2026-12-02,2873,Paid
1825,2515,2025-04-20,3628,Paid
1826,2515,2025-05-04,3628,Failed
1827,2515,2025-06-02,3628,Pending
1828,2515,2025-07-01,3628,Paid
1829,2515,2025-07-31,3628,Paid
1830,2515,2025-09-08,3628,Paid
1831,2515,2025-10-02,3628,Paid
1832,2515,2025-11-03,3628,Failed
1833,2515,2025-12-01,3628,Paid
1834,2515,2026-01-01,3628,Paid
1835,2515,2026-01-30,3628,Paid
1836,2515,2026-03-02,3628,Paid
1837,2515,2026-04-01,3628,Paid
6051,2516,2026-01-19,3510,Paid
6052,2516,2026-02-02,3510,Overdue
6053,2516,2026-03-04,3510,Paid
6054,2516,2026-04-01,3510,Paid
245,2517,2024-08-31,2640,Overdue
246,2517,2024-09-08,2640,Paid
247,2517,2024-10-01,2640,Paid
248,2517,2024-11-02,2640,Paid
249,2517,2024-12-01,2640,Overdue
250,2517,2025-01-01,2640,Paid
251,2517,2025-01-30,2640,Paid
252,2517,2025-02-28,2640,Paid
253,2517,2025-04-01,2640,Paid
254,2517,2025-05-02,2640,Paid
255,2517,2025-06-06,2640,Paid
256,2517,2025-07-01,2640,Pending
257,2517,2025-08-01,2640,Overdue
258,2517,2025-08-30,2640,Overdue
259,2517,2025-09-30,2640,Overdue
260,2517,2025-11-01,2640,Failed
261,2517,2025-11-30,2640,Paid
262,2517,2026-01-06,2640,Paid
263,2517,2026-02-01,2640,Paid
264,2517,2026-03-01,2640,Paid
265,2517,2026-04-01,2640,Overdue
266,2517,2026-04-30,2640,Paid
267,2517,2026-06-06,2640,Overdue
268,2517,2026-07-01,2640,Paid
269,2517,2026-08-01,2640,Paid
14866,2518,2026-10-16,2809,Paid
14867,2518,2026-11-01,2809,Paid
14868,2518,2026-12-01,2809,Paid
11082,2519,2026-07-12,3780,Paid
11083,2519,2026-08-01,3780,Paid
11084,2519,2026-09-01,3780,Paid
11085,2519,2026-10-01,3780,Paid
11086,2519,2026-10-31,3780,Paid
11087,2519,2026-12-06,3780,Failed
8903,2520,2026-05-04,3491,Paid
8904,2520,2026-06-01,3491,Paid
12401,2521,2026-08-15,3599,Pending
12402,2521,2026-09-02,3599,Paid
12403,2521,2026-10-01,3599,Paid
3514,2522,2025-09-06,2338,Paid
3515,2522,2025-10-08,2338,Paid
3516,2522,2025-11-03,2338,Paid
13961,2523,2026-09-24,2762,Paid
13962,2523,2026-10-01,2762,Paid
13963,2523,2026-11-01,2762,Pending
7363,2524,2026-03-12,2149,Paid
7364,2524,2026-03-30,2149,Paid
7365,2524,2026-05-01,2149,Paid
7366,2524,2026-06-03,2149,Paid
7367,2524,2026-07-01,2149,Paid
7368,2524,2026-08-01,2149,Paid
7369,2524,2026-09-03,2149,Failed
7370,2524,2026-10-01,2149,Paid
7371,2524,2026-11-01,2149,Paid
7372,2524,2026-12-01,2149,Pending
15506,2525,2026-10-28,3189,Paid
15507,2525,2026-11-01,3189,Paid
14728,2526,2026-10-13,3312,Paid
14729,2526,2026-10-30,3312,Paid
14886,2527,2026-10-16,3443,Paid
14887,2527,2026-11-01,3443,Paid
14888,2527,2026-12-01,3443,Overdue
2931,2528,2025-07-25,3418,Overdue
2932,2528,2025-07-31,3418,Paid
2933,2528,2025-09-01,3418,Paid
6414,2529,2026-02-03,2905,Paid
6415,2529,2026-03-08,2905,Paid
6416,2529,2026-04-01,2905,Paid
5740,2530,2026-01-07,3446,Paid
5741,2530,2026-02-01,3446,Paid
5742,2530,2026-03-02,3446,Paid
5743,2530,2026-04-01,3446,Paid
5744,2530,2026-05-06,3446,Paid
5745,2530,2026-06-02,3446,Paid
5746,2530,2026-07-01,3446,Paid
5747,2530,2026-08-03,3446,Paid
5748,2530,2026-09-04,3446,Paid
5749,2530,2026-09-30,3446,Overdue
5750,2530,2026-11-03,3446,Failed
5751,2530,2026-12-01,3446,Overdue
13294,2531,2026-09-07,2243,Paid
13295,2531,2026-10-01,2243,Paid
13296,2531,2026-11-03,2243,Paid
13297,2531,2026-12-01,2243,Pending
13235,2532,2026-09-05,3185,Paid
13236,2532,2026-09-29,3185,Paid
13167,2533,2026-09-04,4086,Paid
13168,2533,2026-10-01,4086,Overdue
13169,2533,2026-11-01,4086,Overdue
13170,2533,2026-12-01,4086,Paid
4889,2534,2025-11-25,3717,Pending
4890,2534,2025-12-02,3717,Paid
4891,2534,2026-01-01,3717,Paid
4892,2534,2026-02-01,3717,Paid
10115,2535,2026-06-11,4544,Paid
10116,2535,2026-07-03,4544,Paid
15920,2536,2026-11-23,2189,Paid
15921,2536,2026-12-01,2189,Paid
11198,2537,2026-07-16,2914,Paid
11199,2537,2026-08-01,2914,Paid
11200,2537,2026-08-31,2914,Paid
11201,2537,2026-09-29,2914,Paid
11202,2537,2026-11-01,2914,Paid
11203,2537,2026-12-06,2914,Paid
10765,2538,2026-07-03,3814,Pending
10766,2538,2026-08-04,3814,Paid
10767,2538,2026-09-08,3814,Paid
10768,2538,2026-10-01,3814,Paid
10769,2538,2026-11-01,3814,Paid
10770,2538,2026-12-01,3814,Paid
6424,2539,2026-02-04,4355,Paid
6425,2539,2026-03-01,4355,Paid
6426,2539,2026-04-01,4355,Paid
6427,2539,2026-04-30,4355,Paid
6428,2539,2026-06-01,4355,Paid
6429,2539,2026-07-01,4355,Paid
6430,2539,2026-08-03,4355,Paid
10453,2540,2026-06-24,3665,Paid
10454,2540,2026-07-01,3665,Paid
6255,2541,2026-01-27,3598,Paid
6256,2541,2026-02-04,3598,Paid
6257,2541,2026-03-02,3598,Paid
6258,2541,2026-04-01,3598,Overdue
6259,2541,2026-05-01,3598,Paid
6260,2541,2026-06-01,3598,Paid
6261,2541,2026-06-30,3598,Paid
6262,2541,2026-08-01,3598,Paid
6263,2541,2026-09-03,3598,Paid
6264,2541,2026-10-01,3598,Pending
6265,2541,2026-11-02,3598,Paid
6266,2541,2026-12-01,3598,Paid
2023,2542,2025-05-08,3129,Pending
2024,2542,2025-06-01,3129,Paid
2025,2542,2025-07-01,3129,Paid
2026,2542,2025-08-01,3129,Paid
2027,2542,2025-09-01,3129,Paid
2028,2542,2025-10-01,3129,Paid
2029,2542,2025-11-01,3129,Overdue
2030,2542,2025-12-01,3129,Paid
2031,2542,2026-01-01,3129,Overdue
2032,2542,2026-02-02,3129,Paid
2033,2542,2026-03-01,3129,Overdue
2034,2542,2026-04-01,3129,Paid
2035,2542,2026-04-29,3129,Pending
11517,2543,2026-07-23,2996,Paid
11518,2543,2026-08-01,2996,Paid
11519,2543,2026-09-01,2996,Paid
11520,2543,2026-10-01,2996,Paid
11521,2543,2026-11-01,2996,Overdue
11522,2543,2026-11-29,2996,Paid
14981,2544,2026-10-19,4606,Paid
14982,2544,2026-11-01,4606,Paid
2350,2545,2025-06-07,3555,Paid
2351,2545,2025-07-01,3555,Paid
2352,2545,2025-08-01,3555,Paid
2353,2545,2025-09-01,3555,Paid
2354,2545,2025-10-01,3555,Paid
2355,2545,2025-11-01,3555,Paid
2356,2545,2025-12-03,3555,Paid
2357,2545,2026-01-01,3555,Paid
2358,2545,2026-01-31,3555,Paid
2359,2545,2026-03-01,3555,Pending
2360,2545,2026-04-01,3555,Overdue
2361,2545,2026-04-30,3555,Paid
2362,2545,2026-05-31,3555,Paid
2363,2545,2026-07-01,3555,Paid
2364,2545,2026-07-31,3555,Overdue
2365,2545,2026-09-03,3555,Paid
2366,2545,2026-09-30,3555,Paid
2367,2545,2026-11-01,3555,Paid
2368,2545,2026-12-01,3555,Paid
8141,2546,2026-04-07,3545,Paid
8142,2546,2026-05-01,3545,Overdue
8143,2546,2026-05-31,3545,Overdue
8144,2546,2026-07-01,3545,Paid
8145,2546,2026-08-01,3545,Paid
8146,2546,2026-09-03,3545,Paid
8147,2546,2026-10-01,3545,Paid
8148,2546,2026-11-01,3545,Paid
8149,2546,2026-12-01,3545,Paid
8783,2547,2026-05-01,3779,Overdue
8784,2547,2026-06-01,3779,Failed
8785,2547,2026-07-01,3779,Paid
8786,2547,2026-07-31,3779,Paid
8787,2547,2026-09-02,3779,Paid
8788,2547,2026-10-02,3779,Paid
8789,2547,2026-11-06,3779,Failed
8790,2547,2026-11-30,3779,Overdue
3499,2548,2025-09-04,3684,Paid
3500,2548,2025-10-02,3684,Paid
7708,2549,2026-03-23,2521,Paid
7709,2549,2026-04-01,2521,Failed
7710,2549,2026-05-01,2521,Pending
7711,2549,2026-06-01,2521,Pending
7712,2549,2026-07-02,2521,Overdue
7713,2549,2026-08-01,2521,Overdue
7714,2549,2026-09-01,2521,Paid
7715,2549,2026-10-01,2521,Pending
7716,2549,2026-11-01,2521,Pending
7717,2549,2026-12-01,2521,Paid
10850,2550,2026-07-06,2263,Pending
10851,2550,2026-08-04,2263,Paid
10852,2550,2026-09-01,2263,Paid
10853,2550,2026-10-02,2263,Paid
10854,2550,2026-11-01,2263,Overdue
10855,2550,2026-12-01,2263,Overdue
11204,2551,2026-07-16,3061,Paid
11205,2551,2026-08-02,3061,Paid
11206,2551,2026-08-31,3061,Overdue
11207,2551,2026-10-04,3061,Paid
11208,2551,2026-11-01,3061,Paid
11209,2551,2026-12-01,3061,Paid
5558,2552,2025-12-31,3502,Paid
5559,2552,2026-01-01,3502,Paid
5560,2552,2026-02-01,3502,Failed
5561,2552,2026-03-03,3502,Paid
5562,2552,2026-03-31,3502,Pending
5563,2552,2026-05-04,3502,Pending
5564,2552,2026-06-01,3502,Failed
13646,2553,2026-09-16,2422,Overdue
13647,2553,2026-09-30,2422,Paid
13648,2553,2026-11-01,2422,Paid
13649,2553,2026-12-03,2422,Pending
4475,2554,2025-10-31,4379,Paid
4476,2554,2025-11-01,4379,Paid
4477,2554,2025-12-01,4379,Paid
4478,2554,2026-01-01,4379,Paid
13989,2555,2026-09-24,2800,Paid
13990,2555,2026-10-01,2800,Paid
13991,2555,2026-11-01,2800,Overdue
13992,2555,2026-12-03,2800,Paid
2004,2556,2025-05-07,4332,Paid
2005,2556,2025-06-04,4332,Paid
2006,2556,2025-07-01,4332,Paid
2007,2556,2025-08-01,4332,Paid
15902,2557,2026-11-17,4590,Paid
15903,2557,2026-12-01,4590,Failed
12513,2558,2026-08-18,4144,Paid
12514,2558,2026-08-31,4144,Paid
12197,2559,2026-08-11,3373,Paid
12198,2559,2026-09-01,3373,Paid
12199,2559,2026-10-03,3373,Paid
12200,2559,2026-11-02,3373,Paid
3903,2560,2025-09-29,2893,Paid
3904,2560,2025-09-30,2893,Paid
3905,2560,2025-11-03,2893,Paid
3906,2560,2025-12-02,2893,Pending
3907,2560,2026-01-04,2893,Paid
3908,2560,2026-02-04,2893,Paid
3909,2560,2026-03-01,2893,Paid
10294,2561,2026-06-19,3160,Paid
10295,2561,2026-07-02,3160,Paid
10296,2561,2026-07-30,3160,Paid
10297,2561,2026-09-01,3160,Overdue
10298,2561,2026-10-01,3160,Paid
10299,2561,2026-11-01,3160,Paid
10300,2561,2026-12-01,3160,Overdue
11430,2562,2026-07-21,3154,Paid
11431,2562,2026-08-01,3154,Failed
11432,2562,2026-09-08,3154,Paid
11433,2562,2026-10-01,3154,Paid
11434,2562,2026-11-06,3154,Paid
11435,2562,2026-12-04,3154,Paid
14823,2563,2026-10-15,2068,Paid
14824,2563,2026-11-01,2068,Paid
14825,2563,2026-12-01,2068,Paid
1482,2564,2025-03-20,3261,Paid
1483,2564,2025-04-01,3261,Paid
1484,2564,2025-05-01,3261,Overdue
1485,2564,2025-06-01,3261,Paid
1486,2564,2025-07-03,3261,Paid
1487,2564,2025-07-31,3261,Paid
1488,2564,2025-08-30,3261,Paid
1489,2564,2025-10-01,3261,Paid
1490,2564,2025-11-06,3261,Paid
1491,2564,2025-12-01,3261,Paid
1492,2564,2026-01-01,3261,Paid
1493,2564,2026-02-01,3261,Paid
1494,2564,2026-03-01,3261,Paid
1495,2564,2026-04-01,3261,Paid
1496,2564,2026-05-01,3261,Paid
1497,2564,2026-06-01,3261,Paid
1498,2564,2026-07-03,3261,Failed
1499,2564,2026-08-02,3261,Pending
1500,2564,2026-09-01,3261,Overdue
2488,2565,2025-06-19,3819,Pending
2489,2565,2025-07-03,3819,Paid
11167,2566,2026-07-15,2676,Paid
11168,2566,2026-08-03,2676,Paid
11169,2566,2026-09-03,2676,Paid
11170,2566,2026-10-03,2676,Paid
13107,2567,2026-09-02,3083,Paid
13108,2567,2026-10-02,3083,Paid
16151,2568,2026-12-30,4752,Overdue
5461,2569,2025-12-25,3483,Paid
5462,2569,2026-01-01,3483,Paid
5463,2569,2026-02-02,3483,Paid
5464,2569,2026-03-01,3483,Overdue
5465,2569,2026-04-01,3483,Paid
5466,2569,2026-05-02,3483,Paid
5467,2569,2026-06-03,3483,Paid
8809,2570,2026-05-02,2881,Paid
8810,2570,2026-06-01,2881,Paid
8811,2570,2026-07-01,2881,Paid
8812,2570,2026-08-01,2881,Paid
8813,2570,2026-09-01,2881,Paid
8814,2570,2026-09-30,2881,Paid
8815,2570,2026-11-01,2881,Paid
8816,2570,2026-12-01,2881,Paid
14351,2571,2026-10-04,4658,Paid
14352,2571,2026-10-30,4658,Paid
14353,2571,2026-12-01,4658,Pending
6826,2572,2026-02-21,2110,Paid
6827,2572,2026-03-01,2110,Paid
15276,2573,2026-10-24,3298,Paid
15277,2573,2026-11-01,3298,Paid
13257,2574,2026-09-06,3257,Paid
13258,2574,2026-10-01,3257,Paid
13259,2574,2026-10-31,3257,Paid
13260,2574,2026-12-01,3257,Paid
6768,2575,2026-02-18,2282,Paid
6769,2575,2026-02-27,2282,Paid
6770,2575,2026-03-30,2282,Paid
6771,2575,2026-05-01,2282,Paid
6772,2575,2026-06-01,2282,Paid
6773,2575,2026-06-30,2282,Paid
6774,2575,2026-08-01,2282,Paid
13342,2576,2026-09-08,3693,Paid
13343,2576,2026-10-01,3693,Paid
13344,2576,2026-11-01,3693,Paid
13017,2577,2026-08-30,2966,Paid
13018,2577,2026-09-02,2966,Overdue
13019,2577,2026-10-02,2966,Paid
13020,2577,2026-11-02,2966,Paid
13021,2577,2026-12-01,2966,Paid
11410,2578,2026-07-21,3570,Paid
11411,2578,2026-07-30,3570,Paid
11412,2578,2026-09-01,3570,Paid
11413,2578,2026-10-01,3570,Paid
11414,2578,2026-11-01,3570,Overdue
11415,2578,2026-12-01,3570,Paid
2225,2579,2025-05-25,3477,Paid
2226,2579,2025-06-01,3477,Paid
2227,2579,2025-07-01,3477,Paid
2228,2579,2025-08-01,3477,Paid
7923,2580,2026-03-30,2641,Paid
7924,2580,2026-04-01,2641,Paid
7925,2580,2026-05-01,2641,Paid
7926,2580,2026-06-02,2641,Paid
7927,2580,2026-07-01,2641,Paid
7928,2580,2026-08-01,2641,Pending
7929,2580,2026-09-01,2641,Pending
7930,2580,2026-10-01,2641,Paid
7931,2580,2026-11-01,2641,Paid
7932,2580,2026-12-01,2641,Paid
4231,2581,2025-10-21,4765,Paid
4232,2581,2025-11-01,4765,Paid
4233,2581,2025-12-01,4765,Paid
4234,2581,2026-01-01,4765,Paid
15355,2582,2026-10-25,2521,Paid
15356,2582,2026-11-01,2521,Overdue
15357,2582,2026-12-01,2521,Paid
12524,2583,2026-08-18,3100,Paid
12525,2583,2026-09-01,3100,Paid
12526,2583,2026-10-01,3100,Paid
12527,2583,2026-11-01,3100,Paid
10337,2584,2026-06-21,4102,Paid
10338,2584,2026-06-30,4102,Paid
3347,2585,2025-08-24,2130,Paid
3348,2585,2025-09-01,2130,Paid
3349,2585,2025-10-01,2130,Paid
3350,2585,2025-11-01,2130,Paid
3351,2585,2025-12-01,2130,Paid
3352,2585,2026-01-01,2130,Paid
3353,2585,2026-02-08,2130,Paid
3354,2585,2026-03-01,2130,Paid
3355,2585,2026-04-04,2130,Paid
3356,2585,2026-05-01,2130,Paid
3357,2585,2026-06-03,2130,Paid
3358,2585,2026-07-01,2130,Pending
3359,2585,2026-08-03,2130,Overdue
3360,2585,2026-09-01,2130,Paid
3361,2585,2026-10-02,2130,Paid
3362,2585,2026-11-01,2130,Paid
3363,2585,2026-12-02,2130,Paid
15968,2586,2026-12-01,3113,Paid
4596,2587,2025-11-10,3560,Paid
4597,2587,2025-12-01,3560,Paid
4598,2587,2025-12-30,3560,Paid
4599,2587,2026-02-02,3560,Paid
4600,2587,2026-03-01,3560,Overdue
4601,2587,2026-03-30,3560,Paid
4602,2587,2026-05-02,3560,Paid
4603,2587,2026-06-01,3560,Paid
4604,2587,2026-07-03,3560,Paid
4605,2587,2026-08-03,3560,Paid
4606,2587,2026-09-01,3560,Paid
4607,2587,2026-10-01,3560,Paid
4608,2587,2026-11-01,3560,Paid
10355,2588,2026-06-21,2663,Paid
10356,2588,2026-07-01,2663,Paid
10357,2588,2026-08-01,2663,Paid
10358,2588,2026-09-04,2663,Paid
16055,2589,2026-12-16,2571,Paid
15029,2590,2026-10-20,2632,Paid
15030,2590,2026-11-02,2632,Paid
15610,2591,2026-10-30,4767,Paid
15611,2591,2026-11-01,4767,Paid
15612,2591,2026-12-01,4767,Paid
6055,2592,2026-01-20,2997,Paid
6056,2592,2026-02-01,2997,Paid
6057,2592,2026-03-01,2997,Paid
6058,2592,2026-04-03,2997,Paid
6059,2592,2026-05-01,2997,Paid
6060,2592,2026-06-01,2997,Paid
6061,2592,2026-06-30,2997,Paid
11972,2593,2026-08-04,4657,Paid
11973,2593,2026-09-01,4657,Paid
11974,2593,2026-10-01,4657,Pending
11975,2593,2026-11-01,4657,Paid
3816,2594,2025-09-25,2337,Paid
3817,2594,2025-09-29,2337,Paid
3818,2594,2025-11-01,2337,Paid
3819,2594,2025-12-01,2337,Paid
3820,2594,2026-01-04,2337,Paid
3821,2594,2026-02-01,2337,Paid
3822,2594,2026-03-01,2337,Pending
12611,2595,2026-08-21,2616,Paid
12612,2595,2026-09-01,2616,Paid
12613,2595,2026-10-02,2616,Paid
12614,2595,2026-11-01,2616,Paid
12615,2595,2026-12-01,2616,Paid
9865,2596,2026-06-03,2973,Paid
9866,2596,2026-07-01,2973,Paid
9867,2596,2026-07-30,2973,Paid
9868,2596,2026-09-02,2973,Paid
9869,2596,2026-10-02,2973,Paid
9870,2596,2026-11-02,2973,Paid
9871,2596,2026-12-01,2973,Failed
13224,2597,2026-09-05,2558,Paid
13225,2597,2026-10-01,2558,Paid
13226,2597,2026-11-01,2558,Paid
13227,2597,2026-12-01,2558,Paid
15134,2598,2026-10-21,3088,Paid
15135,2598,2026-11-01,3088,Paid
15136,2598,2026-12-03,3088,Paid
1979,2599,2025-05-03,2998,Paid
1980,2599,2025-06-01,2998,Paid
1981,2599,2025-07-01,2998,Paid
1982,2599,2025-08-01,2998,Overdue
10983,2600,2026-07-09,3741,Paid
10984,2600,2026-08-01,3741,Paid
10985,2600,2026-09-01,3741,Paid
10986,2600,2026-10-01,3741,Paid
3613,2601,2025-09-15,3766,Paid
3614,2601,2025-10-01,3766,Paid
3615,2601,2025-11-04,3766,Paid
184,2602,2024-08-14,4066,Paid
185,2602,2024-09-01,4066,Paid
186,2602,2024-09-30,4066,Pending
13146,2603,2026-09-03,4652,Paid
13147,2603,2026-10-01,4652,Paid
12893,2604,2026-08-28,3403,Paid
12894,2604,2026-09-04,3403,Paid
12895,2604,2026-10-03,3403,Overdue
12896,2604,2026-11-01,3403,Paid
12897,2604,2026-12-01,3403,Paid
424,2605,2024-10-11,2382,Paid
425,2605,2024-11-01,2382,Paid
426,2605,2024-12-01,2382,Paid
12742,2606,2026-08-24,2384,Paid
12743,2606,2026-09-03,2384,Paid
12744,2606,2026-09-29,2384,Paid
15980,2607,2026-12-03,3126,Paid
13357,2608,2026-09-08,4660,Paid
13358,2608,2026-10-01,4660,Paid
13359,2608,2026-11-01,4660,Paid
10771,2609,2026-07-04,3325,Paid
10772,2609,2026-08-01,3325,Paid
10773,2609,2026-09-01,3325,Paid
8817,2610,2026-05-02,3492,Failed
8818,2610,2026-06-02,3492,Paid
7728,2611,2026-03-23,4572,Paid
7729,2611,2026-03-31,4572,Pending
7730,2611,2026-05-02,4572,Paid
7731,2611,2026-06-02,4572,Paid
7732,2611,2026-07-01,4572,Paid
7733,2611,2026-08-02,4572,Paid
7734,2611,2026-09-02,4572,Paid
7735,2611,2026-10-01,4572,Paid
7736,2611,2026-11-01,4572,Paid
7737,2611,2026-12-01,4572,Paid
14155,2612,2026-09-28,4290,Paid
14156,2612,2026-10-01,4290,Failed
4235,2613,2025-10-22,3986,Paid
4236,2613,2025-10-31,3986,Paid
4237,2613,2025-11-29,3986,Paid
4238,2613,2026-01-01,3986,Failed
12233,2614,2026-08-12,2128,Paid
12234,2614,2026-09-01,2128,Paid
12235,2614,2026-10-04,2128,Paid
12236,2614,2026-11-01,2128,Paid
2991,2615,2025-08-02,2528,Paid
2992,2615,2025-09-01,2528,Paid
2993,2615,2025-10-04,2528,Paid
2994,2615,2025-11-03,2528,Paid
2995,2615,2025-12-01,2528,Paid
2996,2615,2026-01-01,2528,Paid
2997,2615,2026-02-01,2528,Failed
1258,2616,2025-03-01,4566,Paid
1259,2616,2025-04-01,4566,Paid
1260,2616,2025-05-01,4566,Paid
1261,2616,2025-06-01,4566,Paid
1262,2616,2025-07-01,4566,Paid
1263,2616,2025-07-31,4566,Paid
1264,2616,2025-09-01,4566,Overdue
11336,2617,2026-07-19,3642,Overdue
11337,2617,2026-07-31,3642,Paid
11338,2617,2026-09-02,3642,Paid
11339,2617,2026-10-01,3642,Paid
11340,2617,2026-11-02,3642,Paid
11341,2617,2026-12-03,3642,Paid
129,2618,2024-07-06,4191,Paid
130,2618,2024-08-01,4191,Paid
8208,2619,2026-04-10,2432,Paid
8209,2619,2026-05-03,2432,Overdue
8210,2619,2026-06-01,2432,Paid
14648,2620,2026-10-10,3708,Paid
14649,2620,2026-11-02,3708,Overdue
14650,2620,2026-12-01,3708,Paid
11913,2621,2026-08-02,2645,Paid
11914,2621,2026-09-04,2645,Paid
13466,2622,2026-09-12,3188,Overdue
13467,2622,2026-10-01,3188,Pending
13468,2622,2026-11-06,3188,Paid
13394,2623,2026-09-09,2533,Paid
13395,2623,2026-10-01,2533,Pending
13396,2623,2026-11-01,2533,Paid
14209,2624,2026-09-29,4464,Paid
14210,2624,2026-10-01,4464,Overdue
14211,2624,2026-11-01,4464,Paid
14212,2624,2026-12-03,4464,Paid
285,2625,2024-09-07,2815,Paid
286,2625,2024-10-01,2815,Overdue
287,2625,2024-11-03,2815,Pending
288,2625,2024-12-01,2815,Paid
289,2625,2025-01-01,2815,Paid
290,2625,2025-02-03,2815,Paid
291,2625,2025-03-08,2815,Failed
5233,2626,2025-12-16,4159,Paid
5234,2626,2026-01-01,4159,Paid
5235,2626,2026-02-02,4159,Paid
5236,2626,2026-03-01,4159,Paid
14869,2627,2026-10-16,2664,Paid
14870,2627,2026-11-02,2664,Paid
14871,2627,2026-12-01,2664,Paid
5584,2628,2026-01-01,3226,Pending
5585,2628,2026-02-01,3226,Paid
5586,2628,2026-03-01,3226,Paid
5587,2628,2026-04-04,3226,Paid
2695,2629,2025-06-30,3432,Paid
2696,2629,2025-07-01,3432,Paid
2697,2629,2025-08-01,3432,Paid
14897,2630,2026-10-17,2856,Paid
14898,2630,2026-11-01,2856,Paid
14899,2630,2026-12-03,2856,Pending
13761,2631,2026-09-20,3741,Paid
13762,2631,2026-10-01,3741,Paid
4569,2632,2025-11-08,4179,Paid
4570,2632,2025-12-03,4179,Paid
16034,2633,2026-12-12,3492,Paid
15756,2634,2026-11-03,3528,Paid
15757,2634,2026-12-01,3528,Paid
2481,2635,2025-06-19,4256,Pending
2482,2635,2025-07-01,4256,Overdue
2483,2635,2025-08-01,4256,Paid
2484,2635,2025-08-31,4256,Paid
2485,2635,2025-10-01,4256,Paid
2486,2635,2025-11-01,4256,Paid
2487,2635,2025-12-03,4256,Paid
3,2636,2024-03-02,3404,Paid
4,2636,2024-04-01,3404,Paid
11895,2637,2026-08-02,3770,Failed
11896,2637,2026-09-08,3770,Paid
11897,2637,2026-10-01,3770,Paid
11898,2637,2026-11-01,3770,Failed
11899,2637,2026-12-01,3770,Paid
10876,2638,2026-07-07,4054,Paid
10877,2638,2026-08-02,4054,Paid
10878,2638,2026-09-01,4054,Paid
10879,2638,2026-10-01,4054,Paid
10880,2638,2026-11-01,4054,Pending
10881,2638,2026-12-02,4054,Pending
8695,2639,2026-04-28,2492,Pending
8696,2639,2026-05-01,2492,Paid
8697,2639,2026-06-01,2492,Paid
8698,2639,2026-07-02,2492,Paid
8699,2639,2026-08-01,2492,Paid
8700,2639,2026-09-03,2492,Paid
8701,2639,2026-10-03,2492,Paid
12416,2640,2026-08-15,3148,Paid
12417,2640,2026-09-03,3148,Paid
12418,2640,2026-10-02,3148,Paid
12419,2640,2026-11-01,3148,Overdue
12420,2640,2026-12-01,3148,Paid
11303,2641,2026-07-18,3491,Paid
11304,2641,2026-08-06,3491,Paid
11305,2641,2026-08-31,3491,Pending
11306,2641,2026-10-02,3491,Paid
13084,2642,2026-09-01,4830,Paid
13085,2642,2026-10-01,4830,Paid
13086,2642,2026-11-08,4830,Paid
6123,2643,2026-01-22,2627,Pending
6124,2643,2026-02-01,2627,Paid
6125,2643,2026-03-01,2627,Paid
6126,2643,2026-04-01,2627,Pending
6127,2643,2026-05-01,2627,Paid
6128,2643,2026-06-01,2627,Paid
6129,2643,2026-07-03,2627,Paid
12476,2644,2026-08-17,3824,Paid
12477,2644,2026-09-01,3824,Overdue
12478,2644,2026-10-01,3824,Overdue
12479,2644,2026-11-02,3824,Paid
12480,2644,2026-12-01,3824,Paid
16093,2645,2026-12-24,3042,Paid
2218,2646,2025-05-24,3506,Overdue
2219,2646,2025-06-02,3506,Paid
2220,2646,2025-07-01,3506,Overdue
2221,2646,2025-08-01,3506,Paid
2222,2646,2025-09-01,3506,Paid
2223,2646,2025-10-01,3506,Paid
2224,2646,2025-11-01,3506,Paid
11216,2647,2026-07-17,3453,Paid
11217,2647,2026-08-01,3453,Paid
11218,2647,2026-09-01,3453,Paid
11219,2647,2026-10-01,3453,Paid
11220,2647,2026-10-30,3453,Paid
11221,2647,2026-12-04,3453,Paid
15185,2648,2026-10-23,2814,Paid
15186,2648,2026-11-03,2814,Paid
15187,2648,2026-12-01,2814,Paid
12580,2649,2026-08-20,3054,Paid
12581,2649,2026-09-01,3054,Paid
12582,2649,2026-10-01,3054,Pending
12583,2649,2026-10-31,3054,Paid
12584,2649,2026-12-01,3054,Failed
7134,2650,2026-03-05,2372,Paid
7135,2650,2026-04-01,2372,Paid
7136,2650,2026-04-29,2372,Paid
7137,2650,2026-06-01,2372,Pending
7138,2650,2026-07-01,2372,Overdue
7139,2650,2026-08-01,2372,Pending
7140,2650,2026-09-01,2372,Pending
7141,2650,2026-10-01,2372,Paid
7142,2650,2026-11-01,2372,Overdue
7143,2650,2026-11-30,2372,Paid
14016,2651,2026-09-25,2509,Paid
14017,2651,2026-10-01,2509,Paid
14018,2651,2026-11-01,2509,Paid
14019,2651,2026-12-06,2509,Paid
16027,2652,2026-12-10,3061,Paid
9190,2653,2026-05-11,2121,Paid
9191,2653,2026-06-01,2121,Paid
9192,2653,2026-07-01,2121,Paid
90,2654,2024-06-08,2986,Paid
91,2654,2024-07-01,2986,Pending
92,2654,2024-08-01,2986,Paid
93,2654,2024-08-31,2986,Paid
9613,2655,2026-05-26,4012,Paid
9614,2655,2026-06-01,4012,Paid
9615,2655,2026-07-02,4012,Paid
9616,2655,2026-08-03,4012,Paid
9617,2655,2026-09-01,4012,Paid
9618,2655,2026-10-02,4012,Paid
9619,2655,2026-11-06,4012,Paid
9620,2655,2026-11-29,4012,Pending
15820,2656,2026-11-07,3289,Paid
15821,2656,2026-12-01,3289,Paid
10830,2657,2026-07-05,2940,Paid
10831,2657,2026-08-01,2940,Paid
10832,2657,2026-09-08,2940,Paid
10833,2657,2026-10-01,2940,Pending
10834,2657,2026-11-01,2940,Paid
10835,2657,2026-12-01,2940,Paid
2245,2658,2025-05-27,3561,Paid
2246,2658,2025-06-03,3561,Failed
12687,2659,2026-08-23,2701,Paid
12688,2659,2026-09-01,2701,Paid
12689,2659,2026-10-04,2701,Paid
15752,2660,2026-11-02,3090,Overdue
15753,2660,2026-12-01,3090,Paid
1880,2661,2025-04-27,2066,Paid
1881,2661,2025-05-01,2066,Pending
12590,2662,2026-08-20,2016,Paid
12591,2662,2026-09-01,2016,Paid
12592,2662,2026-10-01,2016,Paid
12593,2662,2026-11-01,2016,Paid
3419,2663,2025-08-29,4906,Paid
3420,2663,2025-09-01,4906,Paid
3421,2663,2025-10-01,4906,Paid
15140,2664,2026-10-22,3567,Overdue
15141,2664,2026-11-04,3567,Overdue
15142,2664,2026-12-03,3567,Paid
1001,2665,2025-01-26,2903,Paid
1002,2665,2025-02-03,2903,Paid
1003,2665,2025-03-02,2903,Paid
1004,2665,2025-04-01,2903,Paid
1005,2665,2025-05-08,2903,Overdue
1006,2665,2025-05-31,2903,Paid
1007,2665,2025-07-01,2903,Paid
15890,2666,2026-11-14,3220,Overdue
15891,2666,2026-12-01,3220,Paid
12004,2667,2026-08-06,3257,Paid
12005,2667,2026-09-01,3257,Overdue
12006,2667,2026-10-01,3257,Paid
12007,2667,2026-11-08,3257,Paid
12008,2667,2026-12-01,3257,Paid
2424,2668,2025-06-12,3407,Paid
2425,2668,2025-06-29,3407,Paid
11935,2669,2026-08-03,2988,Failed
11936,2669,2026-09-02,2988,Failed
11937,2669,2026-10-01,2988,Paid
11938,2669,2026-11-01,2988,Paid
11939,2669,2026-12-01,2988,Pending
7933,2670,2026-03-30,2472,Pending
7934,2670,2026-04-01,2472,Paid
7935,2670,2026-05-01,2472,Failed
7936,2670,2026-06-03,2472,Paid
2760,2671,2025-07-12,2614,Paid
2761,2671,2025-08-03,2614,Paid
2762,2671,2025-09-01,2614,Paid
2763,2671,2025-09-29,2614,Overdue
2764,2671,2025-11-01,2614,Paid
2765,2671,2025-11-30,2614,Paid
2766,2671,2026-01-04,2614,Paid
15560,2672,2026-10-29,2099,Paid
15561,2672,2026-11-01,2099,Pending
15562,2672,2026-12-01,2099,Paid
14708,2673,2026-10-12,3637,Paid
14709,2673,2026-11-01,3637,Paid
14710,2673,2026-12-04,3637,Paid
13957,2674,2026-09-24,2648,Paid
13958,2674,2026-10-02,2648,Paid
13959,2674,2026-11-03,2648,Paid
13960,2674,2026-12-01,2648,Paid
7823,2675,2026-03-25,2638,Paid
7824,2675,2026-04-02,2638,Paid
7825,2675,2026-05-06,2638,Paid
7826,2675,2026-06-01,2638,Paid
7827,2675,2026-07-08,2638,Paid
7828,2675,2026-08-01,2638,Overdue
7829,2675,2026-09-01,2638,Paid
9439,2676,2026-05-20,4327,Paid
9440,2676,2026-06-01,4327,Paid
9441,2676,2026-07-01,4327,Paid
9442,2676,2026-08-01,4327,Paid
4609,2677,2025-11-10,2323,Paid
4610,2677,2025-12-01,2323,Paid
4611,2677,2026-01-04,2323,Paid
13725,2678,2026-09-19,4045,Paid
13726,2678,2026-10-06,4045,Paid
13727,2678,2026-11-06,4045,Paid
13728,2678,2026-12-04,4045,Paid
7332,2679,2026-03-11,2293,Paid
7333,2679,2026-04-01,2293,Paid
7334,2679,2026-05-01,2293,Paid
7335,2679,2026-06-01,2293,Paid
7336,2679,2026-07-01,2293,Overdue
7337,2679,2026-08-03,2293,Paid
7338,2679,2026-08-30,2293,Overdue
7339,2679,2026-10-01,2293,Paid
7340,2679,2026-11-02,2293,Paid
7341,2679,2026-12-01,2293,Overdue
11713,2680,2026-07-30,4467,Paid
11714,2680,2026-08-04,4467,Paid
11715,2680,2026-09-03,4467,Paid
13836,2681,2026-09-21,2573,Paid
13837,2681,2026-10-01,2573,Paid
13838,2681,2026-11-01,2573,Overdue
13839,2681,2026-12-01,2573,Pending
15235,2682,2026-10-24,2783,Paid
15236,2682,2026-11-01,2783,Paid
15237,2682,2026-12-01,2783,Paid
16122,2683,2026-12-27,2015,Pending
15914,2684,2026-11-21,3292,Paid
15915,2684,2026-12-02,3292,Pending
1956,2685,2025-05-02,2815,Overdue
1957,2685,2025-05-31,2815,Paid
1958,2685,2025-07-01,2815,Paid
1959,2685,2025-08-04,2815,Paid
13053,2686,2026-08-31,3224,Paid
13054,2686,2026-09-01,3224,Paid
13055,2686,2026-10-01,3224,Paid
13056,2686,2026-11-01,3224,Paid
13057,2686,2026-12-01,3224,Paid
2973,2687,2025-08-01,4350,Paid
2974,2687,2025-09-01,4350,Paid
2975,2687,2025-10-03,4350,Paid
2976,2687,2025-11-01,4350,Paid
14396,2688,2026-10-05,2823,Paid
14397,2688,2026-10-30,2823,Overdue
14398,2688,2026-12-01,2823,Paid
1985,2689,2025-05-04,3017,Pending
1986,2689,2025-06-01,3017,Paid
1987,2689,2025-07-01,3017,Paid
1988,2689,2025-07-31,3017,Overdue
1989,2689,2025-09-01,3017,Overdue
1990,2689,2025-10-01,3017,Paid
1991,2689,2025-11-01,3017,Paid
13585,2690,2026-09-14,2428,Paid
13586,2690,2026-10-01,2428,Paid
13587,2690,2026-11-01,2428,Paid
13588,2690,2026-12-02,2428,Paid
14512,2691,2026-10-07,4010,Paid
14513,2691,2026-11-01,4010,Paid
14514,2691,2026-12-01,4010,Paid
10283,2692,2026-06-19,2422,Paid
10284,2692,2026-07-02,2422,Paid
10285,2692,2026-08-01,2422,Paid
10286,2692,2026-09-01,2422,Paid
15948,2693,2026-11-27,2884,Paid
15949,2693,2026-12-01,2884,Paid
10028,2694,2026-06-09,2531,Paid
10029,2694,2026-07-01,2531,Paid
10030,2694,2026-08-01,2531,Paid
10031,2694,2026-09-01,2531,Paid
10032,2694,2026-09-30,2531,Pending
10033,2694,2026-11-01,2531,Paid
10034,2694,2026-12-01,2531,Paid
9919,2695,2026-06-04,3258,Paid
9920,2695,2026-07-01,3258,Paid
9921,2695,2026-08-03,3258,Paid
9922,2695,2026-09-01,3258,Paid
9923,2695,2026-10-02,3258,Paid
9924,2695,2026-11-01,3258,Paid
9925,2695,2026-12-01,3258,Overdue
11046,2696,2026-07-11,3324,Paid
11047,2696,2026-08-01,3324,Paid
11048,2696,2026-09-01,3324,Paid
11049,2696,2026-10-01,3324,Paid
11050,2696,2026-11-02,3324,Paid
11051,2696,2026-12-08,3324,Paid
11649,2697,2026-07-28,4418,Paid
11650,2697,2026-08-01,4418,Paid
3226,2698,2025-08-14,2364,Paid
3227,2698,2025-09-01,2364,Paid
3228,2698,2025-10-01,2364,Paid
3229,2698,2025-11-02,2364,Paid
3230,2698,2025-12-01,2364,Paid
3231,2698,2026-01-01,2364,Pending
3232,2698,2026-02-01,2364,Paid
3233,2698,2026-03-06,2364,Paid
3234,2698,2026-03-31,2364,Paid
3235,2698,2026-05-01,2364,Paid
3236,2698,2026-06-02,2364,Failed
3237,2698,2026-07-01,2364,Paid
3238,2698,2026-08-02,2364,Paid
3239,2698,2026-09-01,2364,Paid
3240,2698,2026-10-01,2364,Paid
3241,2698,2026-11-03,2364,Pending
3242,2698,2026-12-01,2364,Paid
5487,2699,2025-12-26,4332,Paid
5488,2699,2026-01-04,4332,Paid
5489,2699,2026-02-01,4332,Paid
5490,2699,2026-03-01,4332,Paid
5491,2699,2026-04-01,4332,Paid
5492,2699,2026-05-01,4332,Paid
5493,2699,2026-06-01,4332,Paid
5494,2699,2026-07-02,4332,Paid
5495,2699,2026-08-01,4332,Paid
5496,2699,2026-09-01,4332,Paid
5497,2699,2026-10-01,4332,Paid
5498,2699,2026-11-01,4332,Paid
5499,2699,2026-12-03,4332,Pending
5857,2700,2026-01-11,3114,Paid
5858,2700,2026-02-03,3114,Overdue
5859,2700,2026-02-28,3114,Paid
5860,2700,2026-04-01,3114,Paid
5861,2700,2026-05-02,3114,Paid
5862,2700,2026-06-01,3114,Paid
5863,2700,2026-07-01,3114,Paid
5864,2700,2026-08-01,3114,Overdue
5865,2700,2026-09-01,3114,Paid
5866,2700,2026-10-01,3114,Paid
5867,2700,2026-11-06,3114,Paid
5868,2700,2026-12-02,3114,Paid
4373,2701,2025-10-28,3800,Paid
4374,2701,2025-11-01,3800,Paid
4375,2701,2025-12-01,3800,Paid
4376,2701,2026-01-01,3800,Paid
4377,2701,2026-02-01,3800,Paid
4378,2701,2026-03-01,3800,Overdue
4379,2701,2026-04-03,3800,Paid
15093,2702,2026-10-20,2800,Paid
15094,2702,2026-11-08,2800,Paid
15095,2702,2026-12-01,2800,Paid
15886,2703,2026-11-13,3777,Paid
15887,2703,2026-12-01,3777,Paid
15936,2704,2026-11-26,3565,Paid
15937,2704,2026-12-03,3565,Paid
5400,2705,2025-12-23,2515,Paid
5401,2705,2026-01-01,2515,Paid
5402,2705,2026-02-03,2515,Paid
5403,2705,2026-03-01,2515,Paid
5404,2705,2026-04-02,2515,Pending
5405,2705,2026-05-01,2515,Overdue
5406,2705,2026-06-01,2515,Paid
5407,2705,2026-06-29,2515,Paid
5408,2705,2026-08-01,2515,Paid
5409,2705,2026-09-01,2515,Paid
5410,2705,2026-09-29,2515,Overdue
5411,2705,2026-10-30,2515,Paid
5412,2705,2026-12-01,2515,Overdue
439,2706,2024-10-19,2438,Paid
440,2706,2024-11-04,2438,Overdue
441,2706,2024-12-01,2438,Paid
16042,2707,2026-12-13,2927,Overdue
4493,2708,2025-11-01,2728,Paid
4494,2708,2025-12-02,2728,Pending
4495,2708,2026-01-01,2728,Paid
4496,2708,2026-02-01,2728,Overdue
4497,2708,2026-03-02,2728,Paid
4498,2708,2026-03-31,2728,Paid
4499,2708,2026-05-01,2728,Pending
4500,2708,2026-05-31,2728,Pending
4501,2708,2026-07-01,2728,Paid
4502,2708,2026-08-01,2728,Paid
4503,2708,2026-09-01,2728,Paid
4504,2708,2026-10-01,2728,Paid
4505,2708,2026-11-01,2728,Paid
9858,2709,2026-06-03,2895,Paid
9859,2709,2026-07-01,2895,Paid
9860,2709,2026-07-31,2895,Paid
9861,2709,2026-09-01,2895,Paid
9862,2709,2026-10-01,2895,Paid
9863,2709,2026-11-02,2895,Overdue
9864,2709,2026-12-01,2895,Paid
1950,2710,2025-04-29,2885,Pending
1949,2710,2025-04-30,2885,Paid
6376,2711,2026-02-01,3750,Paid
6377,2711,2026-03-01,3750,Paid
6378,2711,2026-04-08,3750,Failed
6379,2711,2026-05-01,3750,Paid
6380,2711,2026-05-31,3750,Paid
6381,2711,2026-07-01,3750,Overdue
6382,2711,2026-08-04,3750,Paid
6383,2711,2026-09-01,3750,Paid
6384,2711,2026-10-01,3750,Paid
6385,2711,2026-11-01,3750,Paid
6386,2711,2026-12-01,3750,Overdue
11952,2712,2026-08-03,3574,Overdue
11953,2712,2026-09-01,3574,Failed
11954,2712,2026-10-01,3574,Paid
11955,2712,2026-11-01,3574,Paid
11956,2712,2026-12-01,3574,Paid
8058,2713,2026-04-05,2947,Paid
8059,2713,2026-05-01,2947,Paid
8060,2713,2026-06-01,2947,Paid
8061,2713,2026-07-03,2947,Paid
8062,2713,2026-07-31,2947,Overdue
8063,2713,2026-09-04,2947,Paid
8064,2713,2026-10-01,2947,Paid
15786,2714,2026-11-06,2592,Paid
15787,2714,2026-12-01,2592,Paid
14835,2715,2026-10-15,2320,Paid
14836,2715,2026-11-03,2320,Overdue
14837,2715,2026-12-01,2320,Paid
12501,2716,2026-08-18,4533,Paid
12502,2716,2026-09-02,4533,Paid
12503,2716,2026-10-01,4533,Paid
9779,2717,2026-06-01,3413,Paid
9780,2717,2026-07-01,3413,Paid
9781,2717,2026-08-01,3413,Pending
427,2718,2024-10-13,2916,Overdue
428,2718,2024-11-01,2916,Paid
429,2718,2024-12-01,2916,Overdue
430,2718,2025-01-01,2916,Paid
9698,2719,2026-05-30,3294,Paid
9699,2719,2026-06-01,3294,Paid
9700,2719,2026-07-08,3294,Paid
9701,2719,2026-08-01,3294,Paid
9702,2719,2026-09-01,3294,Overdue
9703,2719,2026-10-01,3294,Paid
9704,2719,2026-11-01,3294,Paid
1798,2720,2025-04-18,3458,Paid
1799,2720,2025-05-01,3458,Paid
1800,2720,2025-06-01,3458,Paid
1801,2720,2025-07-01,3458,Paid
1802,2720,2025-08-01,3458,Paid
1803,2720,2025-09-01,3458,Overdue
1804,2720,2025-10-01,3458,Paid
1805,2720,2025-10-31,3458,Paid
1806,2720,2025-12-01,3458,Pending
1807,2720,2026-01-01,3458,Paid
1808,2720,2026-02-01,3458,Paid
1809,2720,2026-03-01,3458,Overdue
1810,2720,2026-04-01,3458,Paid
16045,2721,2026-12-13,4630,Paid
8869,2722,2026-05-04,4913,Paid
8870,2722,2026-06-01,4913,Paid
8871,2722,2026-06-29,4913,Overdue
8872,2722,2026-08-01,4913,Failed
8873,2722,2026-08-31,4913,Paid
8874,2722,2026-10-01,4913,Pending
8875,2722,2026-11-01,4913,Paid
4411,2723,2025-10-30,2370,Paid
4412,2723,2025-11-04,2370,Paid
4413,2723,2025-12-01,2370,Pending
4414,2723,2026-01-01,2370,Paid
4415,2723,2026-02-01,2370,Paid
4416,2723,2026-03-01,2370,Paid
4417,2723,2026-04-01,2370,Paid
4418,2723,2026-04-30,2370,Paid
4419,2723,2026-06-01,2370,Overdue
4420,2723,2026-07-01,2370,Paid
4421,2723,2026-08-01,2370,Paid
4422,2723,2026-08-31,2370,Paid
4423,2723,2026-10-01,2370,Paid
16024,2724,2026-12-09,2963,Paid
7910,2725,2026-03-29,3268,Paid
7911,2725,2026-04-03,3268,Paid
15208,2726,2026-10-23,2586,Paid
15209,2726,2026-11-01,2586,Paid
15210,2726,2026-12-06,2586,Paid
12323,2727,2026-08-13,2726,Paid
12324,2727,2026-09-01,2726,Paid
13591,2728,2026-09-15,2367,Paid
13592,2728,2026-09-29,2367,Paid
13593,2728,2026-11-02,2367,Paid
5818,2729,2026-01-09,2350,Paid
5819,2729,2026-01-30,2350,Paid
5820,2729,2026-03-02,2350,Paid
5821,2729,2026-04-01,2350,Overdue
5822,2729,2026-05-01,2350,Overdue
5823,2729,2026-06-01,2350,Paid
5824,2729,2026-07-01,2350,Paid
11546,2730,2026-07-25,3666,Paid
11547,2730,2026-08-01,3666,Paid
11548,2730,2026-09-01,3666,Paid
11549,2730,2026-10-01,3666,Failed
2114,2731,2025-05-21,3487,Paid
2115,2731,2025-06-01,3487,Paid
2116,2731,2025-07-01,3487,Overdue
2117,2731,2025-08-01,3487,Paid
2118,2731,2025-09-01,3487,Paid
2119,2731,2025-10-01,3487,Paid
2120,2731,2025-11-01,3487,Paid
2121,2731,2025-12-01,3487,Paid
2122,2731,2026-01-03,3487,Paid
2123,2731,2026-02-01,3487,Paid
2124,2731,2026-02-27,3487,Paid
2125,2731,2026-04-01,3487,Paid
2126,2731,2026-05-01,3487,Paid
12837,2732,2026-08-27,3490,Paid
12838,2732,2026-08-31,3490,Paid
12839,2732,2026-10-02,3490,Paid
8473,2733,2026-04-18,2559,Paid
8474,2733,2026-05-01,2559,Pending
5785,2734,2026-01-09,4715,Paid
5786,2734,2026-02-06,4715,Paid
5787,2734,2026-03-01,4715,Paid
2047,2735,2025-05-10,3725,Paid
2048,2735,2025-06-06,3725,Paid
2049,2735,2025-07-01,3725,Paid
2050,2735,2025-07-31,3725,Paid
2051,2735,2025-09-01,3725,Paid
2052,2735,2025-10-01,3725,Paid
2053,2735,2025-11-01,3725,Paid
6528,2736,2026-02-07,2457,Paid
6529,2736,2026-03-01,2457,Paid
6530,2736,2026-04-01,2457,Paid
6531,2736,2026-05-01,2457,Paid
8240,2737,2026-04-12,3598,Paid
8241,2737,2026-05-04,3598,Paid
8242,2737,2026-06-03,3598,Paid
8243,2737,2026-07-01,3598,Paid
8244,2737,2026-08-03,3598,Paid
8245,2737,2026-09-01,3598,Paid
8246,2737,2026-10-03,3598,Overdue
12059,2738,2026-08-07,3440,Paid
12060,2738,2026-09-01,3440,Overdue
12061,2738,2026-10-01,3440,Paid
12062,2738,2026-11-01,3440,Overdue
12063,2738,2026-12-01,3440,Paid
6743,2739,2026-02-17,2501,Paid
6744,2739,2026-03-01,2501,Paid
6745,2739,2026-04-01,2501,Pending
6746,2739,2026-05-03,2501,Paid
6747,2739,2026-05-31,2501,Paid
6748,2739,2026-07-01,2501,Paid
6749,2739,2026-07-31,2501,Paid
6750,2739,2026-09-02,2501,Paid
6751,2739,2026-10-01,2501,Paid
6752,2739,2026-11-01,2501,Paid
6753,2739,2026-12-08,2501,Paid
8655,2740,2026-04-27,3133,Paid
8656,2740,2026-05-01,3133,Paid
8657,2740,2026-06-01,3133,Paid
6267,2741,2026-01-28,3619,Paid
6268,2741,2026-02-01,3619,Pending
6269,2741,2026-03-04,3619,Paid
6270,2741,2026-04-01,3619,Paid
890,2742,2025-01-08,3245,Paid
891,2742,2025-02-01,3245,Paid
892,2742,2025-03-01,3245,Overdue
893,2742,2025-04-01,3245,Paid
894,2742,2025-05-01,3245,Paid
895,2742,2025-06-01,3245,Paid
896,2742,2025-07-04,3245,Paid
12454,2743,2026-08-16,2489,Pending
12455,2743,2026-09-01,2489,Paid
12456,2743,2026-10-01,2489,Paid
12457,2743,2026-11-04,2489,Pending
12458,2743,2026-12-02,2489,Failed
15627,2744,2026-10-30,2878,Paid
15628,2744,2026-11-02,2878,Paid
15629,2744,2026-12-01,2878,Paid
15975,2745,2026-12-02,4741,Paid
3742,2746,2025-09-23,2526,Paid
3743,2746,2025-09-30,2526,Paid
3744,2746,2025-11-02,2526,Paid
3745,2746,2025-12-01,2526,Pending
3746,2746,2025-12-30,2526,Paid
3747,2746,2026-02-01,2526,Paid
3748,2746,2026-02-27,2526,Paid
13072,2747,2026-09-01,3472,Failed
13073,2747,2026-10-01,3472,Paid
13074,2747,2026-11-01,3472,Paid
13075,2747,2026-12-01,3472,Paid
11187,2748,2026-07-16,3085,Paid
11188,2748,2026-08-01,3085,Paid
2622,2749,2025-06-25,2952,Paid
2623,2749,2025-07-01,2952,Paid
12153,2750,2026-08-10,4675,Paid
12154,2750,2026-09-04,4675,Paid
12155,2750,2026-10-02,4675,Paid
12156,2750,2026-11-01,4675,Paid
15922,2751,2026-11-23,3846,Paid
15923,2751,2026-12-01,3846,Paid
16037,2752,2026-12-12,3315,Paid
11373,2753,2026-07-20,3913,Overdue
11374,2753,2026-08-02,3913,Paid
11375,2753,2026-09-01,3913,Paid
11376,2753,2026-10-01,3913,Paid
11377,2753,2026-10-31,3913,Overdue
11378,2753,2026-12-04,3913,Paid
9246,2754,2026-05-14,4750,Paid
9247,2754,2026-06-01,4750,Paid
9248,2754,2026-07-03,4750,Paid
292,2755,2024-09-09,3930,Paid
293,2755,2024-10-02,3930,Overdue
294,2755,2024-11-03,3930,Paid
295,2755,2024-12-01,3930,Paid
296,2755,2025-01-06,3930,Paid
297,2755,2025-02-01,3930,Paid
298,2755,2025-03-01,3930,Paid
16133,2756,2026-12-28,2878,Overdue
8562,2757,2026-04-23,3497,Paid
8563,2757,2026-05-01,3497,Paid
14343,2758,2026-10-04,2894,Paid
14344,2758,2026-11-01,2894,Overdue
14345,2758,2026-12-01,2894,Paid
11910,2759,2026-08-02,2727,Paid
11911,2759,2026-09-01,2727,Pending
11912,2759,2026-10-04,2727,Paid
16104,2760,2026-12-25,4607,Paid
15704,2761,2026-10-31,2691,Paid
15705,2761,2026-11-01,2691,Paid
15706,2761,2026-12-01,2691,Paid
11883,2762,2026-08-01,2340,Paid
11884,2762,2026-09-08,2340,Paid
11885,2762,2026-10-01,2340,Paid
11886,2762,2026-11-01,2340,Paid
13579,2763,2026-09-14,2135,Paid
13580,2763,2026-10-01,2135,Paid
1534,2764,2025-03-24,2605,Paid
1535,2764,2025-04-01,2605,Paid
1536,2764,2025-05-04,2605,Paid
1537,2764,2025-06-01,2605,Paid
1538,2764,2025-06-30,2605,Paid
1539,2764,2025-08-01,2605,Pending
1540,2764,2025-09-01,2605,Overdue
15999,2765,2026-12-06,3018,Paid
15653,2766,2026-10-30,3113,Paid
15654,2766,2026-11-04,3113,Paid
14889,2767,2026-10-16,2425,Paid
14890,2767,2026-11-01,2425,Paid
14891,2767,2026-11-30,2425,Paid
14268,2768,2026-10-01,2699,Paid
14269,2768,2026-11-01,2699,Failed
8608,2769,2026-04-26,2378,Overdue
8609,2769,2026-05-01,2378,Paid
8610,2769,2026-05-31,2378,Paid
8611,2769,2026-06-30,2378,Paid
8612,2769,2026-08-01,2378,Paid
8613,2769,2026-09-02,2378,Paid
8614,2769,2026-10-01,2378,Paid
1320,2770,2025-03-05,2888,Paid
1321,2770,2025-04-01,2888,Paid
1322,2770,2025-05-01,2888,Paid
14945,2771,2026-10-18,2373,Paid
14946,2771,2026-11-03,2373,Paid
14947,2771,2026-11-29,2373,Paid
10021,2772,2026-06-09,4228,Paid
10022,2772,2026-07-02,4228,Paid
10023,2772,2026-08-01,4228,Paid
10024,2772,2026-09-01,4228,Paid
10025,2772,2026-10-01,4228,Paid
10026,2772,2026-11-06,4228,Paid
10027,2772,2026-12-01,4228,Paid
10824,2773,2026-07-05,4686,Paid
10825,2773,2026-08-01,4686,Paid
10826,2773,2026-09-01,4686,Paid
10827,2773,2026-10-01,4686,Paid
10828,2773,2026-10-31,4686,Overdue
10829,2773,2026-12-02,4686,Paid
3205,2774,2025-08-11,2581,Paid
3206,2774,2025-08-31,2581,Paid
3207,2774,2025-10-01,2581,Paid
3208,2774,2025-11-02,2581,Paid
3209,2774,2025-12-01,2581,Overdue
3210,2774,2026-01-01,2581,Paid
3211,2774,2026-02-01,2581,Overdue
8688,2775,2026-04-28,3075,Overdue
8689,2775,2026-05-01,3075,Paid
8690,2775,2026-06-01,3075,Paid
8691,2775,2026-07-02,3075,Paid
8692,2775,2026-08-01,3075,Paid
8693,2775,2026-09-01,3075,Pending
8694,2775,2026-10-01,3075,Paid
11113,2776,2026-07-14,2990,Paid
11114,2776,2026-08-04,2990,Paid
11115,2776,2026-09-04,2990,Paid
11116,2776,2026-10-01,2990,Paid
10574,2777,2026-06-27,2777,Overdue
10575,2777,2026-07-01,2777,Paid
10576,2777,2026-08-01,2777,Paid
10577,2777,2026-09-02,2777,Paid
10578,2777,2026-09-29,2777,Paid
10579,2777,2026-11-03,2777,Paid
10580,2777,2026-12-01,2777,Paid
7257,2778,2026-03-09,3139,Pending
7258,2778,2026-04-01,3139,Pending
7259,2778,2026-05-02,3139,Paid
7260,2778,2026-06-02,3139,Paid
7261,2778,2026-07-01,3139,Paid
7262,2778,2026-08-04,3139,Paid
7263,2778,2026-09-01,3139,Paid
7264,2778,2026-10-06,3139,Paid
7265,2778,2026-11-02,3139,Pending
7266,2778,2026-12-01,3139,Paid
6408,2779,2026-02-03,2723,Paid
6409,2779,2026-03-04,2723,Paid
6410,2779,2026-04-02,2723,Overdue
11222,2780,2026-07-17,3591,Paid
11223,2780,2026-08-01,3591,Paid
11224,2780,2026-09-01,3591,Pending
11225,2780,2026-10-01,3591,Paid
11226,2780,2026-11-01,3591,Paid
11227,2780,2026-12-03,3591,Paid
15061,2781,2026-10-20,4543,Paid
15062,2781,2026-11-04,4543,Paid
15063,2781,2026-12-01,4543,Pending
725,2782,2024-12-19,3105,Pending
726,2782,2025-01-01,3105,Paid
727,2782,2025-02-01,3105,Paid
728,2782,2025-03-01,3105,Failed
729,2782,2025-03-31,3105,Pending
730,2782,2025-05-01,3105,Paid
731,2782,2025-06-01,3105,Paid
732,2782,2025-07-03,3105,Overdue
733,2782,2025-08-01,3105,Paid
734,2782,2025-09-01,3105,Overdue
735,2782,2025-10-01,3105,Paid
736,2782,2025-11-01,3105,Paid
737,2782,2025-12-01,3105,Paid
14790,2783,2026-10-14,2018,Failed
14791,2783,2026-11-01,2018,Paid
14792,2783,2026-12-01,2018,Paid
5692,2784,2026-01-06,3839,Paid
5693,2784,2026-02-01,3839,Paid
5694,2784,2026-03-02,3839,Paid
8888,2785,2026-05-04,2096,Paid
8889,2785,2026-06-03,2096,Paid
8890,2785,2026-06-30,2096,Paid
8891,2785,2026-08-01,2096,Paid
8892,2785,2026-09-01,2096,Paid
8893,2785,2026-10-01,2096,Paid
8894,2785,2026-11-01,2096,Paid
8573,2786,2026-04-24,3375,Paid
8574,2786,2026-05-01,3375,Paid
8575,2786,2026-06-01,3375,Paid
15112,2787,2026-10-21,2174,Paid
15113,2787,2026-11-01,2174,Paid
15114,2787,2026-12-02,2174,Paid
16020,2788,2026-12-08,4861,Paid
12064,2789,2026-08-08,4876,Paid
12065,2789,2026-09-01,4876,Paid
12066,2789,2026-10-01,4876,Paid
12067,2789,2026-11-01,4876,Paid
12068,2789,2026-12-03,4876,Overdue
15122,2790,2026-10-21,3638,Paid
15123,2790,2026-11-01,3638,Paid
15124,2790,2026-12-04,3638,Paid
14558,2791,2026-10-09,2647,Overdue
14559,2791,2026-10-31,2647,Paid
15681,2792,2026-10-31,3200,Paid
15682,2792,2026-11-08,3200,Paid
15683,2792,2026-12-01,3200,Paid
15707,2793,2026-10-31,3562,Paid
15708,2793,2026-11-01,3562,Failed
14014,2794,2026-09-25,2225,Paid
14015,2794,2026-10-01,2225,Paid
4196,2795,2025-10-18,2422,Paid
4197,2795,2025-11-01,2422,Paid
4198,2795,2025-12-01,2422,Paid
2456,2796,2025-06-18,4542,Paid
2457,2796,2025-07-01,4542,Pending
2458,2796,2025-07-31,4542,Paid
2459,2796,2025-09-03,4542,Paid
11436,2797,2026-07-21,3230,Paid
11437,2797,2026-08-03,3230,Paid
11438,2797,2026-09-04,3230,Paid
11439,2797,2026-10-04,3230,Paid
4175,2798,2025-10-16,3344,Paid
4176,2798,2025-11-01,3344,Paid
14223,2799,2026-09-30,2632,Paid
14224,2799,2026-10-01,2632,Paid
14225,2799,2026-11-02,2632,Paid
14226,2799,2026-12-01,2632,Paid
10934,2800,2026-07-08,2023,Paid
10935,2800,2026-08-01,2023,Paid
10936,2800,2026-09-01,2023,Paid
10937,2800,2026-10-01,2023,Paid
10938,2800,2026-11-01,2023,Paid
10939,2800,2026-12-01,2023,Paid
15661,2801,2026-10-30,3136,Paid
15662,2801,2026-11-01,3136,Paid
15663,2801,2026-12-02,3136,Paid
15984,2802,2026-12-03,3482,Paid
1730,2803,2025-04-13,2460,Paid
1731,2803,2025-04-29,2460,Paid
1732,2803,2025-06-02,2460,Paid
1733,2803,2025-07-01,2460,Paid
12832,2804,2026-08-26,3778,Paid
12833,2804,2026-09-04,3778,Overdue
12834,2804,2026-10-01,3778,Paid
12835,2804,2026-11-03,3778,Overdue
12836,2804,2026-12-01,3778,Paid
135,2805,2024-07-15,2413,Overdue
136,2805,2024-08-01,2413,Paid
7588,2806,2026-03-18,3703,Paid
7589,2806,2026-03-31,3703,Paid
7590,2806,2026-05-01,3703,Paid
5869,2807,2026-01-11,2954,Paid
5870,2807,2026-01-31,2954,Paid
5871,2807,2026-03-01,2954,Paid
5872,2807,2026-04-04,2954,Paid
5873,2807,2026-05-01,2954,Paid
5874,2807,2026-06-01,2954,Overdue
5875,2807,2026-07-01,2954,Paid
5876,2807,2026-08-01,2954,Paid
5877,2807,2026-09-01,2954,Paid
5878,2807,2026-09-30,2954,Paid
5879,2807,2026-11-02,2954,Paid
5880,2807,2026-12-03,2954,Paid
9370,2808,2026-05-18,4743,Paid
9371,2808,2026-05-30,4743,Overdue
9372,2808,2026-07-02,4743,Paid
21,2809,2024-04-23,2856,Paid
22,2809,2024-05-01,2856,Paid
23,2809,2024-06-01,2856,Paid
24,2809,2024-07-01,2856,Paid
14630,2810,2026-10-10,2668,Failed
14631,2810,2026-11-01,2668,Paid
14632,2810,2026-12-03,2668,Paid
3994,2811,2025-10-03,2968,Pending
3995,2811,2025-11-01,2968,Paid
3996,2811,2025-12-01,2968,Paid
3997,2811,2026-01-01,2968,Paid
3998,2811,2026-02-01,2968,Paid
3999,2811,2026-03-01,2968,Paid
4000,2811,2026-04-01,2968,Paid
10774,2812,2026-07-04,3441,Paid
10775,2812,2026-07-31,3441,Overdue
10776,2812,2026-09-01,3441,Paid
10777,2812,2026-10-01,3441,Paid
11088,2813,2026-07-12,2638,Paid
11089,2813,2026-08-01,2638,Paid
11090,2813,2026-09-03,2638,Paid
11091,2813,2026-10-01,2638,Paid
11092,2813,2026-11-04,2638,Paid
11093,2813,2026-12-01,2638,Paid
10305,2814,2026-06-20,2396,Failed
10306,2814,2026-06-30,2396,Paid
14768,2815,2026-10-14,2146,Paid
14769,2815,2026-11-01,2146,Paid
14770,2815,2026-11-30,2146,Paid
11666,2816,2026-07-29,3380,Paid
11667,2816,2026-08-01,3380,Paid
11668,2816,2026-09-01,3380,Paid
11669,2816,2026-10-01,3380,Paid
10124,2817,2026-06-12,3065,Paid
10125,2817,2026-07-01,3065,Paid
10126,2817,2026-08-06,3065,Paid
10127,2817,2026-09-01,3065,Paid
10128,2817,2026-10-06,3065,Paid
10129,2817,2026-11-04,3065,Paid
10130,2817,2026-12-02,3065,Paid
11463,2818,2026-07-22,3365,Paid
11464,2818,2026-07-31,3365,Paid
11465,2818,2026-09-01,3365,Paid
11466,2818,2026-10-02,3365,Paid
11467,2818,2026-11-01,3365,Paid
11468,2818,2026-12-01,3365,Paid
15527,2819,2026-10-28,3742,Paid
15528,2819,2026-11-01,3742,Paid
15529,2819,2026-12-01,3742,Paid
2251,2820,2025-05-27,3191,Paid
2252,2820,2025-06-01,3191,Paid
2253,2820,2025-07-01,3191,Paid
2254,2820,2025-08-01,3191,Paid
2255,2820,2025-09-02,3191,Pending
2256,2820,2025-10-01,3191,Paid
2257,2820,2025-11-01,3191,Paid
2258,2820,2025-11-29,3191,Paid
2259,2820,2026-01-01,3191,Paid
2260,2820,2026-02-03,3191,Paid
2261,2820,2026-03-01,3191,Overdue
2262,2820,2026-04-01,3191,Paid
2263,2820,2026-05-01,3191,Paid
2264,2820,2026-06-01,3191,Paid
2265,2820,2026-07-01,3191,Paid
2266,2820,2026-08-01,3191,Paid
2267,2820,2026-09-01,3191,Pending
2268,2820,2026-09-30,3191,Paid
2269,2820,2026-11-01,3191,Paid
13971,2821,2026-09-24,4225,Paid
13972,2821,2026-10-02,4225,Failed
13973,2821,2026-11-01,4225,Paid
13974,2821,2026-12-03,4225,Paid
4471,2822,2025-10-31,3161,Pending
4472,2822,2025-11-02,3161,Paid
4473,2822,2025-12-01,3161,Paid
4474,2822,2025-12-31,3161,Paid
10065,2823,2026-06-10,4735,Pending
10066,2823,2026-07-01,4735,Paid
10067,2823,2026-08-01,4735,Paid
10068,2823,2026-09-01,4735,Paid
8154,2824,2026-04-08,3403,Overdue
8155,2824,2026-05-01,3403,Paid
8156,2824,2026-06-01,3403,Paid
8157,2824,2026-07-01,3403,Paid
8158,2824,2026-07-30,3403,Paid
8159,2824,2026-09-01,3403,Paid
8160,2824,2026-10-01,3403,Paid
14378,2825,2026-10-05,3029,Paid
14379,2825,2026-11-01,3029,Paid
14380,2825,2026-12-01,3029,Paid
6232,2826,2026-01-27,4745,Overdue
6233,2826,2026-02-01,4745,Paid
6234,2826,2026-03-01,4745,Pending
9564,2827,2026-05-23,2830,Paid
9565,2827,2026-06-01,2830,Paid
9566,2827,2026-06-30,2830,Paid
9567,2827,2026-08-02,2830,Paid
9568,2827,2026-09-01,2830,Paid
9569,2827,2026-10-01,2830,Paid
9570,2827,2026-11-06,2830,Paid
9571,2827,2026-11-30,2830,Paid
2198,2828,2025-05-23,2616,Paid
2199,2828,2025-06-01,2616,Paid
2200,2828,2025-07-03,2616,Paid
2201,2828,2025-08-02,2616,Paid
2202,2828,2025-09-01,2616,Overdue
2203,2828,2025-10-01,2616,Paid
2204,2828,2025-10-30,2616,Paid
2205,2828,2025-12-01,2616,Paid
2206,2828,2026-01-01,2616,Paid
2207,2828,2026-02-01,2616,Paid
2208,2828,2026-03-01,2616,Paid
2209,2828,2026-04-06,2616,Paid
2210,2828,2026-05-03,2616,Paid
7160,2829,2026-03-06,2903,Paid
7161,2829,2026-04-01,2903,Paid
7162,2829,2026-05-01,2903,Paid
7163,2829,2026-06-01,2903,Paid
7164,2829,2026-07-01,2903,Paid
7165,2829,2026-08-01,2903,Paid
7166,2829,2026-09-01,2903,Paid
7167,2829,2026-10-01,2903,Paid
7168,2829,2026-10-31,2903,Paid
7169,2829,2026-12-02,2903,Paid
7175,2830,2026-03-07,3007,Paid
7176,2830,2026-04-01,3007,Paid
7177,2830,2026-05-01,3007,Paid
7178,2830,2026-06-01,3007,Paid
7179,2830,2026-07-01,3007,Paid
7180,2830,2026-08-03,3007,Paid
7181,2830,2026-08-31,3007,Paid
7182,2830,2026-10-01,3007,Paid
7183,2830,2026-11-06,3007,Pending
7184,2830,2026-12-01,3007,Paid
14948,2831,2026-10-18,4650,Pending
14949,2831,2026-11-01,4650,Paid
14950,2831,2026-12-03,4650,Paid
7530,2832,2026-03-16,3788,Paid
7531,2832,2026-03-31,3788,Paid
13541,2833,2026-09-14,4238,Paid
13542,2833,2026-10-04,4238,Paid
15802,2834,2026-11-06,2225,Failed
15803,2834,2026-12-01,2225,Paid
15858,2835,2026-11-11,3283,Overdue
15859,2835,2026-12-01,3283,Paid
5506,2836,2025-12-27,2864,Paid
5507,2836,2026-01-01,2864,Paid
5508,2836,2026-02-01,2864,Paid
5509,2836,2026-03-01,2864,Paid
5510,2836,2026-04-01,2864,Paid
5511,2836,2026-05-01,2864,Paid
5512,2836,2026-06-01,2864,Failed
5513,2836,2026-07-01,2864,Paid
5514,2836,2026-08-01,2864,Overdue
5515,2836,2026-09-02,2864,Paid
5516,2836,2026-10-01,2864,Paid
5517,2836,2026-11-01,2864,Paid
5518,2836,2026-12-01,2864,Overdue
4833,2837,2025-11-22,3628,Pending
4834,2837,2025-12-01,3628,Paid
4835,2837,2026-01-01,3628,Paid
4836,2837,2026-02-01,3628,Paid
4837,2837,2026-03-01,3628,Paid
4838,2837,2026-04-01,3628,Paid
4839,2837,2026-05-01,3628,Paid
4840,2837,2026-06-01,3628,Paid
4841,2837,2026-07-01,3628,Paid
4842,2837,2026-08-01,3628,Paid
4843,2837,2026-09-01,3628,Paid
4844,2837,2026-10-02,3628,Paid
4845,2837,2026-11-01,3628,Paid
4846,2837,2026-11-29,3628,Paid
13349,2838,2026-09-08,3244,Pending
13350,2838,2026-09-29,3244,Paid
13351,2838,2026-11-01,3244,Paid
13352,2838,2026-12-01,3244,Paid
15496,2839,2026-10-27,3692,Paid
15497,2839,2026-11-01,3692,Paid
11156,2840,2026-07-15,2618,Paid
11157,2840,2026-08-01,2618,Paid
11158,2840,2026-08-31,2618,Failed
15942,2841,2026-11-27,4742,Pending
15943,2841,2026-12-01,4742,Paid
10604,2842,2026-06-28,4500,Paid
10605,2842,2026-07-01,4500,Failed
10606,2842,2026-08-01,4500,Paid
10607,2842,2026-09-01,4500,Overdue
7634,2843,2026-03-21,2772,Pending
7635,2843,2026-04-01,2772,Paid
7636,2843,2026-05-01,2772,Paid
7637,2843,2026-06-01,2772,Paid
15884,2844,2026-11-13,4564,Overdue
15885,2844,2026-12-01,4564,Paid
16004,2845,2026-12-06,3951,Pending
10384,2846,2026-06-22,4892,Paid
10385,2846,2026-07-03,4892,Paid
7267,2847,2026-03-09,4443,Paid
7268,2847,2026-04-04,4443,Paid
7269,2847,2026-05-01,4443,Pending
7270,2847,2026-06-01,4443,Paid
7271,2847,2026-07-03,4443,Paid
7272,2847,2026-08-02,4443,Paid
7273,2847,2026-09-03,4443,Paid
12654,2848,2026-08-22,3347,Paid
12655,2848,2026-09-01,3347,Paid
12656,2848,2026-10-02,3347,Paid
12657,2848,2026-11-01,3347,Paid
6154,2849,2026-01-25,4216,Paid
6155,2849,2026-01-30,4216,Paid
6156,2849,2026-03-01,4216,Paid
6157,2849,2026-04-02,4216,Paid
9836,2850,2026-06-03,3183,Paid
9837,2850,2026-06-30,3183,Paid
9838,2850,2026-08-01,3183,Paid
9839,2850,2026-09-01,3183,Paid
4253,2851,2025-10-23,2918,Paid
4254,2851,2025-11-01,2918,Paid
4255,2851,2025-12-03,2918,Paid
4256,2851,2026-01-01,2918,Paid
4257,2851,2026-02-03,2918,Paid
4258,2851,2026-03-01,2918,Paid
4259,2851,2026-04-02,2918,Paid
4260,2851,2026-05-08,2918,Paid
4261,2851,2026-06-02,2918,Paid
4262,2851,2026-07-01,2918,Pending
4263,2851,2026-08-01,2918,Paid
4264,2851,2026-08-31,2918,Paid
4265,2851,2026-10-01,2918,Paid
4266,2851,2026-11-01,2918,Paid
4267,2851,2026-12-01,2918,Paid
8074,2852,2026-04-06,2864,Paid
8075,2852,2026-05-01,2864,Paid
8076,2852,2026-06-02,2864,Paid
5614,2853,2026-01-02,3988,Paid
5615,2853,2026-02-01,3988,Paid
5616,2853,2026-03-01,3988,Paid
5617,2853,2026-04-01,3988,Paid
5618,2853,2026-05-01,3988,Paid
5619,2853,2026-06-06,3988,Paid
5620,2853,2026-07-01,3988,Paid
15406,2854,2026-10-26,2994,Paid
15407,2854,2026-11-03,2994,Pending
15408,2854,2026-11-30,2994,Paid
7880,2855,2026-03-27,4262,Paid
7881,2855,2026-04-01,4262,Pending
7882,2855,2026-05-01,4262,Paid
7883,2855,2026-06-08,4262,Pending
7884,2855,2026-07-02,4262,Paid
7885,2855,2026-08-01,4262,Overdue
7886,2855,2026-09-01,4262,Pending
7550,2856,2026-03-17,2461,Paid
7551,2856,2026-04-01,2461,Paid
7552,2856,2026-05-01,2461,Paid
7553,2856,2026-06-01,2461,Overdue
7554,2856,2026-06-30,2461,Paid
7555,2856,2026-08-01,2461,Overdue
7556,2856,2026-09-04,2461,Paid
7557,2856,2026-10-01,2461,Paid
7558,2856,2026-11-01,2461,Paid
7559,2856,2026-12-03,2461,Paid
16056,2857,2026-12-16,2420,Paid
12294,2858,2026-08-13,2898,Overdue
12295,2858,2026-09-01,2898,Paid
12296,2858,2026-10-01,2898,Paid
12297,2858,2026-11-03,2898,Paid
13589,2859,2026-09-15,3785,Paid
13590,2859,2026-10-01,3785,Paid
8398,2860,2026-04-16,4227,Paid
8399,2860,2026-05-03,4227,Overdue
8400,2860,2026-06-01,4227,Paid
8401,2860,2026-07-04,4227,Paid
8402,2860,2026-08-03,4227,Paid
8403,2860,2026-09-01,4227,Paid
8404,2860,2026-10-01,4227,Paid
10810,2861,2026-07-05,3760,Paid
10811,2861,2026-08-01,3760,Paid
10812,2861,2026-09-01,3760,Paid
5388,2862,2025-12-22,3103,Paid
5389,2862,2026-01-01,3103,Overdue
14488,2863,2026-10-07,4652,Failed
14489,2863,2026-11-06,4652,Pending
14490,2863,2026-11-29,4652,Pending
5632,2864,2026-01-03,2839,Paid
5633,2864,2026-02-03,2839,Paid
5634,2864,2026-03-01,2839,Paid
5635,2864,2026-04-01,2839,Overdue
5636,2864,2026-05-01,2839,Paid
5637,2864,2026-06-01,2839,Paid
5638,2864,2026-07-01,2839,Paid
241,2865,2024-08-27,2355,Paid
242,2865,2024-09-01,2355,Failed
14960,2866,2026-10-18,2659,Paid
14961,2866,2026-11-01,2659,Paid
14962,2866,2026-12-01,2659,Paid
12217,2867,2026-08-11,2731,Paid
12218,2867,2026-09-01,2731,Paid
12219,2867,2026-10-08,2731,Overdue
12220,2867,2026-11-03,2731,Paid
12221,2867,2026-12-04,2731,Pending
10601,2868,2026-06-28,3388,Pending
10602,2868,2026-07-01,3388,Paid
10603,2868,2026-08-01,3388,Failed
13639,2869,2026-09-16,3741,Failed
13640,2869,2026-10-01,3741,Pending
13641,2869,2026-11-01,3741,Overdue
13642,2869,2026-12-03,3741,Failed
15307,2870,2026-10-25,3062,Paid
15308,2870,2026-10-30,3062,Pending
15309,2870,2026-12-02,3062,Paid
12771,2871,2026-08-25,2816,Paid
12772,2871,2026-09-08,2816,Paid
12773,2871,2026-10-01,2816,Paid
12774,2871,2026-10-31,2816,Paid
12775,2871,2026-12-01,2816,Paid
16078,2872,2026-12-20,3597,Paid
13924,2873,2026-09-23,3010,Paid
13925,2873,2026-10-01,3010,Paid
13926,2873,2026-11-02,3010,Paid
12045,2874,2026-08-07,2311,Paid
12046,2874,2026-09-01,2311,Paid
12047,2874,2026-10-06,2311,Paid
12048,2874,2026-11-01,2311,Paid
12049,2874,2026-12-08,2311,Overdue
15367,2875,2026-10-26,3738,Paid
15368,2875,2026-11-01,3738,Paid
15369,2875,2026-12-01,3738,Paid
8201,2876,2026-04-10,3952,Paid
8202,2876,2026-05-01,3952,Paid
8203,2876,2026-06-01,3952,Failed
8204,2876,2026-07-01,3952,Paid
8205,2876,2026-08-01,3952,Failed
8206,2876,2026-09-01,3952,Paid
8207,2876,2026-10-04,3952,Paid
5198,2877,2025-12-11,2382,Paid
5199,2877,2026-01-04,2382,Paid
1787,2878,2025-04-15,3081,Paid
1788,2878,2025-05-02,3081,Paid
1789,2878,2025-06-02,3081,Paid
1790,2878,2025-07-01,3081,Paid
13212,2879,2026-09-05,3547,Paid
13213,2879,2026-10-04,3547,Paid
13214,2879,2026-11-06,3547,Paid
13215,2879,2026-12-01,3547,Paid
15723,2880,2026-10-31,3816,Paid
15724,2880,2026-10-31,3816,Pending
1349,2881,2025-03-07,2708,Paid
1350,2881,2025-04-02,2708,Paid
1351,2881,2025-05-01,2708,Overdue
1352,2881,2025-06-01,2708,Paid
1353,2881,2025-07-03,2708,Paid
1354,2881,2025-08-03,2708,Overdue
1355,2881,2025-08-31,2708,Pending
1356,2881,2025-10-01,2708,Paid
1357,2881,2025-11-01,2708,Overdue
1358,2881,2025-11-29,2708,Paid
1359,2881,2026-01-01,2708,Paid
1360,2881,2026-02-01,2708,Paid
1361,2881,2026-03-01,2708,Paid
1362,2881,2026-04-02,2708,Paid
1363,2881,2026-05-01,2708,Overdue
1364,2881,2026-05-30,2708,Failed
1365,2881,2026-07-01,2708,Pending
1366,2881,2026-08-01,2708,Paid
1367,2881,2026-09-02,2708,Pending
1368,2881,2026-10-02,2708,Paid
1369,2881,2026-11-02,2708,Paid
1370,2881,2026-12-01,2708,Paid
12857,2882,2026-08-27,3442,Paid
12858,2882,2026-09-01,3442,Paid
12859,2882,2026-10-01,3442,Paid
12860,2882,2026-11-02,3442,Paid
12861,2882,2026-11-30,3442,Paid
3624,2883,2025-09-16,2576,Pending
3625,2883,2025-10-01,2576,Paid
9257,2884,2026-05-14,3514,Paid
9258,2884,2026-06-01,3514,Paid
9259,2884,2026-06-30,3514,Paid
9260,2884,2026-08-01,3514,Paid
9261,2884,2026-09-04,3514,Paid
9262,2884,2026-09-30,3514,Paid
9263,2884,2026-11-01,3514,Overdue
9264,2884,2026-11-30,3514,Paid
9178,2885,2026-05-11,2753,Paid
9179,2885,2026-06-03,2753,Paid
9180,2885,2026-07-06,2753,Paid
9181,2885,2026-08-04,2753,Paid
8997,2886,2026-05-06,3559,Paid
8998,2886,2026-06-01,3559,Pending
8999,2886,2026-07-01,3559,Paid
9000,2886,2026-07-31,3559,Paid
9001,2886,2026-09-01,3559,Paid
9002,2886,2026-10-01,3559,Paid
9003,2886,2026-11-01,3559,Paid
9004,2886,2026-12-01,3559,Paid
9046,2887,2026-05-07,3414,Paid
9047,2887,2026-06-08,3414,Paid
9048,2887,2026-07-01,3414,Paid
9049,2887,2026-08-01,3414,Paid
4525,2888,2025-11-04,3254,Paid
4526,2888,2025-12-01,3254,Pending
4527,2888,2026-01-06,3254,Paid
4528,2888,2026-02-04,3254,Paid
12629,2889,2026-08-21,2553,Paid
12630,2889,2026-09-01,2553,Overdue
12631,2889,2026-10-01,2553,Paid
12632,2889,2026-11-01,2553,Paid
12633,2889,2026-12-01,2553,Paid
14384,2890,2026-10-05,2702,Paid
14385,2890,2026-11-01,2702,Overdue
14386,2890,2026-12-03,2702,Paid
1265,2891,2025-03-01,4630,Paid
1266,2891,2025-04-01,4630,Paid
8065,2892,2026-04-05,2038,Paid
8066,2892,2026-04-30,2038,Paid
8067,2892,2026-06-01,2038,Paid
8068,2892,2026-06-29,2038,Paid
8069,2892,2026-08-01,2038,Paid
8070,2892,2026-08-31,2038,Paid
8071,2892,2026-10-01,2038,Paid
10443,2893,2026-06-23,3780,Paid
10444,2893,2026-07-01,3780,Failed
10445,2893,2026-08-01,3780,Paid
1286,2894,2025-03-03,3379,Paid
1287,2894,2025-04-01,3379,Paid
1288,2894,2025-05-01,3379,Paid
1289,2894,2025-06-01,3379,Paid
15633,2895,2026-10-30,2511,Paid
15634,2895,2026-11-04,2511,Paid
15635,2895,2026-12-01,2511,Paid
14733,2896,2026-10-13,3242,Paid
14734,2896,2026-10-30,3242,Paid
14735,2896,2026-12-01,3242,Paid
2756,2897,2025-07-12,3747,Overdue
2757,2897,2025-07-31,3747,Paid
2758,2897,2025-09-04,3747,Paid
2759,2897,2025-10-01,3747,Paid
13669,2898,2026-09-18,3149,Paid
13670,2898,2026-10-01,3149,Overdue
7342,2899,2026-03-11,2562,Paid
7343,2899,2026-04-01,2562,Paid
7908,2900,2026-03-29,3143,Pending
7909,2900,2026-04-01,3143,Paid
13201,2901,2026-09-05,3405,Paid
13202,2901,2026-10-01,3405,Paid
13203,2901,2026-11-01,3405,Paid
13204,2901,2026-11-30,3405,Paid
12325,2902,2026-08-13,3508,Paid
12326,2902,2026-09-01,3508,Paid
12327,2902,2026-09-30,3508,Paid
12328,2902,2026-11-01,3508,Paid
12329,2902,2026-12-02,3508,Paid
15079,2903,2026-10-20,2333,Paid
15080,2903,2026-11-04,2333,Paid
2384,2904,2025-06-09,4251,Paid
2385,2904,2025-07-01,4251,Overdue
2386,2904,2025-07-31,4251,Paid
2387,2904,2025-09-01,4251,Paid
2388,2904,2025-10-08,4251,Paid
2389,2904,2025-11-03,4251,Pending
2390,2904,2025-12-01,4251,Paid
2391,2904,2026-01-01,4251,Failed
2392,2904,2026-02-01,4251,Paid
2393,2904,2026-03-01,4251,Paid
2394,2904,2026-04-01,4251,Paid
2395,2904,2026-05-03,4251,Paid
2396,2904,2026-06-03,4251,Paid
2397,2904,2026-07-01,4251,Paid
2398,2904,2026-08-01,4251,Paid
2399,2904,2026-09-01,4251,Paid
2400,2904,2026-10-08,4251,Paid
2401,2904,2026-11-01,4251,Paid
2402,2904,2026-12-01,4251,Paid
13138,2905,2026-09-03,2548,Failed
13139,2905,2026-10-01,2548,Paid
13140,2905,2026-10-31,2548,Paid
13141,2905,2026-12-01,2548,Paid
1053,2906,2025-01-27,2657,Paid
1054,2906,2025-02-01,2657,Paid
1055,2906,2025-03-01,2657,Paid
1056,2906,2025-04-03,2657,Paid
1057,2906,2025-05-01,2657,Paid
1058,2906,2025-06-01,2657,Paid
1059,2906,2025-07-01,2657,Paid
15475,2907,2026-10-27,3000,Paid
15476,2907,2026-11-06,3000,Pending
15477,2907,2026-12-02,3000,Paid
9785,2908,2026-06-01,3080,Paid
9786,2908,2026-07-08,3080,Pending
9787,2908,2026-08-02,3080,Paid
9788,2908,2026-09-03,3080,Paid
9789,2908,2026-10-03,3080,Paid
9790,2908,2026-10-31,3080,Paid
9791,2908,2026-12-01,3080,Paid
175,2909,2024-08-03,2408,Paid
176,2909,2024-09-01,2408,Paid
12125,2910,2026-08-09,3284,Paid
12126,2910,2026-09-01,3284,Paid
12127,2910,2026-10-01,3284,Paid
12128,2910,2026-11-02,3284,Paid
4024,2911,2025-10-07,2323,Paid
4025,2911,2025-11-02,2323,Paid
4026,2911,2025-12-03,2323,Paid
4027,2911,2026-01-01,2323,Paid
4028,2911,2026-02-01,2323,Paid
4029,2911,2026-03-03,2323,Paid
4030,2911,2026-04-01,2323,Paid
9687,2912,2026-05-29,2520,Paid
9688,2912,2026-06-01,2520,Paid
9689,2912,2026-07-01,2520,Paid
9690,2912,2026-08-01,2520,Paid
9691,2912,2026-09-01,2520,Pending
9692,2912,2026-09-29,2520,Overdue
9693,2912,2026-11-01,2520,Failed
14639,2913,2026-10-10,3514,Paid
14640,2913,2026-11-01,3514,Paid
14641,2913,2026-12-01,3514,Overdue
5470,2914,2025-12-25,2593,Paid
5471,2914,2026-01-01,2593,Paid
11813,2915,2026-07-31,3533,Paid
11814,2915,2026-08-01,3533,Pending
11815,2915,2026-09-03,3533,Paid
11816,2915,2026-10-04,3533,Pending
11817,2915,2026-11-02,3533,Paid
11818,2915,2026-12-01,3533,Paid
13993,2916,2026-09-24,3019,Paid
13994,2916,2026-09-30,3019,Paid
13995,2916,2026-11-01,3019,Paid
13996,2916,2026-12-01,3019,Overdue
8633,2917,2026-04-27,3317,Paid
8634,2917,2026-05-03,3317,Overdue
8635,2917,2026-06-01,3317,Paid
8636,2917,2026-06-29,3317,Pending
3632,2918,2025-09-18,2937,Paid
3633,2918,2025-10-04,2937,Paid
3634,2918,2025-11-01,2937,Overdue
3635,2918,2025-12-01,2937,Paid
9524,2919,2026-05-22,2566,Overdue
9525,2919,2026-06-03,2566,Paid
9526,2919,2026-07-03,2566,Overdue
9527,2919,2026-08-01,2566,Paid
9528,2919,2026-09-02,2566,Paid
9529,2919,2026-10-08,2566,Paid
9530,2919,2026-11-01,2566,Paid
14755,2920,2026-10-13,3587,Overdue
14756,2920,2026-11-02,3587,Overdue
14757,2920,2026-11-30,3587,Paid
11426,2921,2026-07-21,2954,Paid
11427,2921,2026-08-02,2954,Paid
11428,2921,2026-09-02,2954,Paid
11429,2921,2026-10-08,2954,Paid
15934,2922,2026-11-24,3671,Paid
15935,2922,2026-12-01,3671,Paid
13598,2923,2026-09-15,3256,Paid
13599,2923,2026-10-03,3256,Overdue
13600,2923,2026-11-01,3256,Paid
13601,2923,2026-11-30,3256,Paid
15593,2924,2026-10-29,2430,Paid
15594,2924,2026-11-01,2430,Paid
5552,2925,2025-12-30,3410,Paid
5553,2925,2026-01-04,3410,Pending
19,2926,2024-04-21,2541,Paid
20,2926,2024-05-04,2541,Overdue
3060,2927,2025-08-06,3201,Paid
3061,2927,2025-09-01,3201,Paid
3062,2927,2025-10-01,3201,Overdue
3063,2927,2025-11-01,3201,Paid
9431,2928,2026-05-19,3401,Overdue
9432,2928,2026-06-01,3401,Failed
9433,2928,2026-07-01,3401,Paid
9434,2928,2026-08-01,3401,Paid
14858,2929,2026-10-16,3040,Paid
14859,2929,2026-11-04,3040,Paid
14860,2929,2026-12-02,3040,Paid
8949,2930,2026-05-05,3265,Paid
8950,2930,2026-06-01,3265,Paid
8951,2930,2026-07-01,3265,Paid
8952,2930,2026-08-03,3265,Paid
8953,2930,2026-09-01,3265,Paid
8954,2930,2026-10-01,3265,Paid
8955,2930,2026-11-01,3265,Paid
8956,2930,2026-12-01,3265,Paid
7887,2931,2026-03-27,4171,Paid
7888,2931,2026-04-01,4171,Failed
10408,2932,2026-06-22,2877,Paid
10409,2932,2026-07-01,2877,Paid
10410,2932,2026-08-01,2877,Paid
15848,2933,2026-11-09,3887,Paid
15849,2933,2026-12-01,3887,Paid
16048,2934,2026-12-14,2780,Paid
5975,2935,2026-01-17,2708,Paid
5976,2935,2026-02-03,2708,Paid
7804,2936,2026-03-24,2515,Paid
7805,2936,2026-04-02,2515,Paid
7959,2937,2026-03-31,2985,Paid
7960,2937,2026-04-01,2985,Paid
7961,2937,2026-05-04,2985,Paid
7962,2937,2026-06-01,2985,Paid
7963,2937,2026-07-01,2985,Paid
7964,2937,2026-08-01,2985,Paid
7965,2937,2026-09-01,2985,Paid
7966,2937,2026-10-01,2985,Paid
7967,2937,2026-11-04,2985,Overdue
7968,2937,2026-12-01,2985,Paid
15414,2938,2026-10-26,3743,Paid
15415,2938,2026-10-30,3743,Paid
15416,2938,2026-11-30,3743,Pending
7895,2939,2026-03-28,3866,Paid
7896,2939,2026-04-01,3866,Paid
7897,2939,2026-05-02,3866,Failed
6599,2940,2026-02-11,2779,Paid
6600,2940,2026-03-08,2779,Failed
6601,2940,2026-04-01,2779,Paid
6602,2940,2026-05-01,2779,Paid
7869,2941,2026-03-26,4752,Paid
7870,2941,2026-04-01,4752,Paid
7871,2941,2026-05-01,4752,Paid
7872,2941,2026-06-01,4752,Paid
12298,2942,2026-08-13,3939,Paid
12299,2942,2026-09-01,3939,Paid
12300,2942,2026-10-01,3939,Paid
12301,2942,2026-11-01,3939,Paid
12302,2942,2026-12-01,3939,Paid
15965,2943,2026-12-01,2989,Paid
1947,2944,2025-04-30,3559,Paid
1948,2944,2025-05-03,3559,Paid
9197,2945,2026-05-12,3346,Paid
9198,2945,2026-06-01,3346,Paid
9199,2945,2026-07-01,3346,Paid
9200,2945,2026-08-03,3346,Overdue
9201,2945,2026-08-31,3346,Paid
9202,2945,2026-10-06,3346,Paid
9203,2945,2026-11-01,3346,Failed
9204,2945,2026-12-06,3346,Paid
5427,2946,2025-12-23,2721,Paid
5428,2946,2026-01-01,2721,Paid
5429,2946,2026-02-01,2721,Paid
5430,2946,2026-03-01,2721,Paid
7189,2947,2026-03-07,3712,Failed
7190,2947,2026-04-01,3712,Paid
7191,2947,2026-05-01,3712,Paid
3853,2948,2025-09-26,2607,Paid
3854,2948,2025-10-02,2607,Paid
3855,2948,2025-11-01,2607,Paid
3856,2948,2025-12-01,2607,Paid
2562,2949,2025-06-22,2519,Paid
2563,2949,2025-07-08,2519,Paid
2564,2949,2025-08-01,2519,Paid
2565,2949,2025-09-08,2519,Pending
10715,2950,2026-07-01,2975,Paid
10716,2950,2026-08-04,2975,Paid
10717,2950,2026-09-01,2975,Paid
10718,2950,2026-10-01,2975,Pending
6703,2951,2026-02-15,3881,Paid
6704,2951,2026-03-01,3881,Failed
6705,2951,2026-03-31,3881,Paid
11589,2952,2026-07-26,2908,Paid
11590,2952,2026-08-01,2908,Paid
11591,2952,2026-09-01,2908,Paid
11592,2952,2026-10-02,2908,Paid
13111,2953,2026-09-02,2142,Paid
13112,2953,2026-10-01,2142,Paid
13852,2954,2026-09-22,2561,Paid
13853,2954,2026-10-01,2561,Paid
13854,2954,2026-11-01,2561,Pending
13855,2954,2026-12-01,2561,Paid
15738,2955,2026-11-01,2237,Paid
15739,2955,2026-12-06,2237,Paid
15449,2956,2026-10-27,3654,Paid
15450,2956,2026-11-03,3654,Pending
14995,2957,2026-10-19,3146,Paid
14996,2957,2026-11-01,3146,Paid
14997,2957,2026-12-01,3146,Paid
11342,2958,2026-07-20,4663,Paid
11343,2958,2026-08-01,4663,Paid
11344,2958,2026-09-01,4663,Paid
11345,2958,2026-10-04,4663,Paid
11346,2958,2026-11-01,4663,Paid
11347,2958,2026-12-01,4663,Overdue
877,2959,2025-01-07,4126,Paid
878,2959,2025-02-01,4126,Paid
879,2959,2025-03-01,4126,Paid
880,2959,2025-04-01,4126,Paid
881,2959,2025-05-02,4126,Overdue
882,2959,2025-06-01,4126,Paid
883,2959,2025-07-01,4126,Failed
884,2959,2025-08-04,4126,Paid
885,2959,2025-09-03,4126,Paid
886,2959,2025-10-01,4126,Paid
887,2959,2025-11-02,4126,Paid
888,2959,2025-12-02,4126,Paid
889,2959,2026-01-01,4126,Paid
10522,2960,2026-06-26,2641,Paid
10523,2960,2026-07-01,2641,Paid
10524,2960,2026-08-03,2641,Paid
10525,2960,2026-09-02,2641,Paid
10963,2961,2026-07-09,2954,Paid
10964,2961,2026-07-31,2954,Paid
10965,2961,2026-09-01,2954,Overdue
3840,2962,2025-09-25,3721,Overdue
3841,2962,2025-10-01,3721,Paid
3842,2962,2025-11-01,3721,Paid
3843,2962,2025-12-01,3721,Paid
3844,2962,2026-01-03,3721,Paid
3845,2962,2026-02-01,3721,Paid
3846,2962,2026-03-04,3721,Paid
3847,2962,2026-04-02,3721,Paid
3848,2962,2026-05-04,3721,Paid
3849,2962,2026-06-02,3721,Paid
3850,2962,2026-07-01,3721,Paid
3851,2962,2026-08-02,3721,Paid
3852,2962,2026-09-06,3721,Overdue
11643,2963,2026-07-28,2281,Paid
11644,2963,2026-08-06,2281,Paid
11645,2963,2026-09-01,2281,Overdue
11646,2963,2026-10-04,2281,Paid
11647,2963,2026-11-04,2281,Paid
11648,2963,2026-12-01,2281,Paid
4513,2964,2025-11-02,3185,Paid
4514,2964,2025-12-01,3185,Paid
4515,2964,2026-01-01,3185,Paid
13997,2965,2026-09-24,3324,Paid
13998,2965,2026-10-01,3324,Paid
13999,2965,2026-11-01,3324,Paid
14000,2965,2026-12-01,3324,Paid
1160,2966,2025-02-20,4222,Paid
1161,2966,2025-03-01,4222,Pending
15174,2967,2026-10-22,3735,Paid
15175,2967,2026-10-31,3735,Paid
15176,2967,2026-12-06,3735,Paid
12406,2968,2026-08-15,2586,Paid
12407,2968,2026-09-02,2586,Paid
12408,2968,2026-10-03,2586,Paid
12409,2968,2026-11-02,2586,Pending
12410,2968,2026-12-01,2586,Paid
11034,2969,2026-07-11,3164,Overdue
11035,2969,2026-08-02,3164,Paid
11036,2969,2026-09-01,3164,Paid
11037,2969,2026-10-01,3164,Paid
11038,2969,2026-11-01,3164,Pending
11039,2969,2026-12-01,3164,Pending
16137,2970,2026-12-29,4061,Paid
8555,2971,2026-04-23,2360,Paid
8556,2971,2026-05-01,2360,Paid
8557,2971,2026-06-01,2360,Paid
8558,2971,2026-07-01,2360,Paid
8559,2971,2026-08-01,2360,Paid
8560,2971,2026-09-06,2360,Paid
8561,2971,2026-10-01,2360,Paid
13089,2972,2026-09-01,3296,Paid
13090,2972,2026-10-01,3296,Paid
13091,2972,2026-11-01,3296,Paid
1641,2973,2025-04-07,3594,Paid
1642,2973,2025-05-01,3594,Paid
1643,2973,2025-06-01,3594,Paid
1644,2973,2025-07-01,3594,Paid
15266,2974,2026-10-24,3085,Paid
15267,2974,2026-11-01,3085,Overdue
11477,2975,2026-07-22,4776,Pending
11478,2975,2026-08-01,4776,Paid
11479,2975,2026-09-01,4776,Paid
11480,2975,2026-10-01,4776,Paid
4004,2976,2025-10-06,3470,Paid
4005,2976,2025-11-01,3470,Paid
4006,2976,2025-11-29,3470,Overdue
4007,2976,2026-01-01,3470,Paid
4008,2976,2026-02-01,3470,Paid
4009,2976,2026-03-01,3470,Paid
4010,2976,2026-04-01,3470,Paid
4011,2976,2026-05-01,3470,Paid
4012,2976,2026-06-01,3470,Paid
4013,2976,2026-07-01,3470,Paid
4014,2976,2026-08-01,3470,Paid
4015,2976,2026-09-01,3470,Paid
4016,2976,2026-10-03,3470,Failed
13783,2977,2026-09-20,3260,Paid
13784,2977,2026-10-01,3260,Paid
13785,2977,2026-10-31,3260,Paid
13786,2977,2026-11-30,3260,Paid
11722,2978,2026-07-30,3496,Paid
11723,2978,2026-08-02,3496,Paid
11724,2978,2026-09-01,3496,Overdue
11725,2978,2026-09-29,3496,Paid
13985,2979,2026-09-24,3446,Paid
13986,2979,2026-10-01,3446,Pending
13987,2979,2026-11-01,3446,Paid
13988,2979,2026-12-01,3446,Overdue
13620,2980,2026-09-16,3893,Paid
13621,2980,2026-10-03,3893,Paid
13622,2980,2026-11-01,3893,Paid
13623,2980,2026-12-08,3893,Paid
8576,2981,2026-04-25,2898,Overdue
8577,2981,2026-04-30,2898,Paid
131,2982,2024-07-12,4445,Paid
132,2982,2024-08-01,4445,Paid
133,2982,2024-09-01,4445,Paid
134,2982,2024-10-04,4445,Overdue
9050,2983,2026-05-07,2833,Paid
9051,2983,2026-06-01,2833,Overdue
14438,2984,2026-10-06,3901,Failed
14439,2984,2026-11-01,3901,Paid
14440,2984,2026-12-01,3901,Paid
8179,2985,2026-04-09,2129,Paid
8180,2985,2026-05-01,2129,Paid
14450,2986,2026-10-06,3491,Paid
14451,2986,2026-11-01,3491,Paid
14452,2986,2026-12-01,3491,Paid
14067,2987,2026-09-26,2775,Overdue
14068,2987,2026-10-01,2775,Paid
14069,2987,2026-11-01,2775,Paid
14298,2988,2026-10-02,4411,Paid
14299,2988,2026-11-01,4411,Overdue
14300,2988,2026-12-01,4411,Paid
15989,2989,2026-12-03,3425,Paid
7525,2990,2026-03-16,3254,Paid
7526,2990,2026-04-03,3254,Paid
14387,2991,2026-10-05,3038,Overdue
14388,2991,2026-11-01,3038,Paid
14389,2991,2026-12-03,3038,Paid
15912,2992,2026-11-21,3549,Paid
15913,2992,2026-12-03,3549,Paid
270,2993,2024-09-02,3264,Paid
271,2993,2024-10-01,3264,Paid
272,2993,2024-10-31,3264,Failed
273,2993,2024-12-08,3264,Paid
9550,2994,2026-05-23,4720,Paid
9551,2994,2026-06-02,4720,Paid
9552,2994,2026-07-01,4720,Paid
9553,2994,2026-08-01,4720,Paid
16067,2995,2026-12-16,3141,Paid
13006,2996,2026-08-30,3766,Overdue
13007,2996,2026-09-02,3766,Paid
12172,2997,2026-08-10,3223,Paid
12173,2997,2026-09-01,3223,Paid
12174,2997,2026-09-30,3223,Paid
12175,2997,2026-11-01,3223,Paid
14592,2998,2026-10-09,4713,Paid
14593,2998,2026-11-03,4713,Paid
14594,2998,2026-12-01,4713,Paid
8753,2999,2026-04-30,3301,Overdue
8754,2999,2026-05-01,3301,Paid
8755,2999,2026-06-01,3301,Overdue
8756,2999,2026-07-06,3301,Paid
8757,2999,2026-08-01,3301,Paid
8758,2999,2026-09-01,3301,Paid
8759,2999,2026-10-03,3301,Failed
8760,2999,2026-11-01,3301,Paid
8761,2999,2026-12-01,3301,Paid
8028,3000,2026-04-03,3937,Paid
8029,3000,2026-05-01,3937,Paid
8030,3000,2026-06-02,3937,Paid
8031,3000,2026-07-01,3937,Paid
8032,3000,2026-08-01,3937,Paid
8033,3000,2026-09-01,3937,Paid
8034,3000,2026-10-01,3937,Paid
16153,3001,2026-12-30,4257,Overdue
384,3002,2024-09-25,2566,Paid
385,3002,2024-10-02,2566,Paid
386,3002,2024-11-01,2566,Paid
8106,3003,2026-04-07,4799,Paid
8107,3003,2026-05-01,4799,Paid
8108,3003,2026-06-01,4799,Failed
15096,3004,2026-10-21,4632,Paid
15097,3004,2026-11-01,4632,Paid
1842,3005,2025-04-22,3539,Paid
1843,3005,2025-05-01,3539,Paid
1844,3005,2025-06-03,3539,Paid
8427,3006,2026-04-16,2152,Paid
8428,3006,2026-04-30,2152,Paid
8429,3006,2026-06-02,2152,Overdue
7437,3007,2026-03-14,4788,Paid
7438,3007,2026-04-01,4788,Paid
7439,3007,2026-05-01,4788,Paid
7440,3007,2026-06-02,4788,Paid
7441,3007,2026-07-01,4788,Paid
7442,3007,2026-08-01,4788,Paid
7443,3007,2026-09-06,4788,Paid
12285,3008,2026-08-13,4621,Paid
12286,3008,2026-09-01,4621,Pending
12287,3008,2026-10-02,4621,Paid
12288,3008,2026-11-01,4621,Overdue
12289,3008,2026-12-01,4621,Failed
12391,3009,2026-08-15,3003,Paid
12392,3009,2026-09-02,3003,Paid
12393,3009,2026-10-01,3003,Paid
12394,3009,2026-11-01,3003,Paid
12395,3009,2026-12-01,3003,Paid
16016,3010,2026-12-08,3926,Paid
13228,3011,2026-09-05,4502,Paid
13229,3011,2026-10-01,4502,Overdue
13230,3011,2026-11-01,4502,Paid
13231,3011,2026-12-01,4502,Paid
11784,3012,2026-07-31,3703,Paid
11785,3012,2026-07-31,3703,Failed
11786,3012,2026-09-01,3703,Paid
11787,3012,2026-10-01,3703,Paid
11788,3012,2026-11-01,3703,Overdue
11789,3012,2026-12-01,3703,Paid
2879,3013,2025-07-22,3635,Paid
2880,3013,2025-08-01,3635,Paid
2881,3013,2025-09-02,3635,Failed
2882,3013,2025-10-01,3635,Paid
2883,3013,2025-11-01,3635,Paid
2884,3013,2025-12-01,3635,Failed
2885,3013,2026-01-03,3635,Paid
16083,3014,2026-12-22,2824,Paid
14283,3015,2026-10-01,3249,Paid
14284,3015,2026-11-04,3249,Paid
14285,3015,2026-12-03,3249,Paid
9400,3016,2026-05-19,3250,Paid
9401,3016,2026-06-01,3250,Paid
200,3017,2024-08-18,2938,Paid
201,3017,2024-09-01,2938,Overdue
202,3017,2024-10-01,2938,Overdue
2702,3018,2025-07-02,3456,Overdue
2703,3018,2025-08-01,3456,Overdue
2704,3018,2025-09-01,3456,Paid
2705,3018,2025-09-30,3456,Paid
2706,3018,2025-11-01,3456,Paid
2707,3018,2025-12-01,3456,Paid
2708,3018,2026-01-01,3456,Paid
2709,3018,2026-02-01,3456,Paid
2710,3018,2026-03-06,3456,Paid
2711,3018,2026-04-04,3456,Paid
2712,3018,2026-05-01,3456,Paid
2713,3018,2026-06-01,3456,Paid
2714,3018,2026-07-01,3456,Paid
144,3019,2024-07-21,4393,Paid
145,3019,2024-08-01,4393,Paid
4172,3020,2025-10-16,3634,Paid
4173,3020,2025-11-01,3634,Paid
4174,3020,2025-12-02,3634,Paid
10957,3021,2026-07-09,2670,Pending
10958,3021,2026-08-02,2670,Paid
10959,3021,2026-09-01,2670,Overdue
10960,3021,2026-10-03,2670,Paid
10961,3021,2026-11-01,2670,Paid
10962,3021,2026-12-01,2670,Paid
1225,3022,2025-02-27,3432,Paid
1226,3022,2025-03-01,3432,Paid
1227,3022,2025-04-01,3432,Overdue
1228,3022,2025-05-01,3432,Paid
1229,3022,2025-06-01,3432,Paid
1230,3022,2025-06-30,3432,Paid
1231,3022,2025-08-01,3432,Paid
1232,3022,2025-08-31,3432,Paid
1233,3022,2025-10-01,3432,Failed
1234,3022,2025-11-01,3432,Paid
1235,3022,2025-12-01,3432,Paid
1236,3022,2026-01-01,3432,Paid
1237,3022,2026-02-01,3432,Paid
11732,3023,2026-07-30,2548,Paid
11733,3023,2026-08-01,2548,Paid
11734,3023,2026-09-01,2548,Paid
11735,3023,2026-10-03,2548,Overdue
5883,3024,2026-01-12,4390,Paid
5884,3024,2026-01-31,4390,Paid
5885,3024,2026-03-01,4390,Paid
5886,3024,2026-04-01,4390,Paid
5887,3024,2026-05-02,4390,Paid
5888,3024,2026-06-01,4390,Paid
5889,3024,2026-07-01,4390,Paid
16001,3025,2026-12-06,2180,Pending
14726,3026,2026-10-13,3902,Paid
14727,3026,2026-11-03,3902,Paid
8247,3027,2026-04-12,4198,Failed
8248,3027,2026-05-06,4198,Paid
8249,3027,2026-05-31,4198,Paid
8250,3027,2026-07-01,4198,Pending
9621,3028,2026-05-26,2077,Paid
9622,3028,2026-06-01,2077,Paid
9623,3028,2026-07-03,2077,Paid
9624,3028,2026-08-01,2077,Paid
9625,3028,2026-09-01,2077,Paid
9626,3028,2026-10-01,2077,Paid
9627,3028,2026-11-04,2077,Paid
9348,3029,2026-05-17,4118,Paid
9349,3029,2026-06-01,4118,Pending
9350,3029,2026-07-01,4118,Paid
9351,3029,2026-07-31,4118,Paid
9352,3029,2026-09-04,4118,Paid
9353,3029,2026-10-06,4118,Paid
9354,3029,2026-11-01,4118,Paid
9355,3029,2026-12-01,4118,Paid
11908,3030,2026-08-02,4084,Paid
11909,3030,2026-09-01,4084,Paid
813,3031,2025-01-01,2835,Paid
814,3031,2025-02-02,2835,Paid
815,3031,2025-03-01,2835,Overdue
816,3031,2025-03-30,2835,Paid
15598,3032,2026-10-29,2049,Paid
15599,3032,2026-11-01,2049,Paid
15600,3032,2026-12-02,2049,Paid
14604,3033,2026-10-10,2584,Paid
14605,3033,2026-11-01,2584,Paid
14606,3033,2026-12-06,2584,Paid
13437,3034,2026-09-10,4194,Paid
13438,3034,2026-10-01,4194,Paid
9554,3035,2026-05-23,2303,Paid
9555,3035,2026-06-01,2303,Paid
9556,3035,2026-07-01,2303,Paid
3044,3036,2025-08-04,2992,Paid
3045,3036,2025-09-01,2992,Paid
3046,3036,2025-10-01,2992,Paid
3047,3036,2025-11-01,2992,Paid
3048,3036,2025-12-01,2992,Paid
3049,3036,2026-01-03,2992,Overdue
3050,3036,2026-02-01,2992,Paid
3051,3036,2026-03-01,2992,Paid
3052,3036,2026-04-01,2992,Paid
3053,3036,2026-05-02,2992,Paid
3054,3036,2026-06-03,2992,Paid
3055,3036,2026-07-02,2992,Pending
3056,3036,2026-08-01,2992,Paid
16095,3037,2026-12-25,3816,Paid
13013,3038,2026-08-30,3634,Paid
13014,3038,2026-09-01,3634,Paid
13015,3038,2026-10-03,3634,Paid
13016,3038,2026-11-01,3634,Paid
2419,3039,2025-06-11,3062,Paid
2420,3039,2025-07-01,3062,Paid
2421,3039,2025-08-01,3062,Paid
1112,3040,2025-02-15,3156,Paid
1113,3040,2025-03-01,3156,Paid
1114,3040,2025-04-02,3156,Paid
16036,3041,2026-12-12,2611,Paid
9998,3042,2026-06-08,4504,Paid
9999,3042,2026-07-01,4504,Paid
10000,3042,2026-08-01,4504,Paid
10001,3042,2026-09-01,4504,Pending
10002,3042,2026-09-29,4504,Paid
10003,3042,2026-11-01,4504,Failed
10004,3042,2026-12-01,4504,Paid
13265,3043,2026-09-06,2913,Overdue
13266,3043,2026-10-01,2913,Failed
13267,3043,2026-11-06,2913,Paid
13268,3043,2026-11-29,2913,Paid
8197,3044,2026-04-10,4298,Paid
8198,3044,2026-05-08,4298,Overdue
8199,3044,2026-05-30,4298,Paid
8200,3044,2026-07-01,4298,Paid
10904,3045,2026-07-07,2418,Paid
10905,3045,2026-08-03,2418,Paid
10906,3045,2026-09-06,2418,Paid
10907,3045,2026-10-01,2418,Paid
15585,3046,2026-10-29,2849,Paid
15586,3046,2026-11-01,2849,Paid
15587,3046,2026-12-01,2849,Paid
10476,3047,2026-06-24,4416,Paid
10477,3047,2026-07-01,4416,Paid
10478,3047,2026-08-01,4416,Pending
10479,3047,2026-08-31,4416,Paid
12077,3048,2026-08-08,3186,Paid
12078,3048,2026-09-01,3186,Paid
12079,3048,2026-10-01,3186,Overdue
12080,3048,2026-11-01,3186,Paid
12081,3048,2026-12-01,3186,Paid
15043,3049,2026-10-20,4041,Paid
15044,3049,2026-11-06,4041,Paid
15045,3049,2026-12-03,4041,Paid
39,3050,2024-04-28,3578,Paid
40,3050,2024-05-08,3578,Paid
41,3050,2024-06-01,3578,Paid
42,3050,2024-07-02,3578,Paid
43,3050,2024-08-01,3578,Paid
44,3050,2024-08-31,3578,Paid
45,3050,2024-10-01,3578,Pending
46,3050,2024-11-01,3578,Paid
47,3050,2024-11-30,3578,Paid
48,3050,2025-01-01,3578,Paid
49,3050,2025-02-01,3578,Pending
50,3050,2025-03-01,3578,Paid
51,3050,2025-04-01,3578,Paid
9227,3051,2026-05-13,2660,Paid
9228,3051,2026-06-01,2660,Paid
9229,3051,2026-07-01,2660,Paid
9230,3051,2026-08-02,2660,Paid
9231,3051,2026-09-03,2660,Paid
9232,3051,2026-10-03,2660,Pending
9233,3051,2026-11-01,2660,Paid
15688,3052,2026-10-30,3907,Paid
15687,3052,2026-10-31,3907,Paid
15689,3052,2026-12-01,3907,Paid
15046,3053,2026-10-20,2684,Paid
15047,3053,2026-10-31,2684,Paid
15048,3053,2026-12-01,2684,Paid
13451,3054,2026-09-11,2629,Paid
13452,3054,2026-10-01,2629,Paid
13453,3054,2026-11-01,2629,Paid
5843,3055,2026-01-10,2218,Paid
5844,3055,2026-01-31,2218,Overdue
5845,3055,2026-03-01,2218,Paid
5846,3055,2026-04-01,2218,Paid
5847,3055,2026-05-04,2218,Pending
5848,3055,2026-06-01,2218,Paid
5849,3055,2026-07-01,2218,Paid
13522,3056,2026-09-13,3407,Paid
13523,3056,2026-10-01,3407,Paid
13524,3056,2026-11-01,3407,Paid
13525,3056,2026-12-01,3407,Pending
15511,3057,2026-10-28,4344,Paid
15512,3057,2026-11-01,4344,Pending
15513,3057,2026-12-02,4344,Paid
16039,3058,2026-12-13,2384,Paid
3549,3059,2025-09-09,3184,Paid
3550,3059,2025-10-01,3184,Paid
3616,3060,2025-09-15,3444,Paid
3617,3060,2025-10-04,3444,Paid
3618,3060,2025-11-01,3444,Paid
3619,3060,2025-12-02,3444,Pending
5123,3061,2025-12-04,2871,Overdue
5124,3061,2026-01-01,2871,Paid
5125,3061,2026-02-02,2871,Paid
5126,3061,2026-03-04,2871,Paid
9413,3062,2026-05-19,4522,Paid
9414,3062,2026-06-04,4522,Paid
9415,3062,2026-07-08,4522,Paid
9416,3062,2026-08-01,4522,Paid
9417,3062,2026-08-30,4522,Paid
9418,3062,2026-10-01,4522,Paid
9419,3062,2026-11-01,4522,Paid
10588,3063,2026-06-28,2895,Paid
10589,3063,2026-06-29,2895,Paid
10590,3063,2026-08-01,2895,Paid
7094,3064,2026-03-05,2984,Paid
7095,3064,2026-04-01,2984,Paid
7096,3064,2026-05-01,2984,Paid
7097,3064,2026-06-01,2984,Paid
7098,3064,2026-07-01,2984,Paid
7099,3064,2026-08-01,2984,Paid
7100,3064,2026-09-01,2984,Failed
7101,3064,2026-10-04,2984,Paid
7102,3064,2026-11-03,2984,Paid
7103,3064,2026-12-06,2984,Paid
15166,3065,2026-10-22,3706,Paid
15167,3065,2026-11-01,3706,Paid
15168,3065,2026-12-01,3706,Paid
13661,3066,2026-09-17,3156,Paid
13662,3066,2026-10-01,3156,Paid
13663,3066,2026-11-01,3156,Overdue
7013,3067,2026-03-01,3513,Paid
7014,3067,2026-03-31,3513,Paid
7015,3067,2026-05-01,3513,Paid
7016,3067,2026-06-01,3513,Paid
5355,3068,2025-12-21,4213,Pending
5356,3068,2026-01-01,4213,Paid
5357,3068,2026-02-01,4213,Paid
5358,3068,2026-03-01,4213,Failed
6892,3069,2026-02-25,3849,Paid
6893,3069,2026-03-01,3849,Paid
6894,3069,2026-04-01,3849,Pending
13856,3070,2026-09-22,2581,Overdue
13857,3070,2026-09-29,2581,Paid
13858,3070,2026-11-01,2581,Paid
7151,3071,2026-03-06,3492,Paid
7152,3071,2026-04-01,3492,Paid
9292,3072,2026-05-16,3283,Overdue
9293,3072,2026-06-01,3283,Paid
9294,3072,2026-07-01,3283,Paid
9295,3072,2026-08-01,3283,Paid
9296,3072,2026-09-01,3283,Paid
9297,3072,2026-10-01,3283,Paid
9298,3072,2026-11-01,3283,Paid
824,3073,2025-01-02,2319,Paid
825,3073,2025-02-01,2319,Paid
826,3073,2025-03-01,2319,Paid
827,3073,2025-04-01,2319,Paid
828,3073,2025-05-01,2319,Paid
829,3073,2025-06-01,2319,Paid
830,3073,2025-07-01,2319,Paid
831,3073,2025-08-01,2319,Paid
832,3073,2025-09-01,2319,Overdue
833,3073,2025-10-01,2319,Paid
834,3073,2025-11-01,2319,Paid
835,3073,2025-12-01,2319,Overdue
836,3073,2026-01-01,2319,Paid
15645,3074,2026-10-30,2758,Paid
15646,3074,2026-11-08,2758,Paid
15647,3074,2026-12-01,2758,Paid
15109,3075,2026-10-21,2904,Paid
15110,3075,2026-11-04,2904,Paid
15111,3075,2026-11-30,2904,Paid
7718,3076,2026-03-23,3138,Overdue
7719,3076,2026-03-31,3138,Overdue
7720,3076,2026-05-01,3138,Paid
7721,3076,2026-06-01,3138,Paid
7722,3076,2026-07-01,3138,Paid
7723,3076,2026-08-01,3138,Paid
7724,3076,2026-09-01,3138,Paid
7725,3076,2026-10-01,3138,Overdue
7726,3076,2026-11-01,3138,Paid
7727,3076,2026-12-01,3138,Paid
14748,3077,2026-10-13,2700,Paid
14749,3077,2026-11-01,2700,Paid
10429,3078,2026-06-23,4479,Paid
10430,3078,2026-06-30,4479,Paid
10431,3078,2026-08-02,4479,Overdue
10432,3078,2026-09-01,4479,Paid
10433,3078,2026-10-01,4479,Paid
10434,3078,2026-11-01,4479,Paid
10435,3078,2026-12-01,4479,Paid
14393,3079,2026-10-05,3525,Paid
14394,3079,2026-10-31,3525,Paid
14395,3079,2026-12-04,3525,Paid
7817,3080,2026-03-25,2565,Paid
7818,3080,2026-04-01,2565,Overdue
7819,3080,2026-05-03,2565,Paid
1371,3081,2025-03-07,3594,Pending
1372,3081,2025-04-01,3594,Paid
1373,3081,2025-05-01,3594,Paid
8947,3082,2026-05-05,4200,Paid
8948,3082,2026-06-01,4200,Paid
15870,3083,2026-11-12,2822,Paid
15871,3083,2026-12-01,2822,Paid
14568,3084,2026-10-09,3361,Paid
14569,3084,2026-11-02,3361,Pending
14570,3084,2026-12-01,3361,Paid
9936,3085,2026-06-05,4606,Paid
9937,3085,2026-07-01,4606,Pending
9938,3085,2026-08-01,4606,Paid
9939,3085,2026-09-06,4606,Pending
14986,3086,2026-10-19,3301,Paid
14987,3086,2026-11-01,3301,Paid
14988,3086,2026-12-02,3301,Paid
10058,3087,2026-06-10,3049,Paid
10059,3087,2026-07-02,3049,Paid
10060,3087,2026-08-01,3049,Paid
10061,3087,2026-09-01,3049,Paid
10062,3087,2026-10-01,3049,Paid
10063,3087,2026-11-01,3049,Paid
10064,3087,2026-12-04,3049,Overdue
13741,3088,2026-09-20,4668,Paid
13742,3088,2026-09-30,4668,Pending
13743,3088,2026-10-31,4668,Pending
13744,3088,2026-12-01,4668,Paid
14045,3089,2026-09-25,2086,Paid
14046,3089,2026-10-01,2086,Paid
14047,3089,2026-11-03,2086,Paid
14048,3089,2026-11-30,2086,Paid
5056,3090,2025-12-02,4332,Paid
5057,3090,2026-01-01,4332,Paid
16113,3091,2026-12-26,2886,Paid
7500,3092,2026-03-16,4462,Paid
7501,3092,2026-04-01,4462,Paid
7502,3092,2026-05-02,4462,Paid
7503,3092,2026-06-01,4462,Pending
7504,3092,2026-07-01,4462,Paid
7505,3092,2026-08-01,4462,Paid
7506,3092,2026-09-01,4462,Overdue
14544,3093,2026-10-08,4167,Paid
14545,3093,2026-11-01,4167,Paid
15691,3094,2026-10-30,2285,Paid
15690,3094,2026-10-31,2285,Paid
16022,3095,2026-12-08,4197,Overdue
302,3096,2024-09-12,4464,Pending
303,3096,2024-10-01,4464,Paid
304,3096,2024-11-03,4464,Paid
305,3096,2024-12-01,4464,Paid
306,3096,2025-01-02,4464,Paid
307,3096,2025-02-01,4464,Paid
308,3096,2025-03-01,4464,Paid
15158,3097,2026-10-22,2868,Paid
15159,3097,2026-11-01,2868,Paid
15160,3097,2026-12-01,2868,Paid
13103,3098,2026-09-02,2654,Paid
13104,3098,2026-10-03,2654,Paid
13105,3098,2026-11-03,2654,Paid
13106,3098,2026-12-01,2654,Paid
4293,3099,2025-10-24,2653,Paid
4294,3099,2025-11-03,2653,Failed
4295,3099,2025-12-01,2653,Paid
4296,3099,2026-01-04,2653,Paid
4297,3099,2026-02-01,2653,Overdue
4298,3099,2026-03-02,2653,Paid
4299,3099,2026-04-01,2653,Paid
4300,3099,2026-05-01,2653,Paid
4301,3099,2026-06-01,2653,Paid
4302,3099,2026-07-02,2653,Paid
4303,3099,2026-08-01,2653,Paid
4304,3099,2026-09-03,2653,Paid
4305,3099,2026-10-01,2653,Paid
4080,3100,2025-10-08,3196,Paid
4081,3100,2025-11-01,3196,Paid
4082,3100,2025-12-04,3196,Paid
7693,3101,2026-03-22,3523,Paid
7694,3101,2026-04-08,3523,Paid
14642,3102,2026-10-10,3414,Paid
14643,3102,2026-11-01,3414,Paid
14644,3102,2026-12-01,3414,Paid
866,3103,2025-01-05,3787,Paid
867,3103,2025-02-02,3787,Paid
868,3103,2025-03-01,3787,Pending
869,3103,2025-04-01,3787,Paid
8170,3104,2026-04-08,2594,Paid
8171,3104,2026-05-01,2594,Paid
15284,3105,2026-10-24,4168,Paid
15285,3105,2026-11-01,4168,Paid
15286,3105,2026-12-01,4168,Paid
1934,3106,2025-04-30,3240,Paid
1935,3106,2025-05-01,3240,Paid
1936,3106,2025-06-01,3240,Paid
1937,3106,2025-07-01,3240,Paid
1938,3106,2025-08-01,3240,Paid
1939,3106,2025-09-02,3240,Paid
1940,3106,2025-10-04,3240,Overdue
1941,3106,2025-11-01,3240,Paid
1942,3106,2025-12-01,3240,Paid
1943,3106,2026-01-01,3240,Paid
1944,3106,2026-02-01,3240,Pending
1945,3106,2026-03-02,3240,Paid
1946,3106,2026-04-01,3240,Paid
11871,3107,2026-08-01,2330,Paid
11872,3107,2026-09-01,2330,Paid
11873,3107,2026-10-04,2330,Paid
8876,3108,2026-05-04,3478,Pending
8877,3108,2026-06-01,3478,Paid
8878,3108,2026-07-01,3478,Paid
5965,3109,2026-01-16,3003,Paid
5966,3109,2026-02-01,3003,Paid
5967,3109,2026-03-01,3003,Paid
12162,3110,2026-08-10,2274,Paid
12163,3110,2026-09-01,2274,Overdue
12164,3110,2026-10-04,2274,Paid
12165,3110,2026-11-01,2274,Paid
12166,3110,2026-12-01,2274,Overdue
528,3111,2024-11-08,2678,Paid
529,3111,2024-12-01,2678,Paid
530,3111,2024-12-31,2678,Paid
13185,3112,2026-09-04,2436,Pending
13186,3112,2026-10-01,2436,Paid
13187,3112,2026-11-01,2436,Overdue
13188,3112,2026-12-01,2436,Paid
13815,3113,2026-09-21,4266,Overdue
13816,3113,2026-10-01,4266,Pending
13817,3113,2026-11-01,4266,Overdue
13818,3113,2026-12-01,4266,Paid
12146,3114,2026-08-09,4187,Paid
12147,3114,2026-09-01,4187,Paid
14989,3115,2026-10-19,3703,Paid
14990,3115,2026-11-01,3703,Paid
14991,3115,2026-12-01,3703,Paid
15358,3116,2026-10-26,3705,Paid
15359,3116,2026-11-01,3705,Paid
15360,3116,2026-12-01,3705,Paid
9392,3117,2026-05-19,2542,Paid
9393,3117,2026-06-01,2542,Pending
9394,3117,2026-07-02,2542,Paid
9395,3117,2026-08-02,2542,Paid
9396,3117,2026-09-01,2542,Paid
9397,3117,2026-10-01,2542,Pending
9398,3117,2026-10-31,2542,Paid
9399,3117,2026-12-02,2542,Paid
16038,3118,2026-12-13,3419,Paid
5255,3119,2025-12-17,2196,Paid
5256,3119,2025-12-30,2196,Paid
5257,3119,2026-02-01,2196,Paid
5258,3119,2026-02-28,2196,Pending
5259,3119,2026-04-01,2196,Paid
5260,3119,2026-05-01,2196,Paid
5261,3119,2026-06-01,2196,Paid
14908,3120,2026-10-17,3725,Paid
14909,3120,2026-11-01,3725,Paid
14910,3120,2026-12-01,3725,Paid
8979,3121,2026-05-05,3131,Paid
8980,3121,2026-06-01,3131,Paid
8981,3121,2026-07-06,3131,Overdue
8982,3121,2026-08-01,3131,Paid
8983,3121,2026-09-01,3131,Paid
8984,3121,2026-10-01,3131,Paid
8985,3121,2026-11-02,3131,Paid
8986,3121,2026-12-01,3131,Overdue
4672,3122,2025-11-12,2707,Paid
4673,3122,2025-12-01,2707,Paid
4674,3122,2026-01-02,2707,Overdue
12908,3123,2026-08-28,3494,Paid
12909,3123,2026-09-01,3494,Overdue
12910,3123,2026-10-08,3494,Paid
12911,3123,2026-11-03,3494,Paid
12912,3123,2026-12-01,3494,Paid
6610,3124,2026-02-11,3890,Failed
6611,3124,2026-03-01,3890,Paid
6612,3124,2026-04-01,3890,Overdue
6613,3124,2026-05-02,3890,Overdue
899,3125,2025-01-10,3669,Overdue
900,3125,2025-02-01,3669,Paid
9242,3126,2026-05-14,2658,Paid
9243,3126,2026-06-02,2658,Paid
9244,3126,2026-07-03,2658,Paid
9245,3126,2026-08-01,2658,Paid
13616,3127,2026-09-15,3946,Paid
13617,3127,2026-09-30,3946,Overdue
13618,3127,2026-11-01,3946,Paid
13619,3127,2026-12-01,3946,Paid
11639,3128,2026-07-28,4217,Paid
11640,3128,2026-08-01,4217,Paid
11641,3128,2026-09-02,4217,Paid
11642,3128,2026-10-01,4217,Paid
5329,3129,2025-12-20,3605,Paid
5330,3129,2026-01-01,3605,Paid
5331,3129,2026-01-31,3605,Paid
5332,3129,2026-03-01,3605,Paid
5333,3129,2026-04-01,3605,Paid
5334,3129,2026-05-01,3605,Overdue
5335,3129,2026-05-31,3605,Paid
9182,3130,2026-05-11,3080,Paid
9183,3130,2026-06-01,3080,Paid
9184,3130,2026-07-01,3080,Overdue
9185,3130,2026-08-02,3080,Paid
9186,3130,2026-09-01,3080,Paid
9187,3130,2026-10-01,3080,Paid
9188,3130,2026-11-04,3080,Paid
9189,3130,2026-12-01,3080,Paid
15370,3131,2026-10-26,2611,Paid
15371,3131,2026-11-01,2611,Overdue
15372,3131,2026-12-01,2611,Paid
16139,3132,2026-12-29,3247,Paid
1374,3133,2025-03-07,2875,Paid
1375,3133,2025-04-01,2875,Paid
1376,3133,2025-05-01,2875,Paid
1377,3133,2025-06-02,2875,Overdue
14624,3134,2026-10-10,4327,Paid
14625,3134,2026-11-01,4327,Paid
14626,3134,2026-12-01,4327,Paid
12788,3135,2026-08-25,2032,Overdue
12789,3135,2026-09-01,2032,Pending
12790,3135,2026-10-01,2032,Paid
12791,3135,2026-10-31,2032,Paid
12792,3135,2026-12-04,2032,Paid
2774,3136,2025-07-14,4003,Paid
2775,3136,2025-08-01,4003,Paid
2776,3136,2025-09-01,4003,Paid
2777,3136,2025-10-01,4003,Paid
2778,3136,2025-11-01,4003,Paid
2779,3136,2025-12-01,4003,Paid
2780,3136,2026-01-01,4003,Failed
2781,3136,2026-02-01,4003,Paid
2782,3136,2026-03-01,4003,Paid
2783,3136,2026-04-01,4003,Paid
2784,3136,2026-04-29,4003,Paid
2785,3136,2026-06-01,4003,Paid
2786,3136,2026-07-03,4003,Paid
2787,3136,2026-08-01,4003,Overdue
2788,3136,2026-09-01,4003,Pending
2789,3136,2026-10-01,4003,Overdue
2790,3136,2026-11-02,4003,Overdue
2791,3136,2026-12-01,4003,Paid
7344,3137,2026-03-12,3126,Paid
7345,3137,2026-04-02,3126,Paid
7346,3137,2026-04-29,3126,Overdue
7347,3137,2026-06-01,3126,Paid
7348,3137,2026-07-01,3126,Paid
7349,3137,2026-08-01,3126,Overdue
7350,3137,2026-09-03,3126,Paid
6004,3138,2026-01-18,3326,Paid
6005,3138,2026-02-03,3326,Overdue
6006,3138,2026-03-01,3326,Paid
6007,3138,2026-04-01,3326,Paid
6008,3138,2026-05-01,3326,Paid
6009,3138,2026-06-01,3326,Paid
6010,3138,2026-07-01,3326,Pending
6011,3138,2026-08-01,3326,Paid
6012,3138,2026-09-03,3326,Paid
6013,3138,2026-10-01,3326,Paid
6014,3138,2026-11-01,3326,Paid
6015,3138,2026-12-01,3326,Paid
12365,3139,2026-08-14,2041,Failed
12366,3139,2026-09-01,2041,Paid
13698,3140,2026-09-19,2008,Paid
13699,3140,2026-10-01,2008,Paid
13700,3140,2026-10-31,2008,Paid
10279,3141,2026-06-19,4199,Paid
10280,3141,2026-07-01,4199,Paid
10281,3141,2026-08-01,4199,Overdue
10282,3141,2026-09-01,4199,Paid
10553,3142,2026-06-26,3318,Paid
10554,3142,2026-07-08,3318,Paid
11503,3143,2026-07-23,2956,Paid
11504,3143,2026-08-01,2956,Overdue
11505,3143,2026-09-02,2956,Paid
4913,3144,2025-11-26,4665,Paid
4914,3144,2025-12-02,4665,Paid
4915,3144,2026-01-01,4665,Overdue
4916,3144,2026-02-01,4665,Paid
4917,3144,2026-03-01,4665,Paid
4918,3144,2026-04-01,4665,Paid
4919,3144,2026-05-08,4665,Overdue
14110,3145,2026-09-27,3289,Paid
14111,3145,2026-10-01,3289,Paid
7889,3146,2026-03-27,3350,Paid
7890,3146,2026-04-01,3350,Paid
7891,3146,2026-05-01,3350,Paid
10370,3147,2026-06-22,3566,Paid
10371,3147,2026-07-03,3566,Overdue
10372,3147,2026-08-01,3566,Paid
10373,3147,2026-09-01,3566,Paid
10374,3147,2026-10-01,3566,Paid
10375,3147,2026-11-01,3566,Paid
10376,3147,2026-12-01,3566,Paid
4882,3148,2025-11-25,3454,Overdue
4883,3148,2025-12-01,3454,Paid
4884,3148,2026-01-01,3454,Paid
4885,3148,2026-02-01,3454,Paid
4886,3148,2026-03-06,3454,Pending
4887,3148,2026-04-01,3454,Paid
4888,3148,2026-05-01,3454,Overdue
3132,3149,2025-08-09,2597,Paid
3133,3149,2025-08-31,2597,Paid
3134,3149,2025-10-01,2597,Overdue
3135,3149,2025-11-01,2597,Pending
3136,3149,2025-12-01,2597,Paid
3137,3149,2026-01-02,2597,Paid
3138,3149,2026-02-01,2597,Paid
3139,3149,2026-02-28,2597,Paid
3140,3149,2026-04-01,2597,Failed
3141,3149,2026-05-01,2597,Paid
3142,3149,2026-06-01,2597,Paid
3143,3149,2026-07-01,2597,Pending
3144,3149,2026-08-01,2597,Paid
3145,3149,2026-09-01,2597,Paid
3146,3149,2026-10-01,2597,Paid
3147,3149,2026-10-30,2597,Pending
3148,3149,2026-12-01,2597,Paid
10866,3150,2026-07-06,3235,Paid
10867,3150,2026-08-01,3235,Paid
10868,3150,2026-09-01,3235,Overdue
10869,3150,2026-10-01,3235,Paid
10870,3150,2026-11-01,3235,Failed
10871,3150,2026-12-02,3235,Pending
16046,3151,2026-12-14,4769,Pending
4216,3152,2025-10-21,3011,Paid
4217,3152,2025-11-01,3011,Pending
4218,3152,2025-12-04,3011,Paid
4219,3152,2026-01-01,3011,Paid
4220,3152,2026-02-01,3011,Paid
4221,3152,2026-03-01,3011,Pending
4222,3152,2026-04-01,3011,Paid
4223,3152,2026-05-01,3011,Paid
4224,3152,2026-06-01,3011,Pending
4225,3152,2026-07-01,3011,Paid
4226,3152,2026-07-31,3011,Paid
4227,3152,2026-09-02,3011,Paid
4228,3152,2026-10-03,3011,Paid
4229,3152,2026-11-01,3011,Paid
4230,3152,2026-12-01,3011,Paid
8380,3153,2026-04-16,2520,Pending
8381,3153,2026-05-01,2520,Overdue
8382,3153,2026-06-01,2520,Paid
8383,3153,2026-07-03,2520,Paid
8384,3153,2026-08-02,2520,Paid
8385,3153,2026-08-31,2520,Paid
8386,3153,2026-10-01,2520,Paid
8387,3153,2026-11-01,2520,Overdue
8388,3153,2026-12-01,2520,Paid
3168,3154,2025-08-11,3498,Paid
3169,3154,2025-09-08,3498,Paid
3170,3154,2025-10-01,3498,Paid
4428,3155,2025-10-30,4631,Paid
4429,3155,2025-11-02,4631,Pending
15846,3156,2026-11-08,2756,Pending
15847,3156,2026-12-04,2756,Paid
3535,3157,2025-09-08,3313,Paid
3536,3157,2025-10-01,3313,Paid
3537,3157,2025-11-01,3313,Paid
3538,3157,2025-12-01,3313,Paid
3539,3157,2026-01-01,3313,Paid
3540,3157,2026-02-01,3313,Paid
3541,3157,2026-02-28,3313,Pending
9303,3158,2026-05-16,3764,Paid
9304,3158,2026-06-08,3764,Overdue
9305,3158,2026-07-01,3764,Paid
9306,3158,2026-08-02,3764,Paid
9307,3158,2026-09-01,3764,Overdue
9308,3158,2026-10-01,3764,Paid
9309,3158,2026-11-03,3764,Paid
9310,3158,2026-12-02,3764,Paid
982,3159,2025-01-21,3683,Paid
983,3159,2025-02-02,3683,Paid
984,3159,2025-03-01,3683,Paid
985,3159,2025-04-06,3683,Paid
986,3159,2025-05-01,3683,Failed
987,3159,2025-06-01,3683,Paid
988,3159,2025-07-02,3683,Paid
989,3159,2025-08-01,3683,Paid
990,3159,2025-09-01,3683,Overdue
991,3159,2025-10-01,3683,Paid
992,3159,2025-11-01,3683,Paid
993,3159,2025-12-01,3683,Overdue
994,3159,2026-01-01,3683,Paid
16057,3160,2026-12-16,2526,Paid
15764,3161,2026-11-04,3769,Paid
15765,3161,2026-12-08,3769,Paid
6032,3162,2026-01-19,4296,Paid
6033,3162,2026-02-01,4296,Paid
6034,3162,2026-03-01,4296,Pending
6035,3162,2026-04-01,4296,Overdue
6036,3162,2026-05-01,4296,Overdue
6037,3162,2026-06-01,4296,Paid
6038,3162,2026-07-06,4296,Paid
7255,3163,2026-03-09,4373,Paid
7256,3163,2026-04-04,4373,Paid
11098,3164,2026-07-13,3092,Paid
11099,3164,2026-08-08,3092,Paid
11100,3164,2026-09-01,3092,Failed
11101,3164,2026-10-01,3092,Paid
11102,3164,2026-11-04,3092,Paid
11103,3164,2026-11-29,3092,Paid
4516,3165,2025-11-02,4468,Paid
4517,3165,2025-12-01,4468,Pending
4518,3165,2026-01-01,4468,Paid
5089,3166,2025-12-03,3304,Paid
5090,3166,2026-01-01,3304,Paid
5091,3166,2026-01-30,3304,Paid
5092,3166,2026-03-01,3304,Paid
5093,3166,2026-04-01,3304,Paid
5094,3166,2026-05-01,3304,Paid
5095,3166,2026-06-06,3304,Paid
5096,3166,2026-07-01,3304,Paid
5097,3166,2026-08-01,3304,Paid
5098,3166,2026-09-01,3304,Paid
5099,3166,2026-10-03,3304,Paid
5100,3166,2026-11-01,3304,Pending
5101,3166,2026-12-01,3304,Paid
8094,3167,2026-04-07,3022,Paid
8095,3167,2026-05-08,3022,Paid
8096,3167,2026-06-01,3022,Paid
8097,3167,2026-07-01,3022,Paid
8098,3167,2026-08-01,3022,Paid
8099,3167,2026-09-01,3022,Paid
8100,3167,2026-10-01,3022,Pending
8101,3167,2026-11-03,3022,Paid
8102,3167,2026-12-01,3022,Paid
11900,3168,2026-08-02,4295,Paid
11901,3168,2026-09-01,4295,Failed
11902,3168,2026-10-01,4295,Paid
11903,3168,2026-10-30,4295,Paid
11904,3168,2026-12-04,4295,Failed
311,3169,2024-09-13,4501,Paid
312,3169,2024-10-04,4501,Paid
313,3169,2024-11-01,4501,Paid
314,3169,2024-12-01,4501,Paid
315,3169,2025-01-03,4501,Overdue
316,3169,2025-02-01,4501,Overdue
317,3169,2025-03-01,4501,Paid
11369,3170,2026-07-20,3374,Paid
11370,3170,2026-08-01,3374,Paid
11371,3170,2026-09-03,3374,Paid
11372,3170,2026-10-08,3374,Overdue
11261,3171,2026-07-18,4920,Pending
11262,3171,2026-07-31,4920,Paid
11263,3171,2026-08-30,4920,Paid
11264,3171,2026-10-01,4920,Paid
15601,3172,2026-10-30,3283,Paid
15602,3172,2026-11-01,3283,Paid
15603,3172,2026-12-01,3283,Paid
14331,3173,2026-10-03,3239,Paid
14332,3173,2026-11-08,3239,Paid
14333,3173,2026-12-04,3239,Paid
15993,3174,2026-12-03,4822,Paid
13380,3175,2026-09-09,2722,Failed
13381,3175,2026-10-01,2722,Paid
13382,3175,2026-11-01,2722,Paid
13383,3175,2026-12-03,2722,Paid
15428,3176,2026-10-26,3092,Pending
15429,3176,2026-11-01,3092,Paid
15430,3176,2026-12-01,3092,Paid
13631,3177,2026-09-16,4232,Paid
13632,3177,2026-10-01,4232,Paid
13633,3177,2026-11-01,4232,Paid
13634,3177,2026-12-01,4232,Paid
6506,3178,2026-02-06,4739,Paid
6507,3178,2026-03-01,4739,Paid
6508,3178,2026-04-01,4739,Pending
6509,3178,2026-05-01,4739,Paid
6510,3178,2026-06-01,4739,Paid
6511,3178,2026-07-08,4739,Paid
6512,3178,2026-08-01,4739,Paid
6513,3178,2026-09-01,4739,Paid
6514,3178,2026-10-02,4739,Paid
6515,3178,2026-11-01,4739,Paid
6516,3178,2026-12-01,4739,Paid
15938,3179,2026-11-26,4754,Paid
15939,3179,2026-12-01,4754,Paid
4286,3180,2025-10-24,3904,Paid
4287,3180,2025-11-01,3904,Pending
4288,3180,2025-12-01,3904,Paid
4289,3180,2026-01-03,3904,Paid
4290,3180,2026-02-01,3904,Paid
4291,3180,2026-03-01,3904,Paid
4292,3180,2026-04-01,3904,Paid
11978,3181,2026-08-04,4392,Paid
11979,3181,2026-09-02,4392,Paid
11980,3181,2026-10-01,4392,Paid
11981,3181,2026-10-31,4392,Paid
11982,3181,2026-12-01,4392,Paid
14872,3182,2026-10-16,3828,Paid
14873,3182,2026-11-02,3828,Paid
14874,3182,2026-11-30,3828,Paid
15347,3183,2026-10-25,3925,Paid
15348,3183,2026-11-01,3925,Paid
15349,3183,2026-12-01,3925,Paid
15792,3184,2026-11-06,4269,Paid
15793,3184,2026-12-01,4269,Paid
11970,3185,2026-08-04,4719,Paid
11971,3185,2026-08-31,4719,Paid
15391,3186,2026-10-26,4107,Pending
15392,3186,2026-10-30,4107,Paid
15393,3186,2026-12-01,4107,Paid
15555,3187,2026-10-29,3025,Paid
15556,3187,2026-11-01,3025,Paid
14494,3188,2026-10-07,4124,Paid
14495,3188,2026-11-01,4124,Paid
5272,3189,2025-12-19,3576,Paid
5273,3189,2026-01-08,3576,Paid
5274,3189,2026-02-02,3576,Paid
5275,3189,2026-03-01,3576,Paid
5276,3189,2026-04-02,3576,Paid
5277,3189,2026-05-01,3576,Failed
5278,3189,2026-06-01,3576,Paid
5279,3189,2026-07-01,3576,Paid
5280,3189,2026-08-01,3576,Overdue
5281,3189,2026-09-01,3576,Paid
5282,3189,2026-10-01,3576,Paid
5283,3189,2026-11-01,3576,Paid
5284,3189,2026-12-01,3576,Paid
6151,3190,2026-01-24,2919,Paid
6152,3190,2026-02-01,2919,Paid
6153,3190,2026-03-02,2919,Failed
7104,3191,2026-03-05,4145,Paid
7105,3191,2026-04-01,4145,Paid
7106,3191,2026-05-01,4145,Overdue
7107,3191,2026-06-01,4145,Paid
7108,3191,2026-07-02,4145,Paid
7109,3191,2026-07-31,4145,Paid
7110,3191,2026-09-01,4145,Paid
14504,3192,2026-10-07,2765,Paid
14505,3192,2026-11-02,2765,Pending
14506,3192,2026-12-01,2765,Paid
11058,3193,2026-07-11,3683,Overdue
11059,3193,2026-08-01,3683,Paid
11060,3193,2026-09-03,3683,Paid
11061,3193,2026-10-02,3683,Paid
11062,3193,2026-11-04,3683,Paid
11063,3193,2026-12-01,3683,Paid
6931,3194,2026-02-26,3991,Overdue
6932,3194,2026-03-01,3991,Paid
6933,3194,2026-03-30,3991,Paid
6934,3194,2026-05-01,3991,Paid
6935,3194,2026-06-01,3991,Paid
6936,3194,2026-07-01,3991,Paid
6937,3194,2026-08-01,3991,Overdue
6938,3194,2026-09-01,3991,Paid
6939,3194,2026-10-01,3991,Pending
6940,3194,2026-11-01,3991,Paid
6941,3194,2026-12-01,3991,Paid
1951,3195,2025-05-01,2312,Paid
1952,3195,2025-06-01,2312,Paid
1953,3195,2025-07-01,2312,Paid
16017,3196,2026-12-08,4684,Paid
10131,3197,2026-06-12,2807,Paid
10132,3197,2026-07-01,2807,Paid
14098,3198,2026-09-26,3669,Paid
14099,3198,2026-10-02,3669,Paid
14100,3198,2026-11-01,3669,Paid
14101,3198,2026-12-04,3669,Paid
1008,3199,2025-01-26,2690,Paid
1009,3199,2025-02-01,2690,Paid
1010,3199,2025-03-03,2690,Paid
1011,3199,2025-04-01,2690,Paid
1012,3199,2025-05-01,2690,Paid
1013,3199,2025-06-01,2690,Paid
1014,3199,2025-07-03,2690,Paid
1015,3199,2025-08-02,2690,Paid
1016,3199,2025-09-01,2690,Paid
1017,3199,2025-10-01,2690,Paid
1018,3199,2025-11-08,2690,Paid
1019,3199,2025-12-01,2690,Paid
1020,3199,2026-01-01,2690,Paid
7873,3200,2026-03-26,2588,Paid
7874,3200,2026-04-01,2588,Paid
7875,3200,2026-05-02,2588,Pending
7876,3200,2026-06-01,2588,Paid
9851,3201,2026-06-03,2734,Paid
9852,3201,2026-07-01,2734,Paid
9853,3201,2026-08-01,2734,Paid
9854,3201,2026-09-01,2734,Paid
9855,3201,2026-10-02,2734,Pending
9856,3201,2026-11-03,2734,Paid
9857,3201,2026-12-03,2734,Paid
14875,3202,2026-10-16,3077,Pending
14876,3202,2026-11-01,3077,Paid
14877,3202,2026-12-01,3077,Pending
11251,3203,2026-07-17,3250,Overdue
11252,3203,2026-08-04,3250,Overdue
11253,3203,2026-09-02,3250,Paid
11254,3203,2026-10-03,3250,Paid
11255,3203,2026-11-01,3250,Paid
11256,3203,2026-12-06,3250,Paid
15364,3204,2026-10-26,2870,Pending
15365,3204,2026-11-01,2870,Paid
15366,3204,2026-12-04,2870,Paid
9176,3205,2026-05-11,2950,Paid
9177,3205,2026-06-06,2950,Paid
10508,3206,2026-06-26,2166,Paid
10509,3206,2026-07-01,2166,Paid
10510,3206,2026-08-01,2166,Failed
10511,3206,2026-08-30,2166,Failed
10512,3206,2026-10-08,2166,Failed
10513,3206,2026-11-01,2166,Overdue
10514,3206,2026-12-01,2166,Paid
5602,3207,2026-01-01,3591,Paid
5603,3207,2026-02-01,3591,Failed
5604,3207,2026-03-01,3591,Paid
5605,3207,2026-04-01,3591,Paid
5606,3207,2026-05-02,3591,Paid
5607,3207,2026-06-01,3591,Paid
5608,3207,2026-07-03,3591,Overdue
5609,3207,2026-08-01,3591,Paid
5610,3207,2026-09-06,3591,Pending
5611,3207,2026-10-03,3591,Pending
5612,3207,2026-11-01,3591,Paid
5613,3207,2026-12-01,3591,Paid
2036,3208,2025-05-08,4235,Paid
2037,3208,2025-06-01,4235,Paid
2038,3208,2025-07-01,4235,Paid
2039,3208,2025-08-08,4235,Paid
13298,3209,2026-09-07,2490,Paid
13299,3209,2026-10-01,2490,Paid
10546,3210,2026-06-26,4424,Paid
10547,3210,2026-06-29,4424,Overdue
10548,3210,2026-08-01,4424,Pending
10549,3210,2026-09-03,4424,Paid
10550,3210,2026-10-01,4424,Paid
10551,3210,2026-11-01,4424,Overdue
10552,3210,2026-12-02,4424,Paid
9609,3211,2026-05-26,4673,Pending
9610,3211,2026-06-01,4673,Paid
9611,3211,2026-07-01,4673,Paid
9612,3211,2026-08-04,4673,Paid
10042,3212,2026-06-09,3366,Paid
10043,3212,2026-07-01,3366,Overdue
1625,3213,2025-04-06,3244,Paid
1626,3213,2025-04-30,3244,Paid
1627,3213,2025-06-01,3244,Paid
1628,3213,2025-07-01,3244,Paid
1629,3213,2025-07-31,3244,Paid
1630,3213,2025-09-04,3244,Paid
1631,3213,2025-10-01,3244,Paid
1632,3213,2025-11-01,3244,Paid
1633,3213,2025-12-02,3244,Paid
1634,3213,2026-01-01,3244,Paid
1635,3213,2026-02-01,3244,Failed
1636,3213,2026-02-28,3244,Paid
1637,3213,2026-04-01,3244,Failed
15636,3214,2026-10-30,2528,Overdue
15637,3214,2026-11-01,2528,Paid
15638,3214,2026-12-01,2528,Pending
11673,3215,2026-07-29,3554,Paid
11674,3215,2026-08-01,3554,Paid
11675,3215,2026-09-01,3554,Overdue
11676,3215,2026-10-01,3554,Paid
11677,3215,2026-11-01,3554,Paid
11678,3215,2026-12-01,3554,Paid
8519,3216,2026-04-21,2692,Paid
8520,3216,2026-05-01,2692,Paid
8521,3216,2026-06-01,2692,Paid
8522,3216,2026-07-02,2692,Paid
8523,3216,2026-08-04,2692,Paid
8524,3216,2026-09-01,2692,Paid
8525,3216,2026-10-01,2692,Paid
8526,3216,2026-11-02,2692,Paid
8527,3216,2026-12-04,2692,Paid
14963,3217,2026-10-18,3327,Overdue
14964,3217,2026-11-01,3327,Paid
14965,3217,2026-12-06,3327,Paid
14892,3218,2026-10-16,2766,Paid
14893,3218,2026-11-01,2766,Paid
13844,3219,2026-09-22,2740,Overdue
13845,3219,2026-10-01,2740,Paid
13846,3219,2026-11-01,2740,Paid
13847,3219,2026-12-03,2740,Overdue
12864,3220,2026-08-27,3368,Paid
12865,3220,2026-09-03,3368,Paid
12866,3220,2026-10-01,3368,Paid
11228,3221,2026-07-17,2823,Paid
11229,3221,2026-08-03,2823,Paid
11230,3221,2026-09-01,2823,Pending
11231,3221,2026-10-01,2823,Paid
11232,3221,2026-11-01,2823,Paid
11233,3221,2026-12-01,2823,Paid
14207,3222,2026-09-29,3259,Paid
14208,3222,2026-10-04,3259,Paid
7820,3223,2026-03-25,2609,Paid
7821,3223,2026-04-06,2609,Paid
7822,3223,2026-05-01,2609,Paid
3376,3224,2025-08-25,2162,Paid
3377,3224,2025-09-04,2162,Paid
3378,3224,2025-10-01,2162,Paid
3379,3224,2025-11-01,2162,Paid
3380,3224,2025-12-01,2162,Pending
3381,3224,2026-01-01,2162,Pending
3382,3224,2026-02-01,2162,Paid
4001,3225,2025-10-05,2859,Paid
4002,3225,2025-11-01,2859,Paid
4003,3225,2025-12-01,2859,Paid
12768,3226,2026-08-25,2398,Paid
12769,3226,2026-09-01,2398,Paid
12770,3226,2026-10-06,2398,Paid
8672,3227,2026-04-28,2882,Paid
8673,3227,2026-05-01,2882,Paid
8674,3227,2026-06-06,2882,Paid
8675,3227,2026-07-04,2882,Paid
8676,3227,2026-08-01,2882,Paid
8677,3227,2026-09-02,2882,Overdue
8678,3227,2026-09-29,2882,Paid
13189,3228,2026-09-04,2698,Overdue
13190,3228,2026-10-06,2698,Paid
14821,3229,2026-10-15,2238,Paid
14822,3229,2026-11-01,2238,Paid
12201,3230,2026-08-11,3355,Paid
12202,3230,2026-09-01,3355,Paid
12203,3230,2026-10-03,3355,Paid
12204,3230,2026-11-06,3355,Paid
15106,3231,2026-10-21,3646,Paid
15107,3231,2026-10-31,3646,Paid
15108,3231,2026-12-01,3646,Paid
13127,3232,2026-09-03,4757,Paid
13128,3232,2026-10-03,4757,Paid
13129,3232,2026-11-01,4757,Paid
13130,3232,2026-12-01,4757,Paid
125,3233,2024-07-05,2609,Paid
126,3233,2024-08-06,2609,Paid
127,3233,2024-09-03,2609,Paid
128,3233,2024-10-02,2609,Paid
15037,3234,2026-10-20,4494,Overdue
15038,3234,2026-11-01,4494,Paid
15039,3234,2026-12-01,4494,Paid
13650,3235,2026-09-17,2799,Paid
13651,3235,2026-10-01,2799,Paid
13652,3235,2026-11-01,2799,Paid
13653,3235,2026-12-01,2799,Paid
2179,3236,2025-05-22,4501,Pending
2180,3236,2025-06-01,4501,Overdue
2181,3236,2025-07-01,4501,Pending
2182,3236,2025-08-01,4501,Paid
2183,3236,2025-08-30,4501,Paid
2184,3236,2025-09-30,4501,Pending
2185,3236,2025-11-08,4501,Paid
2186,3236,2025-12-01,4501,Paid
2187,3236,2026-01-01,4501,Pending
2188,3236,2026-02-01,4501,Paid
2189,3236,2026-03-06,4501,Paid
2190,3236,2026-04-03,4501,Paid
2191,3236,2026-05-01,4501,Paid
2192,3236,2026-06-01,4501,Paid
2193,3236,2026-07-01,4501,Paid
2194,3236,2026-08-01,4501,Paid
2195,3236,2026-09-01,4501,Paid
2196,3236,2026-10-01,4501,Paid
2197,3236,2026-11-02,4501,Paid
14070,3237,2026-09-26,2763,Paid
14071,3237,2026-10-01,2763,Paid
11778,3238,2026-07-31,2548,Paid
11779,3238,2026-08-01,2548,Paid
11780,3238,2026-09-01,2548,Paid
11781,3238,2026-10-01,2548,Paid
11782,3238,2026-11-01,2548,Pending
11783,3238,2026-12-01,2548,Paid
15675,3239,2026-10-31,3020,Overdue
15676,3239,2026-11-04,3020,Paid
15677,3239,2026-12-01,3020,Paid
8161,3240,2026-04-08,3533,Paid
8162,3240,2026-05-01,3533,Paid
8163,3240,2026-06-04,3533,Overdue
8164,3240,2026-07-01,3533,Paid
8165,3240,2026-07-30,3533,Overdue
8166,3240,2026-09-01,3533,Paid
8167,3240,2026-10-01,3533,Paid
8168,3240,2026-11-01,3533,Paid
8169,3240,2026-12-01,3533,Paid
14696,3241,2026-10-12,2527,Paid
14697,3241,2026-11-04,2527,Paid
14698,3241,2026-12-02,2527,Paid
6112,3242,2026-01-22,3784,Overdue
6113,3242,2026-02-04,3784,Paid
6114,3242,2026-03-01,3784,Paid
14171,3243,2026-09-29,3457,Paid
14172,3243,2026-10-01,3457,Paid
14173,3243,2026-11-01,3457,Paid
14174,3243,2026-12-01,3457,Paid
13087,3244,2026-09-01,4312,Overdue
13088,3244,2026-10-02,4312,Failed
3668,3245,2025-09-19,3223,Paid
3669,3245,2025-10-01,3223,Paid
3670,3245,2025-11-02,3223,Paid
3671,3245,2025-12-01,3223,Paid
3672,3245,2026-01-02,3223,Paid
3673,3245,2026-01-30,3223,Paid
3674,3245,2026-03-01,3223,Paid
3675,3245,2026-04-01,3223,Overdue
3676,3245,2026-05-03,3223,Paid
3677,3245,2026-06-01,3223,Paid
3678,3245,2026-07-06,3223,Overdue
3679,3245,2026-08-01,3223,Paid
3680,3245,2026-09-01,3223,Paid
14471,3246,2026-10-07,3783,Paid
14472,3246,2026-11-01,3783,Pending
14473,3246,2026-12-01,3783,Paid
9406,3247,2026-05-19,3069,Paid
9407,3247,2026-06-01,3069,Paid
9408,3247,2026-07-01,3069,Paid
9409,3247,2026-08-01,3069,Paid
9410,3247,2026-09-01,3069,Paid
9411,3247,2026-10-02,3069,Paid
9412,3247,2026-11-02,3069,Paid
15328,3248,2026-10-25,2719,Paid
15329,3248,2026-11-02,2719,Paid
2090,3249,2025-05-21,3086,Paid
2091,3249,2025-06-06,3086,Paid
2092,3249,2025-07-03,3086,Overdue
2093,3249,2025-08-04,3086,Paid
2094,3249,2025-09-01,3086,Paid
2095,3249,2025-10-02,3086,Paid
2096,3249,2025-11-01,3086,Paid
15852,3250,2026-11-09,2527,Pending
15853,3250,2026-12-01,2527,Paid
12251,3251,2026-08-12,3274,Paid
12252,3251,2026-09-01,3274,Paid
12253,3251,2026-10-01,3274,Paid
12254,3251,2026-11-03,3274,Paid
12255,3251,2026-12-06,3274,Paid
2306,3252,2025-06-02,3335,Pending
2307,3252,2025-07-01,3335,Paid
8037,3253,2026-04-03,3273,Paid
8038,3253,2026-05-01,3273,Failed
10891,3254,2026-07-07,2753,Paid
10892,3254,2026-08-01,2753,Paid
10893,3254,2026-09-04,2753,Pending
10894,3254,2026-09-30,2753,Paid
8833,3255,2026-05-03,4241,Paid
8834,3255,2026-06-01,4241,Paid
15864,3256,2026-11-11,4221,Paid
15865,3256,2026-12-01,4221,Paid
9816,3257,2026-06-02,3366,Paid
9817,3257,2026-07-01,3366,Paid
9818,3257,2026-08-04,3366,Pending
9819,3257,2026-09-04,3366,Pending
9820,3257,2026-10-03,3366,Paid
9821,3257,2026-11-03,3366,Paid
9822,3257,2026-12-01,3366,Paid
9052,3258,2026-05-07,2549,Paid
9053,3258,2026-06-01,2549,Pending
9054,3258,2026-07-01,2549,Paid
9055,3258,2026-08-01,2549,Paid
6973,3259,2026-02-28,3014,Paid
6974,3259,2026-02-28,3014,Pending
6975,3259,2026-04-03,3014,Paid
6976,3259,2026-05-01,3014,Paid
6977,3259,2026-06-02,3014,Overdue
6978,3259,2026-07-01,3014,Overdue
6979,3259,2026-08-08,3014,Paid
6980,3259,2026-09-03,3014,Paid
6981,3259,2026-10-01,3014,Paid
6982,3259,2026-10-31,3014,Paid
6983,3259,2026-12-03,3014,Paid
11679,3260,2026-07-29,3043,Pending
11680,3260,2026-07-30,3043,Paid
11244,3261,2026-07-17,2730,Paid
11245,3261,2026-08-06,2730,Paid
15754,3262,2026-11-03,2870,Paid
15755,3262,2026-12-02,2870,Paid
6279,3263,2026-01-28,2575,Paid
6280,3263,2026-02-01,2575,Paid
6281,3263,2026-02-28,2575,Paid
13803,3264,2026-09-21,4526,Failed
13804,3264,2026-10-01,4526,Paid
13805,3264,2026-11-01,4526,Overdue
13806,3264,2026-12-06,4526,Paid
5228,3265,2025-12-14,3665,Pending
5229,3265,2026-01-06,3665,Paid
13300,3266,2026-09-07,3402,Pending
13301,3266,2026-10-04,3402,Paid
13302,3266,2026-11-04,3402,Paid
13303,3266,2026-12-03,3402,Paid
14246,3267,2026-09-30,3701,Paid
14247,3267,2026-10-01,3701,Paid
14248,3267,2026-11-02,3701,Paid
14249,3267,2026-12-01,3701,Paid
14086,3268,2026-09-26,2706,Paid
14087,3268,2026-10-02,2706,Paid
14088,3268,2026-11-01,2706,Paid
14089,3268,2026-12-01,2706,Paid
11752,3269,2026-07-30,3614,Paid
11753,3269,2026-08-01,3614,Paid
15055,3270,2026-10-20,3720,Failed
15056,3270,2026-11-02,3720,Paid
15057,3270,2026-12-01,3720,Paid
10792,3271,2026-07-04,4885,Overdue
10793,3271,2026-08-01,4885,Paid
16092,3272,2026-12-24,3957,Paid
14776,3273,2026-10-14,3404,Paid
14777,3273,2026-11-01,3404,Paid
14778,3273,2026-12-01,3404,Paid
14796,3274,2026-10-15,4262,Paid
14797,3274,2026-11-01,4262,Paid
14798,3274,2026-12-01,4262,Paid
13119,3275,2026-09-02,4062,Paid
13120,3275,2026-10-02,4062,Failed
13121,3275,2026-11-03,4062,Paid
13122,3275,2026-12-01,4062,Paid
12547,3276,2026-08-19,2868,Paid
12548,3276,2026-09-01,2868,Paid
12549,3276,2026-10-02,2868,Paid
12550,3276,2026-11-01,2868,Paid
12551,3276,2026-12-06,2868,Overdue
4135,3277,2025-10-12,3195,Overdue
4136,3277,2025-10-31,3195,Paid
4137,3277,2025-12-04,3195,Paid
4138,3277,2026-01-01,3195,Paid
4139,3277,2026-02-01,3195,Paid
4140,3277,2026-03-02,3195,Paid
4141,3277,2026-04-01,3195,Pending
2426,3278,2025-06-12,2703,Overdue
2427,3278,2025-07-01,2703,Paid
12807,3279,2026-08-26,4248,Paid
12808,3279,2026-09-01,4248,Paid
12809,3279,2026-10-08,4248,Paid
12810,3279,2026-11-01,4248,Paid
16032,3280,2026-12-11,4456,Paid
10098,3281,2026-06-10,4776,Paid
10099,3281,2026-07-01,4776,Paid
10100,3281,2026-08-01,4776,Paid
10101,3281,2026-09-01,4776,Paid
10102,3281,2026-10-01,4776,Paid
10103,3281,2026-11-02,4776,Paid
10104,3281,2026-12-01,4776,Paid
6786,3282,2026-02-19,2368,Paid
6787,3282,2026-03-03,2368,Paid
6788,3282,2026-04-02,2368,Paid
6789,3282,2026-05-01,2368,Overdue
6790,3282,2026-06-01,2368,Paid
6791,3282,2026-07-01,2368,Paid
6792,3282,2026-08-01,2368,Paid
6793,3282,2026-09-06,2368,Paid
6794,3282,2026-10-01,2368,Paid
6795,3282,2026-11-01,2368,Paid
6796,3282,2026-11-30,2368,Paid
14491,3283,2026-10-07,4015,Paid
14492,3283,2026-11-03,4015,Paid
14493,3283,2026-12-01,4015,Paid
14273,3284,2026-10-01,2539,Paid
14274,3284,2026-11-01,2539,Paid
4730,3285,2025-11-15,3560,Overdue
4731,3285,2025-12-01,3560,Failed
4732,3285,2026-01-01,3560,Paid
15104,3286,2026-10-21,4964,Failed
15105,3286,2026-11-01,4964,Paid
7937,3287,2026-03-31,3554,Paid
7938,3287,2026-04-01,3554,Paid
7939,3287,2026-05-01,3554,Paid
15664,3288,2026-10-30,3206,Paid
15665,3288,2026-11-03,3206,Paid
15746,3289,2026-11-02,3189,Paid
15747,3289,2026-12-01,3189,Paid
15064,3290,2026-10-20,4156,Failed
15065,3290,2026-11-01,4156,Paid
15066,3290,2026-12-02,4156,Paid
13239,3291,2026-09-05,2843,Overdue
13240,3291,2026-10-01,2843,Paid
13241,3291,2026-11-01,2843,Paid
13242,3291,2026-12-04,2843,Paid
15834,3292,2026-11-08,3035,Paid
15835,3292,2026-12-01,3035,Paid
15263,3293,2026-10-24,3554,Paid
15264,3293,2026-11-01,3554,Paid
15265,3293,2026-12-02,3554,Paid
15203,3294,2026-10-23,4994,Paid
15204,3294,2026-11-01,4994,Paid
2437,3295,2025-06-15,3427,Paid
2438,3295,2025-07-01,3427,Paid
14133,3296,2026-09-27,2982,Paid
14134,3296,2026-10-01,2982,Paid
14135,3296,2026-11-01,2982,Paid
14136,3296,2026-12-01,2982,Overdue
3569,3297,2025-09-11,2104,Paid
3570,3297,2025-10-02,2104,Paid
3571,3297,2025-11-02,2104,Paid
9580,3298,2026-05-24,4545,Paid
9581,3298,2026-06-01,4545,Paid
9582,3298,2026-07-02,4545,Paid
10650,3299,2026-06-29,3261,Paid
10651,3299,2026-07-01,3261,Paid
10652,3299,2026-08-01,3261,Failed
10653,3299,2026-09-03,3261,Paid
10145,3300,2026-06-13,3026,Paid
10146,3300,2026-07-06,3026,Paid
10147,3300,2026-08-04,3026,Paid
13690,3301,2026-09-18,2503,Paid
13691,3301,2026-10-01,2503,Paid
13692,3301,2026-11-01,2503,Paid
13693,3301,2026-11-29,2503,Overdue
5071,3302,2025-12-02,3608,Paid
5072,3302,2026-01-01,3608,Paid
5073,3302,2026-02-01,3608,Paid
5074,3302,2026-03-01,3608,Paid
5695,3303,2026-01-06,4130,Overdue
5696,3303,2026-02-01,4130,Overdue
5697,3303,2026-03-03,4130,Paid
5698,3303,2026-04-01,4130,Paid
5699,3303,2026-05-01,4130,Paid
5700,3303,2026-06-01,4130,Paid
5701,3303,2026-07-01,4130,Paid
12466,3304,2026-08-16,3908,Paid
12467,3304,2026-09-01,3908,Paid
12468,3304,2026-10-01,3908,Paid
12469,3304,2026-11-04,3908,Paid
12470,3304,2026-12-03,3908,Overdue
11764,3305,2026-07-30,2734,Paid
11765,3305,2026-07-31,2734,Paid
11766,3305,2026-09-02,2734,Paid
11767,3305,2026-10-01,2734,Pending
9604,3306,2026-05-25,3329,Paid
9605,3306,2026-06-01,3329,Paid
9606,3306,2026-07-01,3329,Paid
11473,3307,2026-07-22,2793,Paid
11474,3307,2026-08-01,2793,Paid
14063,3308,2026-09-26,4812,Paid
14064,3308,2026-10-01,4812,Paid
14065,3308,2026-11-01,4812,Pending
14066,3308,2026-11-30,4812,Paid
2229,3309,2025-05-26,4377,Pending
2230,3309,2025-06-04,4377,Paid
2231,3309,2025-07-01,4377,Paid
2232,3309,2025-08-01,4377,Paid
2233,3309,2025-09-01,4377,Paid
2234,3309,2025-10-01,4377,Paid
2235,3309,2025-11-01,4377,Paid
2236,3309,2025-12-01,4377,Pending
2237,3309,2026-01-06,4377,Paid
2238,3309,2026-02-01,4377,Paid
2239,3309,2026-03-01,4377,Paid
2240,3309,2026-04-01,4377,Paid
2241,3309,2026-05-01,4377,Paid
15533,3310,2026-10-28,2966,Paid
15534,3310,2026-10-30,2966,Paid
15535,3310,2026-12-01,2966,Paid
15530,3311,2026-10-28,3465,Paid
15531,3311,2026-10-31,3465,Overdue
15532,3311,2026-12-02,3465,Paid
10598,3312,2026-06-28,4163,Paid
10599,3312,2026-06-30,4163,Paid
10600,3312,2026-07-31,4163,Paid
14589,3313,2026-10-09,2896,Paid
14590,3313,2026-11-01,2896,Paid
14591,3313,2026-12-01,2896,Paid
12157,3314,2026-08-10,2216,Paid
12158,3314,2026-09-03,2216,Paid
12159,3314,2026-10-01,2216,Paid
12160,3314,2026-11-01,2216,Paid
12161,3314,2026-12-01,2216,Overdue
2741,3315,2025-07-10,4122,Paid
2742,3315,2025-08-01,4122,Pending
2743,3315,2025-09-01,4122,Paid
2744,3315,2025-09-30,4122,Paid
7377,3316,2026-03-12,3852,Paid
7378,3316,2026-04-01,3852,Paid
7379,3316,2026-05-01,3852,Paid
7380,3316,2026-06-01,3852,Paid
7381,3316,2026-07-01,3852,Paid
7382,3316,2026-07-30,3852,Paid
7383,3316,2026-09-01,3852,Failed
237,3317,2024-08-27,3891,Paid
238,3317,2024-09-01,3891,Paid
239,3317,2024-10-01,3891,Paid
240,3317,2024-11-02,3891,Paid
5184,3318,2025-12-10,2974,Paid
5185,3318,2026-01-01,2974,Paid
5186,3318,2026-02-04,2974,Paid
5187,3318,2026-03-08,2974,Pending
5188,3318,2026-04-01,2974,Overdue
5189,3318,2026-05-01,2974,Paid
5190,3318,2026-06-01,2974,Paid
15155,3319,2026-10-22,2930,Paid
15156,3319,2026-11-01,2930,Overdue
15157,3319,2026-12-04,2930,Paid
14903,3320,2026-10-17,2324,Paid
14904,3320,2026-11-01,2324,Paid
14120,3321,2026-09-27,3200,Paid
14121,3321,2026-10-01,3200,Paid
14122,3321,2026-11-03,3200,Paid
14123,3321,2026-12-01,3200,Paid
15519,3322,2026-10-28,4751,Paid
15520,3322,2026-11-01,4751,Paid
9128,3323,2026-05-09,3168,Paid
9129,3323,2026-06-01,3168,Paid
15073,3324,2026-10-20,2807,Paid
15074,3324,2026-11-02,2807,Paid
15075,3324,2026-12-01,2807,Paid
7603,3325,2026-03-18,2953,Paid
7604,3325,2026-04-03,2953,Paid
7605,3325,2026-05-02,2953,Paid
7606,3325,2026-06-08,2953,Paid
7607,3325,2026-07-06,2953,Paid
7608,3325,2026-08-01,2953,Paid
7609,3325,2026-09-03,2953,Overdue
7610,3325,2026-10-01,2953,Paid
7611,3325,2026-11-01,2953,Paid
7612,3325,2026-12-01,2953,Paid
8987,3326,2026-05-05,2784,Overdue
8988,3326,2026-06-01,2784,Paid
8236,3327,2026-04-11,3891,Paid
8237,3327,2026-05-01,3891,Paid
8238,3327,2026-06-01,3891,Paid
8239,3327,2026-07-02,3891,Paid
15076,3328,2026-10-20,2659,Paid
15077,3328,2026-10-31,2659,Paid
15078,3328,2026-12-01,2659,Paid
15000,3329,2026-10-19,4268,Paid
15001,3329,2026-11-01,4268,Paid
15002,3329,2026-11-29,4268,Paid
7564,3330,2026-03-18,2796,Paid
7565,3330,2026-04-01,2796,Overdue
7566,3330,2026-05-01,2796,Paid
7567,3330,2026-06-01,2796,Paid
7568,3330,2026-07-01,2796,Paid
7569,3330,2026-08-01,2796,Paid
7570,3330,2026-09-01,2796,Pending
7571,3330,2026-10-01,2796,Overdue
7572,3330,2026-11-01,2796,Paid
7573,3330,2026-12-02,2796,Paid
6775,3331,2026-02-19,3231,Paid
6776,3331,2026-03-01,3231,Paid
6777,3331,2026-04-01,3231,Paid
6778,3331,2026-05-01,3231,Overdue
6779,3331,2026-06-01,3231,Paid
6780,3331,2026-07-01,3231,Paid
6781,3331,2026-08-01,3231,Paid
6782,3331,2026-09-03,3231,Paid
6783,3331,2026-10-01,3231,Paid
6784,3331,2026-11-01,3231,Paid
6785,3331,2026-12-01,3231,Paid
16149,3332,2026-12-30,3664,Paid
2618,3333,2025-06-24,3232,Paid
2619,3333,2025-07-01,3232,Paid
2620,3333,2025-08-01,3232,Paid
2621,3333,2025-09-01,3232,Paid
928,3334,2025-01-11,2580,Paid
929,3334,2025-02-01,2580,Paid
930,3334,2025-03-01,2580,Paid
931,3334,2025-04-01,2580,Failed
932,3334,2025-05-02,2580,Paid
933,3334,2025-06-01,2580,Paid
934,3334,2025-07-01,2580,Paid
14001,3335,2026-09-24,3320,Paid
14002,3335,2026-10-01,3320,Overdue
14003,3335,2026-11-01,3320,Overdue
11942,3336,2026-08-03,3747,Pending
11943,3336,2026-09-01,3747,Paid
11944,3336,2026-09-30,3747,Paid
11945,3336,2026-10-31,3747,Paid
11946,3336,2026-12-01,3747,Paid
5657,3337,2026-01-03,2423,Paid
5658,3337,2026-02-01,2423,Paid
5659,3337,2026-02-28,2423,Paid
5660,3337,2026-04-01,2423,Paid
5661,3337,2026-05-01,2423,Paid
5662,3337,2026-06-01,2423,Paid
5663,3337,2026-07-03,2423,Paid
5664,3337,2026-08-04,2423,Paid
5665,3337,2026-09-01,2423,Paid
5666,3337,2026-09-29,2423,Paid
5667,3337,2026-11-01,2423,Paid
5668,3337,2026-12-01,2423,Paid
13787,3338,2026-09-21,3843,Paid
13788,3338,2026-10-01,3843,Paid
13789,3338,2026-11-01,3843,Paid
13790,3338,2026-12-01,3843,Overdue
4803,3339,2025-11-21,3023,Paid
4804,3339,2025-12-01,3023,Paid
4805,3339,2026-01-08,3023,Paid
7192,3340,2026-03-07,3375,Paid
7193,3340,2026-04-01,3375,Pending
7194,3340,2026-05-01,3375,Paid
4083,3341,2025-10-08,2628,Paid
4084,3341,2025-11-01,2628,Paid
15621,3342,2026-10-30,4658,Pending
15622,3342,2026-11-01,4658,Paid
15623,3342,2026-12-01,4658,Paid
7630,3343,2026-03-20,3856,Paid
7631,3343,2026-04-02,3856,Paid
7632,3343,2026-05-01,3856,Paid
7633,3343,2026-06-02,3856,Paid
9744,3344,2026-05-31,3650,Paid
9745,3344,2026-06-01,3650,Overdue
9746,3344,2026-07-03,3650,Paid
7384,3345,2026-03-13,3237,Paid
7385,3345,2026-04-01,3237,Paid
7386,3345,2026-04-30,3237,Paid
7387,3345,2026-06-01,3237,Paid
8285,3346,2026-04-13,4138,Paid
8286,3346,2026-05-01,4138,Paid
8287,3346,2026-06-04,4138,Paid
8288,3346,2026-07-01,4138,Paid
8289,3346,2026-08-08,4138,Paid
8290,3346,2026-09-01,4138,Paid
8291,3346,2026-10-01,4138,Paid
8292,3346,2026-11-01,4138,Overdue
8293,3346,2026-12-03,4138,Paid
14008,3347,2026-09-24,2070,Paid
14009,3347,2026-10-01,2070,Paid
10210,3348,2026-06-16,3472,Paid
10211,3348,2026-07-02,3472,Paid
10212,3348,2026-08-02,3472,Paid
10213,3348,2026-09-02,3472,Paid
10214,3348,2026-10-01,3472,Paid
10215,3348,2026-11-02,3472,Pending
10216,3348,2026-12-01,3472,Paid
8260,3349,2026-04-12,3710,Paid
8261,3349,2026-05-01,3710,Paid
8262,3349,2026-06-01,3710,Paid
8263,3349,2026-07-01,3710,Paid
8264,3349,2026-08-02,3710,Paid
8265,3349,2026-09-04,3710,Paid
8266,3349,2026-10-01,3710,Paid
8267,3349,2026-11-01,3710,Paid
8268,3349,2026-12-03,3710,Paid
7783,3350,2026-03-24,3326,Pending
7784,3350,2026-04-02,3326,Paid
7785,3350,2026-05-01,3326,Paid
7786,3350,2026-05-30,3326,Pending
7787,3350,2026-07-01,3326,Paid
7788,3350,2026-08-01,3326,Paid
7789,3350,2026-09-04,3326,Paid
7790,3350,2026-10-02,3326,Paid
7791,3350,2026-10-31,3326,Paid
7792,3350,2026-11-30,3326,Paid
5948,3351,2026-01-16,4808,Pending
5949,3351,2026-02-04,4808,Paid
5950,3351,2026-03-04,4808,Paid
5951,3351,2026-04-06,4808,Paid
14702,3352,2026-10-12,2521,Paid
14703,3352,2026-11-01,2521,Pending
14704,3352,2026-12-04,2521,Paid
13901,3353,2026-09-23,2665,Paid
13902,3353,2026-10-01,2665,Paid
13903,3353,2026-11-01,2665,Paid
13904,3353,2026-12-02,2665,Overdue
13799,3354,2026-09-21,3374,Paid
13800,3354,2026-10-01,3374,Paid
13801,3354,2026-11-06,3374,Paid
13802,3354,2026-12-02,3374,Paid
12931,3355,2026-08-29,2997,Paid
12932,3355,2026-09-01,2997,Overdue
11861,3356,2026-08-01,2733,Overdue
11862,3356,2026-09-01,2733,Paid
11863,3356,2026-10-03,2733,Paid
11864,3356,2026-11-01,2733,Pending
11865,3356,2026-11-30,2733,Paid
367,3357,2024-09-21,2757,Paid
368,3357,2024-10-08,2757,Paid
369,3357,2024-11-01,2757,Overdue
370,3357,2024-12-03,2757,Paid
10005,3358,2026-06-08,3433,Paid
10006,3358,2026-07-03,3433,Pending
10007,3358,2026-08-01,3433,Paid
10008,3358,2026-09-01,3433,Overdue
10009,3358,2026-10-04,3433,Failed
10010,3358,2026-11-03,3433,Overdue
10011,3358,2026-12-01,3433,Pending
14819,3359,2026-10-15,3336,Pending
14820,3359,2026-11-01,3336,Paid
12346,3360,2026-08-14,3862,Paid
12347,3360,2026-09-01,3862,Paid
12348,3360,2026-10-01,3862,Pending
12349,3360,2026-11-01,3862,Paid
12350,3360,2026-12-02,3862,Paid
2998,3361,2025-08-02,2724,Paid
2999,3361,2025-09-01,2724,Overdue
3000,3361,2025-09-29,2724,Paid
3001,3361,2025-11-01,2724,Pending
3002,3361,2025-12-06,2724,Failed
3003,3361,2025-12-31,2724,Pending
3004,3361,2026-02-01,2724,Paid
3005,3361,2026-03-01,2724,Paid
3006,3361,2026-04-08,2724,Overdue
3007,3361,2026-05-01,2724,Paid
3008,3361,2026-06-01,2724,Pending
3009,3361,2026-07-01,2724,Paid
3010,3361,2026-07-31,2724,Paid
6483,3362,2026-02-06,3875,Pending
6484,3362,2026-03-01,3875,Overdue
6485,3362,2026-04-01,3875,Paid
6486,3362,2026-05-01,3875,Paid
6487,3362,2026-06-02,3875,Paid
6488,3362,2026-07-04,3875,Paid
6489,3362,2026-08-03,3875,Paid
6490,3362,2026-09-06,3875,Overdue
6491,3362,2026-10-01,3875,Pending
6492,3362,2026-11-03,3875,Paid
6493,3362,2026-12-01,3875,Paid
1895,3363,2025-04-29,3229,Paid
1896,3363,2025-05-01,3229,Paid
1897,3363,2025-06-01,3229,Failed
1898,3363,2025-07-02,3229,Overdue
1899,3363,2025-08-01,3229,Paid
1900,3363,2025-09-02,3229,Paid
1901,3363,2025-10-01,3229,Paid
1902,3363,2025-11-01,3229,Paid
1903,3363,2025-12-01,3229,Paid
1904,3363,2025-12-31,3229,Paid
1905,3363,2026-02-02,3229,Paid
1906,3363,2026-03-01,3229,Pending
1907,3363,2026-04-01,3229,Paid
1908,3363,2026-05-01,3229,Paid
1909,3363,2026-06-01,3229,Paid
1910,3363,2026-07-01,3229,Paid
1911,3363,2026-08-01,3229,Paid
1912,3363,2026-09-01,3229,Paid
1913,3363,2026-10-01,3229,Paid
10539,3364,2026-06-26,3769,Paid
10540,3364,2026-07-02,3769,Paid
10541,3364,2026-07-31,3769,Paid
10542,3364,2026-09-01,3769,Paid
10543,3364,2026-10-01,3769,Paid
10544,3364,2026-11-02,3769,Paid
10545,3364,2026-12-01,3769,Paid
7513,3365,2026-03-16,2602,Paid
7514,3365,2026-04-03,2602,Paid
7515,3365,2026-05-04,2602,Paid
7516,3365,2026-06-01,2602,Paid
7517,3365,2026-07-01,2602,Overdue
7518,3365,2026-08-01,2602,Paid
7519,3365,2026-09-02,2602,Paid
7520,3365,2026-10-03,2602,Paid
7521,3365,2026-11-01,2602,Overdue
7522,3365,2026-11-30,2602,Pending
14325,3366,2026-10-03,2704,Paid
14326,3366,2026-11-04,2704,Paid
14327,3366,2026-12-02,2704,Paid
5901,3367,2026-01-13,3907,Paid
5902,3367,2026-02-03,3907,Pending
5903,3367,2026-03-01,3907,Paid
5904,3367,2026-04-02,3907,Paid
5379,3368,2025-12-22,4116,Paid
5380,3368,2026-01-01,4116,Paid
5759,3369,2026-01-08,2520,Paid
5760,3369,2026-02-01,2520,Paid
14613,3370,2026-10-10,2556,Paid
14614,3370,2026-11-04,2556,Paid
14615,3370,2026-12-01,2556,Paid
13606,3371,2026-09-15,2398,Paid
13607,3371,2026-10-01,2398,Paid
14204,3372,2026-09-29,3550,Paid
14205,3372,2026-10-01,3550,Paid
14206,3372,2026-11-02,3550,Paid
13199,3373,2026-09-05,2746,Paid
13200,3373,2026-10-01,2746,Paid
1108,3374,2025-02-13,2826,Paid
1109,3374,2025-03-01,2826,Paid
11794,3375,2026-07-31,3094,Paid
11795,3375,2026-07-31,3094,Paid
11796,3375,2026-09-01,3094,Paid
11797,3375,2026-10-03,3094,Pending
11798,3375,2026-11-08,3094,Failed
11799,3375,2026-12-02,3094,Overdue
9917,3376,2026-06-04,3117,Paid
9918,3376,2026-07-01,3117,Paid
946,3377,2025-01-16,2935,Failed
947,3377,2025-02-02,2935,Overdue
948,3377,2025-03-01,2935,Paid
949,3377,2025-04-01,2935,Paid
950,3377,2025-05-03,2935,Paid
951,3377,2025-06-01,2935,Paid
952,3377,2025-07-01,2935,Paid
953,3377,2025-08-01,2935,Paid
954,3377,2025-09-01,2935,Paid
955,3377,2025-10-02,2935,Overdue
956,3377,2025-11-06,2935,Paid
957,3377,2025-12-01,2935,Paid
958,3377,2026-01-01,2935,Paid
12009,3378,2026-08-06,4485,Paid
12010,3378,2026-09-02,4485,Overdue
14936,3379,2026-10-18,3372,Paid
14937,3379,2026-11-02,3372,Paid
14938,3379,2026-12-01,3372,Paid
16100,3380,2026-12-25,4641,Paid
118,3381,2024-07-02,2774,Paid
119,3381,2024-08-01,2774,Paid
120,3381,2024-09-01,2774,Paid
121,3381,2024-10-02,2774,Paid
122,3381,2024-11-03,2774,Paid
123,3381,2024-12-01,2774,Paid
124,3381,2025-01-01,2774,Paid
15615,3382,2026-10-30,4472,Paid
15616,3382,2026-11-01,4472,Paid
15617,3382,2026-12-02,4472,Paid
8301,3383,2026-04-13,2696,Paid
8302,3383,2026-05-03,2696,Paid
13281,3384,2026-09-07,2982,Paid
13282,3384,2026-10-01,2982,Pending
13283,3384,2026-11-01,2982,Paid
13284,3384,2026-12-01,2982,Paid
12778,3385,2026-08-25,3550,Paid
12779,3385,2026-09-01,3550,Paid
12780,3385,2026-10-01,3550,Paid
12781,3385,2026-11-01,3550,Paid
12782,3385,2026-12-01,3550,Paid
11070,3386,2026-07-11,2710,Paid
11071,3386,2026-08-03,2710,Paid
11072,3386,2026-09-01,2710,Paid
11073,3386,2026-10-04,2710,Paid
11074,3386,2026-10-30,2710,Paid
11075,3386,2026-12-01,2710,Paid
8478,3387,2026-04-19,3620,Paid
8479,3387,2026-05-04,3620,Paid
8480,3387,2026-06-02,3620,Paid
8481,3387,2026-07-01,3620,Paid
8482,3387,2026-08-01,3620,Paid
8483,3387,2026-09-01,3620,Paid
8484,3387,2026-10-01,3620,Paid
12537,3388,2026-08-18,2528,Paid
12538,3388,2026-09-01,2528,Paid
12539,3388,2026-10-01,2528,Paid
12540,3388,2026-11-01,2528,Paid
14480,3389,2026-10-07,3884,Paid
14481,3389,2026-11-01,3884,Paid
14482,3389,2026-12-01,3884,Paid
9954,3390,2026-06-06,4112,Paid
9955,3390,2026-07-04,4112,Paid
9956,3390,2026-07-31,4112,Failed
2211,3391,2025-05-24,2485,Paid
2212,3391,2025-06-01,2485,Paid
2213,3391,2025-07-01,2485,Paid
2214,3391,2025-08-01,2485,Overdue
2215,3391,2025-09-01,2485,Paid
2216,3391,2025-10-01,2485,Paid
2217,3391,2025-11-01,2485,Paid
16108,3392,2026-12-26,3195,Paid
5799,3393,2026-01-09,3714,Paid
5800,3393,2026-02-01,3714,Paid
5801,3393,2026-03-02,3714,Paid
5802,3393,2026-04-01,3714,Paid
5803,3393,2026-05-01,3714,Pending
5804,3393,2026-06-03,3714,Paid
5805,3393,2026-06-29,3714,Paid
5806,3393,2026-08-01,3714,Paid
5807,3393,2026-09-01,3714,Paid
5808,3393,2026-10-01,3714,Paid
5809,3393,2026-11-02,3714,Paid
5810,3393,2026-12-01,3714,Paid
15456,3394,2026-10-27,3774,Paid
15457,3394,2026-11-03,3774,Paid
8596,3395,2026-04-25,2515,Paid
8597,3395,2026-05-01,2515,Pending
8598,3395,2026-06-01,2515,Paid
8791,3396,2026-05-01,3528,Paid
8792,3396,2026-06-01,3528,Paid
8793,3396,2026-07-06,3528,Paid
8794,3396,2026-08-01,3528,Paid
8795,3396,2026-09-01,3528,Paid
8796,3396,2026-10-01,3528,Paid
8797,3396,2026-11-08,3528,Paid
16115,3397,2026-12-26,3301,Paid
11123,3398,2026-07-14,2422,Paid
11124,3398,2026-08-04,2422,Paid
11125,3398,2026-09-01,2422,Paid
11126,3398,2026-10-04,2422,Paid
11127,3398,2026-11-01,2422,Paid
11128,3398,2026-12-01,2422,Paid
14610,3399,2026-10-10,2053,Pending
14611,3399,2026-11-01,2053,Paid
14612,3399,2026-12-01,2053,Paid
15190,3400,2026-10-23,3640,Paid
15191,3400,2026-11-01,3640,Paid
6559,3401,2026-02-10,3115,Paid
6560,3401,2026-03-01,3115,Pending
6561,3401,2026-04-01,3115,Overdue
6562,3401,2026-05-01,3115,Paid
6563,3401,2026-06-01,3115,Paid
6564,3401,2026-06-29,3115,Paid
6565,3401,2026-08-01,3115,Paid
6566,3401,2026-09-01,3115,Paid
6567,3401,2026-10-01,3115,Paid
6568,3401,2026-11-01,3115,Paid
6569,3401,2026-11-29,3115,Paid
11275,3402,2026-07-18,2556,Paid
11276,3402,2026-08-01,2556,Paid
11277,3402,2026-09-01,2556,Pending
11278,3402,2026-10-01,2556,Paid
11279,3402,2026-11-01,2556,Paid
11280,3402,2026-11-30,2556,Paid
15715,3403,2026-10-31,2613,Paid
15716,3403,2026-11-01,2613,Paid
15717,3403,2026-12-01,2613,Failed
15431,3404,2026-10-26,3354,Paid
15432,3404,2026-11-04,3354,Paid
15433,3404,2026-12-02,3354,Paid
12303,3405,2026-08-13,3175,Paid
12304,3405,2026-09-01,3175,Paid
12305,3405,2026-10-04,3175,Paid
12306,3405,2026-11-02,3175,Overdue
12307,3405,2026-12-01,3175,Paid
5309,3406,2025-12-20,2976,Paid
5310,3406,2026-01-01,2976,Paid
5311,3406,2026-02-03,2976,Failed
5312,3406,2026-03-01,2976,Paid
1475,3407,2025-03-17,2700,Paid
1476,3407,2025-04-06,2700,Paid
1477,3407,2025-05-01,2700,Paid
1478,3407,2025-06-01,2700,Paid
1479,3407,2025-07-01,2700,Paid
1480,3407,2025-08-01,2700,Paid
1481,3407,2025-09-02,2700,Paid
11506,3408,2026-07-23,2291,Overdue
11507,3408,2026-08-01,2291,Paid
11508,3408,2026-09-08,2291,Pending
11509,3408,2026-10-01,2291,Paid
3878,3409,2025-09-28,2760,Paid
3879,3409,2025-10-01,2760,Paid
3880,3409,2025-11-01,2760,Overdue
3881,3409,2025-12-01,2760,Paid
14334,3410,2026-10-03,4730,Paid
14335,3410,2026-11-01,4730,Paid
14336,3410,2026-12-01,4730,Overdue
12800,3411,2026-08-25,3063,Paid
12801,3411,2026-08-30,3063,Pending
12802,3411,2026-10-08,3063,Paid
12803,3411,2026-10-30,3063,Paid
12804,3411,2026-12-06,3063,Paid
11395,3412,2026-07-21,2548,Paid
11396,3412,2026-08-04,2548,Paid
11397,3412,2026-09-03,2548,Paid
8530,3413,2026-04-22,3029,Paid
8531,3413,2026-05-01,3029,Paid
8532,3413,2026-06-01,3029,Paid
13488,3414,2026-09-12,2878,Paid
13489,3414,2026-10-01,2878,Paid
14752,3415,2026-10-13,2723,Paid
14753,3415,2026-11-01,2723,Paid
14754,3415,2026-11-29,2723,Paid
4865,3416,2025-11-23,3046,Paid
4866,3416,2025-11-30,3046,Paid
4867,3416,2026-01-01,3046,Pending
13768,3417,2026-09-20,3507,Pending
13769,3417,2026-10-01,3507,Pending
12717,3418,2026-08-23,2656,Paid
12718,3418,2026-09-01,2656,Paid
12719,3418,2026-10-01,2656,Paid
12720,3418,2026-11-01,2656,Paid
12721,3418,2026-12-01,2656,Paid
15182,3419,2026-10-23,2109,Paid
15183,3419,2026-11-01,2109,Paid
15184,3419,2026-12-01,2109,Pending
10685,3420,2026-06-30,3023,Paid
10686,3420,2026-07-01,3023,Paid
10687,3420,2026-08-04,3023,Paid
10688,3420,2026-09-01,3023,Paid
10689,3420,2026-10-01,3023,Paid
10690,3420,2026-11-01,3023,Paid
10691,3420,2026-12-01,3023,Overdue
11443,3421,2026-07-22,3752,Paid
11444,3421,2026-08-01,3752,Overdue
11445,3421,2026-09-01,3752,Paid
11446,3421,2026-10-01,3752,Overdue
6797,3422,2026-02-19,3495,Paid
6798,3422,2026-03-01,3495,Paid
6799,3422,2026-04-04,3495,Paid
6800,3422,2026-05-02,3495,Paid
6801,3422,2026-06-01,3495,Paid
6802,3422,2026-07-02,3495,Overdue
6803,3422,2026-08-01,3495,Pending
6804,3422,2026-09-01,3495,Paid
6805,3422,2026-10-01,3495,Paid
6806,3422,2026-10-31,3495,Paid
6807,3422,2026-12-01,3495,Paid
5702,3423,2026-01-06,3005,Pending
5703,3423,2026-02-01,3005,Failed
5704,3423,2026-03-01,3005,Overdue
5705,3423,2026-04-01,3005,Paid
5706,3423,2026-04-30,3005,Paid
5707,3423,2026-06-03,3005,Paid
5708,3423,2026-07-04,3005,Paid
5709,3423,2026-08-01,3005,Pending
5710,3423,2026-09-01,3005,Paid
5711,3423,2026-10-04,3005,Overdue
5712,3423,2026-11-06,3005,Overdue
5713,3423,2026-12-01,3005,Pending
14838,3424,2026-10-15,2697,Paid
14839,3424,2026-11-01,2697,Paid
14840,3424,2026-12-01,2697,Paid
230,3425,2024-08-25,3225,Paid
231,3425,2024-09-02,3225,Paid
232,3425,2024-10-01,3225,Paid
233,3425,2024-10-31,3225,Paid
234,3425,2024-12-01,3225,Pending
235,3425,2025-01-01,3225,Paid
236,3425,2025-02-01,3225,Paid
10199,3426,2026-06-15,2605,Paid
10200,3426,2026-07-01,2605,Paid
10201,3426,2026-08-01,2605,Paid
8661,3427,2026-04-28,2958,Paid
8662,3427,2026-05-03,2958,Paid
8663,3427,2026-06-04,2958,Paid
8664,3427,2026-07-01,2958,Pending
8665,3427,2026-08-01,2958,Pending
8666,3427,2026-09-01,2958,Paid
8667,3427,2026-10-01,2958,Pending
8668,3427,2026-11-03,2958,Paid
8669,3427,2026-12-01,2958,Paid
14337,3428,2026-10-03,2953,Overdue
14338,3428,2026-11-02,2953,Paid
14339,3428,2026-12-01,2953,Failed
5046,3429,2025-12-01,3674,Pending
5047,3429,2026-01-01,3674,Pending
5048,3429,2026-02-01,3674,Paid
15566,3430,2026-10-29,4951,Paid
15567,3430,2026-11-01,4951,Paid
15568,3430,2026-12-01,4951,Paid
6374,3431,2026-02-01,2920,Paid
6375,3431,2026-03-01,2920,Paid
4943,3432,2025-11-28,2929,Paid
4944,3432,2025-12-01,2929,Overdue
4945,3432,2026-01-02,2929,Pending
4946,3432,2026-02-01,2929,Paid
4947,3432,2026-03-01,2929,Paid
4948,3432,2026-04-03,2929,Paid
4949,3432,2026-04-30,2929,Paid
4950,3432,2026-06-01,2929,Paid
4951,3432,2026-07-02,2929,Paid
4952,3432,2026-07-30,2929,Paid
4953,3432,2026-09-01,2929,Paid
4954,3432,2026-10-01,2929,Paid
4955,3432,2026-11-01,2929,Paid
4956,3432,2026-11-29,2929,Overdue
10755,3433,2026-07-03,4376,Paid
10756,3433,2026-08-01,4376,Failed
10757,3433,2026-09-01,4376,Paid
10758,3433,2026-10-01,4376,Paid
10759,3433,2026-11-01,4376,Paid
10760,3433,2026-12-06,4376,Overdue
1645,3434,2025-04-09,2555,Paid
1646,3434,2025-05-06,2555,Paid
1647,3434,2025-05-31,2555,Paid
1648,3434,2025-07-06,2555,Paid
1649,3434,2025-08-01,2555,Paid
1650,3434,2025-09-01,2555,Paid
1651,3434,2025-10-01,2555,Paid
6025,3435,2026-01-18,3566,Paid
6026,3435,2026-02-03,3566,Paid
6027,3435,2026-03-04,3566,Paid
6028,3435,2026-04-01,3566,Paid
6029,3435,2026-05-01,3566,Paid
6030,3435,2026-06-03,3566,Paid
6031,3435,2026-07-01,3566,Paid
15321,3436,2026-10-25,4679,Paid
15322,3436,2026-11-01,4679,Paid
15323,3436,2026-12-04,4679,Paid
13384,3437,2026-09-09,4334,Pending
13385,3437,2026-10-01,4334,Paid
14453,3438,2026-10-06,2205,Paid
14454,3438,2026-11-01,2205,Paid
14455,3438,2026-12-01,2205,Paid
15810,3439,2026-11-06,3085,Pending
15811,3439,2026-12-01,3085,Paid
12429,3440,2026-08-15,2154,Paid
12430,3440,2026-09-08,2154,Paid
12431,3440,2026-10-01,2154,Paid
12432,3440,2026-11-01,2154,Paid
14520,3441,2026-10-08,4597,Overdue
14521,3441,2026-11-01,4597,Paid
14522,3441,2026-12-01,4597,Paid
5581,3442,2025-12-31,3072,Paid
5582,3442,2026-01-02,3072,Paid
5583,3442,2026-02-01,3072,Paid
3781,3443,2025-09-24,4282,Paid
3782,3443,2025-10-01,4282,Paid
3783,3443,2025-11-01,4282,Paid
8729,3444,2026-04-29,4690,Pending
8730,3444,2026-05-06,4690,Paid
12069,3445,2026-08-08,3084,Paid
12070,3445,2026-09-01,3084,Pending
12071,3445,2026-10-01,3084,Paid
12072,3445,2026-11-03,3084,Paid
8617,3446,2026-04-26,3207,Paid
8618,3446,2026-05-03,3207,Paid
8619,3446,2026-06-01,3207,Paid
8620,3446,2026-07-01,3207,Overdue
8621,3446,2026-07-31,3207,Paid
8622,3446,2026-09-01,3207,Paid
8623,3446,2026-10-01,3207,Paid
8624,3446,2026-11-01,3207,Paid
8625,3446,2026-12-04,3207,Paid
9984,3447,2026-06-08,2678,Overdue
9985,3447,2026-07-01,2678,Paid
9986,3447,2026-08-03,2678,Paid
9987,3447,2026-09-01,2678,Paid
9988,3447,2026-10-04,2678,Paid
9989,3447,2026-11-08,2678,Pending
9990,3447,2026-12-01,2678,Paid
8351,3448,2026-04-15,3571,Pending
8352,3448,2026-05-01,3571,Paid
8353,3448,2026-06-02,3571,Paid
8354,3448,2026-07-01,3571,Paid
658,3449,2024-12-04,4295,Paid
659,3449,2025-01-01,4295,Paid
660,3449,2025-02-01,4295,Overdue
661,3449,2025-03-01,4295,Paid
662,3449,2025-04-04,4295,Paid
663,3449,2025-05-01,4295,Paid
664,3449,2025-06-01,4295,Failed
14157,3450,2026-09-28,3312,Paid
14158,3450,2026-10-01,3312,Paid
14159,3450,2026-11-01,3312,Paid
14160,3450,2026-12-01,3312,Paid
15315,3451,2026-10-25,3956,Paid
15316,3451,2026-11-01,3956,Paid
15317,3451,2026-12-02,3956,Paid
243,3452,2024-08-27,3396,Paid
244,3452,2024-09-01,3396,Paid
14957,3453,2026-10-18,4020,Paid
14958,3453,2026-11-01,4020,Overdue
14959,3453,2026-12-02,4020,Overdue
10258,3454,2026-06-18,2158,Paid
10259,3454,2026-07-01,2158,Paid
10260,3454,2026-07-31,2158,Paid
10261,3454,2026-09-02,2158,Paid
10262,3454,2026-10-01,2158,Paid
10263,3454,2026-11-01,2158,Paid
10264,3454,2026-11-29,2158,Paid
4065,3455,2025-10-08,3085,Paid
4066,3455,2025-11-01,3085,Pending
4067,3455,2025-12-01,3085,Overdue
4068,3455,2026-01-01,3085,Paid
4069,3455,2026-02-01,3085,Paid
4070,3455,2026-03-01,3085,Paid
4071,3455,2026-04-01,3085,Paid
4072,3455,2026-05-02,3085,Paid
4073,3455,2026-06-01,3085,Paid
4074,3455,2026-07-01,3085,Paid
4075,3455,2026-08-03,3085,Overdue
4076,3455,2026-08-31,3085,Pending
4077,3455,2026-09-30,3085,Paid
4078,3455,2026-11-01,3085,Paid
4079,3455,2026-12-02,3085,Paid
8798,3456,2026-05-01,3553,Pending
8799,3456,2026-06-01,3553,Paid
8800,3456,2026-07-01,3553,Paid
8801,3456,2026-08-04,3553,Paid
1541,3457,2025-03-24,3620,Paid
1542,3457,2025-04-01,3620,Paid
1543,3457,2025-05-01,3620,Paid
1544,3457,2025-06-01,3620,Paid
1545,3457,2025-07-03,3620,Overdue
1546,3457,2025-08-03,3620,Paid
1547,3457,2025-09-02,3620,Paid
11021,3458,2026-07-11,2750,Failed
11022,3458,2026-08-01,2750,Pending
11023,3458,2026-09-01,2750,Paid
2941,3459,2025-07-27,3415,Paid
2942,3459,2025-08-01,3415,Paid
2943,3459,2025-09-01,3415,Paid
15015,3460,2026-10-20,2612,Paid
15016,3460,2026-10-31,2612,Paid
15017,3460,2026-12-01,2612,Pending
12658,3461,2026-08-22,3458,Pending
12659,3461,2026-09-02,3458,Paid
12660,3461,2026-10-01,3458,Paid
228,3462,2024-08-23,3606,Paid
229,3462,2024-09-01,3606,Paid
14419,3463,2026-10-05,3074,Paid
14420,3463,2026-11-01,3074,Paid
14421,3463,2026-12-01,3074,Paid
15345,3464,2026-10-25,2990,Paid
15346,3464,2026-11-01,2990,Paid
14231,3465,2026-09-30,4881,Paid
14232,3465,2026-10-01,4881,Pending
14233,3465,2026-11-01,4881,Pending
14234,3465,2026-12-01,4881,Paid
9576,3466,2026-05-24,2726,Pending
9577,3466,2026-06-02,2726,Paid
9578,3466,2026-07-01,2726,Paid
9579,3466,2026-08-01,2726,Paid
13191,3467,2026-09-05,4358,Paid
13192,3467,2026-10-01,4358,Paid
16040,3468,2026-12-13,4417,Paid
5588,3469,2026-01-01,3143,Paid
5589,3469,2026-02-04,3143,Paid
12508,3470,2026-08-18,3126,Pending
12509,3470,2026-09-01,3126,Paid
12510,3470,2026-10-03,3126,Paid
12511,3470,2026-11-03,3126,Paid
12512,3470,2026-12-01,3126,Paid
15021,3471,2026-10-20,2974,Paid
15022,3471,2026-11-04,2974,Failed
6671,3472,2026-02-15,3051,Paid
6672,3472,2026-03-01,3051,Paid
6673,3472,2026-04-02,3051,Paid
6674,3472,2026-05-02,3051,Paid
6675,3472,2026-06-01,3051,Paid
6676,3472,2026-07-03,3051,Paid
6677,3472,2026-08-01,3051,Paid
6678,3472,2026-09-01,3051,Paid
6679,3472,2026-10-02,3051,Paid
6680,3472,2026-11-01,3051,Paid
6681,3472,2026-12-01,3051,Paid
5472,3473,2025-12-25,2343,Paid
5473,3473,2026-01-01,2343,Paid
3511,3474,2025-09-05,2927,Paid
3512,3474,2025-10-01,2927,Paid
3513,3474,2025-11-02,2927,Paid
6834,3475,2026-02-23,3335,Paid
6835,3475,2026-03-01,3335,Paid
6836,3475,2026-04-01,3335,Overdue
6837,3475,2026-05-01,3335,Paid
6838,3475,2026-06-01,3335,Paid
6839,3475,2026-07-01,3335,Paid
6840,3475,2026-08-02,3335,Paid
6841,3475,2026-09-01,3335,Paid
6842,3475,2026-10-01,3335,Paid
6843,3475,2026-11-01,3335,Paid
6844,3475,2026-12-01,3335,Paid
3081,3476,2025-08-07,2776,Paid
3082,3476,2025-09-01,2776,Paid
3083,3476,2025-10-01,2776,Paid
3084,3476,2025-11-02,2776,Paid
3085,3476,2025-12-01,2776,Paid
3086,3476,2026-01-01,2776,Paid
3087,3476,2026-02-01,2776,Overdue
431,3477,2024-10-14,3530,Paid
432,3477,2024-11-01,3530,Paid
7424,3478,2026-03-14,3746,Paid
7425,3478,2026-04-01,3746,Paid
7426,3478,2026-05-01,3746,Overdue
7427,3478,2026-06-02,3746,Paid
7428,3478,2026-07-01,3746,Overdue
7429,3478,2026-08-02,3746,Paid
7430,3478,2026-09-03,3746,Paid
7431,3478,2026-10-01,3746,Paid
7432,3478,2026-11-01,3746,Paid
7433,3478,2026-12-01,3746,Failed
9799,3479,2026-06-01,2910,Paid
9800,3479,2026-07-01,2910,Paid
9801,3479,2026-08-01,2910,Paid
9802,3479,2026-09-03,2910,Paid
8578,3480,2026-04-25,2526,Paid
8579,3480,2026-05-03,2526,Paid
8580,3480,2026-06-01,2526,Paid
8581,3480,2026-07-01,2526,Paid
8582,3480,2026-08-01,2526,Paid
8583,3480,2026-08-31,2526,Paid
8584,3480,2026-10-01,2526,Paid
8585,3480,2026-11-01,2526,Paid
8586,3480,2026-12-01,2526,Overdue
13001,3481,2026-08-30,2372,Paid
13002,3481,2026-09-06,2372,Paid
13003,3481,2026-10-01,2372,Paid
13004,3481,2026-11-08,2372,Paid
13005,3481,2026-12-01,2372,Paid
9763,3482,2026-05-31,3420,Paid
9764,3482,2026-05-31,3420,Paid
9765,3482,2026-07-01,3420,Paid
9766,3482,2026-08-01,3420,Paid
9767,3482,2026-09-01,3420,Paid
9768,3482,2026-10-01,3420,Paid
9769,3482,2026-11-01,3420,Paid
15550,3483,2026-10-29,2672,Overdue
15551,3483,2026-11-01,2672,Paid
15552,3483,2026-12-06,2672,Paid
744,3484,2024-12-25,2475,Paid
745,3484,2025-01-01,2475,Paid
746,3484,2025-02-01,2475,Paid
3501,3485,2025-09-04,2786,Paid
3502,3485,2025-10-01,2786,Paid
3503,3485,2025-11-01,2786,Paid
3504,3485,2025-12-02,2786,Overdue
3505,3485,2026-01-03,2786,Paid
3506,3485,2026-01-31,2786,Paid
3507,3485,2026-03-03,2786,Paid
12055,3486,2026-08-07,2711,Paid
12056,3486,2026-09-01,2711,Paid
12057,3486,2026-10-01,2711,Overdue
12058,3486,2026-10-31,2711,Paid
15731,3487,2026-10-31,4599,Paid
15732,3487,2026-11-01,4599,Paid
8342,3488,2026-04-14,3600,Paid
8343,3488,2026-05-01,3600,Paid
15742,3489,2026-11-01,2654,Paid
15743,3489,2026-12-01,2654,Paid
11593,3490,2026-07-26,3057,Paid
11594,3490,2026-08-01,3057,Paid
11595,3490,2026-09-01,3057,Paid
11596,3490,2026-10-03,3057,Paid
11597,3490,2026-10-30,3057,Paid
11598,3490,2026-12-01,3057,Overdue
7797,3491,2026-03-24,2797,Paid
7798,3491,2026-04-01,2797,Paid
7799,3491,2026-05-01,2797,Paid
7800,3491,2026-06-02,2797,Paid
7801,3491,2026-07-06,2797,Paid
7802,3491,2026-08-06,2797,Paid
7803,3491,2026-09-01,2797,Paid
14621,3492,2026-10-10,3147,Overdue
14622,3492,2026-11-01,3147,Paid
14623,3492,2026-12-01,3147,Paid
9465,3493,2026-05-20,4739,Paid
9466,3493,2026-06-08,4739,Paid
11265,3494,2026-07-18,2397,Paid
11266,3494,2026-08-01,2397,Paid
11267,3494,2026-09-02,2397,Paid
11268,3494,2026-10-01,2397,Paid
8464,3495,2026-04-18,2665,Paid
8465,3495,2026-05-01,2665,Pending
8466,3495,2026-06-02,2665,Paid
8467,3495,2026-07-01,2665,Paid
8468,3495,2026-08-01,2665,Pending
8469,3495,2026-09-03,2665,Paid
8470,3495,2026-10-01,2665,Paid
8471,3495,2026-11-06,2665,Paid
8472,3495,2026-12-01,2665,Paid
15487,3496,2026-10-27,3962,Failed
15488,3496,2026-11-03,3962,Paid
15489,3496,2026-12-08,3962,Paid
11768,3497,2026-07-30,2327,Paid
11769,3497,2026-08-04,2327,Pending
11770,3497,2026-09-01,2327,Paid
11771,3497,2026-10-01,2327,Paid
11772,3497,2026-11-01,2327,Paid
11773,3497,2026-12-01,2327,Paid
8218,3498,2026-04-11,3912,Paid
8219,3498,2026-05-02,3912,Paid
8220,3498,2026-06-01,3912,Paid
8221,3498,2026-07-01,3912,Overdue
8222,3498,2026-08-01,3912,Paid
8223,3498,2026-09-01,3912,Paid
8224,3498,2026-09-30,3912,Paid
8225,3498,2026-11-01,3912,Paid
8226,3498,2026-12-01,3912,Paid
3422,3499,2025-08-30,2572,Paid
3423,3499,2025-09-04,2572,Overdue
3424,3499,2025-10-01,2572,Paid
3425,3499,2025-11-04,2572,Paid
3426,3499,2025-11-30,2572,Paid
3427,3499,2026-01-01,2572,Paid
3428,3499,2026-02-01,2572,Paid
3429,3499,2026-03-01,2572,Paid
3430,3499,2026-04-01,2572,Pending
3431,3499,2026-05-01,2572,Paid
3432,3499,2026-06-04,2572,Overdue
3433,3499,2026-07-01,2572,Paid
3434,3499,2026-08-02,2572,Pending
5322,3500,2025-12-20,2825,Pending
5323,3500,2026-01-01,2825,Overdue
5324,3500,2026-02-02,2825,Paid
5325,3500,2026-02-27,2825,Paid
5326,3500,2026-04-01,2825,Overdue
5327,3500,2026-05-01,2825,Paid
5328,3500,2026-06-01,2825,Paid
